trial_id,segment_id,subject_id,seat,q1_rev,q2_yield_bipolar,q3,q4,q5_cost_cp,q5b,session_id,order_index,status,subject_ego_id,subject_cp_id,included_in_reference_analysis,scenario_id,class,flagged,side,arm,alt27,exceed_peak_rad,inside_margin_min_rad,flag_frac,boundary_margin_rad,pair_id,session_order,block_id
P01A_T03,S966,H0021,ego,5,-1,3,3,,,P01A,3,completed,H0021,H0022,1,A2,A,1,A,human,0,0.297608,,0.03141361257,0.297608,P01,A,B0
P01A_T03,S966,H0022,cp,4,1,4,5,4,6,P01A,3,completed,H0021,H0022,1,A2,A,1,A,human,0,0.297608,,0.03141361257,0.297608,P01,A,B0
P01A_T04,S206,H0021,ego,4,-1,4,4,,,P01A,4,completed,H0021,H0022,1,A7,C,1,C,human,0,0.22674,,0.04188481675,0.22674,P01,A,B0
P01A_T04,S206,H0022,cp,3,-1,5,6,2,7,P01A,4,completed,H0021,H0022,1,A7,C,1,C,human,0,0.22674,,0.04188481675,0.22674,P01,A,B0
P01A_T05,S226,H0021,ego,4,-1,4,4,,,P01A,5,completed,H0021,H0022,1,B3,W,0,none,human,0,,0.520001,0,0.520001,P01,A,B0
P01A_T05,S226,H0022,cp,1,0,5,5,1,5,P01A,5,completed,H0021,H0022,1,B3,W,0,none,human,0,,0.520001,0,0.520001,P01,A,B0
P01A_T06,S136,H0021,ego,2,2,7,5,,,P01A,6,completed,H0021,H0022,1,B1,C,1,C,human,0,0.161874,,0.04188481675,0.161874,P01,A,B0
P01A_T06,S136,H0022,cp,3,1,5,5,3,6,P01A,6,completed,H0021,H0022,1,B1,C,1,C,human,0,0.161874,,0.04188481675,0.161874,P01,A,B0
P01A_T07,S367,H0021,ego,4,0,5,5,,,P01A,7,completed,H0021,H0022,1,A1,A,1,A,human,0,0.298075,,0.03664921466,0.298075,P01,A,B0
P01A_T07,S367,H0022,cp,4,0,5,4,5,6,P01A,7,completed,H0021,H0022,1,A1,A,1,A,human,0,0.298075,,0.03664921466,0.298075,P01,A,B0
P01A_T08,S984,H0021,ego,1,-1,5,6,,,P01A,8,completed,H0021,H0022,1,C1,W,0,none,av,0,,0.520001,0,0.520001,P01,A,B0
P01A_T08,S984,H0022,cp,2,1,6,5,4,5,P01A,8,completed,H0021,H0022,1,C1,W,0,none,av,0,,0.520001,0,0.520001,P01,A,B0
P01A_T09,S190,H0021,ego,3,0,5,5,,,P01A,9,completed,H0021,H0022,1,B1,C,1,C,av,0,0.196063,,0.02617801047,0.196063,P01,A,B0
P01A_T09,S190,H0022,cp,4,-1,5,5,4,5,P01A,9,completed,H0021,H0022,1,B1,C,1,C,av,0,0.196063,,0.02617801047,0.196063,P01,A,B0
P01A_T10,S222,H0021,ego,1,-1,6,6,,,P01A,10,completed,H0021,H0022,1,A6,C,1,C,human,0,0.188374,,0.02617801047,0.188374,P01,A,B0
P01A_T10,S222,H0022,cp,2,-1,5,5,3,6,P01A,10,completed,H0021,H0022,1,A6,C,1,C,human,0,0.188374,,0.02617801047,0.188374,P01,A,B0
P01A_T11,S240,H0021,ego,1,-2,4,5,,,P01A,11,completed,H0021,H0022,1,B3,W,0,none,av,1,,0.520001,0,0.520001,P01,A,B0
P01A_T11,S240,H0022,cp,3,0,5,5,2,5,P01A,11,completed,H0021,H0022,1,B3,W,0,none,av,1,,0.520001,0,0.520001,P01,A,B0
P01A_T12,S229,H0021,ego,4,0,6,4,,,P01A,12,completed,H0021,H0022,1,A2,A,1,A,av,0,0.299103,,0.03141361257,0.299103,P01,A,B0
P01A_T12,S229,H0022,cp,5,-1,5,4,4,6,P01A,12,completed,H0021,H0022,1,A2,A,1,A,av,0,0.299103,,0.03141361257,0.299103,P01,A,B0
P01A_T13,S551,H0021,ego,3,2,4,5,,,P01A,13,completed,H0021,H0022,1,A6,C,1,C,av,1,0.245331,,0.03141361257,0.245331,P01,A,B0
P01A_T13,S551,H0022,cp,2,3,6,4,2,6,P01A,13,completed,H0021,H0022,1,A6,C,1,C,av,1,0.245331,,0.03141361257,0.245331,P01,A,B0
P01A_T14,S578,H0021,ego,2,-2,5,6,,,P01A,14,completed,H0021,H0022,1,B4,W,0,none,human,0,,0.520001,0,0.520001,P01,A,B0
P01A_T14,S578,H0022,cp,3,0,6,6,1,6,P01A,14,completed,H0021,H0022,1,B4,W,0,none,human,0,,0.520001,0,0.520001,P01,A,B0
P01A_T15,S609,H0021,ego,2,0,3,6,,,P01A,15,completed,H0021,H0022,1,A1,A,1,A,av,1,0.299573,,0.03664921466,0.299573,P01,A,B0
P01A_T15,S609,H0022,cp,2,0,5,4,5,5,P01A,15,completed,H0021,H0022,1,A1,A,1,A,av,1,0.299573,,0.03664921466,0.299573,P01,A,B0
P01A_T16,S699,H0021,ego,5,1,5,5,,,P01A,16,completed,H0021,H0022,1,A7,C,1,C,av,0,0.240817,,0.03664921466,0.240817,P01,A,B0
P01A_T16,S699,H0022,cp,4,0,5,6,3,6,P01A,16,completed,H0021,H0022,1,A7,C,1,C,av,0,0.240817,,0.03664921466,0.240817,P01,A,B0
P01A_T17,S874,H0021,ego,2,-1,5,5,,,P01A,17,completed,H0021,H0022,1,B4,W,0,none,av,0,,0.520001,0,0.520001,P01,A,B0
P01A_T17,S874,H0022,cp,5,0,5,4,3,5,P01A,17,completed,H0021,H0022,1,B4,W,0,none,av,0,,0.520001,0,0.520001,P01,A,B0
P01B_T03,S511,H0022,ego,3,1,5,5,,,P01B,3,completed,H0022,H0021,1,A6,A,1,A,av,0,0.279937,,0.03141361257,0.279937,P01,B,B2
P01B_T03,S511,H0021,cp,3,-2,4,4,3,6,P01B,3,completed,H0022,H0021,1,A6,A,1,A,av,0,0.279937,,0.03141361257,0.279937,P01,B,B2
P01B_T04,S564,H0022,ego,4,2,5,3,,,P01B,4,completed,H0022,H0021,1,A5,A,1,A,human,0,0.289512,,0.03141361257,0.289512,P01,B,B2
P01B_T04,S564,H0021,cp,4,-2,6,4,5,6,P01B,4,completed,H0022,H0021,1,A5,A,1,A,human,0,0.289512,,0.03141361257,0.289512,P01,B,B2
P01B_T05,S378,H0022,ego,1,1,5,5,,,P01B,5,completed,H0022,H0021,1,A7,W,0,none,av,0,,0.520001,0,0.520001,P01,B,B2
P01B_T05,S378,H0021,cp,1,2,5,5,2,6,P01B,5,completed,H0022,H0021,1,A7,W,0,none,av,0,,0.520001,0,0.520001,P01,B,B2
P01B_T06,S221,H0022,ego,3,3,5,5,,,P01B,6,completed,H0022,H0021,1,C1,C,1,C,av,0,0.263301,,0.03664921466,0.263301,P01,B,B2
P01B_T06,S221,H0021,cp,5,2,5,5,4,5,P01B,6,completed,H0022,H0021,1,C1,C,1,C,av,0,0.263301,,0.03664921466,0.263301,P01,B,B2
P01B_T07,S489,H0022,ego,2,-1,5,4,,,P01B,7,completed,H0022,H0021,1,A6,A,1,A,human,0,0.278537,,0.03141361257,0.278537,P01,B,B2
P01B_T07,S489,H0021,cp,2,-2,5,4,4,6,P01B,7,completed,H0022,H0021,1,A6,A,1,A,human,0,0.278537,,0.03141361257,0.278537,P01,B,B2
P01B_T08,S230,H0022,ego,1,0,5,5,,,P01B,8,completed,H0022,H0021,1,A5,W,0,none,av,0,,0.520001,0,0.520001,P01,B,B2
P01B_T08,S230,H0021,cp,1,1,7,5,2,5,P01B,8,completed,H0022,H0021,1,A5,W,0,none,av,0,,0.520001,0,0.520001,P01,B,B2
P01B_T09,S768,H0022,ego,4,3,5,5,,,P01B,9,completed,H0022,H0021,1,C3,C,1,C,av,0,0.209844,,0.03664921466,0.209844,P01,B,B2
P01B_T09,S768,H0021,cp,5,0,4,5,3,6,P01B,9,completed,H0022,H0021,1,C3,C,1,C,av,0,0.209844,,0.03664921466,0.209844,P01,B,B2
P01B_T10,S413,H0022,ego,2,1,4,5,,,P01B,10,completed,H0022,H0021,1,C2,C,1,C,human,0,0.300274,,0.03141361257,0.300274,P01,B,B2
P01B_T10,S413,H0021,cp,3,2,4,5,2,6,P01B,10,completed,H0022,H0021,1,C2,C,1,C,human,0,0.300274,,0.03141361257,0.300274,P01,B,B2
P01B_T11,S348,H0022,ego,3,1,5,5,,,P01B,11,completed,H0022,H0021,1,A6,W,0,none,av,1,,0.520001,0,0.520001,P01,B,B2
P01B_T11,S348,H0021,cp,2,0,4,6,3,5,P01B,11,completed,H0022,H0021,1,A6,W,0,none,av,1,,0.520001,0,0.520001,P01,B,B2
P01B_T12,S338,H0022,ego,3,-1,5,5,,,P01B,12,completed,H0022,H0021,1,C2,C,1,C,av,0,0.29345,,0.03664921466,0.29345,P01,B,B2
P01B_T12,S338,H0021,cp,4,2,5,5,2,6,P01B,12,completed,H0022,H0021,1,C2,C,1,C,av,0,0.29345,,0.03664921466,0.29345,P01,B,B2
P01B_T13,S389,H0022,ego,3,-2,4,5,,,P01B,13,completed,H0022,H0021,1,C3,C,1,C,human,0,0.327164,,0.04188481675,0.327164,P01,B,B2
P01B_T13,S389,H0021,cp,2,-1,4,4,3,5,P01B,13,completed,H0022,H0021,1,C3,C,1,C,human,0,0.327164,,0.04188481675,0.327164,P01,B,B2
P01B_T14,S291,H0022,ego,1,0,5,5,,,P01B,14,completed,H0022,H0021,1,A5,W,0,none,human,0,,0.520001,0,0.520001,P01,B,B2
P01B_T14,S291,H0021,cp,1,0,6,6,1,6,P01B,14,completed,H0022,H0021,1,A5,W,0,none,human,0,,0.520001,0,0.520001,P01,B,B2
P01B_T15,S265,H0022,ego,2,1,5,6,,,P01B,15,completed,H0022,H0021,1,C1,C,1,C,human,0,0.227694,,0.02617801047,0.227694,P01,B,B2
P01B_T15,S265,H0021,cp,2,0,5,5,2,5,P01B,15,completed,H0022,H0021,1,C1,C,1,C,human,0,0.227694,,0.02617801047,0.227694,P01,B,B2
P01B_T16,S828,H0022,ego,4,-1,5,5,,,P01B,16,completed,H0022,H0021,1,A5,A,1,A,av,0,0.290967,,0.03141361257,0.290967,P01,B,B2
P01B_T16,S828,H0021,cp,6,-1,3,5,4,5,P01B,16,completed,H0022,H0021,1,A5,A,1,A,av,0,0.290967,,0.03141361257,0.290967,P01,B,B2
P01B_T17,S486,H0022,ego,3,-2,5,5,,,P01B,17,completed,H0022,H0021,1,A6,W,0,none,human,0,,0.520001,0,0.520001,P01,B,B2
P01B_T17,S486,H0021,cp,4,-1,7,4,2,6,P01B,17,completed,H0022,H0021,1,A6,W,0,none,human,0,,0.520001,0,0.520001,P01,B,B2
P02A_T03,S953,H0023,ego,4,3,5,5,,,P02A,3,completed,H0023,H0024,1,A4,A,1,A,human,0,0.227213,,0.04188481675,0.227213,P02,A,B1
P02A_T03,S953,H0024,cp,1,0,4,4,4,5,P02A,3,completed,H0023,H0024,1,A4,A,1,A,human,0,0.227213,,0.04188481675,0.227213,P02,A,B1
P02A_T04,S836,H0023,ego,2,-1,4,4,,,P02A,4,completed,H0023,H0024,1,A3,A,1,A,human,0,0.20861,,0.03664921466,0.20861,P02,A,B1
P02A_T04,S836,H0024,cp,2,-1,4,4,5,5,P02A,4,completed,H0023,H0024,1,A3,A,1,A,human,0,0.20861,,0.03664921466,0.20861,P02,A,B1
P02A_T05,S999,H0023,ego,4,-2,6,5,,,P02A,5,completed,H0023,H0024,1,A2,W,0,none,av,0,,0.520001,0,0.520001,P02,A,B1
P02A_T05,S999,H0024,cp,2,0,5,6,2,6,P02A,5,completed,H0023,H0024,1,A2,W,0,none,av,0,,0.520001,0,0.520001,P02,A,B1
P02A_T06,S730,H0023,ego,5,-1,5,6,,,P02A,6,completed,H0023,H0024,1,B4,C,1,C,human,0,0.202729,,0.02617801047,0.202729,P02,A,B1
P02A_T06,S730,H0024,cp,5,-2,4,5,4,6,P02A,6,completed,H0023,H0024,1,B4,C,1,C,human,0,0.202729,,0.02617801047,0.202729,P02,A,B1
P02A_T07,S681,H0023,ego,3,2,5,5,,,P02A,7,completed,H0023,H0024,1,A3,A,1,A,av,0,0.209658,,0.03664921466,0.209658,P02,A,B1
P02A_T07,S681,H0024,cp,3,0,5,4,4,5,P02A,7,completed,H0023,H0024,1,A3,A,1,A,av,0,0.209658,,0.03664921466,0.209658,P02,A,B1
P02A_T08,S643,H0023,ego,2,0,5,5,,,P02A,8,completed,H0023,H0024,1,C4,W,0,none,human,0,,0.520001,0,0.520001,P02,A,B1
P02A_T08,S643,H0024,cp,2,-1,6,5,2,6,P02A,8,completed,H0023,H0024,1,C4,W,0,none,human,0,,0.520001,0,0.520001,P02,A,B1
P02A_T09,S845,H0023,ego,3,0,3,6,,,P02A,9,completed,H0023,H0024,1,B2,C,1,C,human,0,0.19156,,0.04188481675,0.19156,P02,A,B1
P02A_T09,S845,H0024,cp,4,2,5,6,3,6,P02A,9,completed,H0023,H0024,1,B2,C,1,C,human,0,0.19156,,0.04188481675,0.19156,P02,A,B1
P02A_T10,S398,H0023,ego,4,0,4,6,,,P02A,10,completed,H0023,H0024,1,B3,C,1,C,human,0,0.308015,,0.02617801047,0.308015,P02,A,B1
P02A_T10,S398,H0024,cp,5,2,4,5,2,6,P02A,10,completed,H0023,H0024,1,B3,C,1,C,human,0,0.308015,,0.02617801047,0.308015,P02,A,B1
P02A_T11,S796,H0023,ego,2,0,4,6,,,P02A,11,completed,H0023,H0024,1,A1,W,0,none,av,0,,0.520001,0,0.520001,P02,A,B1
P02A_T11,S796,H0024,cp,3,1,6,5,1,5,P02A,11,completed,H0023,H0024,1,A1,W,0,none,av,0,,0.520001,0,0.520001,P02,A,B1
P02A_T12,S520,H0023,ego,3,1,4,6,,,P02A,12,completed,H0023,H0024,1,B3,C,1,C,av,0,0.193655,,0.02617801047,0.193655,P02,A,B1
P02A_T12,S520,H0024,cp,2,-2,4,5,3,7,P02A,12,completed,H0023,H0024,1,B3,C,1,C,av,0,0.193655,,0.02617801047,0.193655,P02,A,B1
P02A_T13,S324,H0023,ego,3,0,5,5,,,P02A,13,completed,H0023,H0024,1,B4,C,1,C,av,0,0.164735,,0.03141361257,0.164735,P02,A,B1
P02A_T13,S324,H0024,cp,3,-1,5,6,4,6,P02A,13,completed,H0023,H0024,1,B4,C,1,C,av,0,0.164735,,0.03141361257,0.164735,P02,A,B1
P02A_T14,S554,H0023,ego,3,-1,4,6,,,P02A,14,completed,H0023,H0024,1,A1,W,0,none,human,0,,0.520001,0,0.520001,P02,A,B1
P02A_T14,S554,H0024,cp,2,0,5,6,2,5,P02A,14,completed,H0023,H0024,1,A1,W,0,none,human,0,,0.520001,0,0.520001,P02,A,B1
P02A_T15,S903,H0023,ego,2,0,3,4,,,P02A,15,completed,H0023,H0024,1,A4,A,1,A,av,0,0.228355,,0.04188481675,0.228355,P02,A,B1
P02A_T15,S903,H0024,cp,3,0,4,4,5,5,P02A,15,completed,H0023,H0024,1,A4,A,1,A,av,0,0.228355,,0.04188481675,0.228355,P02,A,B1
P02A_T16,S310,H0023,ego,1,1,6,4,,,P02A,16,completed,H0023,H0024,1,B2,C,1,C,av,0,0.314468,,0.03664921466,0.314468,P02,A,B1
P02A_T16,S310,H0024,cp,2,3,4,5,4,7,P02A,16,completed,H0023,H0024,1,B2,C,1,C,av,0,0.314468,,0.03664921466,0.314468,P02,A,B1
P02A_T17,S326,H0023,ego,2,1,5,5,,,P02A,17,completed,H0023,H0024,1,C4,W,0,none,av,0,,0.520001,0,0.520001,P02,A,B1
P02A_T17,S326,H0024,cp,1,0,4,5,2,5,P02A,17,completed,H0023,H0024,1,C4,W,0,none,av,0,,0.520001,0,0.520001,P02,A,B1
P02B_T03,S803,H0024,ego,2,2,5,5,,,P02B,3,completed,H0024,H0023,1,A2,C,1,C,av,0,0.30581,,0.02617801047,0.30581,P02,B,B3
P02B_T03,S803,H0023,cp,3,1,4,6,3,6,P02B,3,completed,H0024,H0023,1,A2,C,1,C,av,0,0.30581,,0.02617801047,0.30581,P02,B,B3
P02B_T04,S506,H0024,ego,1,2,5,5,,,P02B,4,completed,H0024,H0023,1,A7,A,1,A,av,0,0.247637,,0.03141361257,0.247637,P02,B,B3
P02B_T04,S506,H0023,cp,2,1,4,4,4,6,P02B,4,completed,H0024,H0023,1,A7,A,1,A,av,0,0.247637,,0.03141361257,0.247637,P02,B,B3
P02B_T05,S830,H0024,ego,3,-3,6,5,,,P02B,5,completed,H0024,H0023,1,B3,W,0,none,av,0,,0.520001,0,0.520001,P02,B,B3
P02B_T05,S830,H0023,cp,1,1,6,4,3,6,P02B,5,completed,H0024,H0023,1,B3,W,0,none,av,0,,0.520001,0,0.520001,P02,B,B3
P02B_T06,S454,H0024,ego,3,1,4,4,,,P02B,6,completed,H0024,H0023,1,B1,A,1,A,av,0,0.236934,,0.03141361257,0.236934,P02,B,B3
P02B_T06,S454,H0023,cp,4,-1,4,4,5,5,P02B,6,completed,H0024,H0023,1,B1,A,1,A,av,0,0.236934,,0.03141361257,0.236934,P02,B,B3
P02B_T07,S751,H0024,ego,4,2,5,5,,,P02B,7,completed,H0024,H0023,1,A2,C,1,C,human,0,0.332559,,0.02617801047,0.332559,P02,B,B3
P02B_T07,S751,H0023,cp,2,1,3,5,4,6,P02B,7,completed,H0024,H0023,1,A2,C,1,C,human,0,0.332559,,0.02617801047,0.332559,P02,B,B3
P02B_T08,S975,H0024,ego,3,-1,4,6,,,P02B,8,completed,H0024,H0023,1,C1,W,0,none,human,0,,0.520001,0,0.520001,P02,B,B3
P02B_T08,S975,H0023,cp,3,2,5,5,2,6,P02B,8,completed,H0024,H0023,1,C1,W,0,none,human,0,,0.520001,0,0.520001,P02,B,B3
P02B_T09,S316,H0024,ego,2,-1,6,4,,,P02B,9,completed,H0024,H0023,1,B1,A,1,A,human,0,0.23575,,0.03141361257,0.23575,P02,B,B3
P02B_T09,S316,H0023,cp,3,-1,5,3,4,5,P02B,9,completed,H0024,H0023,1,B1,A,1,A,human,0,0.23575,,0.03141361257,0.23575,P02,B,B3
P02B_T10,S494,H0024,ego,5,0,4,5,,,P02B,10,completed,H0024,H0023,1,C4,C,1,C,av,0,0.202911,,0.04188481675,0.202911,P02,B,B3
P02B_T10,S494,H0023,cp,4,1,4,5,3,5,P02B,10,completed,H0024,H0023,1,C4,C,1,C,av,0,0.202911,,0.04188481675,0.202911,P02,B,B3
P02B_T11,S844,H0024,ego,3,-1,6,5,,,P02B,11,completed,H0024,H0023,1,B4,W,0,none,av,0,,0.520001,0,0.520001,P02,B,B3
P02B_T11,S844,H0023,cp,3,0,6,5,3,5,P02B,11,completed,H0024,H0023,1,B4,W,0,none,av,0,,0.520001,0,0.520001,P02,B,B3
P02B_T12,S725,H0024,ego,2,1,4,6,,,P02B,12,completed,H0024,H0023,1,A1,C,1,C,av,0,0.163828,,0.02617801047,0.163828,P02,B,B3
P02B_T12,S725,H0023,cp,2,-1,5,5,2,6,P02B,12,completed,H0024,H0023,1,A1,C,1,C,av,0,0.163828,,0.02617801047,0.163828,P02,B,B3
P02B_T13,S775,H0024,ego,4,1,5,5,,,P02B,13,completed,H0024,H0023,1,A7,A,1,A,human,0,0.246399,,0.03141361257,0.246399,P02,B,B3
P02B_T13,S775,H0023,cp,3,1,4,4,4,6,P02B,13,completed,H0024,H0023,1,A7,A,1,A,human,0,0.246399,,0.03141361257,0.246399,P02,B,B3
P02B_T14,S281,H0024,ego,4,-1,6,6,,,P02B,14,completed,H0024,H0023,1,B3,W,0,none,human,0,,0.520001,0,0.520001,P02,B,B3
P02B_T14,S281,H0023,cp,4,1,5,6,2,6,P02B,14,completed,H0024,H0023,1,B3,W,0,none,human,0,,0.520001,0,0.520001,P02,B,B3
P02B_T15,S447,H0024,ego,3,-1,4,5,,,P02B,15,completed,H0024,H0023,1,C4,C,1,C,human,0,0.33976,,0.03141361257,0.33976,P02,B,B3
P02B_T15,S447,H0023,cp,2,-1,3,6,4,4,P02B,15,completed,H0024,H0023,1,C4,C,1,C,human,0,0.33976,,0.03141361257,0.33976,P02,B,B3
P02B_T16,S848,H0024,ego,4,2,4,5,,,P02B,16,completed,H0024,H0023,1,A1,C,1,C,human,0,0.303291,,0.03664921466,0.303291,P02,B,B3
P02B_T16,S848,H0023,cp,2,0,5,5,3,5,P02B,16,completed,H0024,H0023,1,A1,C,1,C,human,0,0.303291,,0.03664921466,0.303291,P02,B,B3
P02B_T17,S756,H0024,ego,1,0,5,6,,,P02B,17,completed,H0024,H0023,1,B4,W,0,none,human,0,,0.520001,0,0.520001,P02,B,B3
P02B_T17,S756,H0023,cp,2,2,5,6,3,6,P02B,17,completed,H0024,H0023,1,B4,W,0,none,human,0,,0.520001,0,0.520001,P02,B,B3
P03A_T03,S389,H0025,ego,3,-2,5,5,,,P03A,3,completed,H0025,H0026,1,C3,C,1,C,human,0,0.327164,,0.04188481675,0.327164,P03,A,B2
P03A_T03,S389,H0026,cp,5,-2,4,5,3,5,P03A,3,completed,H0025,H0026,1,C3,C,1,C,human,0,0.327164,,0.04188481675,0.327164,P03,A,B2
P03A_T04,S828,H0025,ego,3,-2,4,4,,,P03A,4,completed,H0025,H0026,1,A5,A,1,A,av,0,0.290967,,0.03141361257,0.290967,P03,A,B2
P03A_T04,S828,H0026,cp,6,1,5,4,3,5,P03A,4,completed,H0025,H0026,1,A5,A,1,A,av,0,0.290967,,0.03141361257,0.290967,P03,A,B2
P03A_T05,S348,H0025,ego,2,2,5,4,,,P03A,5,completed,H0025,H0026,1,A6,W,0,none,av,1,,0.520001,0,0.520001,P03,A,B2
P03A_T05,S348,H0026,cp,4,2,6,5,3,6,P03A,5,completed,H0025,H0026,1,A6,W,0,none,av,1,,0.520001,0,0.520001,P03,A,B2
P03A_T06,S564,H0025,ego,6,-1,4,5,,,P03A,6,completed,H0025,H0026,1,A5,A,1,A,human,0,0.289512,,0.03141361257,0.289512,P03,A,B2
P03A_T06,S564,H0026,cp,5,-1,5,4,5,5,P03A,6,completed,H0025,H0026,1,A5,A,1,A,human,0,0.289512,,0.03141361257,0.289512,P03,A,B2
P03A_T07,S221,H0025,ego,5,2,6,4,,,P03A,7,completed,H0025,H0026,1,C1,C,1,C,av,0,0.263301,,0.03664921466,0.263301,P03,A,B2
P03A_T07,S221,H0026,cp,5,3,5,6,3,5,P03A,7,completed,H0025,H0026,1,C1,C,1,C,av,0,0.263301,,0.03664921466,0.263301,P03,A,B2
P03A_T08,S291,H0025,ego,3,-1,5,6,,,P03A,8,completed,H0025,H0026,1,A5,W,0,none,human,0,,0.520001,0,0.520001,P03,A,B2
P03A_T08,S291,H0026,cp,2,1,4,5,2,6,P03A,8,completed,H0025,H0026,1,A5,W,0,none,human,0,,0.520001,0,0.520001,P03,A,B2
P03A_T09,S413,H0025,ego,3,1,5,5,,,P03A,9,completed,H0025,H0026,1,C2,C,1,C,human,0,0.300274,,0.03141361257,0.300274,P03,A,B2
P03A_T09,S413,H0026,cp,3,1,5,5,3,6,P03A,9,completed,H0025,H0026,1,C2,C,1,C,human,0,0.300274,,0.03141361257,0.300274,P03,A,B2
P03A_T10,S265,H0025,ego,1,0,5,4,,,P03A,10,completed,H0025,H0026,1,C1,C,1,C,human,0,0.227694,,0.02617801047,0.227694,P03,A,B2
P03A_T10,S265,H0026,cp,3,3,3,5,3,6,P03A,10,completed,H0025,H0026,1,C1,C,1,C,human,0,0.227694,,0.02617801047,0.227694,P03,A,B2
P03A_T12,S489,H0025,ego,5,-1,5,4,,,P03A,12,completed,H0025,H0026,1,A6,A,1,A,human,0,0.278537,,0.03141361257,0.278537,P03,A,B2
P03A_T12,S489,H0026,cp,4,-2,4,4,4,6,P03A,12,completed,H0025,H0026,1,A6,A,1,A,human,0,0.278537,,0.03141361257,0.278537,P03,A,B2
P03A_T13,S338,H0025,ego,5,-1,4,5,,,P03A,13,completed,H0025,H0026,1,C2,C,1,C,av,0,0.29345,,0.03664921466,0.29345,P03,A,B2
P03A_T13,S338,H0026,cp,2,-1,4,5,2,7,P03A,13,completed,H0025,H0026,1,C2,C,1,C,av,0,0.29345,,0.03664921466,0.29345,P03,A,B2
P03A_T14,S486,H0025,ego,4,0,5,5,,,P03A,14,completed,H0025,H0026,1,A6,W,0,none,human,0,,0.520001,0,0.520001,P03,A,B2
P03A_T14,S486,H0026,cp,3,-2,5,5,2,6,P03A,14,completed,H0025,H0026,1,A6,W,0,none,human,0,,0.520001,0,0.520001,P03,A,B2
P03A_T15,S768,H0025,ego,4,3,4,5,,,P03A,15,completed,H0025,H0026,1,C3,C,1,C,av,0,0.209844,,0.03664921466,0.209844,P03,A,B2
P03A_T15,S768,H0026,cp,4,2,3,4,3,5,P03A,15,completed,H0025,H0026,1,C3,C,1,C,av,0,0.209844,,0.03664921466,0.209844,P03,A,B2
P03A_T16,S511,H0025,ego,3,-2,3,5,,,P03A,16,completed,H0025,H0026,1,A6,A,1,A,av,0,0.279937,,0.03141361257,0.279937,P03,A,B2
P03A_T16,S511,H0026,cp,4,0,5,4,5,6,P03A,16,completed,H0025,H0026,1,A6,A,1,A,av,0,0.279937,,0.03141361257,0.279937,P03,A,B2
P03A_T17,S378,H0025,ego,2,0,6,4,,,P03A,17,completed,H0025,H0026,1,A7,W,0,none,av,0,,0.520001,0,0.520001,P03,A,B2
P03A_T17,S378,H0026,cp,3,0,6,6,2,5,P03A,17,completed,H0025,H0026,1,A7,W,0,none,av,0,,0.520001,0,0.520001,P03,A,B2
P03B_T03,S370,H0026,ego,3,-1,4,5,,,P03B,3,completed,H0026,H0025,1,B2,A,1,A,human,0,0.199428,,0.03141361257,0.199428,P03,B,B4
P03B_T03,S370,H0025,cp,3,-1,4,3,5,6,P03B,3,completed,H0026,H0025,1,B2,A,1,A,human,0,0.199428,,0.03141361257,0.199428,P03,B,B4
P03B_T04,S938,H0026,ego,4,-1,7,5,,,P03B,4,completed,H0026,H0025,1,A4,C,1,C,human,0,0.288205,,0.02617801047,0.288205,P03,B,B4
P03B_T04,S938,H0025,cp,5,0,5,5,3,5,P03B,4,completed,H0026,H0025,1,A4,C,1,C,human,0,0.288205,,0.02617801047,0.288205,P03,B,B4
P03B_T05,S692,H0026,ego,2,1,5,6,,,P03B,5,completed,H0026,H0025,1,A2,W,0,none,human,0,,0.520001,0,0.520001,P03,B,B4
P03B_T05,S692,H0025,cp,4,1,4,6,2,4,P03B,5,completed,H0026,H0025,1,A2,W,0,none,human,0,,0.520001,0,0.520001,P03,B,B4
P03B_T06,S163,H0026,ego,1,0,3,5,,,P03B,6,completed,H0026,H0025,1,B2,A,1,A,av,0,0.200431,,0.03141361257,0.200431,P03,B,B4
P03B_T06,S163,H0025,cp,2,-1,5,5,5,6,P03B,6,completed,H0026,H0025,1,B2,A,1,A,av,0,0.200431,,0.03141361257,0.200431,P03,B,B4
P03B_T07,S857,H0026,ego,4,0,4,5,,,P03B,7,completed,H0026,H0025,1,A3,C,1,C,av,0,0.197803,,0.03664921466,0.197803,P03,B,B4
P03B_T07,S857,H0025,cp,3,0,3,6,2,6,P03B,7,completed,H0026,H0025,1,A3,C,1,C,av,0,0.197803,,0.03664921466,0.197803,P03,B,B4
P03B_T08,S250,H0026,ego,4,-1,6,5,,,P03B,8,completed,H0026,H0025,1,C4,W,0,none,av,0,,0.520001,0,0.520001,P03,B,B4
P03B_T08,S250,H0025,cp,4,1,5,5,2,6,P03B,8,completed,H0026,H0025,1,C4,W,0,none,av,0,,0.520001,0,0.520001,P03,B,B4
P03B_T09,S102,H0026,ego,2,-2,4,5,,,P03B,9,completed,H0026,H0025,1,B3,A,1,A,human,0,0.24057,,0.04188481675,0.24057,P03,B,B4
P03B_T09,S102,H0025,cp,4,-1,5,4,4,5,P03B,9,completed,H0026,H0025,1,B3,A,1,A,human,0,0.24057,,0.04188481675,0.24057,P03,B,B4
P03B_T10,S502,H0026,ego,5,1,5,4,,,P03B,10,completed,H0026,H0025,1,A5,C,1,C,av,0,0.248194,,0.03141361257,0.248194,P03,B,B4
P03B_T10,S502,H0025,cp,4,0,4,5,2,5,P03B,10,completed,H0026,H0025,1,A5,C,1,C,av,0,0.248194,,0.03141361257,0.248194,P03,B,B4
P03B_T11,S784,H0026,ego,2,1,6,6,,,P03B,11,completed,H0026,H0025,1,C4,W,0,none,human,0,,0.520001,0,0.520001,P03,B,B4
P03B_T11,S784,H0025,cp,2,0,5,5,3,5,P03B,11,completed,H0026,H0025,1,C4,W,0,none,human,0,,0.520001,0,0.520001,P03,B,B4
P03B_T12,S888,H0026,ego,3,1,5,5,,,P03B,12,completed,H0026,H0025,1,A5,C,1,C,human,0,0.203588,,0.04188481675,0.203588,P03,B,B4
P03B_T12,S888,H0025,cp,3,0,4,6,3,6,P03B,12,completed,H0026,H0025,1,A5,C,1,C,human,0,0.203588,,0.04188481675,0.203588,P03,B,B4
P03B_T13,S128,H0026,ego,3,1,4,5,,,P03B,13,completed,H0026,H0025,1,A3,C,1,C,human,0,0.192091,,0.03664921466,0.192091,P03,B,B4
P03B_T13,S128,H0025,cp,2,1,4,5,3,6,P03B,13,completed,H0026,H0025,1,A3,C,1,C,human,0,0.192091,,0.03664921466,0.192091,P03,B,B4
P03B_T14,S481,H0026,ego,1,1,6,4,,,P03B,14,completed,H0026,H0025,1,A1,W,0,none,human,0,,0.520001,0,0.520001,P03,B,B4
P03B_T14,S481,H0025,cp,2,0,4,5,4,5,P03B,14,completed,H0026,H0025,1,A1,W,0,none,human,0,,0.520001,0,0.520001,P03,B,B4
P03B_T15,S613,H0026,ego,3,2,5,5,,,P03B,15,completed,H0026,H0025,1,A4,C,1,C,av,0,0.181298,,0.04188481675,0.181298,P03,B,B4
P03B_T15,S613,H0025,cp,2,2,3,4,3,6,P03B,15,completed,H0026,H0025,1,A4,C,1,C,av,0,0.181298,,0.04188481675,0.181298,P03,B,B4
P03B_T16,S473,H0026,ego,2,-1,5,4,,,P03B,16,completed,H0026,H0025,1,B3,A,1,A,av,0,0.241779,,0.04188481675,0.241779,P03,B,B4
P03B_T16,S473,H0025,cp,2,-1,5,4,3,5,P03B,16,completed,H0026,H0025,1,B3,A,1,A,av,0,0.241779,,0.04188481675,0.241779,P03,B,B4
P03B_T17,S766,H0026,ego,2,-1,6,6,,,P03B,17,completed,H0026,H0025,1,A1,W,0,none,av,0,,0.520001,0,0.520001,P03,B,B4
P03B_T17,S766,H0025,cp,4,-1,5,5,2,5,P03B,17,completed,H0026,H0025,1,A1,W,0,none,av,0,,0.520001,0,0.520001,P03,B,B4
P04A_T03,S775,H0027,ego,1,3,3,5,,,P04A,3,completed,H0027,H0028,1,A7,A,1,A,human,0,0.246399,,0.03141361257,0.246399,P04,A,B3
P04A_T03,S775,H0028,cp,5,1,5,4,4,6,P04A,3,completed,H0027,H0028,1,A7,A,1,A,human,0,0.246399,,0.03141361257,0.246399,P04,A,B3
P04A_T04,S751,H0027,ego,2,2,5,4,,,P04A,4,completed,H0027,H0028,1,A2,C,1,C,human,0,0.332559,,0.02617801047,0.332559,P04,A,B3
P04A_T04,S751,H0028,cp,3,1,4,4,2,6,P04A,4,completed,H0027,H0028,1,A2,C,1,C,human,0,0.332559,,0.02617801047,0.332559,P04,A,B3
P04A_T05,S756,H0027,ego,1,0,5,5,,,P04A,5,completed,H0027,H0028,1,B4,W,0,none,human,0,,0.520001,0,0.520001,P04,A,B3
P04A_T05,S756,H0028,cp,1,0,6,6,3,5,P04A,5,completed,H0027,H0028,1,B4,W,0,none,human,0,,0.520001,0,0.520001,P04,A,B3
P04A_T06,S506,H0027,ego,1,1,5,4,,,P04A,6,completed,H0027,H0028,1,A7,A,1,A,av,0,0.247637,,0.03141361257,0.247637,P04,A,B3
P04A_T06,S506,H0028,cp,4,1,4,5,5,6,P04A,6,completed,H0027,H0028,1,A7,A,1,A,av,0,0.247637,,0.03141361257,0.247637,P04,A,B3
P04A_T07,S454,H0027,ego,2,-2,5,4,,,P04A,7,completed,H0027,H0028,1,B1,A,1,A,av,0,0.236934,,0.03141361257,0.236934,P04,A,B3
P04A_T07,S454,H0028,cp,3,-1,5,5,4,7,P04A,7,completed,H0027,H0028,1,B1,A,1,A,av,0,0.236934,,0.03141361257,0.236934,P04,A,B3
P04A_T08,S844,H0027,ego,2,-2,6,6,,,P04A,8,completed,H0027,H0028,1,B4,W,0,none,av,0,,0.520001,0,0.520001,P04,A,B3
P04A_T08,S844,H0028,cp,5,-2,6,5,2,5,P04A,8,completed,H0027,H0028,1,B4,W,0,none,av,0,,0.520001,0,0.520001,P04,A,B3
P04A_T09,S316,H0027,ego,3,0,3,6,,,P04A,9,completed,H0027,H0028,1,B1,A,1,A,human,0,0.23575,,0.03141361257,0.23575,P04,A,B3
P04A_T09,S316,H0028,cp,3,-1,3,5,3,6,P04A,9,completed,H0027,H0028,1,B1,A,1,A,human,0,0.23575,,0.03141361257,0.23575,P04,A,B3
P04A_T10,S494,H0027,ego,4,1,4,4,,,P04A,10,completed,H0027,H0028,1,C4,C,1,C,av,0,0.202911,,0.04188481675,0.202911,P04,A,B3
P04A_T10,S494,H0028,cp,4,-1,5,6,3,5,P04A,10,completed,H0027,H0028,1,C4,C,1,C,av,0,0.202911,,0.04188481675,0.202911,P04,A,B3
P04A_T11,S830,H0027,ego,3,-2,6,6,,,P04A,11,completed,H0027,H0028,1,B3,W,0,none,av,0,,0.520001,0,0.520001,P04,A,B3
P04A_T11,S830,H0028,cp,3,-3,5,6,2,6,P04A,11,completed,H0027,H0028,1,B3,W,0,none,av,0,,0.520001,0,0.520001,P04,A,B3
P04A_T12,S725,H0027,ego,3,2,6,5,,,P04A,12,completed,H0027,H0028,1,A1,C,1,C,av,0,0.163828,,0.02617801047,0.163828,P04,A,B3
P04A_T12,S725,H0028,cp,3,1,5,5,2,6,P04A,12,completed,H0027,H0028,1,A1,C,1,C,av,0,0.163828,,0.02617801047,0.163828,P04,A,B3
P04A_T13,S447,H0027,ego,3,0,5,5,,,P04A,13,completed,H0027,H0028,1,C4,C,1,C,human,0,0.33976,,0.03141361257,0.33976,P04,A,B3
P04A_T13,S447,H0028,cp,4,-1,5,4,3,6,P04A,13,completed,H0027,H0028,1,C4,C,1,C,human,0,0.33976,,0.03141361257,0.33976,P04,A,B3
P04A_T14,S281,H0027,ego,4,0,5,5,,,P04A,14,completed,H0027,H0028,1,B3,W,0,none,human,0,,0.520001,0,0.520001,P04,A,B3
P04A_T14,S281,H0028,cp,4,0,5,5,2,6,P04A,14,completed,H0027,H0028,1,B3,W,0,none,human,0,,0.520001,0,0.520001,P04,A,B3
P04A_T15,S848,H0027,ego,4,0,4,4,,,P04A,15,completed,H0027,H0028,1,A1,C,1,C,human,0,0.303291,,0.03664921466,0.303291,P04,A,B3
P04A_T15,S848,H0028,cp,4,1,5,5,3,7,P04A,15,completed,H0027,H0028,1,A1,C,1,C,human,0,0.303291,,0.03664921466,0.303291,P04,A,B3
P04A_T16,S803,H0027,ego,1,1,5,4,,,P04A,16,completed,H0027,H0028,1,A2,C,1,C,av,0,0.30581,,0.02617801047,0.30581,P04,A,B3
P04A_T16,S803,H0028,cp,4,2,6,5,3,5,P04A,16,completed,H0027,H0028,1,A2,C,1,C,av,0,0.30581,,0.02617801047,0.30581,P04,A,B3
P04A_T17,S975,H0027,ego,3,-1,5,6,,,P04A,17,completed,H0027,H0028,1,C1,W,0,none,human,0,,0.520001,0,0.520001,P04,A,B3
P04A_T17,S975,H0028,cp,4,1,6,5,3,6,P04A,17,completed,H0027,H0028,1,C1,W,0,none,human,0,,0.520001,0,0.520001,P04,A,B3
P04B_T03,S852,H0028,ego,3,2,4,5,,,P04B,3,completed,H0028,H0027,1,A6,C,1,C,av,0,0.18841,,0.02617801047,0.18841,P04,B,B5
P04B_T03,S852,H0027,cp,5,1,5,4,4,5,P04B,3,completed,H0028,H0027,1,A6,C,1,C,av,0,0.18841,,0.02617801047,0.18841,P04,B,B5
P04B_T04,S172,H0028,ego,1,0,3,5,,,P04B,4,completed,H0028,H0027,1,B4,A,1,A,human,0,0.219621,,0.03664921466,0.219621,P04,B,B5
P04B_T04,S172,H0027,cp,3,-1,4,5,3,6,P04B,4,completed,H0028,H0027,1,B4,A,1,A,human,0,0.219621,,0.03664921466,0.219621,P04,B,B5
P04B_T05,S912,H0028,ego,4,1,5,5,,,P04B,5,completed,H0028,H0027,1,A6,W,0,none,av,0,,0.520001,0,0.520001,P04,B,B5
P04B_T05,S912,H0027,cp,3,-1,6,5,2,5,P04B,5,completed,H0028,H0027,1,A6,W,0,none,av,0,,0.520001,0,0.520001,P04,B,B5
P04B_T06,S311,H0028,ego,2,3,6,6,,,P04B,6,completed,H0028,H0027,1,A7,C,1,C,av,0,0.222657,,0.04188481675,0.222657,P04,B,B5
P04B_T06,S311,H0027,cp,3,2,6,5,2,5,P04B,6,completed,H0028,H0027,1,A7,C,1,C,av,0,0.222657,,0.04188481675,0.222657,P04,B,B5
P04B_T07,S824,H0028,ego,3,2,4,5,,,P04B,7,completed,H0028,H0027,1,B1,C,1,C,av,0,0.335833,,0.03664921466,0.335833,P04,B,B5
P04B_T07,S824,H0027,cp,2,1,4,5,3,5,P04B,7,completed,H0028,H0027,1,B1,C,1,C,av,0,0.335833,,0.03664921466,0.335833,P04,B,B5
P04B_T08,S429,H0028,ego,2,1,5,6,,,P04B,8,completed,H0028,H0027,1,A7,W,0,none,human,0,,0.520001,0,0.520001,P04,B,B5
P04B_T08,S429,H0027,cp,1,1,6,6,1,5,P04B,8,completed,H0028,H0027,1,A7,W,0,none,human,0,,0.520001,0,0.520001,P04,B,B5
P04B_T09,S673,H0028,ego,3,0,4,5,,,P04B,9,completed,H0028,H0027,1,A6,C,1,C,human,0,0.274817,,0.04188481675,0.274817,P04,B,B5
P04B_T09,S673,H0027,cp,4,1,5,6,3,5,P04B,9,completed,H0028,H0027,1,A6,C,1,C,human,0,0.274817,,0.04188481675,0.274817,P04,B,B5
P04B_T10,S141,H0028,ego,3,-1,4,5,,,P04B,10,completed,H0028,H0027,1,B1,C,1,C,human,0,0.229614,,0.02617801047,0.229614,P04,B,B5
P04B_T10,S141,H0027,cp,2,-2,6,5,3,5,P04B,10,completed,H0028,H0027,1,B1,C,1,C,human,0,0.229614,,0.02617801047,0.229614,P04,B,B5
P04B_T11,S823,H0028,ego,2,1,5,6,,,P04B,11,completed,H0028,H0027,1,A6,W,0,none,human,0,,0.520001,0,0.520001,P04,B,B5
P04B_T11,S823,H0027,cp,2,0,6,6,2,6,P04B,11,completed,H0028,H0027,1,A6,W,0,none,human,0,,0.520001,0,0.520001,P04,B,B5
P04B_T12,S339,H0028,ego,3,0,5,5,,,P04B,12,completed,H0028,H0027,1,A7,C,1,C,human,0,0.231365,,0.02617801047,0.231365,P04,B,B5
P04B_T12,S339,H0027,cp,1,0,4,5,2,5,P04B,12,completed,H0028,H0027,1,A7,C,1,C,human,0,0.231365,,0.02617801047,0.231365,P04,B,B5
P04B_T13,S706,H0028,ego,3,0,5,5,,,P04B,13,completed,H0028,H0027,1,C1,A,1,A,human,0,0.189929,,0.03664921466,0.189929,P04,B,B5
P04B_T13,S706,H0027,cp,4,0,5,4,4,5,P04B,13,completed,H0028,H0027,1,C1,A,1,A,human,0,0.189929,,0.03664921466,0.189929,P04,B,B5
P04B_T14,S414,H0028,ego,4,-1,6,5,,,P04B,14,completed,H0028,H0027,1,A5,W,0,none,human,0,,0.520001,0,0.520001,P04,B,B5
P04B_T14,S414,H0027,cp,1,0,5,6,1,7,P04B,14,completed,H0028,H0027,1,A5,W,0,none,human,0,,0.520001,0,0.520001,P04,B,B5
P04B_T15,S282,H0028,ego,4,2,5,4,,,P04B,15,completed,H0028,H0027,1,B4,A,1,A,av,0,0.220724,,0.03664921466,0.220724,P04,B,B5
P04B_T15,S282,H0027,cp,3,1,4,3,4,6,P04B,15,completed,H0028,H0027,1,B4,A,1,A,av,0,0.220724,,0.03664921466,0.220724,P04,B,B5
P04B_T16,S939,H0028,ego,3,0,6,5,,,P04B,16,completed,H0028,H0027,1,C1,A,1,A,av,1,0.190884,,0.03664921466,0.190884,P04,B,B5
P04B_T16,S939,H0027,cp,3,-3,5,4,3,6,P04B,16,completed,H0028,H0027,1,C1,A,1,A,av,1,0.190884,,0.03664921466,0.190884,P04,B,B5
P04B_T17,S123,H0028,ego,3,0,6,5,,,P04B,17,completed,H0028,H0027,1,A5,W,0,none,av,0,,0.520001,0,0.520001,P04,B,B5
P04B_T17,S123,H0027,cp,1,0,5,6,3,6,P04B,17,completed,H0028,H0027,1,A5,W,0,none,av,0,,0.520001,0,0.520001,P04,B,B5
P05A_T03,S613,H0029,ego,3,2,4,5,,,P05A,3,completed,H0029,H0030,1,A4,C,1,C,av,0,0.181298,,0.04188481675,0.181298,P05,A,B4
P05A_T03,S613,H0030,cp,2,2,6,4,3,5,P05A,3,completed,H0029,H0030,1,A4,C,1,C,av,0,0.181298,,0.04188481675,0.181298,P05,A,B4
P05A_T04,S163,H0029,ego,4,0,5,4,,,P05A,4,completed,H0029,H0030,1,B2,A,1,A,av,0,0.200431,,0.03141361257,0.200431,P05,A,B4
P05A_T04,S163,H0030,cp,1,-1,5,4,5,6,P05A,4,completed,H0029,H0030,1,B2,A,1,A,av,0,0.200431,,0.03141361257,0.200431,P05,A,B4
P05A_T05,S481,H0029,ego,2,0,6,6,,,P05A,5,completed,H0029,H0030,1,A1,W,0,none,human,0,,0.520001,0,0.520001,P05,A,B4
P05A_T05,S481,H0030,cp,1,2,5,6,1,6,P05A,5,completed,H0029,H0030,1,A1,W,0,none,human,0,,0.520001,0,0.520001,P05,A,B4
P05A_T06,S938,H0029,ego,3,1,5,4,,,P05A,6,completed,H0029,H0030,1,A4,C,1,C,human,0,0.288205,,0.02617801047,0.288205,P05,A,B4
P05A_T06,S938,H0030,cp,3,1,6,5,3,5,P05A,6,completed,H0029,H0030,1,A4,C,1,C,human,0,0.288205,,0.02617801047,0.288205,P05,A,B4
P05A_T07,S857,H0029,ego,4,1,5,5,,,P05A,7,completed,H0029,H0030,1,A3,C,1,C,av,0,0.197803,,0.03664921466,0.197803,P05,A,B4
P05A_T07,S857,H0030,cp,2,1,5,4,3,6,P05A,7,completed,H0029,H0030,1,A3,C,1,C,av,0,0.197803,,0.03664921466,0.197803,P05,A,B4
P05A_T08,S784,H0029,ego,2,1,5,6,,,P05A,8,completed,H0029,H0030,1,C4,W,0,none,human,0,,0.520001,0,0.520001,P05,A,B4
P05A_T08,S784,H0030,cp,3,0,5,5,2,6,P05A,8,completed,H0029,H0030,1,C4,W,0,none,human,0,,0.520001,0,0.520001,P05,A,B4
P05A_T09,S370,H0029,ego,3,1,4,5,,,P05A,9,completed,H0029,H0030,1,B2,A,1,A,human,0,0.199428,,0.03141361257,0.199428,P05,A,B4
P05A_T09,S370,H0030,cp,2,0,5,4,4,5,P05A,9,completed,H0029,H0030,1,B2,A,1,A,human,0,0.199428,,0.03141361257,0.199428,P05,A,B4
P05A_T10,S128,H0029,ego,4,1,5,4,,,P05A,10,completed,H0029,H0030,1,A3,C,1,C,human,0,0.192091,,0.03664921466,0.192091,P05,A,B4
P05A_T10,S128,H0030,cp,2,2,5,5,2,5,P05A,10,completed,H0029,H0030,1,A3,C,1,C,human,0,0.192091,,0.03664921466,0.192091,P05,A,B4
P05A_T11,S250,H0029,ego,4,2,6,5,,,P05A,11,completed,H0029,H0030,1,C4,W,0,none,av,0,,0.520001,0,0.520001,P05,A,B4
P05A_T11,S250,H0030,cp,3,2,4,5,4,5,P05A,11,completed,H0029,H0030,1,C4,W,0,none,av,0,,0.520001,0,0.520001,P05,A,B4
P05A_T12,S102,H0029,ego,3,0,4,4,,,P05A,12,completed,H0029,H0030,1,B3,A,1,A,human,0,0.24057,,0.04188481675,0.24057,P05,A,B4
P05A_T12,S102,H0030,cp,2,-1,5,4,4,5,P05A,12,completed,H0029,H0030,1,B3,A,1,A,human,0,0.24057,,0.04188481675,0.24057,P05,A,B4
P05A_T13,S502,H0029,ego,5,-1,4,5,,,P05A,13,completed,H0029,H0030,1,A5,C,1,C,av,0,0.248194,,0.03141361257,0.248194,P05,A,B4
P05A_T13,S502,H0030,cp,4,-1,4,4,3,6,P05A,13,completed,H0029,H0030,1,A5,C,1,C,av,0,0.248194,,0.03141361257,0.248194,P05,A,B4
P05A_T14,S692,H0029,ego,2,1,6,5,,,P05A,14,completed,H0029,H0030,1,A2,W,0,none,human,0,,0.520001,0,0.520001,P05,A,B4
P05A_T14,S692,H0030,cp,2,-1,4,5,3,6,P05A,14,completed,H0029,H0030,1,A2,W,0,none,human,0,,0.520001,0,0.520001,P05,A,B4
P05A_T15,S888,H0029,ego,3,1,4,6,,,P05A,15,completed,H0029,H0030,1,A5,C,1,C,human,0,0.203588,,0.04188481675,0.203588,P05,A,B4
P05A_T15,S888,H0030,cp,4,2,5,6,2,5,P05A,15,completed,H0029,H0030,1,A5,C,1,C,human,0,0.203588,,0.04188481675,0.203588,P05,A,B4
P05A_T16,S473,H0029,ego,3,0,4,5,,,P05A,16,completed,H0029,H0030,1,B3,A,1,A,av,0,0.241779,,0.04188481675,0.241779,P05,A,B4
P05A_T16,S473,H0030,cp,2,1,4,3,4,5,P05A,16,completed,H0029,H0030,1,B3,A,1,A,av,0,0.241779,,0.04188481675,0.241779,P05,A,B4
P05A_T17,S766,H0029,ego,4,0,5,5,,,P05A,17,completed,H0029,H0030,1,A1,W,0,none,av,0,,0.520001,0,0.520001,P05,A,B4
P05A_T17,S766,H0030,cp,1,0,4,6,2,5,P05A,17,completed,H0029,H0030,1,A1,W,0,none,av,0,,0.520001,0,0.520001,P05,A,B4
P05B_T03,S206,H0030,ego,3,0,5,4,,,P05B,3,completed,H0030,H0029,1,A7,C,1,C,human,0,0.22674,,0.04188481675,0.22674,P05,B,B0
P05B_T03,S206,H0029,cp,6,0,4,5,4,5,P05B,3,completed,H0030,H0029,1,A7,C,1,C,human,0,0.22674,,0.04188481675,0.22674,P05,B,B0
P05B_T04,S367,H0030,ego,3,3,4,5,,,P05B,4,completed,H0030,H0029,1,A1,A,1,A,human,0,0.298075,,0.03664921466,0.298075,P05,B,B0
P05B_T04,S367,H0029,cp,4,1,4,4,6,5,P05B,4,completed,H0030,H0029,1,A1,A,1,A,human,0,0.298075,,0.03664921466,0.298075,P05,B,B0
P05B_T05,S240,H0030,ego,3,-1,6,5,,,P05B,5,completed,H0030,H0029,1,B3,W,0,none,av,1,,0.520001,0,0.520001,P05,B,B0
P05B_T05,S240,H0029,cp,3,0,6,5,2,6,P05B,5,completed,H0030,H0029,1,B3,W,0,none,av,1,,0.520001,0,0.520001,P05,B,B0
P05B_T06,S222,H0030,ego,3,0,5,5,,,P05B,6,completed,H0030,H0029,1,A6,C,1,C,human,0,0.188374,,0.02617801047,0.188374,P05,B,B0
P05B_T06,S222,H0029,cp,4,-1,4,5,3,6,P05B,6,completed,H0030,H0029,1,A6,C,1,C,human,0,0.188374,,0.02617801047,0.188374,P05,B,B0
P05B_T07,S699,H0030,ego,2,-1,5,5,,,P05B,7,completed,H0030,H0029,1,A7,C,1,C,av,0,0.240817,,0.03664921466,0.240817,P05,B,B0
P05B_T07,S699,H0029,cp,3,1,6,5,2,6,P05B,7,completed,H0030,H0029,1,A7,C,1,C,av,0,0.240817,,0.03664921466,0.240817,P05,B,B0
P05B_T08,S578,H0030,ego,3,0,6,6,,,P05B,8,completed,H0030,H0029,1,B4,W,0,none,human,0,,0.520001,0,0.520001,P05,B,B0
P05B_T08,S578,H0029,cp,4,-1,5,6,2,6,P05B,8,completed,H0030,H0029,1,B4,W,0,none,human,0,,0.520001,0,0.520001,P05,B,B0
P05B_T09,S136,H0030,ego,2,1,5,5,,,P05B,9,completed,H0030,H0029,1,B1,C,1,C,human,0,0.161874,,0.04188481675,0.161874,P05,B,B0
P05B_T09,S136,H0029,cp,4,-1,6,5,3,5,P05B,9,completed,H0030,H0029,1,B1,C,1,C,human,0,0.161874,,0.04188481675,0.161874,P05,B,B0
P05B_T10,S609,H0030,ego,2,1,4,4,,,P05B,10,completed,H0030,H0029,1,A1,A,1,A,av,1,0.299573,,0.03664921466,0.299573,P05,B,B0
P05B_T10,S609,H0029,cp,5,-1,5,5,4,5,P05B,10,completed,H0030,H0029,1,A1,A,1,A,av,1,0.299573,,0.03664921466,0.299573,P05,B,B0
P05B_T11,S874,H0030,ego,2,-1,5,5,,,P05B,11,completed,H0030,H0029,1,B4,W,0,none,av,0,,0.520001,0,0.520001,P05,B,B0
P05B_T11,S874,H0029,cp,3,-1,6,5,2,6,P05B,11,completed,H0030,H0029,1,B4,W,0,none,av,0,,0.520001,0,0.520001,P05,B,B0
P05B_T12,S229,H0030,ego,4,0,4,5,,,P05B,12,completed,H0030,H0029,1,A2,A,1,A,av,0,0.299103,,0.03141361257,0.299103,P05,B,B0
P05B_T12,S229,H0029,cp,4,0,4,4,6,5,P05B,12,completed,H0030,H0029,1,A2,A,1,A,av,0,0.299103,,0.03141361257,0.299103,P05,B,B0
P05B_T13,S551,H0030,ego,3,3,5,5,,,P05B,13,completed,H0030,H0029,1,A6,C,1,C,av,1,0.245331,,0.03141361257,0.245331,P05,B,B0
P05B_T13,S551,H0029,cp,5,0,4,5,3,6,P05B,13,completed,H0030,H0029,1,A6,C,1,C,av,1,0.245331,,0.03141361257,0.245331,P05,B,B0
P05B_T14,S226,H0030,ego,4,-1,6,6,,,P05B,14,completed,H0030,H0029,1,B3,W,0,none,human,0,,0.520001,0,0.520001,P05,B,B0
P05B_T14,S226,H0029,cp,4,-2,5,5,2,6,P05B,14,completed,H0030,H0029,1,B3,W,0,none,human,0,,0.520001,0,0.520001,P05,B,B0
P05B_T15,S966,H0030,ego,5,1,5,4,,,P05B,15,completed,H0030,H0029,1,A2,A,1,A,human,0,0.297608,,0.03141361257,0.297608,P05,B,B0
P05B_T15,S966,H0029,cp,4,1,5,4,4,6,P05B,15,completed,H0030,H0029,1,A2,A,1,A,human,0,0.297608,,0.03141361257,0.297608,P05,B,B0
P05B_T16,S190,H0030,ego,3,-1,4,5,,,P05B,16,completed,H0030,H0029,1,B1,C,1,C,av,0,0.196063,,0.02617801047,0.196063,P05,B,B0
P05B_T16,S190,H0029,cp,2,1,5,5,4,6,P05B,16,completed,H0030,H0029,1,B1,C,1,C,av,0,0.196063,,0.02617801047,0.196063,P05,B,B0
P05B_T17,S984,H0030,ego,1,1,7,5,,,P05B,17,completed,H0030,H0029,1,C1,W,0,none,av,0,,0.520001,0,0.520001,P05,B,B0
P05B_T17,S984,H0029,cp,1,1,5,5,1,6,P05B,17,completed,H0030,H0029,1,C1,W,0,none,av,0,,0.520001,0,0.520001,P05,B,B0
P06A_T03,S339,H0031,ego,2,0,6,5,,,P06A,3,completed,H0031,H0032,1,A7,C,1,C,human,0,0.231365,,0.02617801047,0.231365,P06,A,B5
P06A_T03,S339,H0032,cp,2,-1,5,6,4,5,P06A,3,completed,H0031,H0032,1,A7,C,1,C,human,0,0.231365,,0.02617801047,0.231365,P06,A,B5
P06A_T04,S673,H0031,ego,4,-1,3,7,,,P06A,4,completed,H0031,H0032,1,A6,C,1,C,human,0,0.274817,,0.04188481675,0.274817,P06,A,B5
P06A_T04,S673,H0032,cp,5,-3,4,4,3,6,P06A,4,completed,H0031,H0032,1,A6,C,1,C,human,0,0.274817,,0.04188481675,0.274817,P06,A,B5
P06A_T05,S429,H0031,ego,3,1,5,6,,,P06A,5,completed,H0031,H0032,1,A7,W,0,none,human,0,,0.520001,0,0.520001,P06,A,B5
P06A_T05,S429,H0032,cp,4,1,4,5,3,6,P06A,5,completed,H0031,H0032,1,A7,W,0,none,human,0,,0.520001,0,0.520001,P06,A,B5
P06A_T06,S141,H0031,ego,3,-1,6,5,,,P06A,6,completed,H0031,H0032,1,B1,C,1,C,human,0,0.229614,,0.02617801047,0.229614,P06,A,B5
P06A_T06,S141,H0032,cp,3,-1,4,5,4,5,P06A,6,completed,H0031,H0032,1,B1,C,1,C,human,0,0.229614,,0.02617801047,0.229614,P06,A,B5
P06A_T07,S939,H0031,ego,3,-1,5,4,,,P06A,7,completed,H0031,H0032,1,C1,A,1,A,av,1,0.190884,,0.03664921466,0.190884,P06,A,B5
P06A_T07,S939,H0032,cp,4,-1,4,4,5,6,P06A,7,completed,H0031,H0032,1,C1,A,1,A,av,1,0.190884,,0.03664921466,0.190884,P06,A,B5
P06A_T08,S912,H0031,ego,3,0,4,5,,,P06A,8,completed,H0031,H0032,1,A6,W,0,none,av,0,,0.520001,0,0.520001,P06,A,B5
P06A_T08,S912,H0032,cp,5,0,4,5,1,4,P06A,8,completed,H0031,H0032,1,A6,W,0,none,av,0,,0.520001,0,0.520001,P06,A,B5
P06A_T09,S282,H0031,ego,5,0,5,4,,,P06A,9,completed,H0031,H0032,1,B4,A,1,A,av,0,0.220724,,0.03664921466,0.220724,P06,A,B5
P06A_T09,S282,H0032,cp,3,-1,4,3,5,5,P06A,9,completed,H0031,H0032,1,B4,A,1,A,av,0,0.220724,,0.03664921466,0.220724,P06,A,B5
P06A_T10,S706,H0031,ego,2,0,4,5,,,P06A,10,completed,H0031,H0032,1,C1,A,1,A,human,0,0.189929,,0.03664921466,0.189929,P06,A,B5
P06A_T10,S706,H0032,cp,2,0,3,4,5,5,P06A,10,completed,H0031,H0032,1,C1,A,1,A,human,0,0.189929,,0.03664921466,0.189929,P06,A,B5
P06A_T11,S123,H0031,ego,3,3,4,4,,,P06A,11,completed,H0031,H0032,1,A5,W,0,none,av,0,,0.520001,0,0.520001,P06,A,B5
P06A_T11,S123,H0032,cp,2,1,6,6,3,5,P06A,11,completed,H0031,H0032,1,A5,W,0,none,av,0,,0.520001,0,0.520001,P06,A,B5
P06A_T12,S852,H0031,ego,5,1,7,5,,,P06A,12,completed,H0031,H0032,1,A6,C,1,C,av,0,0.18841,,0.02617801047,0.18841,P06,A,B5
P06A_T12,S852,H0032,cp,4,1,4,6,3,5,P06A,12,completed,H0031,H0032,1,A6,C,1,C,av,0,0.18841,,0.02617801047,0.18841,P06,A,B5
P06A_T13,S172,H0031,ego,4,-1,4,5,,,P06A,13,completed,H0031,H0032,1,B4,A,1,A,human,0,0.219621,,0.03664921466,0.219621,P06,A,B5
P06A_T13,S172,H0032,cp,3,0,5,4,4,5,P06A,13,completed,H0031,H0032,1,B4,A,1,A,human,0,0.219621,,0.03664921466,0.219621,P06,A,B5
P06A_T14,S414,H0031,ego,2,0,5,5,,,P06A,14,completed,H0031,H0032,1,A5,W,0,none,human,0,,0.520001,0,0.520001,P06,A,B5
P06A_T14,S414,H0032,cp,3,-2,7,5,3,6,P06A,14,completed,H0031,H0032,1,A5,W,0,none,human,0,,0.520001,0,0.520001,P06,A,B5
P06A_T15,S824,H0031,ego,3,2,4,5,,,P06A,15,completed,H0031,H0032,1,B1,C,1,C,av,0,0.335833,,0.03664921466,0.335833,P06,A,B5
P06A_T15,S824,H0032,cp,4,2,4,5,3,5,P06A,15,completed,H0031,H0032,1,B1,C,1,C,av,0,0.335833,,0.03664921466,0.335833,P06,A,B5
P06A_T16,S311,H0031,ego,4,2,5,5,,,P06A,16,completed,H0031,H0032,1,A7,C,1,C,av,0,0.222657,,0.04188481675,0.222657,P06,A,B5
P06A_T16,S311,H0032,cp,2,2,4,5,3,5,P06A,16,completed,H0031,H0032,1,A7,C,1,C,av,0,0.222657,,0.04188481675,0.222657,P06,A,B5
P06A_T17,S823,H0031,ego,2,-1,5,5,,,P06A,17,completed,H0031,H0032,1,A6,W,0,none,human,0,,0.520001,0,0.520001,P06,A,B5
P06A_T17,S823,H0032,cp,3,-1,6,6,2,6,P06A,17,completed,H0031,H0032,1,A6,W,0,none,human,0,,0.520001,0,0.520001,P06,A,B5
P06B_T03,S310,H0032,ego,3,2,5,5,,,P06B,3,completed,H0032,H0031,1,B2,C,1,C,av,0,0.314468,,0.03664921466,0.314468,P06,B,B1
P06B_T03,S310,H0031,cp,3,0,5,5,4,5,P06B,3,completed,H0032,H0031,1,B2,C,1,C,av,0,0.314468,,0.03664921466,0.314468,P06,B,B1
P06B_T04,S730,H0032,ego,2,-2,5,6,,,P06B,4,completed,H0032,H0031,1,B4,C,1,C,human,0,0.202729,,0.02617801047,0.202729,P06,B,B1
P06B_T04,S730,H0031,cp,4,0,5,4,3,6,P06B,4,completed,H0032,H0031,1,B4,C,1,C,human,0,0.202729,,0.02617801047,0.202729,P06,B,B1
P06B_T05,S643,H0032,ego,1,-1,5,5,,,P06B,5,completed,H0032,H0031,1,C4,W,0,none,human,0,,0.520001,0,0.520001,P06,B,B1
P06B_T05,S643,H0031,cp,2,-2,6,5,1,5,P06B,5,completed,H0032,H0031,1,C4,W,0,none,human,0,,0.520001,0,0.520001,P06,B,B1
P06B_T06,S836,H0032,ego,3,-1,5,5,,,P06B,6,completed,H0032,H0031,1,A3,A,1,A,human,0,0.20861,,0.03664921466,0.20861,P06,B,B1
P06B_T06,S836,H0031,cp,2,-3,3,3,4,6,P06B,6,completed,H0032,H0031,1,A3,A,1,A,human,0,0.20861,,0.03664921466,0.20861,P06,B,B1
P06B_T07,S903,H0032,ego,4,-1,6,5,,,P06B,7,completed,H0032,H0031,1,A4,A,1,A,av,0,0.228355,,0.04188481675,0.228355,P06,B,B1
P06B_T07,S903,H0031,cp,4,1,4,4,4,5,P06B,7,completed,H0032,H0031,1,A4,A,1,A,av,0,0.228355,,0.04188481675,0.228355,P06,B,B1
P06B_T08,S326,H0032,ego,2,-1,5,5,,,P06B,8,completed,H0032,H0031,1,C4,W,0,none,av,0,,0.520001,0,0.520001,P06,B,B1
P06B_T08,S326,H0031,cp,1,0,4,5,1,6,P06B,8,completed,H0032,H0031,1,C4,W,0,none,av,0,,0.520001,0,0.520001,P06,B,B1
P06B_T09,S520,H0032,ego,3,-3,5,4,,,P06B,9,completed,H0032,H0031,1,B3,C,1,C,av,0,0.193655,,0.02617801047,0.193655,P06,B,B1
P06B_T09,S520,H0031,cp,2,-1,4,4,2,7,P06B,9,completed,H0032,H0031,1,B3,C,1,C,av,0,0.193655,,0.02617801047,0.193655,P06,B,B1
P06B_T10,S681,H0032,ego,3,-2,6,4,,,P06B,10,completed,H0032,H0031,1,A3,A,1,A,av,0,0.209658,,0.03664921466,0.209658,P06,B,B1
P06B_T10,S681,H0031,cp,3,0,3,4,4,6,P06B,10,completed,H0032,H0031,1,A3,A,1,A,av,0,0.209658,,0.03664921466,0.209658,P06,B,B1
P06B_T11,S999,H0032,ego,2,-1,6,5,,,P06B,11,completed,H0032,H0031,1,A2,W,0,none,av,0,,0.520001,0,0.520001,P06,B,B1
P06B_T11,S999,H0031,cp,3,-1,5,5,2,6,P06B,11,completed,H0032,H0031,1,A2,W,0,none,av,0,,0.520001,0,0.520001,P06,B,B1
P06B_T12,S953,H0032,ego,2,1,5,5,,,P06B,12,completed,H0032,H0031,1,A4,A,1,A,human,0,0.227213,,0.04188481675,0.227213,P06,B,B1
P06B_T12,S953,H0031,cp,3,1,4,4,4,5,P06B,12,completed,H0032,H0031,1,A4,A,1,A,human,0,0.227213,,0.04188481675,0.227213,P06,B,B1
P06B_T13,S845,H0032,ego,3,-1,5,4,,,P06B,13,completed,H0032,H0031,1,B2,C,1,C,human,0,0.19156,,0.04188481675,0.19156,P06,B,B1
P06B_T13,S845,H0031,cp,4,-1,4,5,4,6,P06B,13,completed,H0032,H0031,1,B2,C,1,C,human,0,0.19156,,0.04188481675,0.19156,P06,B,B1
P06B_T14,S796,H0032,ego,3,-1,7,5,,,P06B,14,completed,H0032,H0031,1,A1,W,0,none,av,0,,0.520001,0,0.520001,P06,B,B1
P06B_T14,S796,H0031,cp,3,0,5,6,2,6,P06B,14,completed,H0032,H0031,1,A1,W,0,none,av,0,,0.520001,0,0.520001,P06,B,B1
P06B_T15,S398,H0032,ego,2,1,7,5,,,P06B,15,completed,H0032,H0031,1,B3,C,1,C,human,0,0.308015,,0.02617801047,0.308015,P06,B,B1
P06B_T15,S398,H0031,cp,3,0,5,5,3,5,P06B,15,completed,H0032,H0031,1,B3,C,1,C,human,0,0.308015,,0.02617801047,0.308015,P06,B,B1
P06B_T16,S324,H0032,ego,3,3,5,4,,,P06B,16,completed,H0032,H0031,1,B4,C,1,C,av,0,0.164735,,0.03141361257,0.164735,P06,B,B1
P06B_T16,S324,H0031,cp,3,0,6,6,2,6,P06B,16,completed,H0032,H0031,1,B4,C,1,C,av,0,0.164735,,0.03141361257,0.164735,P06,B,B1
P06B_T17,S554,H0032,ego,3,0,4,6,,,P06B,17,completed,H0032,H0031,1,A1,W,0,none,human,0,,0.520001,0,0.520001,P06,B,B1
P06B_T17,S554,H0031,cp,3,1,5,6,2,4,P06B,17,completed,H0032,H0031,1,A1,W,0,none,human,0,,0.520001,0,0.520001,P06,B,B1
P07A_T03,S966,H0033,ego,4,-1,5,5,,,P07A,3,completed,H0033,H0034,1,A2,A,1,A,human,0,0.297608,,0.03141361257,0.297608,P07,A,B0
P07A_T03,S966,H0034,cp,4,-1,6,4,5,5,P07A,3,completed,H0033,H0034,1,A2,A,1,A,human,0,0.297608,,0.03141361257,0.297608,P07,A,B0
P07A_T04,S699,H0033,ego,2,1,3,5,,,P07A,4,completed,H0033,H0034,1,A7,C,1,C,av,0,0.240817,,0.03664921466,0.240817,P07,A,B0
P07A_T04,S699,H0034,cp,2,-1,5,5,2,6,P07A,4,completed,H0033,H0034,1,A7,C,1,C,av,0,0.240817,,0.03664921466,0.240817,P07,A,B0
P07A_T05,S984,H0033,ego,2,2,5,6,,,P07A,5,completed,H0033,H0034,1,C1,W,0,none,av,0,,0.520001,0,0.520001,P07,A,B0
P07A_T05,S984,H0034,cp,1,-1,5,6,1,5,P07A,5,completed,H0033,H0034,1,C1,W,0,none,av,0,,0.520001,0,0.520001,P07,A,B0
P07A_T06,S367,H0033,ego,2,-1,4,4,,,P07A,6,completed,H0033,H0034,1,A1,A,1,A,human,0,0.298075,,0.03664921466,0.298075,P07,A,B0
P07A_T06,S367,H0034,cp,3,1,4,4,4,6,P07A,6,completed,H0033,H0034,1,A1,A,1,A,human,0,0.298075,,0.03664921466,0.298075,P07,A,B0
P07A_T07,S551,H0033,ego,4,3,4,4,,,P07A,7,completed,H0033,H0034,1,A6,C,1,C,av,1,0.245331,,0.03141361257,0.245331,P07,A,B0
P07A_T07,S551,H0034,cp,2,2,5,6,2,5,P07A,7,completed,H0033,H0034,1,A6,C,1,C,av,1,0.245331,,0.03141361257,0.245331,P07,A,B0
P07A_T08,S226,H0033,ego,2,-2,5,5,,,P07A,8,completed,H0033,H0034,1,B3,W,0,none,human,0,,0.520001,0,0.520001,P07,A,B0
P07A_T08,S226,H0034,cp,1,0,4,5,2,6,P07A,8,completed,H0033,H0034,1,B3,W,0,none,human,0,,0.520001,0,0.520001,P07,A,B0
P07A_T09,S190,H0033,ego,3,-2,4,5,,,P07A,9,completed,H0033,H0034,1,B1,C,1,C,av,0,0.196063,,0.02617801047,0.196063,P07,A,B0
P07A_T09,S190,H0034,cp,2,0,5,5,4,6,P07A,9,completed,H0033,H0034,1,B1,C,1,C,av,0,0.196063,,0.02617801047,0.196063,P07,A,B0
P07A_T10,S222,H0033,ego,2,-1,5,4,,,P07A,10,completed,H0033,H0034,1,A6,C,1,C,human,0,0.188374,,0.02617801047,0.188374,P07,A,B0
P07A_T10,S222,H0034,cp,1,-2,5,6,4,6,P07A,10,completed,H0033,H0034,1,A6,C,1,C,human,0,0.188374,,0.02617801047,0.188374,P07,A,B0
P07A_T11,S874,H0033,ego,2,-1,6,6,,,P07A,11,completed,H0033,H0034,1,B4,W,0,none,av,0,,0.520001,0,0.520001,P07,A,B0
P07A_T11,S874,H0034,cp,2,0,4,5,1,5,P07A,11,completed,H0033,H0034,1,B4,W,0,none,av,0,,0.520001,0,0.520001,P07,A,B0
P07A_T12,S229,H0033,ego,3,-1,4,5,,,P07A,12,completed,H0033,H0034,1,A2,A,1,A,av,0,0.299103,,0.03141361257,0.299103,P07,A,B0
P07A_T12,S229,H0034,cp,4,-1,4,4,5,6,P07A,12,completed,H0033,H0034,1,A2,A,1,A,av,0,0.299103,,0.03141361257,0.299103,P07,A,B0
P07A_T13,S609,H0033,ego,3,2,3,6,,,P07A,13,completed,H0033,H0034,1,A1,A,1,A,av,1,0.299573,,0.03664921466,0.299573,P07,A,B0
P07A_T13,S609,H0034,cp,3,2,6,4,5,6,P07A,13,completed,H0033,H0034,1,A1,A,1,A,av,1,0.299573,,0.03664921466,0.299573,P07,A,B0
P07A_T14,S578,H0033,ego,3,-1,3,5,,,P07A,14,completed,H0033,H0034,1,B4,W,0,none,human,0,,0.520001,0,0.520001,P07,A,B0
P07A_T14,S578,H0034,cp,2,-2,5,5,1,5,P07A,14,completed,H0033,H0034,1,B4,W,0,none,human,0,,0.520001,0,0.520001,P07,A,B0
P07A_T15,S206,H0033,ego,5,-1,4,5,,,P07A,15,completed,H0033,H0034,1,A7,C,1,C,human,0,0.22674,,0.04188481675,0.22674,P07,A,B0
P07A_T15,S206,H0034,cp,5,1,5,5,3,6,P07A,15,completed,H0033,H0034,1,A7,C,1,C,human,0,0.22674,,0.04188481675,0.22674,P07,A,B0
P07A_T16,S136,H0033,ego,3,0,4,4,,,P07A,16,completed,H0033,H0034,1,B1,C,1,C,human,0,0.161874,,0.04188481675,0.161874,P07,A,B0
P07A_T16,S136,H0034,cp,1,0,4,5,3,6,P07A,16,completed,H0033,H0034,1,B1,C,1,C,human,0,0.161874,,0.04188481675,0.161874,P07,A,B0
P07A_T17,S240,H0033,ego,2,1,5,4,,,P07A,17,completed,H0033,H0034,1,B3,W,0,none,av,1,,0.520001,0,0.520001,P07,A,B0
P07A_T17,S240,H0034,cp,1,-1,6,4,1,5,P07A,17,completed,H0033,H0034,1,B3,W,0,none,av,1,,0.520001,0,0.520001,P07,A,B0
P07B_T03,S768,H0034,ego,4,1,5,5,,,P07B,3,completed,H0034,H0033,1,C3,C,1,C,av,0,0.209844,,0.03664921466,0.209844,P07,B,B2
P07B_T03,S768,H0033,cp,5,1,4,5,4,6,P07B,3,completed,H0034,H0033,1,C3,C,1,C,av,0,0.209844,,0.03664921466,0.209844,P07,B,B2
P07B_T04,S828,H0034,ego,4,0,5,5,,,P07B,4,completed,H0034,H0033,1,A5,A,1,A,av,0,0.290967,,0.03141361257,0.290967,P07,B,B2
P07B_T04,S828,H0033,cp,4,3,5,5,5,5,P07B,4,completed,H0034,H0033,1,A5,A,1,A,av,0,0.290967,,0.03141361257,0.290967,P07,B,B2
P07B_T05,S486,H0034,ego,1,-1,6,5,,,P07B,5,completed,H0034,H0033,1,A6,W,0,none,human,0,,0.520001,0,0.520001,P07,B,B2
P07B_T05,S486,H0033,cp,2,0,5,5,1,6,P07B,5,completed,H0034,H0033,1,A6,W,0,none,human,0,,0.520001,0,0.520001,P07,B,B2
P07B_T06,S338,H0034,ego,2,-1,7,5,,,P07B,6,completed,H0034,H0033,1,C2,C,1,C,av,0,0.29345,,0.03664921466,0.29345,P07,B,B2
P07B_T06,S338,H0033,cp,2,1,4,5,3,6,P07B,6,completed,H0034,H0033,1,C2,C,1,C,av,0,0.29345,,0.03664921466,0.29345,P07,B,B2
P07B_T07,S489,H0034,ego,3,-1,5,6,,,P07B,7,completed,H0034,H0033,1,A6,A,1,A,human,0,0.278537,,0.03141361257,0.278537,P07,B,B2
P07B_T07,S489,H0033,cp,2,0,5,4,5,5,P07B,7,completed,H0034,H0033,1,A6,A,1,A,human,0,0.278537,,0.03141361257,0.278537,P07,B,B2
P07B_T08,S230,H0034,ego,2,1,6,5,,,P07B,8,completed,H0034,H0033,1,A5,W,0,none,av,0,,0.520001,0,0.520001,P07,B,B2
P07B_T08,S230,H0033,cp,1,1,5,5,1,5,P07B,8,completed,H0034,H0033,1,A5,W,0,none,av,0,,0.520001,0,0.520001,P07,B,B2
P07B_T10,S221,H0034,ego,3,0,4,4,,,P07B,10,completed,H0034,H0033,1,C1,C,1,C,av,0,0.263301,,0.03664921466,0.263301,P07,B,B2
P07B_T10,S221,H0033,cp,3,1,5,5,4,6,P07B,10,completed,H0034,H0033,1,C1,C,1,C,av,0,0.263301,,0.03664921466,0.263301,P07,B,B2
P07B_T11,S291,H0034,ego,1,1,5,5,,,P07B,11,completed,H0034,H0033,1,A5,W,0,none,human,0,,0.520001,0,0.520001,P07,B,B2
P07B_T11,S291,H0033,cp,1,1,4,5,3,6,P07B,11,completed,H0034,H0033,1,A5,W,0,none,human,0,,0.520001,0,0.520001,P07,B,B2
P07B_T12,S389,H0034,ego,4,-1,5,5,,,P07B,12,completed,H0034,H0033,1,C3,C,1,C,human,0,0.327164,,0.04188481675,0.327164,P07,B,B2
P07B_T12,S389,H0033,cp,2,0,3,4,2,5,P07B,12,completed,H0034,H0033,1,C3,C,1,C,human,0,0.327164,,0.04188481675,0.327164,P07,B,B2
P07B_T13,S265,H0034,ego,2,0,4,5,,,P07B,13,completed,H0034,H0033,1,C1,C,1,C,human,0,0.227694,,0.02617801047,0.227694,P07,B,B2
P07B_T13,S265,H0033,cp,3,0,5,6,3,5,P07B,13,completed,H0034,H0033,1,C1,C,1,C,human,0,0.227694,,0.02617801047,0.227694,P07,B,B2
P07B_T14,S348,H0034,ego,2,-1,5,5,,,P07B,14,completed,H0034,H0033,1,A6,W,0,none,av,1,,0.520001,0,0.520001,P07,B,B2
P07B_T14,S348,H0033,cp,2,0,6,5,2,6,P07B,14,completed,H0034,H0033,1,A6,W,0,none,av,1,,0.520001,0,0.520001,P07,B,B2
P07B_T15,S564,H0034,ego,3,0,5,4,,,P07B,15,completed,H0034,H0033,1,A5,A,1,A,human,0,0.289512,,0.03141361257,0.289512,P07,B,B2
P07B_T15,S564,H0033,cp,4,1,3,5,4,5,P07B,15,completed,H0034,H0033,1,A5,A,1,A,human,0,0.289512,,0.03141361257,0.289512,P07,B,B2
P07B_T16,S413,H0034,ego,2,0,5,5,,,P07B,16,completed,H0034,H0033,1,C2,C,1,C,human,0,0.300274,,0.03141361257,0.300274,P07,B,B2
P07B_T16,S413,H0033,cp,2,1,4,6,3,6,P07B,16,completed,H0034,H0033,1,C2,C,1,C,human,0,0.300274,,0.03141361257,0.300274,P07,B,B2
P07B_T17,S378,H0034,ego,1,-1,5,6,,,P07B,17,completed,H0034,H0033,1,A7,W,0,none,av,0,,0.520001,0,0.520001,P07,B,B2
P07B_T17,S378,H0033,cp,2,1,6,5,3,5,P07B,17,completed,H0034,H0033,1,A7,W,0,none,av,0,,0.520001,0,0.520001,P07,B,B2
P08A_T03,S681,H0035,ego,2,0,4,4,,,P08A,3,completed,H0035,H0036,1,A3,A,1,A,av,0,0.209658,,0.03664921466,0.209658,P08,A,B1
P08A_T03,S681,H0036,cp,2,0,6,4,5,6,P08A,3,completed,H0035,H0036,1,A3,A,1,A,av,0,0.209658,,0.03664921466,0.209658,P08,A,B1
P08A_T04,S730,H0035,ego,4,-1,5,5,,,P08A,4,completed,H0035,H0036,1,B4,C,1,C,human,0,0.202729,,0.02617801047,0.202729,P08,A,B1
P08A_T04,S730,H0036,cp,5,-2,4,5,3,5,P08A,4,completed,H0035,H0036,1,B4,C,1,C,human,0,0.202729,,0.02617801047,0.202729,P08,A,B1
P08A_T05,S554,H0035,ego,3,-2,5,5,,,P08A,5,completed,H0035,H0036,1,A1,W,0,none,human,0,,0.520001,0,0.520001,P08,A,B1
P08A_T05,S554,H0036,cp,5,-2,6,5,3,5,P08A,5,completed,H0035,H0036,1,A1,W,0,none,human,0,,0.520001,0,0.520001,P08,A,B1
P08A_T06,S903,H0035,ego,4,1,4,5,,,P08A,6,completed,H0035,H0036,1,A4,A,1,A,av,0,0.228355,,0.04188481675,0.228355,P08,A,B1
P08A_T06,S903,H0036,cp,4,-1,4,4,4,5,P08A,6,completed,H0035,H0036,1,A4,A,1,A,av,0,0.228355,,0.04188481675,0.228355,P08,A,B1
P08A_T07,S520,H0035,ego,3,-2,5,6,,,P08A,7,completed,H0035,H0036,1,B3,C,1,C,av,0,0.193655,,0.02617801047,0.193655,P08,A,B1
P08A_T07,S520,H0036,cp,3,2,5,5,4,5,P08A,7,completed,H0035,H0036,1,B3,C,1,C,av,0,0.193655,,0.02617801047,0.193655,P08,A,B1
P08A_T08,S643,H0035,ego,1,-1,5,6,,,P08A,8,completed,H0035,H0036,1,C4,W,0,none,human,0,,0.520001,0,0.520001,P08,A,B1
P08A_T08,S643,H0036,cp,1,-1,5,6,3,6,P08A,8,completed,H0035,H0036,1,C4,W,0,none,human,0,,0.520001,0,0.520001,P08,A,B1
P08A_T09,S398,H0035,ego,3,1,4,6,,,P08A,9,completed,H0035,H0036,1,B3,C,1,C,human,0,0.308015,,0.02617801047,0.308015,P08,A,B1
P08A_T09,S398,H0036,cp,4,0,4,4,4,6,P08A,9,completed,H0035,H0036,1,B3,C,1,C,human,0,0.308015,,0.02617801047,0.308015,P08,A,B1
P08A_T10,S845,H0035,ego,4,0,5,5,,,P08A,10,completed,H0035,H0036,1,B2,C,1,C,human,0,0.19156,,0.04188481675,0.19156,P08,A,B1
P08A_T10,S845,H0036,cp,3,0,5,5,2,6,P08A,10,completed,H0035,H0036,1,B2,C,1,C,human,0,0.19156,,0.04188481675,0.19156,P08,A,B1
P08A_T11,S796,H0035,ego,2,-1,5,5,,,P08A,11,completed,H0035,H0036,1,A1,W,0,none,av,0,,0.520001,0,0.520001,P08,A,B1
P08A_T11,S796,H0036,cp,2,1,7,6,2,5,P08A,11,completed,H0035,H0036,1,A1,W,0,none,av,0,,0.520001,0,0.520001,P08,A,B1
P08A_T12,S836,H0035,ego,1,-1,5,5,,,P08A,12,completed,H0035,H0036,1,A3,A,1,A,human,0,0.20861,,0.03664921466,0.20861,P08,A,B1
P08A_T12,S836,H0036,cp,2,-1,5,4,5,5,P08A,12,completed,H0035,H0036,1,A3,A,1,A,human,0,0.20861,,0.03664921466,0.20861,P08,A,B1
P08A_T13,S310,H0035,ego,2,2,4,6,,,P08A,13,completed,H0035,H0036,1,B2,C,1,C,av,0,0.314468,,0.03664921466,0.314468,P08,A,B1
P08A_T13,S310,H0036,cp,2,2,5,4,3,6,P08A,13,completed,H0035,H0036,1,B2,C,1,C,av,0,0.314468,,0.03664921466,0.314468,P08,A,B1
P08A_T14,S326,H0035,ego,1,0,5,5,,,P08A,14,completed,H0035,H0036,1,C4,W,0,none,av,0,,0.520001,0,0.520001,P08,A,B1
P08A_T14,S326,H0036,cp,2,0,5,6,4,6,P08A,14,completed,H0035,H0036,1,C4,W,0,none,av,0,,0.520001,0,0.520001,P08,A,B1
P08A_T15,S324,H0035,ego,3,2,4,4,,,P08A,15,completed,H0035,H0036,1,B4,C,1,C,av,0,0.164735,,0.03141361257,0.164735,P08,A,B1
P08A_T15,S324,H0036,cp,4,0,3,4,4,6,P08A,15,completed,H0035,H0036,1,B4,C,1,C,av,0,0.164735,,0.03141361257,0.164735,P08,A,B1
P08A_T16,S953,H0035,ego,2,-1,5,4,,,P08A,16,completed,H0035,H0036,1,A4,A,1,A,human,0,0.227213,,0.04188481675,0.227213,P08,A,B1
P08A_T16,S953,H0036,cp,4,0,4,4,4,5,P08A,16,completed,H0035,H0036,1,A4,A,1,A,human,0,0.227213,,0.04188481675,0.227213,P08,A,B1
P08A_T17,S999,H0035,ego,4,-2,5,4,,,P08A,17,completed,H0035,H0036,1,A2,W,0,none,av,0,,0.520001,0,0.520001,P08,A,B1
P08A_T17,S999,H0036,cp,4,0,5,5,2,5,P08A,17,completed,H0035,H0036,1,A2,W,0,none,av,0,,0.520001,0,0.520001,P08,A,B1
P08B_T03,S454,H0036,ego,4,0,5,5,,,P08B,3,completed,H0036,H0035,1,B1,A,1,A,av,0,0.236934,,0.03141361257,0.236934,P08,B,B3
P08B_T03,S454,H0035,cp,2,0,5,3,4,5,P08B,3,completed,H0036,H0035,1,B1,A,1,A,av,0,0.236934,,0.03141361257,0.236934,P08,B,B3
P08B_T04,S725,H0036,ego,2,1,4,4,,,P08B,4,completed,H0036,H0035,1,A1,C,1,C,av,0,0.163828,,0.02617801047,0.163828,P08,B,B3
P08B_T04,S725,H0035,cp,3,0,4,5,3,5,P08B,4,completed,H0036,H0035,1,A1,C,1,C,av,0,0.163828,,0.02617801047,0.163828,P08,B,B3
P08B_T05,S756,H0036,ego,1,1,4,5,,,P08B,5,completed,H0036,H0035,1,B4,W,0,none,human,0,,0.520001,0,0.520001,P08,B,B3
P08B_T05,S756,H0035,cp,1,2,5,6,3,5,P08B,5,completed,H0036,H0035,1,B4,W,0,none,human,0,,0.520001,0,0.520001,P08,B,B3
P08B_T06,S447,H0036,ego,3,1,5,5,,,P08B,6,completed,H0036,H0035,1,C4,C,1,C,human,0,0.33976,,0.03141361257,0.33976,P08,B,B3
P08B_T06,S447,H0035,cp,4,0,6,5,4,7,P08B,6,completed,H0036,H0035,1,C4,C,1,C,human,0,0.33976,,0.03141361257,0.33976,P08,B,B3
P08B_T07,S751,H0036,ego,5,0,5,4,,,P08B,7,completed,H0036,H0035,1,A2,C,1,C,human,0,0.332559,,0.02617801047,0.332559,P08,B,B3
P08B_T07,S751,H0035,cp,4,2,5,4,4,6,P08B,7,completed,H0036,H0035,1,A2,C,1,C,human,0,0.332559,,0.02617801047,0.332559,P08,B,B3
P08B_T08,S281,H0036,ego,4,0,5,4,,,P08B,8,completed,H0036,H0035,1,B3,W,0,none,human,0,,0.520001,0,0.520001,P08,B,B3
P08B_T08,S281,H0035,cp,4,0,6,6,2,5,P08B,8,completed,H0036,H0035,1,B3,W,0,none,human,0,,0.520001,0,0.520001,P08,B,B3
P08B_T09,S506,H0036,ego,2,1,4,5,,,P08B,9,completed,H0036,H0035,1,A7,A,1,A,av,0,0.247637,,0.03141361257,0.247637,P08,B,B3
P08B_T09,S506,H0035,cp,2,0,4,4,5,6,P08B,9,completed,H0036,H0035,1,A7,A,1,A,av,0,0.247637,,0.03141361257,0.247637,P08,B,B3
P08B_T10,S848,H0036,ego,4,-1,4,5,,,P08B,10,completed,H0036,H0035,1,A1,C,1,C,human,0,0.303291,,0.03664921466,0.303291,P08,B,B3
P08B_T10,S848,H0035,cp,5,1,4,6,4,5,P08B,10,completed,H0036,H0035,1,A1,C,1,C,human,0,0.303291,,0.03664921466,0.303291,P08,B,B3
P08B_T11,S975,H0036,ego,4,0,5,5,,,P08B,11,completed,H0036,H0035,1,C1,W,0,none,human,0,,0.520001,0,0.520001,P08,B,B3
P08B_T11,S975,H0035,cp,2,1,5,4,3,5,P08B,11,completed,H0036,H0035,1,C1,W,0,none,human,0,,0.520001,0,0.520001,P08,B,B3
P08B_T12,S494,H0036,ego,2,-1,4,5,,,P08B,12,completed,H0036,H0035,1,C4,C,1,C,av,0,0.202911,,0.04188481675,0.202911,P08,B,B3
P08B_T12,S494,H0035,cp,2,-1,3,5,4,5,P08B,12,completed,H0036,H0035,1,C4,C,1,C,av,0,0.202911,,0.04188481675,0.202911,P08,B,B3
P08B_T13,S775,H0036,ego,2,3,4,5,,,P08B,13,completed,H0036,H0035,1,A7,A,1,A,human,0,0.246399,,0.03141361257,0.246399,P08,B,B3
P08B_T13,S775,H0035,cp,3,1,4,4,5,6,P08B,13,completed,H0036,H0035,1,A7,A,1,A,human,0,0.246399,,0.03141361257,0.246399,P08,B,B3
P08B_T14,S844,H0036,ego,4,0,6,6,,,P08B,14,completed,H0036,H0035,1,B4,W,0,none,av,0,,0.520001,0,0.520001,P08,B,B3
P08B_T14,S844,H0035,cp,3,2,5,6,2,6,P08B,14,completed,H0036,H0035,1,B4,W,0,none,av,0,,0.520001,0,0.520001,P08,B,B3
P08B_T15,S316,H0036,ego,3,-3,3,5,,,P08B,15,completed,H0036,H0035,1,B1,A,1,A,human,0,0.23575,,0.03141361257,0.23575,P08,B,B3
P08B_T15,S316,H0035,cp,2,-2,4,4,4,5,P08B,15,completed,H0036,H0035,1,B1,A,1,A,human,0,0.23575,,0.03141361257,0.23575,P08,B,B3
P08B_T16,S803,H0036,ego,3,1,5,5,,,P08B,16,completed,H0036,H0035,1,A2,C,1,C,av,0,0.30581,,0.02617801047,0.30581,P08,B,B3
P08B_T16,S803,H0035,cp,3,0,4,5,2,5,P08B,16,completed,H0036,H0035,1,A2,C,1,C,av,0,0.30581,,0.02617801047,0.30581,P08,B,B3
P08B_T17,S830,H0036,ego,3,-2,4,6,,,P08B,17,completed,H0036,H0035,1,B3,W,0,none,av,0,,0.520001,0,0.520001,P08,B,B3
P08B_T17,S830,H0035,cp,2,0,6,6,2,5,P08B,17,completed,H0036,H0035,1,B3,W,0,none,av,0,,0.520001,0,0.520001,P08,B,B3
P09A_T03,S828,H0037,ego,3,0,4,5,,,P09A,3,completed,H0037,H0038,1,A5,A,1,A,av,0,0.290967,,0.03141361257,0.290967,P09,A,B2
P09A_T03,S828,H0038,cp,5,-1,5,4,4,6,P09A,3,completed,H0037,H0038,1,A5,A,1,A,av,0,0.290967,,0.03141361257,0.290967,P09,A,B2
P09A_T04,S221,H0037,ego,4,1,6,5,,,P09A,4,completed,H0037,H0038,1,C1,C,1,C,av,0,0.263301,,0.03664921466,0.263301,P09,A,B2
P09A_T04,S221,H0038,cp,2,3,4,5,3,5,P09A,4,completed,H0037,H0038,1,C1,C,1,C,av,0,0.263301,,0.03664921466,0.263301,P09,A,B2
P09A_T05,S486,H0037,ego,2,0,4,6,,,P09A,5,completed,H0037,H0038,1,A6,W,0,none,human,0,,0.520001,0,0.520001,P09,A,B2
P09A_T05,S486,H0038,cp,2,-1,4,6,3,5,P09A,5,completed,H0037,H0038,1,A6,W,0,none,human,0,,0.520001,0,0.520001,P09,A,B2
P09A_T06,S564,H0037,ego,4,-1,4,4,,,P09A,6,completed,H0037,H0038,1,A5,A,1,A,human,0,0.289512,,0.03141361257,0.289512,P09,A,B2
P09A_T06,S564,H0038,cp,4,1,3,4,6,6,P09A,6,completed,H0037,H0038,1,A5,A,1,A,human,0,0.289512,,0.03141361257,0.289512,P09,A,B2
P09A_T07,S768,H0037,ego,4,0,4,5,,,P09A,7,completed,H0037,H0038,1,C3,C,1,C,av,0,0.209844,,0.03664921466,0.209844,P09,A,B2
P09A_T07,S768,H0038,cp,4,2,4,5,4,5,P09A,7,completed,H0037,H0038,1,C3,C,1,C,av,0,0.209844,,0.03664921466,0.209844,P09,A,B2
P09A_T08,S348,H0037,ego,3,-1,5,5,,,P09A,8,completed,H0037,H0038,1,A6,W,0,none,av,1,,0.520001,0,0.520001,P09,A,B2
P09A_T08,S348,H0038,cp,1,1,5,5,3,5,P09A,8,completed,H0037,H0038,1,A6,W,0,none,av,1,,0.520001,0,0.520001,P09,A,B2
P09A_T09,S265,H0037,ego,3,0,5,5,,,P09A,9,completed,H0037,H0038,1,C1,C,1,C,human,0,0.227694,,0.02617801047,0.227694,P09,A,B2
P09A_T09,S265,H0038,cp,2,2,5,6,3,6,P09A,9,completed,H0037,H0038,1,C1,C,1,C,human,0,0.227694,,0.02617801047,0.227694,P09,A,B2
P09A_T10,S489,H0037,ego,3,-2,5,5,,,P09A,10,completed,H0037,H0038,1,A6,A,1,A,human,0,0.278537,,0.03141361257,0.278537,P09,A,B2
P09A_T10,S489,H0038,cp,1,-1,5,4,5,6,P09A,10,completed,H0037,H0038,1,A6,A,1,A,human,0,0.278537,,0.03141361257,0.278537,P09,A,B2
P09A_T11,S230,H0037,ego,1,1,4,6,,,P09A,11,completed,H0037,H0038,1,A5,W,0,none,av,0,,0.520001,0,0.520001,P09,A,B2
P09A_T11,S230,H0038,cp,1,0,5,5,2,6,P09A,11,completed,H0037,H0038,1,A5,W,0,none,av,0,,0.520001,0,0.520001,P09,A,B2
P09A_T12,S511,H0037,ego,4,-2,4,5,,,P09A,12,completed,H0037,H0038,1,A6,A,1,A,av,0,0.279937,,0.03141361257,0.279937,P09,A,B2
P09A_T12,S511,H0038,cp,1,-1,6,4,4,5,P09A,12,completed,H0037,H0038,1,A6,A,1,A,av,0,0.279937,,0.03141361257,0.279937,P09,A,B2
P09A_T13,S413,H0037,ego,2,2,6,5,,,P09A,13,completed,H0037,H0038,1,C2,C,1,C,human,0,0.300274,,0.03141361257,0.300274,P09,A,B2
P09A_T13,S413,H0038,cp,2,-1,5,6,4,5,P09A,13,completed,H0037,H0038,1,C2,C,1,C,human,0,0.300274,,0.03141361257,0.300274,P09,A,B2
P09A_T14,S378,H0037,ego,2,-2,6,5,,,P09A,14,completed,H0037,H0038,1,A7,W,0,none,av,0,,0.520001,0,0.520001,P09,A,B2
P09A_T14,S378,H0038,cp,3,1,6,5,1,6,P09A,14,completed,H0037,H0038,1,A7,W,0,none,av,0,,0.520001,0,0.520001,P09,A,B2
P09A_T15,S389,H0037,ego,2,0,4,5,,,P09A,15,completed,H0037,H0038,1,C3,C,1,C,human,0,0.327164,,0.04188481675,0.327164,P09,A,B2
P09A_T15,S389,H0038,cp,1,0,5,5,3,6,P09A,15,completed,H0037,H0038,1,C3,C,1,C,human,0,0.327164,,0.04188481675,0.327164,P09,A,B2
P09A_T16,S338,H0037,ego,3,1,5,6,,,P09A,16,completed,H0037,H0038,1,C2,C,1,C,av,0,0.29345,,0.03664921466,0.29345,P09,A,B2
P09A_T16,S338,H0038,cp,1,-1,4,5,3,6,P09A,16,completed,H0037,H0038,1,C2,C,1,C,av,0,0.29345,,0.03664921466,0.29345,P09,A,B2
P09A_T17,S291,H0037,ego,1,0,6,5,,,P09A,17,completed,H0037,H0038,1,A5,W,0,none,human,0,,0.520001,0,0.520001,P09,A,B2
P09A_T17,S291,H0038,cp,1,0,6,6,2,5,P09A,17,completed,H0037,H0038,1,A5,W,0,none,human,0,,0.520001,0,0.520001,P09,A,B2
P09B_T03,S370,H0038,ego,1,0,5,6,,,P09B,3,completed,H0038,H0037,1,B2,A,1,A,human,0,0.199428,,0.03141361257,0.199428,P09,B,B4
P09B_T03,S370,H0037,cp,1,1,4,5,6,6,P09B,3,completed,H0038,H0037,1,B2,A,1,A,human,0,0.199428,,0.03141361257,0.199428,P09,B,B4
P09B_T04,S128,H0038,ego,1,0,5,5,,,P09B,4,completed,H0038,H0037,1,A3,C,1,C,human,0,0.192091,,0.03664921466,0.192091,P09,B,B4
P09B_T04,S128,H0037,cp,1,1,5,6,2,5,P09B,4,completed,H0038,H0037,1,A3,C,1,C,human,0,0.192091,,0.03664921466,0.192091,P09,B,B4
P09B_T05,S766,H0038,ego,1,-1,6,5,,,P09B,5,completed,H0038,H0037,1,A1,W,0,none,av,0,,0.520001,0,0.520001,P09,B,B4
P09B_T05,S766,H0037,cp,2,2,5,6,2,5,P09B,5,completed,H0038,H0037,1,A1,W,0,none,av,0,,0.520001,0,0.520001,P09,B,B4
P09B_T06,S613,H0038,ego,1,3,5,5,,,P09B,6,completed,H0038,H0037,1,A4,C,1,C,av,0,0.181298,,0.04188481675,0.181298,P09,B,B4
P09B_T06,S613,H0037,cp,3,1,4,5,4,6,P09B,6,completed,H0038,H0037,1,A4,C,1,C,av,0,0.181298,,0.04188481675,0.181298,P09,B,B4
P09B_T07,S163,H0038,ego,1,-2,3,4,,,P09B,7,completed,H0038,H0037,1,B2,A,1,A,av,0,0.200431,,0.03141361257,0.200431,P09,B,B4
P09B_T07,S163,H0037,cp,2,-3,5,4,4,5,P09B,7,completed,H0038,H0037,1,B2,A,1,A,av,0,0.200431,,0.03141361257,0.200431,P09,B,B4
P09B_T08,S784,H0038,ego,2,1,5,5,,,P09B,8,completed,H0038,H0037,1,C4,W,0,none,human,0,,0.520001,0,0.520001,P09,B,B4
P09B_T08,S784,H0037,cp,2,0,5,5,2,5,P09B,8,completed,H0038,H0037,1,C4,W,0,none,human,0,,0.520001,0,0.520001,P09,B,B4
P09B_T09,S473,H0038,ego,3,2,5,4,,,P09B,9,completed,H0038,H0037,1,B3,A,1,A,av,0,0.241779,,0.04188481675,0.241779,P09,B,B4
P09B_T09,S473,H0037,cp,3,1,5,5,4,6,P09B,9,completed,H0038,H0037,1,B3,A,1,A,av,0,0.241779,,0.04188481675,0.241779,P09,B,B4
P09B_T10,S938,H0038,ego,2,-2,5,5,,,P09B,10,completed,H0038,H0037,1,A4,C,1,C,human,0,0.288205,,0.02617801047,0.288205,P09,B,B4
P09B_T10,S938,H0037,cp,3,-2,6,5,3,5,P09B,10,completed,H0038,H0037,1,A4,C,1,C,human,0,0.288205,,0.02617801047,0.288205,P09,B,B4
P09B_T11,S692,H0038,ego,1,0,5,5,,,P09B,11,completed,H0038,H0037,1,A2,W,0,none,human,0,,0.520001,0,0.520001,P09,B,B4
P09B_T11,S692,H0037,cp,1,-1,6,6,3,6,P09B,11,completed,H0038,H0037,1,A2,W,0,none,human,0,,0.520001,0,0.520001,P09,B,B4
P09B_T12,S888,H0038,ego,1,0,6,5,,,P09B,12,completed,H0038,H0037,1,A5,C,1,C,human,0,0.203588,,0.04188481675,0.203588,P09,B,B4
P09B_T12,S888,H0037,cp,2,0,3,4,4,6,P09B,12,completed,H0038,H0037,1,A5,C,1,C,human,0,0.203588,,0.04188481675,0.203588,P09,B,B4
P09B_T13,S857,H0038,ego,2,0,6,5,,,P09B,13,completed,H0038,H0037,1,A3,C,1,C,av,0,0.197803,,0.03664921466,0.197803,P09,B,B4
P09B_T13,S857,H0037,cp,3,-1,5,5,3,6,P09B,13,completed,H0038,H0037,1,A3,C,1,C,av,0,0.197803,,0.03664921466,0.197803,P09,B,B4
P09B_T14,S250,H0038,ego,2,1,4,6,,,P09B,14,completed,H0038,H0037,1,C4,W,0,none,av,0,,0.520001,0,0.520001,P09,B,B4
P09B_T14,S250,H0037,cp,3,2,5,5,1,6,P09B,14,completed,H0038,H0037,1,C4,W,0,none,av,0,,0.520001,0,0.520001,P09,B,B4
P09B_T15,S502,H0038,ego,4,1,5,5,,,P09B,15,completed,H0038,H0037,1,A5,C,1,C,av,0,0.248194,,0.03141361257,0.248194,P09,B,B4
P09B_T15,S502,H0037,cp,6,1,6,5,2,6,P09B,15,completed,H0038,H0037,1,A5,C,1,C,av,0,0.248194,,0.03141361257,0.248194,P09,B,B4
P09B_T16,S102,H0038,ego,1,-1,5,5,,,P09B,16,completed,H0038,H0037,1,B3,A,1,A,human,0,0.24057,,0.04188481675,0.24057,P09,B,B4
P09B_T16,S102,H0037,cp,1,-1,6,5,4,5,P09B,16,completed,H0038,H0037,1,B3,A,1,A,human,0,0.24057,,0.04188481675,0.24057,P09,B,B4
P09B_T17,S481,H0038,ego,1,1,5,4,,,P09B,17,completed,H0038,H0037,1,A1,W,0,none,human,0,,0.520001,0,0.520001,P09,B,B4
P09B_T17,S481,H0037,cp,1,0,6,5,2,5,P09B,17,completed,H0038,H0037,1,A1,W,0,none,human,0,,0.520001,0,0.520001,P09,B,B4
P10A_T03,S506,H0039,ego,1,1,5,4,,,P10A,3,completed,H0039,H0040,1,A7,A,1,A,av,0,0.247637,,0.03141361257,0.247637,P10,A,B3
P10A_T03,S506,H0040,cp,2,1,4,4,5,6,P10A,3,completed,H0039,H0040,1,A7,A,1,A,av,0,0.247637,,0.03141361257,0.247637,P10,A,B3
P10A_T04,S316,H0039,ego,2,0,4,5,,,P10A,4,completed,H0039,H0040,1,B1,A,1,A,human,0,0.23575,,0.03141361257,0.23575,P10,A,B3
P10A_T04,S316,H0040,cp,2,0,6,5,4,7,P10A,4,completed,H0039,H0040,1,B1,A,1,A,human,0,0.23575,,0.03141361257,0.23575,P10,A,B3
P10A_T05,S756,H0039,ego,1,1,6,5,,,P10A,5,completed,H0039,H0040,1,B4,W,0,none,human,0,,0.520001,0,0.520001,P10,A,B3
P10A_T05,S756,H0040,cp,1,1,4,5,2,5,P10A,5,completed,H0039,H0040,1,B4,W,0,none,human,0,,0.520001,0,0.520001,P10,A,B3
P10A_T06,S494,H0039,ego,4,0,4,5,,,P10A,6,completed,H0039,H0040,1,C4,C,1,C,av,0,0.202911,,0.04188481675,0.202911,P10,A,B3
P10A_T06,S494,H0040,cp,4,0,5,5,4,6,P10A,6,completed,H0039,H0040,1,C4,C,1,C,av,0,0.202911,,0.04188481675,0.202911,P10,A,B3
P10A_T07,S803,H0039,ego,3,0,3,4,,,P10A,7,completed,H0039,H0040,1,A2,C,1,C,av,0,0.30581,,0.02617801047,0.30581,P10,A,B3
P10A_T07,S803,H0040,cp,4,1,5,4,3,5,P10A,7,completed,H0039,H0040,1,A2,C,1,C,av,0,0.30581,,0.02617801047,0.30581,P10,A,B3
P10A_T08,S844,H0039,ego,3,0,6,6,,,P10A,8,completed,H0039,H0040,1,B4,W,0,none,av,0,,0.520001,0,0.520001,P10,A,B3
P10A_T08,S844,H0040,cp,4,2,5,5,2,6,P10A,8,completed,H0039,H0040,1,B4,W,0,none,av,0,,0.520001,0,0.520001,P10,A,B3
P10A_T09,S751,H0039,ego,2,3,5,6,,,P10A,9,completed,H0039,H0040,1,A2,C,1,C,human,0,0.332559,,0.02617801047,0.332559,P10,A,B3
P10A_T09,S751,H0040,cp,3,1,5,5,2,5,P10A,9,completed,H0039,H0040,1,A2,C,1,C,human,0,0.332559,,0.02617801047,0.332559,P10,A,B3
P10A_T10,S725,H0039,ego,3,0,4,5,,,P10A,10,completed,H0039,H0040,1,A1,C,1,C,av,0,0.163828,,0.02617801047,0.163828,P10,A,B3
P10A_T10,S725,H0040,cp,4,0,5,6,3,6,P10A,10,completed,H0039,H0040,1,A1,C,1,C,av,0,0.163828,,0.02617801047,0.163828,P10,A,B3
P10A_T11,S975,H0039,ego,3,-2,5,4,,,P10A,11,completed,H0039,H0040,1,C1,W,0,none,human,0,,0.520001,0,0.520001,P10,A,B3
P10A_T11,S975,H0040,cp,3,0,5,5,2,6,P10A,11,completed,H0039,H0040,1,C1,W,0,none,human,0,,0.520001,0,0.520001,P10,A,B3
P10A_T12,S848,H0039,ego,4,1,4,5,,,P10A,12,completed,H0039,H0040,1,A1,C,1,C,human,0,0.303291,,0.03664921466,0.303291,P10,A,B3
P10A_T12,S848,H0040,cp,3,1,5,5,4,6,P10A,12,completed,H0039,H0040,1,A1,C,1,C,human,0,0.303291,,0.03664921466,0.303291,P10,A,B3
P10A_T13,S775,H0039,ego,1,1,4,4,,,P10A,13,completed,H0039,H0040,1,A7,A,1,A,human,0,0.246399,,0.03141361257,0.246399,P10,A,B3
P10A_T13,S775,H0040,cp,3,2,4,4,4,5,P10A,13,completed,H0039,H0040,1,A7,A,1,A,human,0,0.246399,,0.03141361257,0.246399,P10,A,B3
P10A_T14,S281,H0039,ego,4,1,6,7,,,P10A,14,completed,H0039,H0040,1,B3,W,0,none,human,0,,0.520001,0,0.520001,P10,A,B3
P10A_T14,S281,H0040,cp,4,1,5,6,2,6,P10A,14,completed,H0039,H0040,1,B3,W,0,none,human,0,,0.520001,0,0.520001,P10,A,B3
P10A_T15,S447,H0039,ego,4,0,6,5,,,P10A,15,completed,H0039,H0040,1,C4,C,1,C,human,0,0.33976,,0.03141361257,0.33976,P10,A,B3
P10A_T15,S447,H0040,cp,5,2,5,4,4,6,P10A,15,completed,H0039,H0040,1,C4,C,1,C,human,0,0.33976,,0.03141361257,0.33976,P10,A,B3
P10A_T16,S454,H0039,ego,2,-1,5,4,,,P10A,16,completed,H0039,H0040,1,B1,A,1,A,av,0,0.236934,,0.03141361257,0.236934,P10,A,B3
P10A_T16,S454,H0040,cp,2,0,4,4,5,5,P10A,16,completed,H0039,H0040,1,B1,A,1,A,av,0,0.236934,,0.03141361257,0.236934,P10,A,B3
P10A_T17,S830,H0039,ego,2,0,6,6,,,P10A,17,completed,H0039,H0040,1,B3,W,0,none,av,0,,0.520001,0,0.520001,P10,A,B3
P10A_T17,S830,H0040,cp,4,-3,6,4,3,6,P10A,17,completed,H0039,H0040,1,B3,W,0,none,av,0,,0.520001,0,0.520001,P10,A,B3
P10B_T03,S141,H0040,ego,3,-1,4,5,,,P10B,3,completed,H0040,H0039,1,B1,C,1,C,human,0,0.229614,,0.02617801047,0.229614,P10,B,B5
P10B_T03,S141,H0039,cp,2,-1,4,4,2,6,P10B,3,completed,H0040,H0039,1,B1,C,1,C,human,0,0.229614,,0.02617801047,0.229614,P10,B,B5
P10B_T04,S311,H0040,ego,4,1,5,4,,,P10B,4,completed,H0040,H0039,1,A7,C,1,C,av,0,0.222657,,0.04188481675,0.222657,P10,B,B5
P10B_T04,S311,H0039,cp,1,2,5,6,4,5,P10B,4,completed,H0040,H0039,1,A7,C,1,C,av,0,0.222657,,0.04188481675,0.222657,P10,B,B5
P10B_T05,S123,H0040,ego,2,0,4,6,,,P10B,5,completed,H0040,H0039,1,A5,W,0,none,av,0,,0.520001,0,0.520001,P10,B,B5
P10B_T05,S123,H0039,cp,1,2,4,5,1,5,P10B,5,completed,H0040,H0039,1,A5,W,0,none,av,0,,0.520001,0,0.520001,P10,B,B5
P10B_T06,S852,H0040,ego,4,1,5,5,,,P10B,6,completed,H0040,H0039,1,A6,C,1,C,av,0,0.18841,,0.02617801047,0.18841,P10,B,B5
P10B_T06,S852,H0039,cp,4,-1,4,5,2,6,P10B,6,completed,H0040,H0039,1,A6,C,1,C,av,0,0.18841,,0.02617801047,0.18841,P10,B,B5
P10B_T07,S172,H0040,ego,3,0,5,5,,,P10B,7,completed,H0040,H0039,1,B4,A,1,A,human,0,0.219621,,0.03664921466,0.219621,P10,B,B5
P10B_T07,S172,H0039,cp,5,-1,4,4,5,6,P10B,7,completed,H0040,H0039,1,B4,A,1,A,human,0,0.219621,,0.03664921466,0.219621,P10,B,B5
P10B_T08,S823,H0040,ego,3,0,4,5,,,P10B,8,completed,H0040,H0039,1,A6,W,0,none,human,0,,0.520001,0,0.520001,P10,B,B5
P10B_T08,S823,H0039,cp,1,-1,4,5,2,6,P10B,8,completed,H0040,H0039,1,A6,W,0,none,human,0,,0.520001,0,0.520001,P10,B,B5
P10B_T09,S939,H0040,ego,3,0,4,4,,,P10B,9,completed,H0040,H0039,1,C1,A,1,A,av,1,0.190884,,0.03664921466,0.190884,P10,B,B5
P10B_T09,S939,H0039,cp,3,-1,3,4,4,5,P10B,9,completed,H0040,H0039,1,C1,A,1,A,av,1,0.190884,,0.03664921466,0.190884,P10,B,B5
P10B_T10,S673,H0040,ego,5,-3,6,5,,,P10B,10,completed,H0040,H0039,1,A6,C,1,C,human,0,0.274817,,0.04188481675,0.274817,P10,B,B5
P10B_T10,S673,H0039,cp,3,0,4,6,3,6,P10B,10,completed,H0040,H0039,1,A6,C,1,C,human,0,0.274817,,0.04188481675,0.274817,P10,B,B5
P10B_T11,S429,H0040,ego,1,1,5,4,,,P10B,11,completed,H0040,H0039,1,A7,W,0,none,human,0,,0.520001,0,0.520001,P10,B,B5
P10B_T11,S429,H0039,cp,1,2,5,6,2,6,P10B,11,completed,H0040,H0039,1,A7,W,0,none,human,0,,0.520001,0,0.520001,P10,B,B5
P10B_T12,S824,H0040,ego,3,1,4,5,,,P10B,12,completed,H0040,H0039,1,B1,C,1,C,av,0,0.335833,,0.03664921466,0.335833,P10,B,B5
P10B_T12,S824,H0039,cp,4,1,5,5,3,6,P10B,12,completed,H0040,H0039,1,B1,C,1,C,av,0,0.335833,,0.03664921466,0.335833,P10,B,B5
P10B_T13,S282,H0040,ego,3,-2,6,4,,,P10B,13,completed,H0040,H0039,1,B4,A,1,A,av,0,0.220724,,0.03664921466,0.220724,P10,B,B5
P10B_T13,S282,H0039,cp,3,0,6,4,4,6,P10B,13,completed,H0040,H0039,1,B4,A,1,A,av,0,0.220724,,0.03664921466,0.220724,P10,B,B5
P10B_T14,S912,H0040,ego,2,0,6,7,,,P10B,14,completed,H0040,H0039,1,A6,W,0,none,av,0,,0.520001,0,0.520001,P10,B,B5
P10B_T14,S912,H0039,cp,5,-1,6,6,3,5,P10B,14,completed,H0040,H0039,1,A6,W,0,none,av,0,,0.520001,0,0.520001,P10,B,B5
P10B_T15,S706,H0040,ego,2,0,6,4,,,P10B,15,completed,H0040,H0039,1,C1,A,1,A,human,0,0.189929,,0.03664921466,0.189929,P10,B,B5
P10B_T15,S706,H0039,cp,3,-1,4,4,3,7,P10B,15,completed,H0040,H0039,1,C1,A,1,A,human,0,0.189929,,0.03664921466,0.189929,P10,B,B5
P10B_T16,S339,H0040,ego,1,0,6,5,,,P10B,16,completed,H0040,H0039,1,A7,C,1,C,human,0,0.231365,,0.02617801047,0.231365,P10,B,B5
P10B_T16,S339,H0039,cp,1,2,7,6,4,6,P10B,16,completed,H0040,H0039,1,A7,C,1,C,human,0,0.231365,,0.02617801047,0.231365,P10,B,B5
P10B_T17,S414,H0040,ego,4,0,5,6,,,P10B,17,completed,H0040,H0039,1,A5,W,0,none,human,0,,0.520001,0,0.520001,P10,B,B5
P10B_T17,S414,H0039,cp,2,1,5,6,3,6,P10B,17,completed,H0040,H0039,1,A5,W,0,none,human,0,,0.520001,0,0.520001,P10,B,B5
P11A_T03,S613,H0041,ego,3,1,5,5,,,P11A,3,completed,H0041,H0042,1,A4,C,1,C,av,0,0.181298,,0.04188481675,0.181298,P11,A,B4
P11A_T03,S613,H0042,cp,4,1,4,6,4,6,P11A,3,completed,H0041,H0042,1,A4,C,1,C,av,0,0.181298,,0.04188481675,0.181298,P11,A,B4
P11A_T04,S102,H0041,ego,4,0,4,5,,,P11A,4,completed,H0041,H0042,1,B3,A,1,A,human,0,0.24057,,0.04188481675,0.24057,P11,A,B4
P11A_T04,S102,H0042,cp,3,0,5,3,4,5,P11A,4,completed,H0041,H0042,1,B3,A,1,A,human,0,0.24057,,0.04188481675,0.24057,P11,A,B4
P11A_T05,S481,H0041,ego,1,-1,6,4,,,P11A,5,completed,H0041,H0042,1,A1,W,0,none,human,0,,0.520001,0,0.520001,P11,A,B4
P11A_T05,S481,H0042,cp,3,1,6,6,2,6,P11A,5,completed,H0041,H0042,1,A1,W,0,none,human,0,,0.520001,0,0.520001,P11,A,B4
P11A_T06,S370,H0041,ego,2,-1,4,5,,,P11A,6,completed,H0041,H0042,1,B2,A,1,A,human,0,0.199428,,0.03141361257,0.199428,P11,A,B4
P11A_T06,S370,H0042,cp,3,1,4,5,4,6,P11A,6,completed,H0041,H0042,1,B2,A,1,A,human,0,0.199428,,0.03141361257,0.199428,P11,A,B4
P11A_T07,S502,H0041,ego,6,1,5,5,,,P11A,7,completed,H0041,H0042,1,A5,C,1,C,av,0,0.248194,,0.03141361257,0.248194,P11,A,B4
P11A_T07,S502,H0042,cp,4,1,6,5,3,6,P11A,7,completed,H0041,H0042,1,A5,C,1,C,av,0,0.248194,,0.03141361257,0.248194,P11,A,B4
P11A_T08,S784,H0041,ego,2,1,5,6,,,P11A,8,completed,H0041,H0042,1,C4,W,0,none,human,0,,0.520001,0,0.520001,P11,A,B4
P11A_T08,S784,H0042,cp,4,0,5,4,2,5,P11A,8,completed,H0041,H0042,1,C4,W,0,none,human,0,,0.520001,0,0.520001,P11,A,B4
P11A_T09,S473,H0041,ego,2,0,6,6,,,P11A,9,completed,H0041,H0042,1,B3,A,1,A,av,0,0.241779,,0.04188481675,0.241779,P11,A,B4
P11A_T09,S473,H0042,cp,2,-1,4,4,4,6,P11A,9,completed,H0041,H0042,1,B3,A,1,A,av,0,0.241779,,0.04188481675,0.241779,P11,A,B4
P11A_T10,S938,H0041,ego,4,0,4,5,,,P11A,10,completed,H0041,H0042,1,A4,C,1,C,human,0,0.288205,,0.02617801047,0.288205,P11,A,B4
P11A_T10,S938,H0042,cp,4,0,7,5,3,6,P11A,10,completed,H0041,H0042,1,A4,C,1,C,human,0,0.288205,,0.02617801047,0.288205,P11,A,B4
P11A_T11,S250,H0041,ego,3,1,5,4,,,P11A,11,completed,H0041,H0042,1,C4,W,0,none,av,0,,0.520001,0,0.520001,P11,A,B4
P11A_T11,S250,H0042,cp,3,0,5,5,1,6,P11A,11,completed,H0041,H0042,1,C4,W,0,none,av,0,,0.520001,0,0.520001,P11,A,B4
P11A_T12,S128,H0041,ego,3,1,4,5,,,P11A,12,completed,H0041,H0042,1,A3,C,1,C,human,0,0.192091,,0.03664921466,0.192091,P11,A,B4
P11A_T12,S128,H0042,cp,4,1,6,7,3,6,P11A,12,completed,H0041,H0042,1,A3,C,1,C,human,0,0.192091,,0.03664921466,0.192091,P11,A,B4
P11A_T13,S163,H0041,ego,4,-1,3,5,,,P11A,13,completed,H0041,H0042,1,B2,A,1,A,av,0,0.200431,,0.03141361257,0.200431,P11,A,B4
P11A_T13,S163,H0042,cp,2,0,5,4,4,6,P11A,13,completed,H0041,H0042,1,B2,A,1,A,av,0,0.200431,,0.03141361257,0.200431,P11,A,B4
P11A_T14,S766,H0041,ego,2,-1,6,6,,,P11A,14,completed,H0041,H0042,1,A1,W,0,none,av,0,,0.520001,0,0.520001,P11,A,B4
P11A_T14,S766,H0042,cp,3,0,5,5,3,5,P11A,14,completed,H0041,H0042,1,A1,W,0,none,av,0,,0.520001,0,0.520001,P11,A,B4
P11A_T15,S888,H0041,ego,3,2,4,5,,,P11A,15,completed,H0041,H0042,1,A5,C,1,C,human,0,0.203588,,0.04188481675,0.203588,P11,A,B4
P11A_T15,S888,H0042,cp,4,1,5,5,2,6,P11A,15,completed,H0041,H0042,1,A5,C,1,C,human,0,0.203588,,0.04188481675,0.203588,P11,A,B4
P11A_T16,S857,H0041,ego,4,0,6,5,,,P11A,16,completed,H0041,H0042,1,A3,C,1,C,av,0,0.197803,,0.03664921466,0.197803,P11,A,B4
P11A_T16,S857,H0042,cp,4,0,4,4,3,5,P11A,16,completed,H0041,H0042,1,A3,C,1,C,av,0,0.197803,,0.03664921466,0.197803,P11,A,B4
P11A_T17,S692,H0041,ego,3,0,4,5,,,P11A,17,completed,H0041,H0042,1,A2,W,0,none,human,0,,0.520001,0,0.520001,P11,A,B4
P11A_T17,S692,H0042,cp,2,0,6,5,2,5,P11A,17,completed,H0041,H0042,1,A2,W,0,none,human,0,,0.520001,0,0.520001,P11,A,B4
P11B_T03,S229,H0042,ego,3,-1,5,5,,,P11B,3,completed,H0042,H0041,1,A2,A,1,A,av,0,0.299103,,0.03141361257,0.299103,P11,B,B0
P11B_T03,S229,H0041,cp,5,-1,2,4,3,6,P11B,3,completed,H0042,H0041,1,A2,A,1,A,av,0,0.299103,,0.03141361257,0.299103,P11,B,B0
P11B_T04,S222,H0042,ego,3,-2,6,5,,,P11B,4,completed,H0042,H0041,1,A6,C,1,C,human,0,0.188374,,0.02617801047,0.188374,P11,B,B0
P11B_T04,S222,H0041,cp,3,-1,6,5,4,6,P11B,4,completed,H0042,H0041,1,A6,C,1,C,human,0,0.188374,,0.02617801047,0.188374,P11,B,B0
P11B_T05,S226,H0042,ego,3,2,5,6,,,P11B,5,completed,H0042,H0041,1,B3,W,0,none,human,0,,0.520001,0,0.520001,P11,B,B0
P11B_T05,S226,H0041,cp,2,-1,6,5,3,6,P11B,5,completed,H0042,H0041,1,B3,W,0,none,human,0,,0.520001,0,0.520001,P11,B,B0
P11B_T06,S367,H0042,ego,3,1,5,4,,,P11B,6,completed,H0042,H0041,1,A1,A,1,A,human,0,0.298075,,0.03664921466,0.298075,P11,B,B0
P11B_T06,S367,H0041,cp,3,2,5,4,3,5,P11B,6,completed,H0042,H0041,1,A1,A,1,A,human,0,0.298075,,0.03664921466,0.298075,P11,B,B0
P11B_T07,S206,H0042,ego,5,0,4,5,,,P11B,7,completed,H0042,H0041,1,A7,C,1,C,human,0,0.22674,,0.04188481675,0.22674,P11,B,B0
P11B_T07,S206,H0041,cp,4,0,5,6,3,5,P11B,7,completed,H0042,H0041,1,A7,C,1,C,human,0,0.22674,,0.04188481675,0.22674,P11,B,B0
P11B_T08,S984,H0042,ego,1,0,6,5,,,P11B,8,completed,H0042,H0041,1,C1,W,0,none,av,0,,0.520001,0,0.520001,P11,B,B0
P11B_T08,S984,H0041,cp,2,-1,6,5,2,6,P11B,8,completed,H0042,H0041,1,C1,W,0,none,av,0,,0.520001,0,0.520001,P11,B,B0
P11B_T09,S966,H0042,ego,5,0,4,5,,,P11B,9,completed,H0042,H0041,1,A2,A,1,A,human,0,0.297608,,0.03141361257,0.297608,P11,B,B0
P11B_T09,S966,H0041,cp,6,-1,3,4,5,6,P11B,9,completed,H0042,H0041,1,A2,A,1,A,human,0,0.297608,,0.03141361257,0.297608,P11,B,B0
P11B_T10,S190,H0042,ego,5,-1,6,6,,,P11B,10,completed,H0042,H0041,1,B1,C,1,C,av,0,0.196063,,0.02617801047,0.196063,P11,B,B0
P11B_T10,S190,H0041,cp,4,0,5,4,3,5,P11B,10,completed,H0042,H0041,1,B1,C,1,C,av,0,0.196063,,0.02617801047,0.196063,P11,B,B0
P11B_T11,S874,H0042,ego,5,-1,5,5,,,P11B,11,completed,H0042,H0041,1,B4,W,0,none,av,0,,0.520001,0,0.520001,P11,B,B0
P11B_T11,S874,H0041,cp,3,0,4,5,1,5,P11B,11,completed,H0042,H0041,1,B4,W,0,none,av,0,,0.520001,0,0.520001,P11,B,B0
P11B_T12,S551,H0042,ego,3,1,4,5,,,P11B,12,completed,H0042,H0041,1,A6,C,1,C,av,1,0.245331,,0.03141361257,0.245331,P11,B,B0
P11B_T12,S551,H0041,cp,3,2,5,5,3,6,P11B,12,completed,H0042,H0041,1,A6,C,1,C,av,1,0.245331,,0.03141361257,0.245331,P11,B,B0
P11B_T13,S609,H0042,ego,3,0,5,5,,,P11B,13,completed,H0042,H0041,1,A1,A,1,A,av,1,0.299573,,0.03664921466,0.299573,P11,B,B0
P11B_T13,S609,H0041,cp,3,0,4,5,4,5,P11B,13,completed,H0042,H0041,1,A1,A,1,A,av,1,0.299573,,0.03664921466,0.299573,P11,B,B0
P11B_T14,S240,H0042,ego,2,-1,7,5,,,P11B,14,completed,H0042,H0041,1,B3,W,0,none,av,1,,0.520001,0,0.520001,P11,B,B0
P11B_T14,S240,H0041,cp,4,0,4,5,2,6,P11B,14,completed,H0042,H0041,1,B3,W,0,none,av,1,,0.520001,0,0.520001,P11,B,B0
P11B_T15,S136,H0042,ego,3,1,4,5,,,P11B,15,completed,H0042,H0041,1,B1,C,1,C,human,0,0.161874,,0.04188481675,0.161874,P11,B,B0
P11B_T15,S136,H0041,cp,3,0,4,5,3,5,P11B,15,completed,H0042,H0041,1,B1,C,1,C,human,0,0.161874,,0.04188481675,0.161874,P11,B,B0
P11B_T16,S699,H0042,ego,3,-1,5,4,,,P11B,16,completed,H0042,H0041,1,A7,C,1,C,av,0,0.240817,,0.03664921466,0.240817,P11,B,B0
P11B_T16,S699,H0041,cp,5,-1,6,4,3,5,P11B,16,completed,H0042,H0041,1,A7,C,1,C,av,0,0.240817,,0.03664921466,0.240817,P11,B,B0
P11B_T17,S578,H0042,ego,3,-1,6,6,,,P11B,17,completed,H0042,H0041,1,B4,W,0,none,human,0,,0.520001,0,0.520001,P11,B,B0
P11B_T17,S578,H0041,cp,4,-1,5,5,2,6,P11B,17,completed,H0042,H0041,1,B4,W,0,none,human,0,,0.520001,0,0.520001,P11,B,B0
P12A_T03,S282,H0043,ego,3,-1,6,4,,,P12A,3,completed,H0043,H0044,1,B4,A,1,A,av,0,0.220724,,0.03664921466,0.220724,P12,A,B5
P12A_T03,S282,H0044,cp,4,0,4,4,4,6,P12A,3,completed,H0043,H0044,1,B4,A,1,A,av,0,0.220724,,0.03664921466,0.220724,P12,A,B5
P12A_T04,S706,H0043,ego,5,0,4,5,,,P12A,4,completed,H0043,H0044,1,C1,A,1,A,human,0,0.189929,,0.03664921466,0.189929,P12,A,B5
P12A_T04,S706,H0044,cp,3,0,4,3,5,6,P12A,4,completed,H0043,H0044,1,C1,A,1,A,human,0,0.189929,,0.03664921466,0.189929,P12,A,B5
P12A_T05,S823,H0043,ego,3,1,5,6,,,P12A,5,completed,H0043,H0044,1,A6,W,0,none,human,0,,0.520001,0,0.520001,P12,A,B5
P12A_T05,S823,H0044,cp,3,-3,4,4,3,6,P12A,5,completed,H0043,H0044,1,A6,W,0,none,human,0,,0.520001,0,0.520001,P12,A,B5
P12A_T06,S311,H0043,ego,5,2,4,5,,,P12A,6,completed,H0043,H0044,1,A7,C,1,C,av,0,0.222657,,0.04188481675,0.222657,P12,A,B5
P12A_T06,S311,H0044,cp,2,0,3,5,2,6,P12A,6,completed,H0043,H0044,1,A7,C,1,C,av,0,0.222657,,0.04188481675,0.222657,P12,A,B5
P12A_T07,S172,H0043,ego,3,1,4,4,,,P12A,7,completed,H0043,H0044,1,B4,A,1,A,human,0,0.219621,,0.03664921466,0.219621,P12,A,B5
P12A_T07,S172,H0044,cp,3,1,3,5,4,6,P12A,7,completed,H0043,H0044,1,B4,A,1,A,human,0,0.219621,,0.03664921466,0.219621,P12,A,B5
P12A_T08,S912,H0043,ego,5,-1,5,5,,,P12A,8,completed,H0043,H0044,1,A6,W,0,none,av,0,,0.520001,0,0.520001,P12,A,B5
P12A_T08,S912,H0044,cp,3,1,4,5,4,5,P12A,8,completed,H0043,H0044,1,A6,W,0,none,av,0,,0.520001,0,0.520001,P12,A,B5
P12A_T09,S339,H0043,ego,3,0,4,6,,,P12A,9,completed,H0043,H0044,1,A7,C,1,C,human,0,0.231365,,0.02617801047,0.231365,P12,A,B5
P12A_T09,S339,H0044,cp,2,1,4,5,5,5,P12A,9,completed,H0043,H0044,1,A7,C,1,C,human,0,0.231365,,0.02617801047,0.231365,P12,A,B5
P12A_T10,S852,H0043,ego,4,1,4,6,,,P12A,10,completed,H0043,H0044,1,A6,C,1,C,av,0,0.18841,,0.02617801047,0.18841,P12,A,B5
P12A_T10,S852,H0044,cp,3,0,5,5,5,7,P12A,10,completed,H0043,H0044,1,A6,C,1,C,av,0,0.18841,,0.02617801047,0.18841,P12,A,B5
P12A_T11,S414,H0043,ego,3,-1,5,5,,,P12A,11,completed,H0043,H0044,1,A5,W,0,none,human,0,,0.520001,0,0.520001,P12,A,B5
P12A_T11,S414,H0044,cp,3,-3,5,5,2,5,P12A,11,completed,H0043,H0044,1,A5,W,0,none,human,0,,0.520001,0,0.520001,P12,A,B5
P12A_T12,S824,H0043,ego,3,1,4,4,,,P12A,12,completed,H0043,H0044,1,B1,C,1,C,av,0,0.335833,,0.03664921466,0.335833,P12,A,B5
P12A_T12,S824,H0044,cp,1,2,5,5,3,5,P12A,12,completed,H0043,H0044,1,B1,C,1,C,av,0,0.335833,,0.03664921466,0.335833,P12,A,B5
P12A_T13,S939,H0043,ego,3,1,6,5,,,P12A,13,completed,H0043,H0044,1,C1,A,1,A,av,1,0.190884,,0.03664921466,0.190884,P12,A,B5
P12A_T13,S939,H0044,cp,3,-1,5,4,4,5,P12A,13,completed,H0043,H0044,1,C1,A,1,A,av,1,0.190884,,0.03664921466,0.190884,P12,A,B5
P12A_T14,S429,H0043,ego,2,-1,6,5,,,P12A,14,completed,H0043,H0044,1,A7,W,0,none,human,0,,0.520001,0,0.520001,P12,A,B5
P12A_T14,S429,H0044,cp,2,2,6,5,3,6,P12A,14,completed,H0043,H0044,1,A7,W,0,none,human,0,,0.520001,0,0.520001,P12,A,B5
P12A_T16,S673,H0043,ego,4,0,4,5,,,P12A,16,completed,H0043,H0044,1,A6,C,1,C,human,0,0.274817,,0.04188481675,0.274817,P12,A,B5
P12A_T16,S673,H0044,cp,4,-1,5,6,5,5,P12A,16,completed,H0043,H0044,1,A6,C,1,C,human,0,0.274817,,0.04188481675,0.274817,P12,A,B5
P12A_T17,S123,H0043,ego,3,0,5,5,,,P12A,17,completed,H0043,H0044,1,A5,W,0,none,av,0,,0.520001,0,0.520001,P12,A,B5
P12A_T17,S123,H0044,cp,2,1,5,5,3,5,P12A,17,completed,H0043,H0044,1,A5,W,0,none,av,0,,0.520001,0,0.520001,P12,A,B5
P12B_T03,S730,H0044,ego,4,-1,5,6,,,P12B,3,completed,H0044,H0043,1,B4,C,1,C,human,0,0.202729,,0.02617801047,0.202729,P12,B,B1
P12B_T03,S730,H0043,cp,5,-2,5,4,3,6,P12B,3,completed,H0044,H0043,1,B4,C,1,C,human,0,0.202729,,0.02617801047,0.202729,P12,B,B1
P12B_T04,S310,H0044,ego,1,-1,5,6,,,P12B,4,completed,H0044,H0043,1,B2,C,1,C,av,0,0.314468,,0.03664921466,0.314468,P12,B,B1
P12B_T04,S310,H0043,cp,3,2,5,5,3,5,P12B,4,completed,H0044,H0043,1,B2,C,1,C,av,0,0.314468,,0.03664921466,0.314468,P12,B,B1
P12B_T05,S999,H0044,ego,3,-2,5,5,,,P12B,5,completed,H0044,H0043,1,A2,W,0,none,av,0,,0.520001,0,0.520001,P12,B,B1
P12B_T05,S999,H0043,cp,4,1,5,5,2,5,P12B,5,completed,H0044,H0043,1,A2,W,0,none,av,0,,0.520001,0,0.520001,P12,B,B1
P12B_T06,S953,H0044,ego,3,-1,4,5,,,P12B,6,completed,H0044,H0043,1,A4,A,1,A,human,0,0.227213,,0.04188481675,0.227213,P12,B,B1
P12B_T06,S953,H0043,cp,2,2,5,4,5,5,P12B,6,completed,H0044,H0043,1,A4,A,1,A,human,0,0.227213,,0.04188481675,0.227213,P12,B,B1
P12B_T07,S324,H0044,ego,2,0,6,4,,,P12B,7,completed,H0044,H0043,1,B4,C,1,C,av,0,0.164735,,0.03141361257,0.164735,P12,B,B1
P12B_T07,S324,H0043,cp,4,0,5,5,3,6,P12B,7,completed,H0044,H0043,1,B4,C,1,C,av,0,0.164735,,0.03141361257,0.164735,P12,B,B1
P12B_T08,S554,H0044,ego,3,0,6,5,,,P12B,8,completed,H0044,H0043,1,A1,W,0,none,human,0,,0.520001,0,0.520001,P12,B,B1
P12B_T08,S554,H0043,cp,3,-2,6,5,3,5,P12B,8,completed,H0044,H0043,1,A1,W,0,none,human,0,,0.520001,0,0.520001,P12,B,B1
P12B_T09,S903,H0044,ego,3,-1,4,5,,,P12B,9,completed,H0044,H0043,1,A4,A,1,A,av,0,0.228355,,0.04188481675,0.228355,P12,B,B1
P12B_T09,S903,H0043,cp,3,2,4,3,3,5,P12B,9,completed,H0044,H0043,1,A4,A,1,A,av,0,0.228355,,0.04188481675,0.228355,P12,B,B1
P12B_T10,S681,H0044,ego,2,1,4,5,,,P12B,10,completed,H0044,H0043,1,A3,A,1,A,av,0,0.209658,,0.03664921466,0.209658,P12,B,B1
P12B_T10,S681,H0043,cp,4,0,3,5,5,6,P12B,10,completed,H0044,H0043,1,A3,A,1,A,av,0,0.209658,,0.03664921466,0.209658,P12,B,B1
P12B_T11,S643,H0044,ego,2,-1,5,5,,,P12B,11,completed,H0044,H0043,1,C4,W,0,none,human,0,,0.520001,0,0.520001,P12,B,B1
P12B_T11,S643,H0043,cp,1,-1,5,5,3,6,P12B,11,completed,H0044,H0043,1,C4,W,0,none,human,0,,0.520001,0,0.520001,P12,B,B1
P12B_T12,S845,H0044,ego,2,1,3,6,,,P12B,12,completed,H0044,H0043,1,B2,C,1,C,human,0,0.19156,,0.04188481675,0.19156,P12,B,B1
P12B_T12,S845,H0043,cp,3,2,4,4,3,6,P12B,12,completed,H0044,H0043,1,B2,C,1,C,human,0,0.19156,,0.04188481675,0.19156,P12,B,B1
P12B_T13,S520,H0044,ego,3,0,5,4,,,P12B,13,completed,H0044,H0043,1,B3,C,1,C,av,0,0.193655,,0.02617801047,0.193655,P12,B,B1
P12B_T13,S520,H0043,cp,3,0,4,4,3,5,P12B,13,completed,H0044,H0043,1,B3,C,1,C,av,0,0.193655,,0.02617801047,0.193655,P12,B,B1
P12B_T14,S326,H0044,ego,2,0,6,6,,,P12B,14,completed,H0044,H0043,1,C4,W,0,none,av,0,,0.520001,0,0.520001,P12,B,B1
P12B_T14,S326,H0043,cp,2,1,4,5,1,5,P12B,14,completed,H0044,H0043,1,C4,W,0,none,av,0,,0.520001,0,0.520001,P12,B,B1
P12B_T15,S836,H0044,ego,2,-1,4,5,,,P12B,15,completed,H0044,H0043,1,A3,A,1,A,human,0,0.20861,,0.03664921466,0.20861,P12,B,B1
P12B_T15,S836,H0043,cp,2,-1,4,4,5,6,P12B,15,completed,H0044,H0043,1,A3,A,1,A,human,0,0.20861,,0.03664921466,0.20861,P12,B,B1
P12B_T16,S398,H0044,ego,3,1,5,5,,,P12B,16,completed,H0044,H0043,1,B3,C,1,C,human,0,0.308015,,0.02617801047,0.308015,P12,B,B1
P12B_T16,S398,H0043,cp,3,-1,4,6,4,5,P12B,16,completed,H0044,H0043,1,B3,C,1,C,human,0,0.308015,,0.02617801047,0.308015,P12,B,B1
P12B_T17,S796,H0044,ego,3,-1,6,5,,,P12B,17,completed,H0044,H0043,1,A1,W,0,none,av,0,,0.520001,0,0.520001,P12,B,B1
P12B_T17,S796,H0043,cp,3,-2,5,6,3,6,P12B,17,completed,H0044,H0043,1,A1,W,0,none,av,0,,0.520001,0,0.520001,P12,B,B1
P13A_T03,S609,H0045,ego,2,1,4,5,,,P13A,3,completed,H0045,H0046,1,A1,A,1,A,av,1,0.299573,,0.03664921466,0.299573,P13,A,B0
P13A_T03,S609,H0046,cp,4,0,4,5,4,5,P13A,3,completed,H0045,H0046,1,A1,A,1,A,av,1,0.299573,,0.03664921466,0.299573,P13,A,B0
P13A_T04,S966,H0045,ego,5,0,4,4,,,P13A,4,completed,H0045,H0046,1,A2,A,1,A,human,0,0.297608,,0.03141361257,0.297608,P13,A,B0
P13A_T04,S966,H0046,cp,4,0,5,4,2,5,P13A,4,completed,H0045,H0046,1,A2,A,1,A,human,0,0.297608,,0.03141361257,0.297608,P13,A,B0
P13A_T05,S984,H0045,ego,1,2,6,5,,,P13A,5,completed,H0045,H0046,1,C1,W,0,none,av,0,,0.520001,0,0.520001,P13,A,B0
P13A_T05,S984,H0046,cp,2,0,5,6,1,6,P13A,5,completed,H0045,H0046,1,C1,W,0,none,av,0,,0.520001,0,0.520001,P13,A,B0
P13A_T06,S699,H0045,ego,3,0,4,5,,,P13A,6,completed,H0045,H0046,1,A7,C,1,C,av,0,0.240817,,0.03664921466,0.240817,P13,A,B0
P13A_T06,S699,H0046,cp,4,1,4,5,4,6,P13A,6,completed,H0045,H0046,1,A7,C,1,C,av,0,0.240817,,0.03664921466,0.240817,P13,A,B0
P13A_T07,S222,H0045,ego,2,-3,5,5,,,P13A,7,completed,H0045,H0046,1,A6,C,1,C,human,0,0.188374,,0.02617801047,0.188374,P13,A,B0
P13A_T07,S222,H0046,cp,1,-1,5,5,3,5,P13A,7,completed,H0045,H0046,1,A6,C,1,C,human,0,0.188374,,0.02617801047,0.188374,P13,A,B0
P13A_T08,S874,H0045,ego,3,0,5,5,,,P13A,8,completed,H0045,H0046,1,B4,W,0,none,av,0,,0.520001,0,0.520001,P13,A,B0
P13A_T08,S874,H0046,cp,1,-1,6,5,2,5,P13A,8,completed,H0045,H0046,1,B4,W,0,none,av,0,,0.520001,0,0.520001,P13,A,B0
P13A_T09,S190,H0045,ego,4,1,4,4,,,P13A,9,completed,H0045,H0046,1,B1,C,1,C,av,0,0.196063,,0.02617801047,0.196063,P13,A,B0
P13A_T09,S190,H0046,cp,4,-1,5,5,4,7,P13A,9,completed,H0045,H0046,1,B1,C,1,C,av,0,0.196063,,0.02617801047,0.196063,P13,A,B0
P13A_T10,S229,H0045,ego,4,-2,4,5,,,P13A,10,completed,H0045,H0046,1,A2,A,1,A,av,0,0.299103,,0.03141361257,0.299103,P13,A,B0
P13A_T10,S229,H0046,cp,6,-1,4,4,4,5,P13A,10,completed,H0045,H0046,1,A2,A,1,A,av,0,0.299103,,0.03141361257,0.299103,P13,A,B0
P13A_T11,S240,H0045,ego,2,-1,5,6,,,P13A,11,completed,H0045,H0046,1,B3,W,0,none,av,1,,0.520001,0,0.520001,P13,A,B0
P13A_T11,S240,H0046,cp,2,-2,6,6,3,5,P13A,11,completed,H0045,H0046,1,B3,W,0,none,av,1,,0.520001,0,0.520001,P13,A,B0
P13A_T12,S206,H0045,ego,4,0,3,6,,,P13A,12,completed,H0045,H0046,1,A7,C,1,C,human,0,0.22674,,0.04188481675,0.22674,P13,A,B0
P13A_T12,S206,H0046,cp,6,-2,5,6,4,6,P13A,12,completed,H0045,H0046,1,A7,C,1,C,human,0,0.22674,,0.04188481675,0.22674,P13,A,B0
P13A_T13,S367,H0045,ego,4,1,5,4,,,P13A,13,completed,H0045,H0046,1,A1,A,1,A,human,0,0.298075,,0.03664921466,0.298075,P13,A,B0
P13A_T13,S367,H0046,cp,3,-1,3,5,4,6,P13A,13,completed,H0045,H0046,1,A1,A,1,A,human,0,0.298075,,0.03664921466,0.298075,P13,A,B0
P13A_T14,S578,H0045,ego,4,-2,5,6,,,P13A,14,completed,H0045,H0046,1,B4,W,0,none,human,0,,0.520001,0,0.520001,P13,A,B0
P13A_T14,S578,H0046,cp,3,-1,5,6,2,5,P13A,14,completed,H0045,H0046,1,B4,W,0,none,human,0,,0.520001,0,0.520001,P13,A,B0
P13A_T15,S136,H0045,ego,2,0,5,4,,,P13A,15,completed,H0045,H0046,1,B1,C,1,C,human,0,0.161874,,0.04188481675,0.161874,P13,A,B0
P13A_T15,S136,H0046,cp,2,2,5,6,3,5,P13A,15,completed,H0045,H0046,1,B1,C,1,C,human,0,0.161874,,0.04188481675,0.161874,P13,A,B0
P13A_T16,S551,H0045,ego,3,2,4,5,,,P13A,16,completed,H0045,H0046,1,A6,C,1,C,av,1,0.245331,,0.03141361257,0.245331,P13,A,B0
P13A_T16,S551,H0046,cp,3,2,5,5,2,6,P13A,16,completed,H0045,H0046,1,A6,C,1,C,av,1,0.245331,,0.03141361257,0.245331,P13,A,B0
P13A_T17,S226,H0045,ego,3,2,5,5,,,P13A,17,completed,H0045,H0046,1,B3,W,0,none,human,0,,0.520001,0,0.520001,P13,A,B0
P13A_T17,S226,H0046,cp,2,-1,6,5,1,6,P13A,17,completed,H0045,H0046,1,B3,W,0,none,human,0,,0.520001,0,0.520001,P13,A,B0
P13B_T03,S564,H0046,ego,5,-1,4,5,,,P13B,3,completed,H0046,H0045,1,A5,A,1,A,human,0,0.289512,,0.03141361257,0.289512,P13,B,B2
P13B_T03,S564,H0045,cp,5,-1,4,4,4,5,P13B,3,completed,H0046,H0045,1,A5,A,1,A,human,0,0.289512,,0.03141361257,0.289512,P13,B,B2
P13B_T04,S413,H0046,ego,2,0,4,5,,,P13B,4,completed,H0046,H0045,1,C2,C,1,C,human,0,0.300274,,0.03141361257,0.300274,P13,B,B2
P13B_T04,S413,H0045,cp,3,2,4,5,4,5,P13B,4,completed,H0046,H0045,1,C2,C,1,C,human,0,0.300274,,0.03141361257,0.300274,P13,B,B2
P13B_T05,S230,H0046,ego,1,0,6,5,,,P13B,5,completed,H0046,H0045,1,A5,W,0,none,av,0,,0.520001,0,0.520001,P13,B,B2
P13B_T05,S230,H0045,cp,1,-1,3,6,2,6,P13B,5,completed,H0046,H0045,1,A5,W,0,none,av,0,,0.520001,0,0.520001,P13,B,B2
P13B_T06,S768,H0046,ego,5,2,6,5,,,P13B,6,completed,H0046,H0045,1,C3,C,1,C,av,0,0.209844,,0.03664921466,0.209844,P13,B,B2
P13B_T06,S768,H0045,cp,4,1,5,5,3,6,P13B,6,completed,H0046,H0045,1,C3,C,1,C,av,0,0.209844,,0.03664921466,0.209844,P13,B,B2
P13B_T07,S221,H0046,ego,4,1,4,5,,,P13B,7,completed,H0046,H0045,1,C1,C,1,C,av,0,0.263301,,0.03664921466,0.263301,P13,B,B2
P13B_T07,S221,H0045,cp,4,1,5,5,4,6,P13B,7,completed,H0046,H0045,1,C1,C,1,C,av,0,0.263301,,0.03664921466,0.263301,P13,B,B2
P13B_T08,S348,H0046,ego,3,0,4,6,,,P13B,8,completed,H0046,H0045,1,A6,W,0,none,av,1,,0.520001,0,0.520001,P13,B,B2
P13B_T08,S348,H0045,cp,3,-1,5,5,2,6,P13B,8,completed,H0046,H0045,1,A6,W,0,none,av,1,,0.520001,0,0.520001,P13,B,B2
P13B_T09,S389,H0046,ego,4,-1,4,6,,,P13B,9,completed,H0046,H0045,1,C3,C,1,C,human,0,0.327164,,0.04188481675,0.327164,P13,B,B2
P13B_T09,S389,H0045,cp,4,-1,6,4,3,5,P13B,9,completed,H0046,H0045,1,C3,C,1,C,human,0,0.327164,,0.04188481675,0.327164,P13,B,B2
P13B_T10,S511,H0046,ego,4,-2,4,5,,,P13B,10,completed,H0046,H0045,1,A6,A,1,A,av,0,0.279937,,0.03141361257,0.279937,P13,B,B2
P13B_T10,S511,H0045,cp,4,1,4,4,5,6,P13B,10,completed,H0046,H0045,1,A6,A,1,A,av,0,0.279937,,0.03141361257,0.279937,P13,B,B2
P13B_T11,S378,H0046,ego,4,1,4,6,,,P13B,11,completed,H0046,H0045,1,A7,W,0,none,av,0,,0.520001,0,0.520001,P13,B,B2
P13B_T11,S378,H0045,cp,2,3,5,5,2,6,P13B,11,completed,H0046,H0045,1,A7,W,0,none,av,0,,0.520001,0,0.520001,P13,B,B2
P13B_T12,S338,H0046,ego,3,0,5,4,,,P13B,12,completed,H0046,H0045,1,C2,C,1,C,av,0,0.29345,,0.03664921466,0.29345,P13,B,B2
P13B_T12,S338,H0045,cp,3,0,4,5,3,6,P13B,12,completed,H0046,H0045,1,C2,C,1,C,av,0,0.29345,,0.03664921466,0.29345,P13,B,B2
P13B_T13,S265,H0046,ego,3,0,5,5,,,P13B,13,completed,H0046,H0045,1,C1,C,1,C,human,0,0.227694,,0.02617801047,0.227694,P13,B,B2
P13B_T13,S265,H0045,cp,3,1,3,5,2,5,P13B,13,completed,H0046,H0045,1,C1,C,1,C,human,0,0.227694,,0.02617801047,0.227694,P13,B,B2
P13B_T14,S486,H0046,ego,3,-1,5,5,,,P13B,14,completed,H0046,H0045,1,A6,W,0,none,human,0,,0.520001,0,0.520001,P13,B,B2
P13B_T14,S486,H0045,cp,3,-1,5,5,3,6,P13B,14,completed,H0046,H0045,1,A6,W,0,none,human,0,,0.520001,0,0.520001,P13,B,B2
P13B_T15,S828,H0046,ego,4,-2,4,3,,,P13B,15,completed,H0046,H0045,1,A5,A,1,A,av,0,0.290967,,0.03141361257,0.290967,P13,B,B2
P13B_T15,S828,H0045,cp,6,1,6,5,3,5,P13B,15,completed,H0046,H0045,1,A5,A,1,A,av,0,0.290967,,0.03141361257,0.290967,P13,B,B2
P13B_T16,S489,H0046,ego,4,-1,5,5,,,P13B,16,completed,H0046,H0045,1,A6,A,1,A,human,0,0.278537,,0.03141361257,0.278537,P13,B,B2
P13B_T16,S489,H0045,cp,4,-1,6,5,5,6,P13B,16,completed,H0046,H0045,1,A6,A,1,A,human,0,0.278537,,0.03141361257,0.278537,P13,B,B2
P13B_T17,S291,H0046,ego,2,1,4,5,,,P13B,17,completed,H0046,H0045,1,A5,W,0,none,human,0,,0.520001,0,0.520001,P13,B,B2
P13B_T17,S291,H0045,cp,1,2,5,5,1,6,P13B,17,completed,H0046,H0045,1,A5,W,0,none,human,0,,0.520001,0,0.520001,P13,B,B2
P14A_T03,S730,H0047,ego,5,0,6,5,,,P14A,3,completed,H0047,H0048,1,B4,C,1,C,human,0,0.202729,,0.02617801047,0.202729,P14,A,B1
P14A_T03,S730,H0048,cp,5,1,5,5,3,5,P14A,3,completed,H0047,H0048,1,B4,C,1,C,human,0,0.202729,,0.02617801047,0.202729,P14,A,B1
P14A_T04,S953,H0047,ego,4,1,3,4,,,P14A,4,completed,H0047,H0048,1,A4,A,1,A,human,0,0.227213,,0.04188481675,0.227213,P14,A,B1
P14A_T04,S953,H0048,cp,3,1,3,5,5,5,P14A,4,completed,H0047,H0048,1,A4,A,1,A,human,0,0.227213,,0.04188481675,0.227213,P14,A,B1
P14A_T05,S554,H0047,ego,5,-2,4,6,,,P14A,5,completed,H0047,H0048,1,A1,W,0,none,human,0,,0.520001,0,0.520001,P14,A,B1
P14A_T05,S554,H0048,cp,5,0,4,6,4,5,P14A,5,completed,H0047,H0048,1,A1,W,0,none,human,0,,0.520001,0,0.520001,P14,A,B1
P14A_T06,S398,H0047,ego,6,0,4,5,,,P14A,6,completed,H0047,H0048,1,B3,C,1,C,human,0,0.308015,,0.02617801047,0.308015,P14,A,B1
P14A_T06,S398,H0048,cp,5,-1,4,6,2,6,P14A,6,completed,H0047,H0048,1,B3,C,1,C,human,0,0.308015,,0.02617801047,0.308015,P14,A,B1
P14A_T07,S903,H0047,ego,3,0,5,5,,,P14A,7,completed,H0047,H0048,1,A4,A,1,A,av,0,0.228355,,0.04188481675,0.228355,P14,A,B1
P14A_T07,S903,H0048,cp,3,1,4,4,3,5,P14A,7,completed,H0047,H0048,1,A4,A,1,A,av,0,0.228355,,0.04188481675,0.228355,P14,A,B1
P14A_T08,S326,H0047,ego,1,1,6,5,,,P14A,8,completed,H0047,H0048,1,C4,W,0,none,av,0,,0.520001,0,0.520001,P14,A,B1
P14A_T08,S326,H0048,cp,1,0,5,4,3,5,P14A,8,completed,H0047,H0048,1,C4,W,0,none,av,0,,0.520001,0,0.520001,P14,A,B1
P14A_T09,S681,H0047,ego,3,-1,5,5,,,P14A,9,completed,H0047,H0048,1,A3,A,1,A,av,0,0.209658,,0.03664921466,0.209658,P14,A,B1
P14A_T09,S681,H0048,cp,2,-1,4,4,3,5,P14A,9,completed,H0047,H0048,1,A3,A,1,A,av,0,0.209658,,0.03664921466,0.209658,P14,A,B1
P14A_T10,S324,H0047,ego,4,2,4,5,,,P14A,10,completed,H0047,H0048,1,B4,C,1,C,av,0,0.164735,,0.03141361257,0.164735,P14,A,B1
P14A_T10,S324,H0048,cp,3,0,6,5,4,5,P14A,10,completed,H0047,H0048,1,B4,C,1,C,av,0,0.164735,,0.03141361257,0.164735,P14,A,B1
P14A_T11,S796,H0047,ego,3,1,5,5,,,P14A,11,completed,H0047,H0048,1,A1,W,0,none,av,0,,0.520001,0,0.520001,P14,A,B1
P14A_T11,S796,H0048,cp,4,1,5,5,3,5,P14A,11,completed,H0047,H0048,1,A1,W,0,none,av,0,,0.520001,0,0.520001,P14,A,B1
P14A_T12,S845,H0047,ego,3,3,5,4,,,P14A,12,completed,H0047,H0048,1,B2,C,1,C,human,0,0.19156,,0.04188481675,0.19156,P14,A,B1
P14A_T12,S845,H0048,cp,3,1,5,4,3,6,P14A,12,completed,H0047,H0048,1,B2,C,1,C,human,0,0.19156,,0.04188481675,0.19156,P14,A,B1
P14A_T13,S836,H0047,ego,2,1,5,4,,,P14A,13,completed,H0047,H0048,1,A3,A,1,A,human,0,0.20861,,0.03664921466,0.20861,P14,A,B1
P14A_T13,S836,H0048,cp,4,-1,5,4,4,5,P14A,13,completed,H0047,H0048,1,A3,A,1,A,human,0,0.20861,,0.03664921466,0.20861,P14,A,B1
P14A_T14,S999,H0047,ego,4,0,4,5,,,P14A,14,completed,H0047,H0048,1,A2,W,0,none,av,0,,0.520001,0,0.520001,P14,A,B1
P14A_T14,S999,H0048,cp,3,-1,5,5,3,6,P14A,14,completed,H0047,H0048,1,A2,W,0,none,av,0,,0.520001,0,0.520001,P14,A,B1
P14A_T15,S310,H0047,ego,2,0,6,6,,,P14A,15,completed,H0047,H0048,1,B2,C,1,C,av,0,0.314468,,0.03664921466,0.314468,P14,A,B1
P14A_T15,S310,H0048,cp,3,-1,6,5,3,6,P14A,15,completed,H0047,H0048,1,B2,C,1,C,av,0,0.314468,,0.03664921466,0.314468,P14,A,B1
P14A_T16,S520,H0047,ego,3,1,6,4,,,P14A,16,completed,H0047,H0048,1,B3,C,1,C,av,0,0.193655,,0.02617801047,0.193655,P14,A,B1
P14A_T16,S520,H0048,cp,3,0,3,5,4,6,P14A,16,completed,H0047,H0048,1,B3,C,1,C,av,0,0.193655,,0.02617801047,0.193655,P14,A,B1
P14A_T17,S643,H0047,ego,3,1,5,6,,,P14A,17,completed,H0047,H0048,1,C4,W,0,none,human,0,,0.520001,0,0.520001,P14,A,B1
P14A_T17,S643,H0048,cp,2,0,5,5,2,5,P14A,17,completed,H0047,H0048,1,C4,W,0,none,human,0,,0.520001,0,0.520001,P14,A,B1
P14B_T03,S803,H0048,ego,3,2,5,6,,,P14B,3,completed,H0048,H0047,1,A2,C,1,C,av,0,0.30581,,0.02617801047,0.30581,P14,B,B3
P14B_T03,S803,H0047,cp,3,2,4,6,3,6,P14B,3,completed,H0048,H0047,1,A2,C,1,C,av,0,0.30581,,0.02617801047,0.30581,P14,B,B3
P14B_T04,S506,H0048,ego,2,2,5,5,,,P14B,4,completed,H0048,H0047,1,A7,A,1,A,av,0,0.247637,,0.03141361257,0.247637,P14,B,B3
P14B_T04,S506,H0047,cp,1,1,5,4,3,6,P14B,4,completed,H0048,H0047,1,A7,A,1,A,av,0,0.247637,,0.03141361257,0.247637,P14,B,B3
P14B_T05,S281,H0048,ego,4,-1,6,6,,,P14B,5,completed,H0048,H0047,1,B3,W,0,none,human,0,,0.520001,0,0.520001,P14,B,B3
P14B_T05,S281,H0047,cp,5,0,6,5,3,5,P14B,5,completed,H0048,H0047,1,B3,W,0,none,human,0,,0.520001,0,0.520001,P14,B,B3
P14B_T06,S848,H0048,ego,5,0,5,5,,,P14B,6,completed,H0048,H0047,1,A1,C,1,C,human,0,0.303291,,0.03664921466,0.303291,P14,B,B3
P14B_T06,S848,H0047,cp,5,0,5,5,3,6,P14B,6,completed,H0048,H0047,1,A1,C,1,C,human,0,0.303291,,0.03664921466,0.303291,P14,B,B3
P14B_T07,S316,H0048,ego,1,2,4,5,,,P14B,7,completed,H0048,H0047,1,B1,A,1,A,human,0,0.23575,,0.03141361257,0.23575,P14,B,B3
P14B_T07,S316,H0047,cp,3,1,5,4,5,6,P14B,7,completed,H0048,H0047,1,B1,A,1,A,human,0,0.23575,,0.03141361257,0.23575,P14,B,B3
P14B_T08,S975,H0048,ego,4,0,5,5,,,P14B,8,completed,H0048,H0047,1,C1,W,0,none,human,0,,0.520001,0,0.520001,P14,B,B3
P14B_T08,S975,H0047,cp,4,0,4,4,3,5,P14B,8,completed,H0048,H0047,1,C1,W,0,none,human,0,,0.520001,0,0.520001,P14,B,B3
P14B_T09,S725,H0048,ego,2,1,5,5,,,P14B,9,completed,H0048,H0047,1,A1,C,1,C,av,0,0.163828,,0.02617801047,0.163828,P14,B,B3
P14B_T09,S725,H0047,cp,4,0,5,4,4,6,P14B,9,completed,H0048,H0047,1,A1,C,1,C,av,0,0.163828,,0.02617801047,0.163828,P14,B,B3
P14B_T10,S751,H0048,ego,4,2,5,5,,,P14B,10,completed,H0048,H0047,1,A2,C,1,C,human,0,0.332559,,0.02617801047,0.332559,P14,B,B3
P14B_T10,S751,H0047,cp,5,-1,4,5,3,5,P14B,10,completed,H0048,H0047,1,A2,C,1,C,human,0,0.332559,,0.02617801047,0.332559,P14,B,B3
P14B_T11,S830,H0048,ego,2,-1,5,6,,,P14B,11,completed,H0048,H0047,1,B3,W,0,none,av,0,,0.520001,0,0.520001,P14,B,B3
P14B_T11,S830,H0047,cp,4,-3,4,5,2,5,P14B,11,completed,H0048,H0047,1,B3,W,0,none,av,0,,0.520001,0,0.520001,P14,B,B3
P14B_T12,S494,H0048,ego,5,0,5,5,,,P14B,12,completed,H0048,H0047,1,C4,C,1,C,av,0,0.202911,,0.04188481675,0.202911,P14,B,B3
P14B_T12,S494,H0047,cp,5,1,4,6,3,6,P14B,12,completed,H0048,H0047,1,C4,C,1,C,av,0,0.202911,,0.04188481675,0.202911,P14,B,B3
P14B_T13,S775,H0048,ego,2,3,3,5,,,P14B,13,completed,H0048,H0047,1,A7,A,1,A,human,0,0.246399,,0.03141361257,0.246399,P14,B,B3
P14B_T13,S775,H0047,cp,2,1,5,5,4,5,P14B,13,completed,H0048,H0047,1,A7,A,1,A,human,0,0.246399,,0.03141361257,0.246399,P14,B,B3
P14B_T14,S756,H0048,ego,1,0,5,4,,,P14B,14,completed,H0048,H0047,1,B4,W,0,none,human,0,,0.520001,0,0.520001,P14,B,B3
P14B_T14,S756,H0047,cp,2,3,5,6,2,6,P14B,14,completed,H0048,H0047,1,B4,W,0,none,human,0,,0.520001,0,0.520001,P14,B,B3
P14B_T15,S454,H0048,ego,2,-3,5,4,,,P14B,15,completed,H0048,H0047,1,B1,A,1,A,av,0,0.236934,,0.03141361257,0.236934,P14,B,B3
P14B_T15,S454,H0047,cp,4,-1,3,4,3,6,P14B,15,completed,H0048,H0047,1,B1,A,1,A,av,0,0.236934,,0.03141361257,0.236934,P14,B,B3
P14B_T16,S447,H0048,ego,3,1,6,5,,,P14B,16,completed,H0048,H0047,1,C4,C,1,C,human,0,0.33976,,0.03141361257,0.33976,P14,B,B3
P14B_T16,S447,H0047,cp,5,1,6,6,4,6,P14B,16,completed,H0048,H0047,1,C4,C,1,C,human,0,0.33976,,0.03141361257,0.33976,P14,B,B3
P14B_T17,S844,H0048,ego,4,1,5,6,,,P14B,17,completed,H0048,H0047,1,B4,W,0,none,av,0,,0.520001,0,0.520001,P14,B,B3
P14B_T17,S844,H0047,cp,4,2,5,5,1,5,P14B,17,completed,H0048,H0047,1,B4,W,0,none,av,0,,0.520001,0,0.520001,P14,B,B3
P15A_T03,S768,H0049,ego,4,1,3,5,,,P15A,3,completed,H0049,H0050,1,C3,C,1,C,av,0,0.209844,,0.03664921466,0.209844,P15,A,B2
P15A_T03,S768,H0050,cp,5,0,5,4,3,6,P15A,3,completed,H0049,H0050,1,C3,C,1,C,av,0,0.209844,,0.03664921466,0.209844,P15,A,B2
P15A_T04,S828,H0049,ego,5,0,5,4,,,P15A,4,completed,H0049,H0050,1,A5,A,1,A,av,0,0.290967,,0.03141361257,0.290967,P15,A,B2
P15A_T04,S828,H0050,cp,5,0,3,5,5,6,P15A,4,completed,H0049,H0050,1,A5,A,1,A,av,0,0.290967,,0.03141361257,0.290967,P15,A,B2
P15A_T05,S348,H0049,ego,2,1,4,5,,,P15A,5,completed,H0049,H0050,1,A6,W,0,none,av,1,,0.520001,0,0.520001,P15,A,B2
P15A_T05,S348,H0050,cp,4,-1,5,5,2,5,P15A,5,completed,H0049,H0050,1,A6,W,0,none,av,1,,0.520001,0,0.520001,P15,A,B2
P15A_T06,S389,H0049,ego,2,-1,6,4,,,P15A,6,completed,H0049,H0050,1,C3,C,1,C,human,0,0.327164,,0.04188481675,0.327164,P15,A,B2
P15A_T06,S389,H0050,cp,3,-2,5,4,3,5,P15A,6,completed,H0049,H0050,1,C3,C,1,C,human,0,0.327164,,0.04188481675,0.327164,P15,A,B2
P15A_T07,S489,H0049,ego,5,0,4,5,,,P15A,7,completed,H0049,H0050,1,A6,A,1,A,human,0,0.278537,,0.03141361257,0.278537,P15,A,B2
P15A_T07,S489,H0050,cp,3,-2,4,4,4,5,P15A,7,completed,H0049,H0050,1,A6,A,1,A,human,0,0.278537,,0.03141361257,0.278537,P15,A,B2
P15A_T08,S230,H0049,ego,2,0,7,6,,,P15A,8,completed,H0049,H0050,1,A5,W,0,none,av,0,,0.520001,0,0.520001,P15,A,B2
P15A_T08,S230,H0050,cp,2,2,4,5,2,5,P15A,8,completed,H0049,H0050,1,A5,W,0,none,av,0,,0.520001,0,0.520001,P15,A,B2
P15A_T09,S338,H0049,ego,3,-1,5,5,,,P15A,9,completed,H0049,H0050,1,C2,C,1,C,av,0,0.29345,,0.03664921466,0.29345,P15,A,B2
P15A_T09,S338,H0050,cp,3,0,6,4,1,5,P15A,9,completed,H0049,H0050,1,C2,C,1,C,av,0,0.29345,,0.03664921466,0.29345,P15,A,B2
P15A_T10,S265,H0049,ego,3,0,5,5,,,P15A,10,completed,H0049,H0050,1,C1,C,1,C,human,0,0.227694,,0.02617801047,0.227694,P15,A,B2
P15A_T10,S265,H0050,cp,2,1,5,4,3,6,P15A,10,completed,H0049,H0050,1,C1,C,1,C,human,0,0.227694,,0.02617801047,0.227694,P15,A,B2
P15A_T11,S378,H0049,ego,3,1,5,5,,,P15A,11,completed,H0049,H0050,1,A7,W,0,none,av,0,,0.520001,0,0.520001,P15,A,B2
P15A_T11,S378,H0050,cp,3,1,4,6,2,5,P15A,11,completed,H0049,H0050,1,A7,W,0,none,av,0,,0.520001,0,0.520001,P15,A,B2
P15A_T12,S413,H0049,ego,3,2,5,4,,,P15A,12,completed,H0049,H0050,1,C2,C,1,C,human,0,0.300274,,0.03141361257,0.300274,P15,A,B2
P15A_T12,S413,H0050,cp,3,1,4,6,4,6,P15A,12,completed,H0049,H0050,1,C2,C,1,C,human,0,0.300274,,0.03141361257,0.300274,P15,A,B2
P15A_T13,S221,H0049,ego,3,2,4,6,,,P15A,13,completed,H0049,H0050,1,C1,C,1,C,av,0,0.263301,,0.03664921466,0.263301,P15,A,B2
P15A_T13,S221,H0050,cp,1,1,5,6,3,5,P15A,13,completed,H0049,H0050,1,C1,C,1,C,av,0,0.263301,,0.03664921466,0.263301,P15,A,B2
P15A_T14,S291,H0049,ego,1,0,6,4,,,P15A,14,completed,H0049,H0050,1,A5,W,0,none,human,0,,0.520001,0,0.520001,P15,A,B2
P15A_T14,S291,H0050,cp,1,1,5,5,2,6,P15A,14,completed,H0049,H0050,1,A5,W,0,none,human,0,,0.520001,0,0.520001,P15,A,B2
P15A_T15,S511,H0049,ego,2,-1,4,6,,,P15A,15,completed,H0049,H0050,1,A6,A,1,A,av,0,0.279937,,0.03141361257,0.279937,P15,A,B2
P15A_T15,S511,H0050,cp,3,0,5,5,5,5,P15A,15,completed,H0049,H0050,1,A6,A,1,A,av,0,0.279937,,0.03141361257,0.279937,P15,A,B2
P15A_T16,S564,H0049,ego,4,-2,5,5,,,P15A,16,completed,H0049,H0050,1,A5,A,1,A,human,0,0.289512,,0.03141361257,0.289512,P15,A,B2
P15A_T16,S564,H0050,cp,4,0,4,4,4,6,P15A,16,completed,H0049,H0050,1,A5,A,1,A,human,0,0.289512,,0.03141361257,0.289512,P15,A,B2
P15A_T17,S486,H0049,ego,3,-2,6,5,,,P15A,17,completed,H0049,H0050,1,A6,W,0,none,human,0,,0.520001,0,0.520001,P15,A,B2
P15A_T17,S486,H0050,cp,3,-3,6,5,1,5,P15A,17,completed,H0049,H0050,1,A6,W,0,none,human,0,,0.520001,0,0.520001,P15,A,B2
P15B_T03,S938,H0050,ego,2,1,5,5,,,P15B,3,completed,H0050,H0049,1,A4,C,1,C,human,0,0.288205,,0.02617801047,0.288205,P15,B,B4
P15B_T03,S938,H0049,cp,3,1,6,5,5,6,P15B,3,completed,H0050,H0049,1,A4,C,1,C,human,0,0.288205,,0.02617801047,0.288205,P15,B,B4
P15B_T04,S102,H0050,ego,2,1,5,4,,,P15B,4,completed,H0050,H0049,1,B3,A,1,A,human,0,0.24057,,0.04188481675,0.24057,P15,B,B4
P15B_T04,S102,H0049,cp,2,-1,6,4,4,5,P15B,4,completed,H0050,H0049,1,B3,A,1,A,human,0,0.24057,,0.04188481675,0.24057,P15,B,B4
P15B_T05,S784,H0050,ego,4,1,5,6,,,P15B,5,completed,H0050,H0049,1,C4,W,0,none,human,0,,0.520001,0,0.520001,P15,B,B4
P15B_T05,S784,H0049,cp,3,0,5,5,2,6,P15B,5,completed,H0050,H0049,1,C4,W,0,none,human,0,,0.520001,0,0.520001,P15,B,B4
P15B_T06,S163,H0050,ego,1,-1,4,5,,,P15B,6,completed,H0050,H0049,1,B2,A,1,A,av,0,0.200431,,0.03141361257,0.200431,P15,B,B4
P15B_T06,S163,H0049,cp,1,0,4,5,4,5,P15B,6,completed,H0050,H0049,1,B2,A,1,A,av,0,0.200431,,0.03141361257,0.200431,P15,B,B4
P15B_T07,S613,H0050,ego,3,-1,5,6,,,P15B,7,completed,H0050,H0049,1,A4,C,1,C,av,0,0.181298,,0.04188481675,0.181298,P15,B,B4
P15B_T07,S613,H0049,cp,3,0,4,4,4,5,P15B,7,completed,H0050,H0049,1,A4,C,1,C,av,0,0.181298,,0.04188481675,0.181298,P15,B,B4
P15B_T08,S481,H0050,ego,1,1,4,6,,,P15B,8,completed,H0050,H0049,1,A1,W,0,none,human,0,,0.520001,0,0.520001,P15,B,B4
P15B_T08,S481,H0049,cp,1,1,6,6,2,5,P15B,8,completed,H0050,H0049,1,A1,W,0,none,human,0,,0.520001,0,0.520001,P15,B,B4
P15B_T09,S888,H0050,ego,4,1,4,4,,,P15B,9,completed,H0050,H0049,1,A5,C,1,C,human,0,0.203588,,0.04188481675,0.203588,P15,B,B4
P15B_T09,S888,H0049,cp,4,0,5,5,3,5,P15B,9,completed,H0050,H0049,1,A5,C,1,C,human,0,0.203588,,0.04188481675,0.203588,P15,B,B4
P15B_T10,S128,H0050,ego,2,2,4,5,,,P15B,10,completed,H0050,H0049,1,A3,C,1,C,human,0,0.192091,,0.03664921466,0.192091,P15,B,B4
P15B_T10,S128,H0049,cp,2,-1,4,5,3,5,P15B,10,completed,H0050,H0049,1,A3,C,1,C,human,0,0.192091,,0.03664921466,0.192091,P15,B,B4
P15B_T11,S250,H0050,ego,2,2,6,6,,,P15B,11,completed,H0050,H0049,1,C4,W,0,none,av,0,,0.520001,0,0.520001,P15,B,B4
P15B_T11,S250,H0049,cp,5,0,5,5,2,6,P15B,11,completed,H0050,H0049,1,C4,W,0,none,av,0,,0.520001,0,0.520001,P15,B,B4
P15B_T12,S370,H0050,ego,1,-1,5,5,,,P15B,12,completed,H0050,H0049,1,B2,A,1,A,human,0,0.199428,,0.03141361257,0.199428,P15,B,B4
P15B_T12,S370,H0049,cp,2,1,3,4,5,6,P15B,12,completed,H0050,H0049,1,B2,A,1,A,human,0,0.199428,,0.03141361257,0.199428,P15,B,B4
P15B_T13,S473,H0050,ego,2,-1,4,5,,,P15B,13,completed,H0050,H0049,1,B3,A,1,A,av,0,0.241779,,0.04188481675,0.241779,P15,B,B4
P15B_T13,S473,H0049,cp,2,0,4,4,3,6,P15B,13,completed,H0050,H0049,1,B3,A,1,A,av,0,0.241779,,0.04188481675,0.241779,P15,B,B4
P15B_T14,S766,H0050,ego,2,1,4,4,,,P15B,14,completed,H0050,H0049,1,A1,W,0,none,av,0,,0.520001,0,0.520001,P15,B,B4
P15B_T14,S766,H0049,cp,3,0,5,5,2,6,P15B,14,completed,H0050,H0049,1,A1,W,0,none,av,0,,0.520001,0,0.520001,P15,B,B4
P15B_T15,S502,H0050,ego,4,1,5,4,,,P15B,15,completed,H0050,H0049,1,A5,C,1,C,av,0,0.248194,,0.03141361257,0.248194,P15,B,B4
P15B_T15,S502,H0049,cp,4,0,5,5,4,6,P15B,15,completed,H0050,H0049,1,A5,C,1,C,av,0,0.248194,,0.03141361257,0.248194,P15,B,B4
P15B_T16,S857,H0050,ego,3,1,4,5,,,P15B,16,completed,H0050,H0049,1,A3,C,1,C,av,0,0.197803,,0.03664921466,0.197803,P15,B,B4
P15B_T16,S857,H0049,cp,2,0,3,5,3,5,P15B,16,completed,H0050,H0049,1,A3,C,1,C,av,0,0.197803,,0.03664921466,0.197803,P15,B,B4
P15B_T17,S692,H0050,ego,2,0,4,5,,,P15B,17,completed,H0050,H0049,1,A2,W,0,none,human,0,,0.520001,0,0.520001,P15,B,B4
P15B_T17,S692,H0049,cp,2,0,5,6,2,6,P15B,17,completed,H0050,H0049,1,A2,W,0,none,human,0,,0.520001,0,0.520001,P15,B,B4
P16A_T03,S775,H0051,ego,2,2,4,4,,,P16A,3,completed,H0051,H0052,1,A7,A,1,A,human,0,0.246399,,0.03141361257,0.246399,P16,A,B3
P16A_T03,S775,H0052,cp,4,1,5,4,5,6,P16A,3,completed,H0051,H0052,1,A7,A,1,A,human,0,0.246399,,0.03141361257,0.246399,P16,A,B3
P16A_T04,S848,H0051,ego,3,-3,4,4,,,P16A,4,completed,H0051,H0052,1,A1,C,1,C,human,0,0.303291,,0.03664921466,0.303291,P16,A,B3
P16A_T04,S848,H0052,cp,5,0,5,5,3,6,P16A,4,completed,H0051,H0052,1,A1,C,1,C,human,0,0.303291,,0.03664921466,0.303291,P16,A,B3
P16A_T05,S281,H0051,ego,3,-2,6,6,,,P16A,5,completed,H0051,H0052,1,B3,W,0,none,human,0,,0.520001,0,0.520001,P16,A,B3
P16A_T05,S281,H0052,cp,6,-1,4,6,2,6,P16A,5,completed,H0051,H0052,1,B3,W,0,none,human,0,,0.520001,0,0.520001,P16,A,B3
P16A_T06,S454,H0051,ego,4,-2,5,4,,,P16A,6,completed,H0051,H0052,1,B1,A,1,A,av,0,0.236934,,0.03141361257,0.236934,P16,A,B3
P16A_T06,S454,H0052,cp,3,-2,4,4,5,6,P16A,6,completed,H0051,H0052,1,B1,A,1,A,av,0,0.236934,,0.03141361257,0.236934,P16,A,B3
P16A_T07,S494,H0051,ego,3,-1,4,5,,,P16A,7,completed,H0051,H0052,1,C4,C,1,C,av,0,0.202911,,0.04188481675,0.202911,P16,A,B3
P16A_T07,S494,H0052,cp,4,1,4,5,2,5,P16A,7,completed,H0051,H0052,1,C4,C,1,C,av,0,0.202911,,0.04188481675,0.202911,P16,A,B3
P16A_T08,S830,H0051,ego,2,-3,5,5,,,P16A,8,completed,H0051,H0052,1,B3,W,0,none,av,0,,0.520001,0,0.520001,P16,A,B3
P16A_T08,S830,H0052,cp,5,0,5,6,2,5,P16A,8,completed,H0051,H0052,1,B3,W,0,none,av,0,,0.520001,0,0.520001,P16,A,B3
P16A_T09,S725,H0051,ego,2,-1,4,5,,,P16A,9,completed,H0051,H0052,1,A1,C,1,C,av,0,0.163828,,0.02617801047,0.163828,P16,A,B3
P16A_T09,S725,H0052,cp,2,1,5,5,2,6,P16A,9,completed,H0051,H0052,1,A1,C,1,C,av,0,0.163828,,0.02617801047,0.163828,P16,A,B3
P16A_T10,S447,H0051,ego,3,0,5,5,,,P16A,10,completed,H0051,H0052,1,C4,C,1,C,human,0,0.33976,,0.03141361257,0.33976,P16,A,B3
P16A_T10,S447,H0052,cp,4,2,6,4,3,5,P16A,10,completed,H0051,H0052,1,C4,C,1,C,human,0,0.33976,,0.03141361257,0.33976,P16,A,B3
P16A_T11,S844,H0051,ego,1,1,4,6,,,P16A,11,completed,H0051,H0052,1,B4,W,0,none,av,0,,0.520001,0,0.520001,P16,A,B3
P16A_T11,S844,H0052,cp,2,0,6,5,1,6,P16A,11,completed,H0051,H0052,1,B4,W,0,none,av,0,,0.520001,0,0.520001,P16,A,B3
P16A_T12,S316,H0051,ego,2,-1,6,5,,,P16A,12,completed,H0051,H0052,1,B1,A,1,A,human,0,0.23575,,0.03141361257,0.23575,P16,A,B3
P16A_T12,S316,H0052,cp,4,-1,4,5,4,6,P16A,12,completed,H0051,H0052,1,B1,A,1,A,human,0,0.23575,,0.03141361257,0.23575,P16,A,B3
P16A_T13,S803,H0051,ego,3,1,5,6,,,P16A,13,completed,H0051,H0052,1,A2,C,1,C,av,0,0.30581,,0.02617801047,0.30581,P16,A,B3
P16A_T13,S803,H0052,cp,3,0,4,5,3,6,P16A,13,completed,H0051,H0052,1,A2,C,1,C,av,0,0.30581,,0.02617801047,0.30581,P16,A,B3
P16A_T14,S756,H0051,ego,1,2,5,6,,,P16A,14,completed,H0051,H0052,1,B4,W,0,none,human,0,,0.520001,0,0.520001,P16,A,B3
P16A_T14,S756,H0052,cp,1,2,5,5,3,6,P16A,14,completed,H0051,H0052,1,B4,W,0,none,human,0,,0.520001,0,0.520001,P16,A,B3
P16A_T15,S751,H0051,ego,4,3,5,5,,,P16A,15,completed,H0051,H0052,1,A2,C,1,C,human,0,0.332559,,0.02617801047,0.332559,P16,A,B3
P16A_T15,S751,H0052,cp,5,2,4,4,3,6,P16A,15,completed,H0051,H0052,1,A2,C,1,C,human,0,0.332559,,0.02617801047,0.332559,P16,A,B3
P16A_T16,S506,H0051,ego,1,2,4,5,,,P16A,16,completed,H0051,H0052,1,A7,A,1,A,av,0,0.247637,,0.03141361257,0.247637,P16,A,B3
P16A_T16,S506,H0052,cp,3,1,5,4,5,6,P16A,16,completed,H0051,H0052,1,A7,A,1,A,av,0,0.247637,,0.03141361257,0.247637,P16,A,B3
P16A_T17,S975,H0051,ego,2,-2,4,6,,,P16A,17,completed,H0051,H0052,1,C1,W,0,none,human,0,,0.520001,0,0.520001,P16,A,B3
P16A_T17,S975,H0052,cp,5,-2,6,6,3,5,P16A,17,completed,H0051,H0052,1,C1,W,0,none,human,0,,0.520001,0,0.520001,P16,A,B3
P16B_T03,S172,H0052,ego,4,1,4,5,,,P16B,3,completed,H0052,H0051,1,B4,A,1,A,human,0,0.219621,,0.03664921466,0.219621,P16,B,B5
P16B_T03,S172,H0051,cp,1,-2,5,4,5,7,P16B,3,completed,H0052,H0051,1,B4,A,1,A,human,0,0.219621,,0.03664921466,0.219621,P16,B,B5
P16B_T04,S706,H0052,ego,4,0,5,4,,,P16B,4,completed,H0052,H0051,1,C1,A,1,A,human,0,0.189929,,0.03664921466,0.189929,P16,B,B5
P16B_T04,S706,H0051,cp,3,-2,5,4,4,5,P16B,4,completed,H0052,H0051,1,C1,A,1,A,human,0,0.189929,,0.03664921466,0.189929,P16,B,B5
P16B_T05,S823,H0052,ego,3,-3,6,7,,,P16B,5,completed,H0052,H0051,1,A6,W,0,none,human,0,,0.520001,0,0.520001,P16,B,B5
P16B_T05,S823,H0051,cp,2,-1,5,5,2,5,P16B,5,completed,H0052,H0051,1,A6,W,0,none,human,0,,0.520001,0,0.520001,P16,B,B5
P16B_T06,S339,H0052,ego,3,1,5,4,,,P16B,6,completed,H0052,H0051,1,A7,C,1,C,human,0,0.231365,,0.02617801047,0.231365,P16,B,B5
P16B_T06,S339,H0051,cp,2,0,5,5,4,5,P16B,6,completed,H0052,H0051,1,A7,C,1,C,human,0,0.231365,,0.02617801047,0.231365,P16,B,B5
P16B_T07,S824,H0052,ego,2,1,3,6,,,P16B,7,completed,H0052,H0051,1,B1,C,1,C,av,0,0.335833,,0.03664921466,0.335833,P16,B,B5
P16B_T07,S824,H0051,cp,2,1,4,6,3,6,P16B,7,completed,H0052,H0051,1,B1,C,1,C,av,0,0.335833,,0.03664921466,0.335833,P16,B,B5
P16B_T08,S123,H0052,ego,3,0,4,6,,,P16B,8,completed,H0052,H0051,1,A5,W,0,none,av,0,,0.520001,0,0.520001,P16,B,B5
P16B_T08,S123,H0051,cp,1,2,5,6,2,6,P16B,8,completed,H0052,H0051,1,A5,W,0,none,av,0,,0.520001,0,0.520001,P16,B,B5
P16B_T09,S852,H0052,ego,4,0,5,5,,,P16B,9,completed,H0052,H0051,1,A6,C,1,C,av,0,0.18841,,0.02617801047,0.18841,P16,B,B5
P16B_T09,S852,H0051,cp,4,0,5,5,2,5,P16B,9,completed,H0052,H0051,1,A6,C,1,C,av,0,0.18841,,0.02617801047,0.18841,P16,B,B5
P16B_T10,S311,H0052,ego,3,2,4,6,,,P16B,10,completed,H0052,H0051,1,A7,C,1,C,av,0,0.222657,,0.04188481675,0.222657,P16,B,B5
P16B_T10,S311,H0051,cp,4,1,5,6,3,6,P16B,10,completed,H0052,H0051,1,A7,C,1,C,av,0,0.222657,,0.04188481675,0.222657,P16,B,B5
P16B_T11,S912,H0052,ego,4,-1,6,5,,,P16B,11,completed,H0052,H0051,1,A6,W,0,none,av,0,,0.520001,0,0.520001,P16,B,B5
P16B_T11,S912,H0051,cp,3,0,5,6,3,6,P16B,11,completed,H0052,H0051,1,A6,W,0,none,av,0,,0.520001,0,0.520001,P16,B,B5
P16B_T12,S141,H0052,ego,2,-1,5,4,,,P16B,12,completed,H0052,H0051,1,B1,C,1,C,human,0,0.229614,,0.02617801047,0.229614,P16,B,B5
P16B_T12,S141,H0051,cp,3,-1,4,5,4,5,P16B,12,completed,H0052,H0051,1,B1,C,1,C,human,0,0.229614,,0.02617801047,0.229614,P16,B,B5
P16B_T13,S282,H0052,ego,3,0,5,5,,,P16B,13,completed,H0052,H0051,1,B4,A,1,A,av,0,0.220724,,0.03664921466,0.220724,P16,B,B5
P16B_T13,S282,H0051,cp,4,-1,4,4,4,5,P16B,13,completed,H0052,H0051,1,B4,A,1,A,av,0,0.220724,,0.03664921466,0.220724,P16,B,B5
P16B_T14,S429,H0052,ego,2,1,4,5,,,P16B,14,completed,H0052,H0051,1,A7,W,0,none,human,0,,0.520001,0,0.520001,P16,B,B5
P16B_T14,S429,H0051,cp,2,0,6,5,2,6,P16B,14,completed,H0052,H0051,1,A7,W,0,none,human,0,,0.520001,0,0.520001,P16,B,B5
P16B_T15,S673,H0052,ego,4,0,5,6,,,P16B,15,completed,H0052,H0051,1,A6,C,1,C,human,0,0.274817,,0.04188481675,0.274817,P16,B,B5
P16B_T15,S673,H0051,cp,3,-1,6,5,3,6,P16B,15,completed,H0052,H0051,1,A6,C,1,C,human,0,0.274817,,0.04188481675,0.274817,P16,B,B5
P16B_T16,S939,H0052,ego,2,-2,5,5,,,P16B,16,completed,H0052,H0051,1,C1,A,1,A,av,1,0.190884,,0.03664921466,0.190884,P16,B,B5
P16B_T16,S939,H0051,cp,3,-3,4,3,4,5,P16B,16,completed,H0052,H0051,1,C1,A,1,A,av,1,0.190884,,0.03664921466,0.190884,P16,B,B5
P16B_T17,S414,H0052,ego,3,-1,5,5,,,P16B,17,completed,H0052,H0051,1,A5,W,0,none,human,0,,0.520001,0,0.520001,P16,B,B5
P16B_T17,S414,H0051,cp,2,-1,5,5,2,6,P16B,17,completed,H0052,H0051,1,A5,W,0,none,human,0,,0.520001,0,0.520001,P16,B,B5
P17A_T03,S473,H0053,ego,1,1,4,4,,,P17A,3,completed,H0053,H0054,1,B3,A,1,A,av,0,0.241779,,0.04188481675,0.241779,P17,A,B4
P17A_T03,S473,H0054,cp,2,2,4,5,5,5,P17A,3,completed,H0053,H0054,1,B3,A,1,A,av,0,0.241779,,0.04188481675,0.241779,P17,A,B4
P17A_T04,S370,H0053,ego,1,-1,3,5,,,P17A,4,completed,H0053,H0054,1,B2,A,1,A,human,0,0.199428,,0.03141361257,0.199428,P17,A,B4
P17A_T04,S370,H0054,cp,2,0,4,4,4,5,P17A,4,completed,H0053,H0054,1,B2,A,1,A,human,0,0.199428,,0.03141361257,0.199428,P17,A,B4
P17A_T05,S481,H0053,ego,1,0,6,5,,,P17A,5,completed,H0053,H0054,1,A1,W,0,none,human,0,,0.520001,0,0.520001,P17,A,B4
P17A_T05,S481,H0054,cp,3,1,6,5,3,5,P17A,5,completed,H0053,H0054,1,A1,W,0,none,human,0,,0.520001,0,0.520001,P17,A,B4
P17A_T06,S502,H0053,ego,5,2,3,5,,,P17A,6,completed,H0053,H0054,1,A5,C,1,C,av,0,0.248194,,0.03141361257,0.248194,P17,A,B4
P17A_T06,S502,H0054,cp,5,0,6,5,3,5,P17A,6,completed,H0053,H0054,1,A5,C,1,C,av,0,0.248194,,0.03141361257,0.248194,P17,A,B4
P17A_T07,S613,H0053,ego,3,3,4,5,,,P17A,7,completed,H0053,H0054,1,A4,C,1,C,av,0,0.181298,,0.04188481675,0.181298,P17,A,B4
P17A_T07,S613,H0054,cp,2,3,4,5,3,5,P17A,7,completed,H0053,H0054,1,A4,C,1,C,av,0,0.181298,,0.04188481675,0.181298,P17,A,B4
P17A_T08,S766,H0053,ego,3,0,5,5,,,P17A,8,completed,H0053,H0054,1,A1,W,0,none,av,0,,0.520001,0,0.520001,P17,A,B4
P17A_T08,S766,H0054,cp,2,-1,6,5,2,7,P17A,8,completed,H0053,H0054,1,A1,W,0,none,av,0,,0.520001,0,0.520001,P17,A,B4
P17A_T09,S163,H0053,ego,2,0,3,4,,,P17A,9,completed,H0053,H0054,1,B2,A,1,A,av,0,0.200431,,0.03141361257,0.200431,P17,A,B4
P17A_T09,S163,H0054,cp,1,-2,4,3,5,6,P17A,9,completed,H0053,H0054,1,B2,A,1,A,av,0,0.200431,,0.03141361257,0.200431,P17,A,B4
P17A_T10,S938,H0053,ego,4,1,4,5,,,P17A,10,completed,H0053,H0054,1,A4,C,1,C,human,0,0.288205,,0.02617801047,0.288205,P17,A,B4
P17A_T10,S938,H0054,cp,1,2,5,5,3,6,P17A,10,completed,H0053,H0054,1,A4,C,1,C,human,0,0.288205,,0.02617801047,0.288205,P17,A,B4
P17A_T11,S250,H0053,ego,4,1,5,5,,,P17A,11,completed,H0053,H0054,1,C4,W,0,none,av,0,,0.520001,0,0.520001,P17,A,B4
P17A_T11,S250,H0054,cp,3,-2,6,5,3,6,P17A,11,completed,H0053,H0054,1,C4,W,0,none,av,0,,0.520001,0,0.520001,P17,A,B4
P17A_T12,S128,H0053,ego,3,0,5,5,,,P17A,12,completed,H0053,H0054,1,A3,C,1,C,human,0,0.192091,,0.03664921466,0.192091,P17,A,B4
P17A_T12,S128,H0054,cp,3,1,4,5,2,6,P17A,12,completed,H0053,H0054,1,A3,C,1,C,human,0,0.192091,,0.03664921466,0.192091,P17,A,B4
P17A_T13,S102,H0053,ego,5,0,5,5,,,P17A,13,completed,H0053,H0054,1,B3,A,1,A,human,0,0.24057,,0.04188481675,0.24057,P17,A,B4
P17A_T13,S102,H0054,cp,2,1,5,4,3,5,P17A,13,completed,H0053,H0054,1,B3,A,1,A,human,0,0.24057,,0.04188481675,0.24057,P17,A,B4
P17A_T14,S784,H0053,ego,3,1,5,5,,,P17A,14,completed,H0053,H0054,1,C4,W,0,none,human,0,,0.520001,0,0.520001,P17,A,B4
P17A_T14,S784,H0054,cp,3,0,5,7,1,6,P17A,14,completed,H0053,H0054,1,C4,W,0,none,human,0,,0.520001,0,0.520001,P17,A,B4
P17A_T15,S888,H0053,ego,2,0,4,5,,,P17A,15,completed,H0053,H0054,1,A5,C,1,C,human,0,0.203588,,0.04188481675,0.203588,P17,A,B4
P17A_T15,S888,H0054,cp,3,1,4,5,4,6,P17A,15,completed,H0053,H0054,1,A5,C,1,C,human,0,0.203588,,0.04188481675,0.203588,P17,A,B4
P17A_T16,S857,H0053,ego,3,0,4,5,,,P17A,16,completed,H0053,H0054,1,A3,C,1,C,av,0,0.197803,,0.03664921466,0.197803,P17,A,B4
P17A_T16,S857,H0054,cp,3,0,4,5,1,6,P17A,16,completed,H0053,H0054,1,A3,C,1,C,av,0,0.197803,,0.03664921466,0.197803,P17,A,B4
P17A_T17,S692,H0053,ego,2,0,5,6,,,P17A,17,completed,H0053,H0054,1,A2,W,0,none,human,0,,0.520001,0,0.520001,P17,A,B4
P17A_T17,S692,H0054,cp,4,-1,5,6,3,6,P17A,17,completed,H0053,H0054,1,A2,W,0,none,human,0,,0.520001,0,0.520001,P17,A,B4
P17B_T03,S190,H0054,ego,3,1,4,5,,,P17B,3,completed,H0054,H0053,1,B1,C,1,C,av,0,0.196063,,0.02617801047,0.196063,P17,B,B0
P17B_T03,S190,H0053,cp,2,-2,4,5,3,6,P17B,3,completed,H0054,H0053,1,B1,C,1,C,av,0,0.196063,,0.02617801047,0.196063,P17,B,B0
P17B_T04,S222,H0054,ego,1,-1,4,4,,,P17B,4,completed,H0054,H0053,1,A6,C,1,C,human,0,0.188374,,0.02617801047,0.188374,P17,B,B0
P17B_T04,S222,H0053,cp,2,-1,4,4,3,5,P17B,4,completed,H0054,H0053,1,A6,C,1,C,human,0,0.188374,,0.02617801047,0.188374,P17,B,B0
P17B_T05,S984,H0054,ego,1,3,4,6,,,P17B,5,completed,H0054,H0053,1,C1,W,0,none,av,0,,0.520001,0,0.520001,P17,B,B0
P17B_T05,S984,H0053,cp,1,0,5,5,2,6,P17B,5,completed,H0054,H0053,1,C1,W,0,none,av,0,,0.520001,0,0.520001,P17,B,B0
P17B_T06,S136,H0054,ego,2,1,6,6,,,P17B,6,completed,H0054,H0053,1,B1,C,1,C,human,0,0.161874,,0.04188481675,0.161874,P17,B,B0
P17B_T06,S136,H0053,cp,3,2,5,6,4,5,P17B,6,completed,H0054,H0053,1,B1,C,1,C,human,0,0.161874,,0.04188481675,0.161874,P17,B,B0
P17B_T07,S699,H0054,ego,3,0,4,5,,,P17B,7,completed,H0054,H0053,1,A7,C,1,C,av,0,0.240817,,0.03664921466,0.240817,P17,B,B0
P17B_T07,S699,H0053,cp,3,-1,6,5,4,6,P17B,7,completed,H0054,H0053,1,A7,C,1,C,av,0,0.240817,,0.03664921466,0.240817,P17,B,B0
P17B_T08,S578,H0054,ego,2,-2,4,5,,,P17B,8,completed,H0054,H0053,1,B4,W,0,none,human,0,,0.520001,0,0.520001,P17,B,B0
P17B_T08,S578,H0053,cp,4,-2,5,5,2,6,P17B,8,completed,H0054,H0053,1,B4,W,0,none,human,0,,0.520001,0,0.520001,P17,B,B0
P17B_T09,S229,H0054,ego,3,-1,5,5,,,P17B,9,completed,H0054,H0053,1,A2,A,1,A,av,0,0.299103,,0.03141361257,0.299103,P17,B,B0
P17B_T09,S229,H0053,cp,6,-1,4,4,4,6,P17B,9,completed,H0054,H0053,1,A2,A,1,A,av,0,0.299103,,0.03141361257,0.299103,P17,B,B0
P17B_T10,S206,H0054,ego,5,0,4,5,,,P17B,10,completed,H0054,H0053,1,A7,C,1,C,human,0,0.22674,,0.04188481675,0.22674,P17,B,B0
P17B_T10,S206,H0053,cp,5,1,4,5,3,6,P17B,10,completed,H0054,H0053,1,A7,C,1,C,human,0,0.22674,,0.04188481675,0.22674,P17,B,B0
P17B_T11,S226,H0054,ego,1,1,5,4,,,P17B,11,completed,H0054,H0053,1,B3,W,0,none,human,0,,0.520001,0,0.520001,P17,B,B0
P17B_T11,S226,H0053,cp,1,-3,6,5,2,5,P17B,11,completed,H0054,H0053,1,B3,W,0,none,human,0,,0.520001,0,0.520001,P17,B,B0
P17B_T12,S609,H0054,ego,2,0,5,6,,,P17B,12,completed,H0054,H0053,1,A1,A,1,A,av,1,0.299573,,0.03664921466,0.299573,P17,B,B0
P17B_T12,S609,H0053,cp,4,1,4,4,4,4,P17B,12,completed,H0054,H0053,1,A1,A,1,A,av,1,0.299573,,0.03664921466,0.299573,P17,B,B0
P17B_T13,S966,H0054,ego,5,0,5,4,,,P17B,13,completed,H0054,H0053,1,A2,A,1,A,human,0,0.297608,,0.03141361257,0.297608,P17,B,B0
P17B_T13,S966,H0053,cp,4,-1,4,4,3,5,P17B,13,completed,H0054,H0053,1,A2,A,1,A,human,0,0.297608,,0.03141361257,0.297608,P17,B,B0
P17B_T14,S240,H0054,ego,1,1,5,5,,,P17B,14,completed,H0054,H0053,1,B3,W,0,none,av,1,,0.520001,0,0.520001,P17,B,B0
P17B_T14,S240,H0053,cp,1,0,4,5,3,5,P17B,14,completed,H0054,H0053,1,B3,W,0,none,av,1,,0.520001,0,0.520001,P17,B,B0
P17B_T15,S551,H0054,ego,4,2,5,4,,,P17B,15,completed,H0054,H0053,1,A6,C,1,C,av,1,0.245331,,0.03141361257,0.245331,P17,B,B0
P17B_T15,S551,H0053,cp,4,3,5,5,3,6,P17B,15,completed,H0054,H0053,1,A6,C,1,C,av,1,0.245331,,0.03141361257,0.245331,P17,B,B0
P17B_T16,S367,H0054,ego,4,1,5,5,,,P17B,16,completed,H0054,H0053,1,A1,A,1,A,human,0,0.298075,,0.03664921466,0.298075,P17,B,B0
P17B_T16,S367,H0053,cp,4,1,5,5,5,6,P17B,16,completed,H0054,H0053,1,A1,A,1,A,human,0,0.298075,,0.03664921466,0.298075,P17,B,B0
P17B_T17,S874,H0054,ego,3,-1,5,5,,,P17B,17,completed,H0054,H0053,1,B4,W,0,none,av,0,,0.520001,0,0.520001,P17,B,B0
P17B_T17,S874,H0053,cp,3,0,6,5,3,6,P17B,17,completed,H0054,H0053,1,B4,W,0,none,av,0,,0.520001,0,0.520001,P17,B,B0
P18A_T03,S673,H0055,ego,4,0,4,4,,,P18A,3,completed,H0055,H0056,1,A6,C,1,C,human,0,0.274817,,0.04188481675,0.274817,P18,A,B5
P18A_T03,S673,H0056,cp,5,0,7,5,3,6,P18A,3,completed,H0055,H0056,1,A6,C,1,C,human,0,0.274817,,0.04188481675,0.274817,P18,A,B5
P18A_T04,S824,H0055,ego,3,-1,5,5,,,P18A,4,completed,H0055,H0056,1,B1,C,1,C,av,0,0.335833,,0.03664921466,0.335833,P18,A,B5
P18A_T04,S824,H0056,cp,2,3,3,5,3,6,P18A,4,completed,H0055,H0056,1,B1,C,1,C,av,0,0.335833,,0.03664921466,0.335833,P18,A,B5
P18A_T05,S414,H0055,ego,3,1,5,5,,,P18A,5,completed,H0055,H0056,1,A5,W,0,none,human,0,,0.520001,0,0.520001,P18,A,B5
P18A_T05,S414,H0056,cp,2,0,6,5,3,6,P18A,5,completed,H0055,H0056,1,A5,W,0,none,human,0,,0.520001,0,0.520001,P18,A,B5
P18A_T06,S339,H0055,ego,2,1,5,4,,,P18A,6,completed,H0055,H0056,1,A7,C,1,C,human,0,0.231365,,0.02617801047,0.231365,P18,A,B5
P18A_T06,S339,H0056,cp,3,1,5,5,3,5,P18A,6,completed,H0055,H0056,1,A7,C,1,C,human,0,0.231365,,0.02617801047,0.231365,P18,A,B5
P18A_T07,S706,H0055,ego,2,0,3,4,,,P18A,7,completed,H0055,H0056,1,C1,A,1,A,human,0,0.189929,,0.03664921466,0.189929,P18,A,B5
P18A_T07,S706,H0056,cp,3,-1,4,4,3,6,P18A,7,completed,H0055,H0056,1,C1,A,1,A,human,0,0.189929,,0.03664921466,0.189929,P18,A,B5
P18A_T08,S429,H0055,ego,2,3,4,4,,,P18A,8,completed,H0055,H0056,1,A7,W,0,none,human,0,,0.520001,0,0.520001,P18,A,B5
P18A_T08,S429,H0056,cp,3,2,6,5,1,6,P18A,8,completed,H0055,H0056,1,A7,W,0,none,human,0,,0.520001,0,0.520001,P18,A,B5
P18A_T09,S852,H0055,ego,4,-2,6,5,,,P18A,9,completed,H0055,H0056,1,A6,C,1,C,av,0,0.18841,,0.02617801047,0.18841,P18,A,B5
P18A_T09,S852,H0056,cp,3,0,5,5,4,5,P18A,9,completed,H0055,H0056,1,A6,C,1,C,av,0,0.18841,,0.02617801047,0.18841,P18,A,B5
P18A_T10,S172,H0055,ego,3,2,4,5,,,P18A,10,completed,H0055,H0056,1,B4,A,1,A,human,0,0.219621,,0.03664921466,0.219621,P18,A,B5
P18A_T10,S172,H0056,cp,3,0,5,4,5,6,P18A,10,completed,H0055,H0056,1,B4,A,1,A,human,0,0.219621,,0.03664921466,0.219621,P18,A,B5
P18A_T11,S123,H0055,ego,1,0,6,5,,,P18A,11,completed,H0055,H0056,1,A5,W,0,none,av,0,,0.520001,0,0.520001,P18,A,B5
P18A_T11,S123,H0056,cp,2,1,5,5,3,6,P18A,11,completed,H0055,H0056,1,A5,W,0,none,av,0,,0.520001,0,0.520001,P18,A,B5
P18A_T12,S311,H0055,ego,3,0,5,5,,,P18A,12,completed,H0055,H0056,1,A7,C,1,C,av,0,0.222657,,0.04188481675,0.222657,P18,A,B5
P18A_T12,S311,H0056,cp,6,1,5,5,3,6,P18A,12,completed,H0055,H0056,1,A7,C,1,C,av,0,0.222657,,0.04188481675,0.222657,P18,A,B5
P18A_T13,S282,H0055,ego,3,-1,3,5,,,P18A,13,completed,H0055,H0056,1,B4,A,1,A,av,0,0.220724,,0.03664921466,0.220724,P18,A,B5
P18A_T13,S282,H0056,cp,4,-2,3,5,5,5,P18A,13,completed,H0055,H0056,1,B4,A,1,A,av,0,0.220724,,0.03664921466,0.220724,P18,A,B5
P18A_T14,S823,H0055,ego,2,0,6,5,,,P18A,14,completed,H0055,H0056,1,A6,W,0,none,human,0,,0.520001,0,0.520001,P18,A,B5
P18A_T14,S823,H0056,cp,3,-1,4,5,2,6,P18A,14,completed,H0055,H0056,1,A6,W,0,none,human,0,,0.520001,0,0.520001,P18,A,B5
P18A_T15,S141,H0055,ego,3,-2,6,4,,,P18A,15,completed,H0055,H0056,1,B1,C,1,C,human,0,0.229614,,0.02617801047,0.229614,P18,A,B5
P18A_T15,S141,H0056,cp,2,-1,5,5,3,5,P18A,15,completed,H0055,H0056,1,B1,C,1,C,human,0,0.229614,,0.02617801047,0.229614,P18,A,B5
P18A_T16,S939,H0055,ego,1,-2,5,4,,,P18A,16,completed,H0055,H0056,1,C1,A,1,A,av,1,0.190884,,0.03664921466,0.190884,P18,A,B5
P18A_T16,S939,H0056,cp,3,-1,5,5,5,6,P18A,16,completed,H0055,H0056,1,C1,A,1,A,av,1,0.190884,,0.03664921466,0.190884,P18,A,B5
P18A_T17,S912,H0055,ego,2,1,6,6,,,P18A,17,completed,H0055,H0056,1,A6,W,0,none,av,0,,0.520001,0,0.520001,P18,A,B5
P18A_T17,S912,H0056,cp,5,3,5,5,3,6,P18A,17,completed,H0055,H0056,1,A6,W,0,none,av,0,,0.520001,0,0.520001,P18,A,B5
P18B_T03,S730,H0056,ego,6,-1,4,5,,,P18B,3,completed,H0056,H0055,1,B4,C,1,C,human,0,0.202729,,0.02617801047,0.202729,P18,B,B1
P18B_T03,S730,H0055,cp,6,-1,5,4,3,5,P18B,3,completed,H0056,H0055,1,B4,C,1,C,human,0,0.202729,,0.02617801047,0.202729,P18,B,B1
P18B_T04,S398,H0056,ego,4,0,6,5,,,P18B,4,completed,H0056,H0055,1,B3,C,1,C,human,0,0.308015,,0.02617801047,0.308015,P18,B,B1
P18B_T04,S398,H0055,cp,4,0,6,5,3,6,P18B,4,completed,H0056,H0055,1,B3,C,1,C,human,0,0.308015,,0.02617801047,0.308015,P18,B,B1
P18B_T05,S796,H0056,ego,2,0,6,5,,,P18B,5,completed,H0056,H0055,1,A1,W,0,none,av,0,,0.520001,0,0.520001,P18,B,B1
P18B_T05,S796,H0055,cp,1,0,5,6,2,6,P18B,5,completed,H0056,H0055,1,A1,W,0,none,av,0,,0.520001,0,0.520001,P18,B,B1
P18B_T06,S953,H0056,ego,3,-2,6,5,,,P18B,6,completed,H0056,H0055,1,A4,A,1,A,human,0,0.227213,,0.04188481675,0.227213,P18,B,B1
P18B_T06,S953,H0055,cp,5,-1,5,4,4,6,P18B,6,completed,H0056,H0055,1,A4,A,1,A,human,0,0.227213,,0.04188481675,0.227213,P18,B,B1
P18B_T07,S520,H0056,ego,4,-1,6,5,,,P18B,7,completed,H0056,H0055,1,B3,C,1,C,av,0,0.193655,,0.02617801047,0.193655,P18,B,B1
P18B_T07,S520,H0055,cp,3,0,5,5,4,6,P18B,7,completed,H0056,H0055,1,B3,C,1,C,av,0,0.193655,,0.02617801047,0.193655,P18,B,B1
P18B_T08,S554,H0056,ego,4,-2,5,6,,,P18B,8,completed,H0056,H0055,1,A1,W,0,none,human,0,,0.520001,0,0.520001,P18,B,B1
P18B_T08,S554,H0055,cp,3,0,5,5,2,6,P18B,8,completed,H0056,H0055,1,A1,W,0,none,human,0,,0.520001,0,0.520001,P18,B,B1
P18B_T09,S324,H0056,ego,4,1,5,5,,,P18B,9,completed,H0056,H0055,1,B4,C,1,C,av,0,0.164735,,0.03141361257,0.164735,P18,B,B1
P18B_T09,S324,H0055,cp,3,0,4,5,2,7,P18B,9,completed,H0056,H0055,1,B4,C,1,C,av,0,0.164735,,0.03141361257,0.164735,P18,B,B1
P18B_T10,S845,H0056,ego,3,0,4,6,,,P18B,10,completed,H0056,H0055,1,B2,C,1,C,human,0,0.19156,,0.04188481675,0.19156,P18,B,B1
P18B_T10,S845,H0055,cp,3,0,6,5,4,6,P18B,10,completed,H0056,H0055,1,B2,C,1,C,human,0,0.19156,,0.04188481675,0.19156,P18,B,B1
P18B_T11,S999,H0056,ego,3,-2,6,6,,,P18B,11,completed,H0056,H0055,1,A2,W,0,none,av,0,,0.520001,0,0.520001,P18,B,B1
P18B_T11,S999,H0055,cp,3,-2,5,5,3,6,P18B,11,completed,H0056,H0055,1,A2,W,0,none,av,0,,0.520001,0,0.520001,P18,B,B1
P18B_T12,S903,H0056,ego,3,0,5,4,,,P18B,12,completed,H0056,H0055,1,A4,A,1,A,av,0,0.228355,,0.04188481675,0.228355,P18,B,B1
P18B_T12,S903,H0055,cp,2,0,4,4,4,6,P18B,12,completed,H0056,H0055,1,A4,A,1,A,av,0,0.228355,,0.04188481675,0.228355,P18,B,B1
P18B_T14,S643,H0056,ego,2,0,6,6,,,P18B,14,completed,H0056,H0055,1,C4,W,0,none,human,0,,0.520001,0,0.520001,P18,B,B1
P18B_T14,S643,H0055,cp,2,0,4,6,3,6,P18B,14,completed,H0056,H0055,1,C4,W,0,none,human,0,,0.520001,0,0.520001,P18,B,B1
P18B_T15,S681,H0056,ego,4,-1,5,5,,,P18B,15,completed,H0056,H0055,1,A3,A,1,A,av,0,0.209658,,0.03664921466,0.209658,P18,B,B1
P18B_T15,S681,H0055,cp,3,0,4,4,4,6,P18B,15,completed,H0056,H0055,1,A3,A,1,A,av,0,0.209658,,0.03664921466,0.209658,P18,B,B1
P18B_T16,S310,H0056,ego,3,0,4,4,,,P18B,16,completed,H0056,H0055,1,B2,C,1,C,av,0,0.314468,,0.03664921466,0.314468,P18,B,B1
P18B_T16,S310,H0055,cp,1,2,4,5,3,5,P18B,16,completed,H0056,H0055,1,B2,C,1,C,av,0,0.314468,,0.03664921466,0.314468,P18,B,B1
P18B_T17,S326,H0056,ego,2,2,4,6,,,P18B,17,completed,H0056,H0055,1,C4,W,0,none,av,0,,0.520001,0,0.520001,P18,B,B1
P18B_T17,S326,H0055,cp,2,-2,6,4,2,5,P18B,17,completed,H0056,H0055,1,C4,W,0,none,av,0,,0.520001,0,0.520001,P18,B,B1
P19A_T03,S609,H0057,ego,1,0,6,5,,,P19A,3,completed,H0057,H0058,1,A1,A,1,A,av,1,0.299573,,0.03664921466,0.299573,P19,A,B0
P19A_T03,S609,H0058,cp,5,-1,5,4,5,6,P19A,3,completed,H0057,H0058,1,A1,A,1,A,av,1,0.299573,,0.03664921466,0.299573,P19,A,B0
P19A_T04,S966,H0057,ego,4,-1,4,5,,,P19A,4,completed,H0057,H0058,1,A2,A,1,A,human,0,0.297608,,0.03141361257,0.297608,P19,A,B0
P19A_T04,S966,H0058,cp,6,1,4,4,4,6,P19A,4,completed,H0057,H0058,1,A2,A,1,A,human,0,0.297608,,0.03141361257,0.297608,P19,A,B0
P19A_T05,S226,H0057,ego,3,0,5,6,,,P19A,5,completed,H0057,H0058,1,B3,W,0,none,human,0,,0.520001,0,0.520001,P19,A,B0
P19A_T05,S226,H0058,cp,3,-1,6,6,3,6,P19A,5,completed,H0057,H0058,1,B3,W,0,none,human,0,,0.520001,0,0.520001,P19,A,B0
P19A_T06,S222,H0057,ego,2,-1,5,5,,,P19A,6,completed,H0057,H0058,1,A6,C,1,C,human,0,0.188374,,0.02617801047,0.188374,P19,A,B0
P19A_T06,S222,H0058,cp,1,-1,4,6,1,6,P19A,6,completed,H0057,H0058,1,A6,C,1,C,human,0,0.188374,,0.02617801047,0.188374,P19,A,B0
P19A_T07,S190,H0057,ego,4,0,4,5,,,P19A,7,completed,H0057,H0058,1,B1,C,1,C,av,0,0.196063,,0.02617801047,0.196063,P19,A,B0
P19A_T07,S190,H0058,cp,2,1,5,6,3,5,P19A,7,completed,H0057,H0058,1,B1,C,1,C,av,0,0.196063,,0.02617801047,0.196063,P19,A,B0
P19A_T08,S240,H0057,ego,2,-2,6,5,,,P19A,8,completed,H0057,H0058,1,B3,W,0,none,av,1,,0.520001,0,0.520001,P19,A,B0
P19A_T08,S240,H0058,cp,2,0,7,5,2,5,P19A,8,completed,H0057,H0058,1,B3,W,0,none,av,1,,0.520001,0,0.520001,P19,A,B0
P19A_T09,S551,H0057,ego,3,1,4,5,,,P19A,9,completed,H0057,H0058,1,A6,C,1,C,av,1,0.245331,,0.03141361257,0.245331,P19,A,B0
P19A_T09,S551,H0058,cp,4,3,4,5,3,5,P19A,9,completed,H0057,H0058,1,A6,C,1,C,av,1,0.245331,,0.03141361257,0.245331,P19,A,B0
P19A_T10,S699,H0057,ego,3,0,4,5,,,P19A,10,completed,H0057,H0058,1,A7,C,1,C,av,0,0.240817,,0.03664921466,0.240817,P19,A,B0
P19A_T10,S699,H0058,cp,4,-1,4,5,4,7,P19A,10,completed,H0057,H0058,1,A7,C,1,C,av,0,0.240817,,0.03664921466,0.240817,P19,A,B0
P19A_T11,S984,H0057,ego,1,0,5,6,,,P19A,11,completed,H0057,H0058,1,C1,W,0,none,av,0,,0.520001,0,0.520001,P19,A,B0
P19A_T11,S984,H0058,cp,1,1,5,6,3,5,P19A,11,completed,H0057,H0058,1,C1,W,0,none,av,0,,0.520001,0,0.520001,P19,A,B0
P19A_T12,S136,H0057,ego,1,2,5,5,,,P19A,12,completed,H0057,H0058,1,B1,C,1,C,human,0,0.161874,,0.04188481675,0.161874,P19,A,B0
P19A_T12,S136,H0058,cp,2,1,4,5,4,6,P19A,12,completed,H0057,H0058,1,B1,C,1,C,human,0,0.161874,,0.04188481675,0.161874,P19,A,B0
P19A_T13,S367,H0057,ego,4,1,5,4,,,P19A,13,completed,H0057,H0058,1,A1,A,1,A,human,0,0.298075,,0.03664921466,0.298075,P19,A,B0
P19A_T13,S367,H0058,cp,5,0,4,4,3,6,P19A,13,completed,H0057,H0058,1,A1,A,1,A,human,0,0.298075,,0.03664921466,0.298075,P19,A,B0
P19A_T14,S874,H0057,ego,2,-1,5,6,,,P19A,14,completed,H0057,H0058,1,B4,W,0,none,av,0,,0.520001,0,0.520001,P19,A,B0
P19A_T14,S874,H0058,cp,3,0,4,5,2,5,P19A,14,completed,H0057,H0058,1,B4,W,0,none,av,0,,0.520001,0,0.520001,P19,A,B0
P19A_T15,S229,H0057,ego,4,-1,4,5,,,P19A,15,completed,H0057,H0058,1,A2,A,1,A,av,0,0.299103,,0.03141361257,0.299103,P19,A,B0
P19A_T15,S229,H0058,cp,4,-1,3,5,4,6,P19A,15,completed,H0057,H0058,1,A2,A,1,A,av,0,0.299103,,0.03141361257,0.299103,P19,A,B0
P19A_T16,S206,H0057,ego,4,0,6,5,,,P19A,16,completed,H0057,H0058,1,A7,C,1,C,human,0,0.22674,,0.04188481675,0.22674,P19,A,B0
P19A_T16,S206,H0058,cp,5,2,5,5,4,4,P19A,16,completed,H0057,H0058,1,A7,C,1,C,human,0,0.22674,,0.04188481675,0.22674,P19,A,B0
P19A_T17,S578,H0057,ego,3,-1,6,6,,,P19A,17,completed,H0057,H0058,1,B4,W,0,none,human,0,,0.520001,0,0.520001,P19,A,B0
P19A_T17,S578,H0058,cp,2,-1,6,5,2,6,P19A,17,completed,H0057,H0058,1,B4,W,0,none,human,0,,0.520001,0,0.520001,P19,A,B0
P19B_T03,S511,H0058,ego,3,-2,5,4,,,P19B,3,completed,H0058,H0057,1,A6,A,1,A,av,0,0.279937,,0.03141361257,0.279937,P19,B,B2
P19B_T03,S511,H0057,cp,3,-2,5,4,3,5,P19B,3,completed,H0058,H0057,1,A6,A,1,A,av,0,0.279937,,0.03141361257,0.279937,P19,B,B2
P19B_T04,S265,H0058,ego,2,2,4,5,,,P19B,4,completed,H0058,H0057,1,C1,C,1,C,human,0,0.227694,,0.02617801047,0.227694,P19,B,B2
P19B_T04,S265,H0057,cp,2,0,5,5,3,6,P19B,4,completed,H0058,H0057,1,C1,C,1,C,human,0,0.227694,,0.02617801047,0.227694,P19,B,B2
P19B_T05,S291,H0058,ego,1,0,6,5,,,P19B,5,completed,H0058,H0057,1,A5,W,0,none,human,0,,0.520001,0,0.520001,P19,B,B2
P19B_T05,S291,H0057,cp,1,1,4,5,2,6,P19B,5,completed,H0058,H0057,1,A5,W,0,none,human,0,,0.520001,0,0.520001,P19,B,B2
P19B_T06,S338,H0058,ego,4,-2,5,5,,,P19B,6,completed,H0058,H0057,1,C2,C,1,C,av,0,0.29345,,0.03664921466,0.29345,P19,B,B2
P19B_T06,S338,H0057,cp,2,0,4,6,3,5,P19B,6,completed,H0058,H0057,1,C2,C,1,C,av,0,0.29345,,0.03664921466,0.29345,P19,B,B2
P19B_T07,S221,H0058,ego,3,3,3,5,,,P19B,7,completed,H0058,H0057,1,C1,C,1,C,av,0,0.263301,,0.03664921466,0.263301,P19,B,B2
P19B_T07,S221,H0057,cp,2,3,5,4,2,6,P19B,7,completed,H0058,H0057,1,C1,C,1,C,av,0,0.263301,,0.03664921466,0.263301,P19,B,B2
P19B_T08,S378,H0058,ego,3,1,5,5,,,P19B,8,completed,H0058,H0057,1,A7,W,0,none,av,0,,0.520001,0,0.520001,P19,B,B2
P19B_T08,S378,H0057,cp,2,-1,5,5,3,5,P19B,8,completed,H0058,H0057,1,A7,W,0,none,av,0,,0.520001,0,0.520001,P19,B,B2
P19B_T09,S489,H0058,ego,2,1,4,4,,,P19B,9,completed,H0058,H0057,1,A6,A,1,A,human,0,0.278537,,0.03141361257,0.278537,P19,B,B2
P19B_T09,S489,H0057,cp,2,-3,5,4,3,5,P19B,9,completed,H0058,H0057,1,A6,A,1,A,human,0,0.278537,,0.03141361257,0.278537,P19,B,B2
P19B_T10,S389,H0058,ego,3,-3,3,4,,,P19B,10,completed,H0058,H0057,1,C3,C,1,C,human,0,0.327164,,0.04188481675,0.327164,P19,B,B2
P19B_T10,S389,H0057,cp,4,0,4,6,3,6,P19B,10,completed,H0058,H0057,1,C3,C,1,C,human,0,0.327164,,0.04188481675,0.327164,P19,B,B2
P19B_T11,S348,H0058,ego,3,2,4,5,,,P19B,11,completed,H0058,H0057,1,A6,W,0,none,av,1,,0.520001,0,0.520001,P19,B,B2
P19B_T11,S348,H0057,cp,3,1,4,5,2,5,P19B,11,completed,H0058,H0057,1,A6,W,0,none,av,1,,0.520001,0,0.520001,P19,B,B2
P19B_T12,S828,H0058,ego,5,-1,5,5,,,P19B,12,completed,H0058,H0057,1,A5,A,1,A,av,0,0.290967,,0.03141361257,0.290967,P19,B,B2
P19B_T12,S828,H0057,cp,3,0,4,5,5,6,P19B,12,completed,H0058,H0057,1,A5,A,1,A,av,0,0.290967,,0.03141361257,0.290967,P19,B,B2
P19B_T13,S768,H0058,ego,5,2,5,4,,,P19B,13,completed,H0058,H0057,1,C3,C,1,C,av,0,0.209844,,0.03664921466,0.209844,P19,B,B2
P19B_T13,S768,H0057,cp,4,3,3,5,3,5,P19B,13,completed,H0058,H0057,1,C3,C,1,C,av,0,0.209844,,0.03664921466,0.209844,P19,B,B2
P19B_T14,S230,H0058,ego,1,0,5,6,,,P19B,14,completed,H0058,H0057,1,A5,W,0,none,av,0,,0.520001,0,0.520001,P19,B,B2
P19B_T14,S230,H0057,cp,1,0,5,6,3,6,P19B,14,completed,H0058,H0057,1,A5,W,0,none,av,0,,0.520001,0,0.520001,P19,B,B2
P19B_T15,S413,H0058,ego,3,2,5,5,,,P19B,15,completed,H0058,H0057,1,C2,C,1,C,human,0,0.300274,,0.03141361257,0.300274,P19,B,B2
P19B_T15,S413,H0057,cp,2,1,5,6,2,5,P19B,15,completed,H0058,H0057,1,C2,C,1,C,human,0,0.300274,,0.03141361257,0.300274,P19,B,B2
P19B_T16,S564,H0058,ego,6,-1,5,5,,,P19B,16,completed,H0058,H0057,1,A5,A,1,A,human,0,0.289512,,0.03141361257,0.289512,P19,B,B2
P19B_T16,S564,H0057,cp,4,1,4,5,6,6,P19B,16,completed,H0058,H0057,1,A5,A,1,A,human,0,0.289512,,0.03141361257,0.289512,P19,B,B2
P19B_T17,S486,H0058,ego,5,-1,4,5,,,P19B,17,completed,H0058,H0057,1,A6,W,0,none,human,0,,0.520001,0,0.520001,P19,B,B2
P19B_T17,S486,H0057,cp,1,0,5,4,3,5,P19B,17,completed,H0058,H0057,1,A6,W,0,none,human,0,,0.520001,0,0.520001,P19,B,B2
P20A_T03,S520,H0059,ego,2,1,3,5,,,P20A,3,completed,H0059,H0060,1,B3,C,1,C,av,0,0.193655,,0.02617801047,0.193655,P20,A,B1
P20A_T03,S520,H0060,cp,2,-1,5,5,3,6,P20A,3,completed,H0059,H0060,1,B3,C,1,C,av,0,0.193655,,0.02617801047,0.193655,P20,A,B1
P20A_T04,S903,H0059,ego,3,0,4,6,,,P20A,4,completed,H0059,H0060,1,A4,A,1,A,av,0,0.228355,,0.04188481675,0.228355,P20,A,B1
P20A_T04,S903,H0060,cp,5,0,4,5,4,5,P20A,4,completed,H0059,H0060,1,A4,A,1,A,av,0,0.228355,,0.04188481675,0.228355,P20,A,B1
P20A_T05,S999,H0059,ego,2,-3,5,6,,,P20A,5,completed,H0059,H0060,1,A2,W,0,none,av,0,,0.520001,0,0.520001,P20,A,B1
P20A_T05,S999,H0060,cp,5,1,7,6,1,5,P20A,5,completed,H0059,H0060,1,A2,W,0,none,av,0,,0.520001,0,0.520001,P20,A,B1
P20A_T06,S398,H0059,ego,2,0,5,4,,,P20A,6,completed,H0059,H0060,1,B3,C,1,C,human,0,0.308015,,0.02617801047,0.308015,P20,A,B1
P20A_T06,S398,H0060,cp,3,1,5,6,4,5,P20A,6,completed,H0059,H0060,1,B3,C,1,C,human,0,0.308015,,0.02617801047,0.308015,P20,A,B1
P20A_T07,S845,H0059,ego,2,0,5,5,,,P20A,7,completed,H0059,H0060,1,B2,C,1,C,human,0,0.19156,,0.04188481675,0.19156,P20,A,B1
P20A_T07,S845,H0060,cp,3,0,3,6,2,6,P20A,7,completed,H0059,H0060,1,B2,C,1,C,human,0,0.19156,,0.04188481675,0.19156,P20,A,B1
P20A_T08,S643,H0059,ego,1,0,4,6,,,P20A,8,completed,H0059,H0060,1,C4,W,0,none,human,0,,0.520001,0,0.520001,P20,A,B1
P20A_T08,S643,H0060,cp,1,1,6,5,3,5,P20A,8,completed,H0059,H0060,1,C4,W,0,none,human,0,,0.520001,0,0.520001,P20,A,B1
P20A_T09,S836,H0059,ego,3,-1,5,4,,,P20A,9,completed,H0059,H0060,1,A3,A,1,A,human,0,0.20861,,0.03664921466,0.20861,P20,A,B1
P20A_T09,S836,H0060,cp,2,0,2,3,5,5,P20A,9,completed,H0059,H0060,1,A3,A,1,A,human,0,0.20861,,0.03664921466,0.20861,P20,A,B1
P20A_T10,S310,H0059,ego,3,2,5,6,,,P20A,10,completed,H0059,H0060,1,B2,C,1,C,av,0,0.314468,,0.03664921466,0.314468,P20,A,B1
P20A_T10,S310,H0060,cp,2,2,4,5,3,5,P20A,10,completed,H0059,H0060,1,B2,C,1,C,av,0,0.314468,,0.03664921466,0.314468,P20,A,B1
P20A_T11,S554,H0059,ego,3,-1,6,5,,,P20A,11,completed,H0059,H0060,1,A1,W,0,none,human,0,,0.520001,0,0.520001,P20,A,B1
P20A_T11,S554,H0060,cp,4,-1,3,4,1,5,P20A,11,completed,H0059,H0060,1,A1,W,0,none,human,0,,0.520001,0,0.520001,P20,A,B1
P20A_T12,S953,H0059,ego,1,0,4,4,,,P20A,12,completed,H0059,H0060,1,A4,A,1,A,human,0,0.227213,,0.04188481675,0.227213,P20,A,B1
P20A_T12,S953,H0060,cp,4,-1,4,4,5,6,P20A,12,completed,H0059,H0060,1,A4,A,1,A,human,0,0.227213,,0.04188481675,0.227213,P20,A,B1
P20A_T13,S730,H0059,ego,3,-1,3,6,,,P20A,13,completed,H0059,H0060,1,B4,C,1,C,human,0,0.202729,,0.02617801047,0.202729,P20,A,B1
P20A_T13,S730,H0060,cp,5,0,6,4,3,6,P20A,13,completed,H0059,H0060,1,B4,C,1,C,human,0,0.202729,,0.02617801047,0.202729,P20,A,B1
P20A_T14,S796,H0059,ego,2,0,6,7,,,P20A,14,completed,H0059,H0060,1,A1,W,0,none,av,0,,0.520001,0,0.520001,P20,A,B1
P20A_T14,S796,H0060,cp,1,0,5,6,3,6,P20A,14,completed,H0059,H0060,1,A1,W,0,none,av,0,,0.520001,0,0.520001,P20,A,B1
P20A_T15,S324,H0059,ego,3,1,5,6,,,P20A,15,completed,H0059,H0060,1,B4,C,1,C,av,0,0.164735,,0.03141361257,0.164735,P20,A,B1
P20A_T15,S324,H0060,cp,4,1,5,3,2,6,P20A,15,completed,H0059,H0060,1,B4,C,1,C,av,0,0.164735,,0.03141361257,0.164735,P20,A,B1
P20A_T16,S681,H0059,ego,1,0,4,4,,,P20A,16,completed,H0059,H0060,1,A3,A,1,A,av,0,0.209658,,0.03664921466,0.209658,P20,A,B1
P20A_T16,S681,H0060,cp,2,-1,5,5,6,5,P20A,16,completed,H0059,H0060,1,A3,A,1,A,av,0,0.209658,,0.03664921466,0.209658,P20,A,B1
P20A_T17,S326,H0059,ego,1,-3,5,5,,,P20A,17,completed,H0059,H0060,1,C4,W,0,none,av,0,,0.520001,0,0.520001,P20,A,B1
P20A_T17,S326,H0060,cp,3,1,6,4,2,5,P20A,17,completed,H0059,H0060,1,C4,W,0,none,av,0,,0.520001,0,0.520001,P20,A,B1
P20B_T03,S751,H0060,ego,3,1,3,5,,,P20B,3,completed,H0060,H0059,1,A2,C,1,C,human,0,0.332559,,0.02617801047,0.332559,P20,B,B3
P20B_T03,S751,H0059,cp,2,1,4,4,4,6,P20B,3,completed,H0060,H0059,1,A2,C,1,C,human,0,0.332559,,0.02617801047,0.332559,P20,B,B3
P20B_T04,S447,H0060,ego,5,0,6,5,,,P20B,4,completed,H0060,H0059,1,C4,C,1,C,human,0,0.33976,,0.03141361257,0.33976,P20,B,B3
P20B_T04,S447,H0059,cp,2,2,4,6,4,5,P20B,4,completed,H0060,H0059,1,C4,C,1,C,human,0,0.33976,,0.03141361257,0.33976,P20,B,B3
P20B_T05,S281,H0060,ego,4,0,5,5,,,P20B,5,completed,H0060,H0059,1,B3,W,0,none,human,0,,0.520001,0,0.520001,P20,B,B3
P20B_T05,S281,H0059,cp,3,0,5,5,2,4,P20B,5,completed,H0060,H0059,1,B3,W,0,none,human,0,,0.520001,0,0.520001,P20,B,B3
P20B_T06,S454,H0060,ego,1,1,6,4,,,P20B,6,completed,H0060,H0059,1,B1,A,1,A,av,0,0.236934,,0.03141361257,0.236934,P20,B,B3
P20B_T06,S454,H0059,cp,2,1,3,5,4,6,P20B,6,completed,H0060,H0059,1,B1,A,1,A,av,0,0.236934,,0.03141361257,0.236934,P20,B,B3
P20B_T07,S725,H0060,ego,1,-1,4,5,,,P20B,7,completed,H0060,H0059,1,A1,C,1,C,av,0,0.163828,,0.02617801047,0.163828,P20,B,B3
P20B_T07,S725,H0059,cp,3,1,5,5,4,6,P20B,7,completed,H0060,H0059,1,A1,C,1,C,av,0,0.163828,,0.02617801047,0.163828,P20,B,B3
P20B_T08,S756,H0060,ego,2,1,6,5,,,P20B,8,completed,H0060,H0059,1,B4,W,0,none,human,0,,0.520001,0,0.520001,P20,B,B3
P20B_T08,S756,H0059,cp,1,0,5,5,2,6,P20B,8,completed,H0060,H0059,1,B4,W,0,none,human,0,,0.520001,0,0.520001,P20,B,B3
P20B_T09,S494,H0060,ego,4,-1,5,5,,,P20B,9,completed,H0060,H0059,1,C4,C,1,C,av,0,0.202911,,0.04188481675,0.202911,P20,B,B3
P20B_T09,S494,H0059,cp,3,0,4,5,4,5,P20B,9,completed,H0060,H0059,1,C4,C,1,C,av,0,0.202911,,0.04188481675,0.202911,P20,B,B3
P20B_T10,S848,H0060,ego,5,-1,5,4,,,P20B,10,completed,H0060,H0059,1,A1,C,1,C,human,0,0.303291,,0.03664921466,0.303291,P20,B,B3
P20B_T10,S848,H0059,cp,3,2,6,5,3,6,P20B,10,completed,H0060,H0059,1,A1,C,1,C,human,0,0.303291,,0.03664921466,0.303291,P20,B,B3
P20B_T11,S975,H0060,ego,3,0,6,5,,,P20B,11,completed,H0060,H0059,1,C1,W,0,none,human,0,,0.520001,0,0.520001,P20,B,B3
P20B_T11,S975,H0059,cp,3,-2,6,5,2,6,P20B,11,completed,H0060,H0059,1,C1,W,0,none,human,0,,0.520001,0,0.520001,P20,B,B3
P20B_T12,S316,H0060,ego,3,-1,5,5,,,P20B,12,completed,H0060,H0059,1,B1,A,1,A,human,0,0.23575,,0.03141361257,0.23575,P20,B,B3
P20B_T12,S316,H0059,cp,2,1,6,4,5,5,P20B,12,completed,H0060,H0059,1,B1,A,1,A,human,0,0.23575,,0.03141361257,0.23575,P20,B,B3
P20B_T13,S775,H0060,ego,1,1,5,4,,,P20B,13,completed,H0060,H0059,1,A7,A,1,A,human,0,0.246399,,0.03141361257,0.246399,P20,B,B3
P20B_T13,S775,H0059,cp,1,1,5,4,4,6,P20B,13,completed,H0060,H0059,1,A7,A,1,A,human,0,0.246399,,0.03141361257,0.246399,P20,B,B3
P20B_T14,S830,H0060,ego,1,-2,7,5,,,P20B,14,completed,H0060,H0059,1,B3,W,0,none,av,0,,0.520001,0,0.520001,P20,B,B3
P20B_T14,S830,H0059,cp,2,-1,7,6,2,5,P20B,14,completed,H0060,H0059,1,B3,W,0,none,av,0,,0.520001,0,0.520001,P20,B,B3
P20B_T15,S803,H0060,ego,2,2,4,6,,,P20B,15,completed,H0060,H0059,1,A2,C,1,C,av,0,0.30581,,0.02617801047,0.30581,P20,B,B3
P20B_T15,S803,H0059,cp,2,0,6,5,3,5,P20B,15,completed,H0060,H0059,1,A2,C,1,C,av,0,0.30581,,0.02617801047,0.30581,P20,B,B3
P20B_T16,S506,H0060,ego,1,2,4,5,,,P20B,16,completed,H0060,H0059,1,A7,A,1,A,av,0,0.247637,,0.03141361257,0.247637,P20,B,B3
P20B_T16,S506,H0059,cp,1,0,4,4,3,7,P20B,16,completed,H0060,H0059,1,A7,A,1,A,av,0,0.247637,,0.03141361257,0.247637,P20,B,B3
P20B_T17,S844,H0060,ego,3,2,5,5,,,P20B,17,completed,H0060,H0059,1,B4,W,0,none,av,0,,0.520001,0,0.520001,P20,B,B3
P20B_T17,S844,H0059,cp,4,1,5,4,1,5,P20B,17,completed,H0060,H0059,1,B4,W,0,none,av,0,,0.520001,0,0.520001,P20,B,B3
