x_low_rad,x_high_rad,y_low_rad,y_high_rad,symmetric_display_count,percent_of_symmetric_points,n_independent_cases
-1.2,-1.15,-1.2,-1.15,0,0.0,34850
-1.2,-1.15,-1.15,-1.0999999999999999,0,0.0,34850
-1.2,-1.15,-1.0999999999999999,-1.05,0,0.0,34850
-1.2,-1.15,-1.05,-1.0,0,0.0,34850
-1.2,-1.15,-1.0,-0.95,0,0.0,34850
-1.2,-1.15,-0.95,-0.8999999999999999,0,0.0,34850
-1.2,-1.15,-0.8999999999999999,-0.85,0,0.0,34850
-1.2,-1.15,-0.85,-0.8,0,0.0,34850
-1.2,-1.15,-0.8,-0.75,0,0.0,34850
-1.2,-1.15,-0.75,-0.7,0,0.0,34850
-1.2,-1.15,-0.7,-0.65,0,0.0,34850
-1.2,-1.15,-0.65,-0.6,0,0.0,34850
-1.2,-1.15,-0.6,-0.55,0,0.0,34850
-1.2,-1.15,-0.55,-0.5,0,0.0,34850
-1.2,-1.15,-0.5,-0.45000000000000007,0,0.0,34850
-1.2,-1.15,-0.45000000000000007,-0.4,0,0.0,34850
-1.2,-1.15,-0.4,-0.35,0,0.0,34850
-1.2,-1.15,-0.35,-0.30000000000000004,0,0.0,34850
-1.2,-1.15,-0.30000000000000004,-0.25,0,0.0,34850
-1.2,-1.15,-0.25,-0.20000000000000007,0,0.0,34850
-1.2,-1.15,-0.20000000000000007,-0.15000000000000013,1,0.0014347202295552368,34850
-1.2,-1.15,-0.15000000000000013,-0.10000000000000009,0,0.0,34850
-1.2,-1.15,-0.10000000000000009,-0.050000000000000044,0,0.0,34850
-1.2,-1.15,-0.050000000000000044,0.0,0,0.0,34850
-1.2,-1.15,0.0,0.050000000000000044,0,0.0,34850
-1.2,-1.15,0.050000000000000044,0.09999999999999987,3,0.00430416068866571,34850
-1.2,-1.15,0.09999999999999987,0.1499999999999999,0,0.0,34850
-1.2,-1.15,0.1499999999999999,0.19999999999999996,0,0.0,34850
-1.2,-1.15,0.19999999999999996,0.25,0,0.0,34850
-1.2,-1.15,0.25,0.2999999999999998,0,0.0,34850
-1.2,-1.15,0.2999999999999998,0.34999999999999987,0,0.0,34850
-1.2,-1.15,0.34999999999999987,0.3999999999999999,0,0.0,34850
-1.2,-1.15,0.3999999999999999,0.44999999999999996,0,0.0,34850
-1.2,-1.15,0.44999999999999996,0.5,1,0.0014347202295552368,34850
-1.2,-1.15,0.5,0.5499999999999998,0,0.0,34850
-1.2,-1.15,0.5499999999999998,0.5999999999999999,0,0.0,34850
-1.2,-1.15,0.5999999999999999,0.6499999999999999,0,0.0,34850
-1.2,-1.15,0.6499999999999999,0.7,0,0.0,34850
-1.2,-1.15,0.7,0.7499999999999998,0,0.0,34850
-1.2,-1.15,0.7499999999999998,0.7999999999999998,0,0.0,34850
-1.2,-1.15,0.7999999999999998,0.8499999999999999,0,0.0,34850
-1.2,-1.15,0.8499999999999999,0.8999999999999997,0,0.0,34850
-1.2,-1.15,0.8999999999999997,0.95,0,0.0,34850
-1.2,-1.15,0.95,0.9999999999999998,0,0.0,34850
-1.2,-1.15,0.9999999999999998,1.05,0,0.0,34850
-1.2,-1.15,1.05,1.0999999999999999,0,0.0,34850
-1.2,-1.15,1.0999999999999999,1.1499999999999997,0,0.0,34850
-1.2,-1.15,1.1499999999999997,1.2,0,0.0,34850
-1.15,-1.0999999999999999,-1.2,-1.15,0,0.0,34850
-1.15,-1.0999999999999999,-1.15,-1.0999999999999999,0,0.0,34850
-1.15,-1.0999999999999999,-1.0999999999999999,-1.05,0,0.0,34850
-1.15,-1.0999999999999999,-1.05,-1.0,0,0.0,34850
-1.15,-1.0999999999999999,-1.0,-0.95,0,0.0,34850
-1.15,-1.0999999999999999,-0.95,-0.8999999999999999,0,0.0,34850
-1.15,-1.0999999999999999,-0.8999999999999999,-0.85,0,0.0,34850
-1.15,-1.0999999999999999,-0.85,-0.8,0,0.0,34850
-1.15,-1.0999999999999999,-0.8,-0.75,0,0.0,34850
-1.15,-1.0999999999999999,-0.75,-0.7,0,0.0,34850
-1.15,-1.0999999999999999,-0.7,-0.65,0,0.0,34850
-1.15,-1.0999999999999999,-0.65,-0.6,0,0.0,34850
-1.15,-1.0999999999999999,-0.6,-0.55,0,0.0,34850
-1.15,-1.0999999999999999,-0.55,-0.5,0,0.0,34850
-1.15,-1.0999999999999999,-0.5,-0.45000000000000007,0,0.0,34850
-1.15,-1.0999999999999999,-0.45000000000000007,-0.4,0,0.0,34850
-1.15,-1.0999999999999999,-0.4,-0.35,0,0.0,34850
-1.15,-1.0999999999999999,-0.35,-0.30000000000000004,0,0.0,34850
-1.15,-1.0999999999999999,-0.30000000000000004,-0.25,0,0.0,34850
-1.15,-1.0999999999999999,-0.25,-0.20000000000000007,0,0.0,34850
-1.15,-1.0999999999999999,-0.20000000000000007,-0.15000000000000013,0,0.0,34850
-1.15,-1.0999999999999999,-0.15000000000000013,-0.10000000000000009,0,0.0,34850
-1.15,-1.0999999999999999,-0.10000000000000009,-0.050000000000000044,0,0.0,34850
-1.15,-1.0999999999999999,-0.050000000000000044,0.0,0,0.0,34850
-1.15,-1.0999999999999999,0.0,0.050000000000000044,0,0.0,34850
-1.15,-1.0999999999999999,0.050000000000000044,0.09999999999999987,0,0.0,34850
-1.15,-1.0999999999999999,0.09999999999999987,0.1499999999999999,0,0.0,34850
-1.15,-1.0999999999999999,0.1499999999999999,0.19999999999999996,0,0.0,34850
-1.15,-1.0999999999999999,0.19999999999999996,0.25,0,0.0,34850
-1.15,-1.0999999999999999,0.25,0.2999999999999998,0,0.0,34850
-1.15,-1.0999999999999999,0.2999999999999998,0.34999999999999987,0,0.0,34850
-1.15,-1.0999999999999999,0.34999999999999987,0.3999999999999999,0,0.0,34850
-1.15,-1.0999999999999999,0.3999999999999999,0.44999999999999996,1,0.0014347202295552368,34850
-1.15,-1.0999999999999999,0.44999999999999996,0.5,2,0.0028694404591104736,34850
-1.15,-1.0999999999999999,0.5,0.5499999999999998,0,0.0,34850
-1.15,-1.0999999999999999,0.5499999999999998,0.5999999999999999,0,0.0,34850
-1.15,-1.0999999999999999,0.5999999999999999,0.6499999999999999,0,0.0,34850
-1.15,-1.0999999999999999,0.6499999999999999,0.7,0,0.0,34850
-1.15,-1.0999999999999999,0.7,0.7499999999999998,0,0.0,34850
-1.15,-1.0999999999999999,0.7499999999999998,0.7999999999999998,0,0.0,34850
-1.15,-1.0999999999999999,0.7999999999999998,0.8499999999999999,0,0.0,34850
-1.15,-1.0999999999999999,0.8499999999999999,0.8999999999999997,0,0.0,34850
-1.15,-1.0999999999999999,0.8999999999999997,0.95,0,0.0,34850
-1.15,-1.0999999999999999,0.95,0.9999999999999998,0,0.0,34850
-1.15,-1.0999999999999999,0.9999999999999998,1.05,0,0.0,34850
-1.15,-1.0999999999999999,1.05,1.0999999999999999,0,0.0,34850
-1.15,-1.0999999999999999,1.0999999999999999,1.1499999999999997,0,0.0,34850
-1.15,-1.0999999999999999,1.1499999999999997,1.2,0,0.0,34850
-1.0999999999999999,-1.05,-1.2,-1.15,0,0.0,34850
-1.0999999999999999,-1.05,-1.15,-1.0999999999999999,0,0.0,34850
-1.0999999999999999,-1.05,-1.0999999999999999,-1.05,0,0.0,34850
-1.0999999999999999,-1.05,-1.05,-1.0,0,0.0,34850
-1.0999999999999999,-1.05,-1.0,-0.95,0,0.0,34850
-1.0999999999999999,-1.05,-0.95,-0.8999999999999999,0,0.0,34850
-1.0999999999999999,-1.05,-0.8999999999999999,-0.85,0,0.0,34850
-1.0999999999999999,-1.05,-0.85,-0.8,0,0.0,34850
-1.0999999999999999,-1.05,-0.8,-0.75,0,0.0,34850
-1.0999999999999999,-1.05,-0.75,-0.7,0,0.0,34850
-1.0999999999999999,-1.05,-0.7,-0.65,0,0.0,34850
-1.0999999999999999,-1.05,-0.65,-0.6,0,0.0,34850
-1.0999999999999999,-1.05,-0.6,-0.55,0,0.0,34850
-1.0999999999999999,-1.05,-0.55,-0.5,0,0.0,34850
-1.0999999999999999,-1.05,-0.5,-0.45000000000000007,0,0.0,34850
-1.0999999999999999,-1.05,-0.45000000000000007,-0.4,0,0.0,34850
-1.0999999999999999,-1.05,-0.4,-0.35,1,0.0014347202295552368,34850
-1.0999999999999999,-1.05,-0.35,-0.30000000000000004,1,0.0014347202295552368,34850
-1.0999999999999999,-1.05,-0.30000000000000004,-0.25,0,0.0,34850
-1.0999999999999999,-1.05,-0.25,-0.20000000000000007,0,0.0,34850
-1.0999999999999999,-1.05,-0.20000000000000007,-0.15000000000000013,0,0.0,34850
-1.0999999999999999,-1.05,-0.15000000000000013,-0.10000000000000009,0,0.0,34850
-1.0999999999999999,-1.05,-0.10000000000000009,-0.050000000000000044,0,0.0,34850
-1.0999999999999999,-1.05,-0.050000000000000044,0.0,0,0.0,34850
-1.0999999999999999,-1.05,0.0,0.050000000000000044,0,0.0,34850
-1.0999999999999999,-1.05,0.050000000000000044,0.09999999999999987,0,0.0,34850
-1.0999999999999999,-1.05,0.09999999999999987,0.1499999999999999,0,0.0,34850
-1.0999999999999999,-1.05,0.1499999999999999,0.19999999999999996,0,0.0,34850
-1.0999999999999999,-1.05,0.19999999999999996,0.25,0,0.0,34850
-1.0999999999999999,-1.05,0.25,0.2999999999999998,1,0.0014347202295552368,34850
-1.0999999999999999,-1.05,0.2999999999999998,0.34999999999999987,0,0.0,34850
-1.0999999999999999,-1.05,0.34999999999999987,0.3999999999999999,0,0.0,34850
-1.0999999999999999,-1.05,0.3999999999999999,0.44999999999999996,4,0.005738880918220947,34850
-1.0999999999999999,-1.05,0.44999999999999996,0.5,1,0.0014347202295552368,34850
-1.0999999999999999,-1.05,0.5,0.5499999999999998,0,0.0,34850
-1.0999999999999999,-1.05,0.5499999999999998,0.5999999999999999,0,0.0,34850
-1.0999999999999999,-1.05,0.5999999999999999,0.6499999999999999,0,0.0,34850
-1.0999999999999999,-1.05,0.6499999999999999,0.7,0,0.0,34850
-1.0999999999999999,-1.05,0.7,0.7499999999999998,0,0.0,34850
-1.0999999999999999,-1.05,0.7499999999999998,0.7999999999999998,0,0.0,34850
-1.0999999999999999,-1.05,0.7999999999999998,0.8499999999999999,0,0.0,34850
-1.0999999999999999,-1.05,0.8499999999999999,0.8999999999999997,0,0.0,34850
-1.0999999999999999,-1.05,0.8999999999999997,0.95,0,0.0,34850
-1.0999999999999999,-1.05,0.95,0.9999999999999998,1,0.0014347202295552368,34850
-1.0999999999999999,-1.05,0.9999999999999998,1.05,0,0.0,34850
-1.0999999999999999,-1.05,1.05,1.0999999999999999,0,0.0,34850
-1.0999999999999999,-1.05,1.0999999999999999,1.1499999999999997,0,0.0,34850
-1.0999999999999999,-1.05,1.1499999999999997,1.2,0,0.0,34850
-1.05,-1.0,-1.2,-1.15,0,0.0,34850
-1.05,-1.0,-1.15,-1.0999999999999999,0,0.0,34850
-1.05,-1.0,-1.0999999999999999,-1.05,0,0.0,34850
-1.05,-1.0,-1.05,-1.0,0,0.0,34850
-1.05,-1.0,-1.0,-0.95,0,0.0,34850
-1.05,-1.0,-0.95,-0.8999999999999999,0,0.0,34850
-1.05,-1.0,-0.8999999999999999,-0.85,0,0.0,34850
-1.05,-1.0,-0.85,-0.8,0,0.0,34850
-1.05,-1.0,-0.8,-0.75,0,0.0,34850
-1.05,-1.0,-0.75,-0.7,0,0.0,34850
-1.05,-1.0,-0.7,-0.65,0,0.0,34850
-1.05,-1.0,-0.65,-0.6,0,0.0,34850
-1.05,-1.0,-0.6,-0.55,0,0.0,34850
-1.05,-1.0,-0.55,-0.5,0,0.0,34850
-1.05,-1.0,-0.5,-0.45000000000000007,0,0.0,34850
-1.05,-1.0,-0.45000000000000007,-0.4,0,0.0,34850
-1.05,-1.0,-0.4,-0.35,0,0.0,34850
-1.05,-1.0,-0.35,-0.30000000000000004,0,0.0,34850
-1.05,-1.0,-0.30000000000000004,-0.25,0,0.0,34850
-1.05,-1.0,-0.25,-0.20000000000000007,0,0.0,34850
-1.05,-1.0,-0.20000000000000007,-0.15000000000000013,0,0.0,34850
-1.05,-1.0,-0.15000000000000013,-0.10000000000000009,1,0.0014347202295552368,34850
-1.05,-1.0,-0.10000000000000009,-0.050000000000000044,0,0.0,34850
-1.05,-1.0,-0.050000000000000044,0.0,0,0.0,34850
-1.05,-1.0,0.0,0.050000000000000044,2,0.0028694404591104736,34850
-1.05,-1.0,0.050000000000000044,0.09999999999999987,1,0.0014347202295552368,34850
-1.05,-1.0,0.09999999999999987,0.1499999999999999,0,0.0,34850
-1.05,-1.0,0.1499999999999999,0.19999999999999996,0,0.0,34850
-1.05,-1.0,0.19999999999999996,0.25,0,0.0,34850
-1.05,-1.0,0.25,0.2999999999999998,0,0.0,34850
-1.05,-1.0,0.2999999999999998,0.34999999999999987,0,0.0,34850
-1.05,-1.0,0.34999999999999987,0.3999999999999999,0,0.0,34850
-1.05,-1.0,0.3999999999999999,0.44999999999999996,1,0.0014347202295552368,34850
-1.05,-1.0,0.44999999999999996,0.5,0,0.0,34850
-1.05,-1.0,0.5,0.5499999999999998,1,0.0014347202295552368,34850
-1.05,-1.0,0.5499999999999998,0.5999999999999999,0,0.0,34850
-1.05,-1.0,0.5999999999999999,0.6499999999999999,0,0.0,34850
-1.05,-1.0,0.6499999999999999,0.7,0,0.0,34850
-1.05,-1.0,0.7,0.7499999999999998,0,0.0,34850
-1.05,-1.0,0.7499999999999998,0.7999999999999998,0,0.0,34850
-1.05,-1.0,0.7999999999999998,0.8499999999999999,0,0.0,34850
-1.05,-1.0,0.8499999999999999,0.8999999999999997,0,0.0,34850
-1.05,-1.0,0.8999999999999997,0.95,1,0.0014347202295552368,34850
-1.05,-1.0,0.95,0.9999999999999998,0,0.0,34850
-1.05,-1.0,0.9999999999999998,1.05,0,0.0,34850
-1.05,-1.0,1.05,1.0999999999999999,0,0.0,34850
-1.05,-1.0,1.0999999999999999,1.1499999999999997,0,0.0,34850
-1.05,-1.0,1.1499999999999997,1.2,0,0.0,34850
-1.0,-0.95,-1.2,-1.15,0,0.0,34850
-1.0,-0.95,-1.15,-1.0999999999999999,0,0.0,34850
-1.0,-0.95,-1.0999999999999999,-1.05,0,0.0,34850
-1.0,-0.95,-1.05,-1.0,0,0.0,34850
-1.0,-0.95,-1.0,-0.95,0,0.0,34850
-1.0,-0.95,-0.95,-0.8999999999999999,0,0.0,34850
-1.0,-0.95,-0.8999999999999999,-0.85,0,0.0,34850
-1.0,-0.95,-0.85,-0.8,0,0.0,34850
-1.0,-0.95,-0.8,-0.75,0,0.0,34850
-1.0,-0.95,-0.75,-0.7,0,0.0,34850
-1.0,-0.95,-0.7,-0.65,0,0.0,34850
-1.0,-0.95,-0.65,-0.6,0,0.0,34850
-1.0,-0.95,-0.6,-0.55,0,0.0,34850
-1.0,-0.95,-0.55,-0.5,0,0.0,34850
-1.0,-0.95,-0.5,-0.45000000000000007,0,0.0,34850
-1.0,-0.95,-0.45000000000000007,-0.4,0,0.0,34850
-1.0,-0.95,-0.4,-0.35,0,0.0,34850
-1.0,-0.95,-0.35,-0.30000000000000004,0,0.0,34850
-1.0,-0.95,-0.30000000000000004,-0.25,0,0.0,34850
-1.0,-0.95,-0.25,-0.20000000000000007,0,0.0,34850
-1.0,-0.95,-0.20000000000000007,-0.15000000000000013,0,0.0,34850
-1.0,-0.95,-0.15000000000000013,-0.10000000000000009,0,0.0,34850
-1.0,-0.95,-0.10000000000000009,-0.050000000000000044,1,0.0014347202295552368,34850
-1.0,-0.95,-0.050000000000000044,0.0,1,0.0014347202295552368,34850
-1.0,-0.95,0.0,0.050000000000000044,1,0.0014347202295552368,34850
-1.0,-0.95,0.050000000000000044,0.09999999999999987,2,0.0028694404591104736,34850
-1.0,-0.95,0.09999999999999987,0.1499999999999999,2,0.0028694404591104736,34850
-1.0,-0.95,0.1499999999999999,0.19999999999999996,0,0.0,34850
-1.0,-0.95,0.19999999999999996,0.25,2,0.0028694404591104736,34850
-1.0,-0.95,0.25,0.2999999999999998,2,0.0028694404591104736,34850
-1.0,-0.95,0.2999999999999998,0.34999999999999987,2,0.0028694404591104736,34850
-1.0,-0.95,0.34999999999999987,0.3999999999999999,1,0.0014347202295552368,34850
-1.0,-0.95,0.3999999999999999,0.44999999999999996,1,0.0014347202295552368,34850
-1.0,-0.95,0.44999999999999996,0.5,2,0.0028694404591104736,34850
-1.0,-0.95,0.5,0.5499999999999998,0,0.0,34850
-1.0,-0.95,0.5499999999999998,0.5999999999999999,0,0.0,34850
-1.0,-0.95,0.5999999999999999,0.6499999999999999,1,0.0014347202295552368,34850
-1.0,-0.95,0.6499999999999999,0.7,0,0.0,34850
-1.0,-0.95,0.7,0.7499999999999998,1,0.0014347202295552368,34850
-1.0,-0.95,0.7499999999999998,0.7999999999999998,0,0.0,34850
-1.0,-0.95,0.7999999999999998,0.8499999999999999,0,0.0,34850
-1.0,-0.95,0.8499999999999999,0.8999999999999997,0,0.0,34850
-1.0,-0.95,0.8999999999999997,0.95,0,0.0,34850
-1.0,-0.95,0.95,0.9999999999999998,0,0.0,34850
-1.0,-0.95,0.9999999999999998,1.05,1,0.0014347202295552368,34850
-1.0,-0.95,1.05,1.0999999999999999,0,0.0,34850
-1.0,-0.95,1.0999999999999999,1.1499999999999997,0,0.0,34850
-1.0,-0.95,1.1499999999999997,1.2,0,0.0,34850
-0.95,-0.8999999999999999,-1.2,-1.15,0,0.0,34850
-0.95,-0.8999999999999999,-1.15,-1.0999999999999999,0,0.0,34850
-0.95,-0.8999999999999999,-1.0999999999999999,-1.05,0,0.0,34850
-0.95,-0.8999999999999999,-1.05,-1.0,0,0.0,34850
-0.95,-0.8999999999999999,-1.0,-0.95,0,0.0,34850
-0.95,-0.8999999999999999,-0.95,-0.8999999999999999,0,0.0,34850
-0.95,-0.8999999999999999,-0.8999999999999999,-0.85,0,0.0,34850
-0.95,-0.8999999999999999,-0.85,-0.8,0,0.0,34850
-0.95,-0.8999999999999999,-0.8,-0.75,0,0.0,34850
-0.95,-0.8999999999999999,-0.75,-0.7,0,0.0,34850
-0.95,-0.8999999999999999,-0.7,-0.65,0,0.0,34850
-0.95,-0.8999999999999999,-0.65,-0.6,1,0.0014347202295552368,34850
-0.95,-0.8999999999999999,-0.6,-0.55,0,0.0,34850
-0.95,-0.8999999999999999,-0.55,-0.5,0,0.0,34850
-0.95,-0.8999999999999999,-0.5,-0.45000000000000007,0,0.0,34850
-0.95,-0.8999999999999999,-0.45000000000000007,-0.4,0,0.0,34850
-0.95,-0.8999999999999999,-0.4,-0.35,1,0.0014347202295552368,34850
-0.95,-0.8999999999999999,-0.35,-0.30000000000000004,0,0.0,34850
-0.95,-0.8999999999999999,-0.30000000000000004,-0.25,0,0.0,34850
-0.95,-0.8999999999999999,-0.25,-0.20000000000000007,0,0.0,34850
-0.95,-0.8999999999999999,-0.20000000000000007,-0.15000000000000013,0,0.0,34850
-0.95,-0.8999999999999999,-0.15000000000000013,-0.10000000000000009,2,0.0028694404591104736,34850
-0.95,-0.8999999999999999,-0.10000000000000009,-0.050000000000000044,2,0.0028694404591104736,34850
-0.95,-0.8999999999999999,-0.050000000000000044,0.0,1,0.0014347202295552368,34850
-0.95,-0.8999999999999999,0.0,0.050000000000000044,1,0.0014347202295552368,34850
-0.95,-0.8999999999999999,0.050000000000000044,0.09999999999999987,1,0.0014347202295552368,34850
-0.95,-0.8999999999999999,0.09999999999999987,0.1499999999999999,3,0.00430416068866571,34850
-0.95,-0.8999999999999999,0.1499999999999999,0.19999999999999996,1,0.0014347202295552368,34850
-0.95,-0.8999999999999999,0.19999999999999996,0.25,1,0.0014347202295552368,34850
-0.95,-0.8999999999999999,0.25,0.2999999999999998,1,0.0014347202295552368,34850
-0.95,-0.8999999999999999,0.2999999999999998,0.34999999999999987,2,0.0028694404591104736,34850
-0.95,-0.8999999999999999,0.34999999999999987,0.3999999999999999,1,0.0014347202295552368,34850
-0.95,-0.8999999999999999,0.3999999999999999,0.44999999999999996,0,0.0,34850
-0.95,-0.8999999999999999,0.44999999999999996,0.5,1,0.0014347202295552368,34850
-0.95,-0.8999999999999999,0.5,0.5499999999999998,2,0.0028694404591104736,34850
-0.95,-0.8999999999999999,0.5499999999999998,0.5999999999999999,3,0.00430416068866571,34850
-0.95,-0.8999999999999999,0.5999999999999999,0.6499999999999999,1,0.0014347202295552368,34850
-0.95,-0.8999999999999999,0.6499999999999999,0.7,0,0.0,34850
-0.95,-0.8999999999999999,0.7,0.7499999999999998,4,0.005738880918220947,34850
-0.95,-0.8999999999999999,0.7499999999999998,0.7999999999999998,1,0.0014347202295552368,34850
-0.95,-0.8999999999999999,0.7999999999999998,0.8499999999999999,0,0.0,34850
-0.95,-0.8999999999999999,0.8499999999999999,0.8999999999999997,1,0.0014347202295552368,34850
-0.95,-0.8999999999999999,0.8999999999999997,0.95,5,0.007173601147776184,34850
-0.95,-0.8999999999999999,0.95,0.9999999999999998,0,0.0,34850
-0.95,-0.8999999999999999,0.9999999999999998,1.05,0,0.0,34850
-0.95,-0.8999999999999999,1.05,1.0999999999999999,0,0.0,34850
-0.95,-0.8999999999999999,1.0999999999999999,1.1499999999999997,0,0.0,34850
-0.95,-0.8999999999999999,1.1499999999999997,1.2,0,0.0,34850
-0.8999999999999999,-0.85,-1.2,-1.15,0,0.0,34850
-0.8999999999999999,-0.85,-1.15,-1.0999999999999999,0,0.0,34850
-0.8999999999999999,-0.85,-1.0999999999999999,-1.05,0,0.0,34850
-0.8999999999999999,-0.85,-1.05,-1.0,0,0.0,34850
-0.8999999999999999,-0.85,-1.0,-0.95,0,0.0,34850
-0.8999999999999999,-0.85,-0.95,-0.8999999999999999,0,0.0,34850
-0.8999999999999999,-0.85,-0.8999999999999999,-0.85,0,0.0,34850
-0.8999999999999999,-0.85,-0.85,-0.8,2,0.0028694404591104736,34850
-0.8999999999999999,-0.85,-0.8,-0.75,0,0.0,34850
-0.8999999999999999,-0.85,-0.75,-0.7,0,0.0,34850
-0.8999999999999999,-0.85,-0.7,-0.65,0,0.0,34850
-0.8999999999999999,-0.85,-0.65,-0.6,0,0.0,34850
-0.8999999999999999,-0.85,-0.6,-0.55,0,0.0,34850
-0.8999999999999999,-0.85,-0.55,-0.5,0,0.0,34850
-0.8999999999999999,-0.85,-0.5,-0.45000000000000007,1,0.0014347202295552368,34850
-0.8999999999999999,-0.85,-0.45000000000000007,-0.4,1,0.0014347202295552368,34850
-0.8999999999999999,-0.85,-0.4,-0.35,0,0.0,34850
-0.8999999999999999,-0.85,-0.35,-0.30000000000000004,0,0.0,34850
-0.8999999999999999,-0.85,-0.30000000000000004,-0.25,0,0.0,34850
-0.8999999999999999,-0.85,-0.25,-0.20000000000000007,0,0.0,34850
-0.8999999999999999,-0.85,-0.20000000000000007,-0.15000000000000013,0,0.0,34850
-0.8999999999999999,-0.85,-0.15000000000000013,-0.10000000000000009,1,0.0014347202295552368,34850
-0.8999999999999999,-0.85,-0.10000000000000009,-0.050000000000000044,2,0.0028694404591104736,34850
-0.8999999999999999,-0.85,-0.050000000000000044,0.0,0,0.0,34850
-0.8999999999999999,-0.85,0.0,0.050000000000000044,2,0.0028694404591104736,34850
-0.8999999999999999,-0.85,0.050000000000000044,0.09999999999999987,2,0.0028694404591104736,34850
-0.8999999999999999,-0.85,0.09999999999999987,0.1499999999999999,1,0.0014347202295552368,34850
-0.8999999999999999,-0.85,0.1499999999999999,0.19999999999999996,1,0.0014347202295552368,34850
-0.8999999999999999,-0.85,0.19999999999999996,0.25,2,0.0028694404591104736,34850
-0.8999999999999999,-0.85,0.25,0.2999999999999998,2,0.0028694404591104736,34850
-0.8999999999999999,-0.85,0.2999999999999998,0.34999999999999987,5,0.007173601147776184,34850
-0.8999999999999999,-0.85,0.34999999999999987,0.3999999999999999,3,0.00430416068866571,34850
-0.8999999999999999,-0.85,0.3999999999999999,0.44999999999999996,6,0.00860832137733142,34850
-0.8999999999999999,-0.85,0.44999999999999996,0.5,6,0.00860832137733142,34850
-0.8999999999999999,-0.85,0.5,0.5499999999999998,3,0.00430416068866571,34850
-0.8999999999999999,-0.85,0.5499999999999998,0.5999999999999999,3,0.00430416068866571,34850
-0.8999999999999999,-0.85,0.5999999999999999,0.6499999999999999,3,0.00430416068866571,34850
-0.8999999999999999,-0.85,0.6499999999999999,0.7,0,0.0,34850
-0.8999999999999999,-0.85,0.7,0.7499999999999998,1,0.0014347202295552368,34850
-0.8999999999999999,-0.85,0.7499999999999998,0.7999999999999998,5,0.007173601147776184,34850
-0.8999999999999999,-0.85,0.7999999999999998,0.8499999999999999,0,0.0,34850
-0.8999999999999999,-0.85,0.8499999999999999,0.8999999999999997,1,0.0014347202295552368,34850
-0.8999999999999999,-0.85,0.8999999999999997,0.95,0,0.0,34850
-0.8999999999999999,-0.85,0.95,0.9999999999999998,0,0.0,34850
-0.8999999999999999,-0.85,0.9999999999999998,1.05,0,0.0,34850
-0.8999999999999999,-0.85,1.05,1.0999999999999999,0,0.0,34850
-0.8999999999999999,-0.85,1.0999999999999999,1.1499999999999997,0,0.0,34850
-0.8999999999999999,-0.85,1.1499999999999997,1.2,0,0.0,34850
-0.85,-0.8,-1.2,-1.15,0,0.0,34850
-0.85,-0.8,-1.15,-1.0999999999999999,0,0.0,34850
-0.85,-0.8,-1.0999999999999999,-1.05,0,0.0,34850
-0.85,-0.8,-1.05,-1.0,0,0.0,34850
-0.85,-0.8,-1.0,-0.95,0,0.0,34850
-0.85,-0.8,-0.95,-0.8999999999999999,0,0.0,34850
-0.85,-0.8,-0.8999999999999999,-0.85,2,0.0028694404591104736,34850
-0.85,-0.8,-0.85,-0.8,0,0.0,34850
-0.85,-0.8,-0.8,-0.75,0,0.0,34850
-0.85,-0.8,-0.75,-0.7,0,0.0,34850
-0.85,-0.8,-0.7,-0.65,1,0.0014347202295552368,34850
-0.85,-0.8,-0.65,-0.6,0,0.0,34850
-0.85,-0.8,-0.6,-0.55,0,0.0,34850
-0.85,-0.8,-0.55,-0.5,0,0.0,34850
-0.85,-0.8,-0.5,-0.45000000000000007,0,0.0,34850
-0.85,-0.8,-0.45000000000000007,-0.4,0,0.0,34850
-0.85,-0.8,-0.4,-0.35,1,0.0014347202295552368,34850
-0.85,-0.8,-0.35,-0.30000000000000004,0,0.0,34850
-0.85,-0.8,-0.30000000000000004,-0.25,1,0.0014347202295552368,34850
-0.85,-0.8,-0.25,-0.20000000000000007,0,0.0,34850
-0.85,-0.8,-0.20000000000000007,-0.15000000000000013,0,0.0,34850
-0.85,-0.8,-0.15000000000000013,-0.10000000000000009,1,0.0014347202295552368,34850
-0.85,-0.8,-0.10000000000000009,-0.050000000000000044,0,0.0,34850
-0.85,-0.8,-0.050000000000000044,0.0,1,0.0014347202295552368,34850
-0.85,-0.8,0.0,0.050000000000000044,7,0.010043041606886658,34850
-0.85,-0.8,0.050000000000000044,0.09999999999999987,2,0.0028694404591104736,34850
-0.85,-0.8,0.09999999999999987,0.1499999999999999,0,0.0,34850
-0.85,-0.8,0.1499999999999999,0.19999999999999996,1,0.0014347202295552368,34850
-0.85,-0.8,0.19999999999999996,0.25,4,0.005738880918220947,34850
-0.85,-0.8,0.25,0.2999999999999998,6,0.00860832137733142,34850
-0.85,-0.8,0.2999999999999998,0.34999999999999987,3,0.00430416068866571,34850
-0.85,-0.8,0.34999999999999987,0.3999999999999999,5,0.007173601147776184,34850
-0.85,-0.8,0.3999999999999999,0.44999999999999996,2,0.0028694404591104736,34850
-0.85,-0.8,0.44999999999999996,0.5,1,0.0014347202295552368,34850
-0.85,-0.8,0.5,0.5499999999999998,3,0.00430416068866571,34850
-0.85,-0.8,0.5499999999999998,0.5999999999999999,5,0.007173601147776184,34850
-0.85,-0.8,0.5999999999999999,0.6499999999999999,2,0.0028694404591104736,34850
-0.85,-0.8,0.6499999999999999,0.7,0,0.0,34850
-0.85,-0.8,0.7,0.7499999999999998,4,0.005738880918220947,34850
-0.85,-0.8,0.7499999999999998,0.7999999999999998,0,0.0,34850
-0.85,-0.8,0.7999999999999998,0.8499999999999999,2,0.0028694404591104736,34850
-0.85,-0.8,0.8499999999999999,0.8999999999999997,2,0.0028694404591104736,34850
-0.85,-0.8,0.8999999999999997,0.95,1,0.0014347202295552368,34850
-0.85,-0.8,0.95,0.9999999999999998,4,0.005738880918220947,34850
-0.85,-0.8,0.9999999999999998,1.05,0,0.0,34850
-0.85,-0.8,1.05,1.0999999999999999,0,0.0,34850
-0.85,-0.8,1.0999999999999999,1.1499999999999997,0,0.0,34850
-0.85,-0.8,1.1499999999999997,1.2,0,0.0,34850
-0.8,-0.75,-1.2,-1.15,0,0.0,34850
-0.8,-0.75,-1.15,-1.0999999999999999,0,0.0,34850
-0.8,-0.75,-1.0999999999999999,-1.05,0,0.0,34850
-0.8,-0.75,-1.05,-1.0,0,0.0,34850
-0.8,-0.75,-1.0,-0.95,0,0.0,34850
-0.8,-0.75,-0.95,-0.8999999999999999,0,0.0,34850
-0.8,-0.75,-0.8999999999999999,-0.85,0,0.0,34850
-0.8,-0.75,-0.85,-0.8,0,0.0,34850
-0.8,-0.75,-0.8,-0.75,0,0.0,34850
-0.8,-0.75,-0.75,-0.7,0,0.0,34850
-0.8,-0.75,-0.7,-0.65,1,0.0014347202295552368,34850
-0.8,-0.75,-0.65,-0.6,3,0.00430416068866571,34850
-0.8,-0.75,-0.6,-0.55,0,0.0,34850
-0.8,-0.75,-0.55,-0.5,3,0.00430416068866571,34850
-0.8,-0.75,-0.5,-0.45000000000000007,1,0.0014347202295552368,34850
-0.8,-0.75,-0.45000000000000007,-0.4,0,0.0,34850
-0.8,-0.75,-0.4,-0.35,0,0.0,34850
-0.8,-0.75,-0.35,-0.30000000000000004,2,0.0028694404591104736,34850
-0.8,-0.75,-0.30000000000000004,-0.25,0,0.0,34850
-0.8,-0.75,-0.25,-0.20000000000000007,0,0.0,34850
-0.8,-0.75,-0.20000000000000007,-0.15000000000000013,0,0.0,34850
-0.8,-0.75,-0.15000000000000013,-0.10000000000000009,3,0.00430416068866571,34850
-0.8,-0.75,-0.10000000000000009,-0.050000000000000044,3,0.00430416068866571,34850
-0.8,-0.75,-0.050000000000000044,0.0,2,0.0028694404591104736,34850
-0.8,-0.75,0.0,0.050000000000000044,5,0.007173601147776184,34850
-0.8,-0.75,0.050000000000000044,0.09999999999999987,5,0.007173601147776184,34850
-0.8,-0.75,0.09999999999999987,0.1499999999999999,3,0.00430416068866571,34850
-0.8,-0.75,0.1499999999999999,0.19999999999999996,5,0.007173601147776184,34850
-0.8,-0.75,0.19999999999999996,0.25,2,0.0028694404591104736,34850
-0.8,-0.75,0.25,0.2999999999999998,4,0.005738880918220947,34850
-0.8,-0.75,0.2999999999999998,0.34999999999999987,4,0.005738880918220947,34850
-0.8,-0.75,0.34999999999999987,0.3999999999999999,4,0.005738880918220947,34850
-0.8,-0.75,0.3999999999999999,0.44999999999999996,5,0.007173601147776184,34850
-0.8,-0.75,0.44999999999999996,0.5,3,0.00430416068866571,34850
-0.8,-0.75,0.5,0.5499999999999998,2,0.0028694404591104736,34850
-0.8,-0.75,0.5499999999999998,0.5999999999999999,8,0.011477761836441894,34850
-0.8,-0.75,0.5999999999999999,0.6499999999999999,5,0.007173601147776184,34850
-0.8,-0.75,0.6499999999999999,0.7,5,0.007173601147776184,34850
-0.8,-0.75,0.7,0.7499999999999998,2,0.0028694404591104736,34850
-0.8,-0.75,0.7499999999999998,0.7999999999999998,2,0.0028694404591104736,34850
-0.8,-0.75,0.7999999999999998,0.8499999999999999,3,0.00430416068866571,34850
-0.8,-0.75,0.8499999999999999,0.8999999999999997,1,0.0014347202295552368,34850
-0.8,-0.75,0.8999999999999997,0.95,0,0.0,34850
-0.8,-0.75,0.95,0.9999999999999998,0,0.0,34850
-0.8,-0.75,0.9999999999999998,1.05,0,0.0,34850
-0.8,-0.75,1.05,1.0999999999999999,0,0.0,34850
-0.8,-0.75,1.0999999999999999,1.1499999999999997,0,0.0,34850
-0.8,-0.75,1.1499999999999997,1.2,0,0.0,34850
-0.75,-0.7,-1.2,-1.15,0,0.0,34850
-0.75,-0.7,-1.15,-1.0999999999999999,0,0.0,34850
-0.75,-0.7,-1.0999999999999999,-1.05,0,0.0,34850
-0.75,-0.7,-1.05,-1.0,0,0.0,34850
-0.75,-0.7,-1.0,-0.95,0,0.0,34850
-0.75,-0.7,-0.95,-0.8999999999999999,0,0.0,34850
-0.75,-0.7,-0.8999999999999999,-0.85,0,0.0,34850
-0.75,-0.7,-0.85,-0.8,0,0.0,34850
-0.75,-0.7,-0.8,-0.75,0,0.0,34850
-0.75,-0.7,-0.75,-0.7,0,0.0,34850
-0.75,-0.7,-0.7,-0.65,1,0.0014347202295552368,34850
-0.75,-0.7,-0.65,-0.6,0,0.0,34850
-0.75,-0.7,-0.6,-0.55,2,0.0028694404591104736,34850
-0.75,-0.7,-0.55,-0.5,0,0.0,34850
-0.75,-0.7,-0.5,-0.45000000000000007,2,0.0028694404591104736,34850
-0.75,-0.7,-0.45000000000000007,-0.4,2,0.0028694404591104736,34850
-0.75,-0.7,-0.4,-0.35,2,0.0028694404591104736,34850
-0.75,-0.7,-0.35,-0.30000000000000004,0,0.0,34850
-0.75,-0.7,-0.30000000000000004,-0.25,1,0.0014347202295552368,34850
-0.75,-0.7,-0.25,-0.20000000000000007,0,0.0,34850
-0.75,-0.7,-0.20000000000000007,-0.15000000000000013,5,0.007173601147776184,34850
-0.75,-0.7,-0.15000000000000013,-0.10000000000000009,4,0.005738880918220947,34850
-0.75,-0.7,-0.10000000000000009,-0.050000000000000044,3,0.00430416068866571,34850
-0.75,-0.7,-0.050000000000000044,0.0,4,0.005738880918220947,34850
-0.75,-0.7,0.0,0.050000000000000044,5,0.007173601147776184,34850
-0.75,-0.7,0.050000000000000044,0.09999999999999987,4,0.005738880918220947,34850
-0.75,-0.7,0.09999999999999987,0.1499999999999999,6,0.00860832137733142,34850
-0.75,-0.7,0.1499999999999999,0.19999999999999996,4,0.005738880918220947,34850
-0.75,-0.7,0.19999999999999996,0.25,7,0.010043041606886658,34850
-0.75,-0.7,0.25,0.2999999999999998,13,0.018651362984218076,34850
-0.75,-0.7,0.2999999999999998,0.34999999999999987,7,0.010043041606886658,34850
-0.75,-0.7,0.34999999999999987,0.3999999999999999,13,0.018651362984218076,34850
-0.75,-0.7,0.3999999999999999,0.44999999999999996,9,0.01291248206599713,34850
-0.75,-0.7,0.44999999999999996,0.5,9,0.01291248206599713,34850
-0.75,-0.7,0.5,0.5499999999999998,7,0.010043041606886658,34850
-0.75,-0.7,0.5499999999999998,0.5999999999999999,7,0.010043041606886658,34850
-0.75,-0.7,0.5999999999999999,0.6499999999999999,4,0.005738880918220947,34850
-0.75,-0.7,0.6499999999999999,0.7,4,0.005738880918220947,34850
-0.75,-0.7,0.7,0.7499999999999998,5,0.007173601147776184,34850
-0.75,-0.7,0.7499999999999998,0.7999999999999998,5,0.007173601147776184,34850
-0.75,-0.7,0.7999999999999998,0.8499999999999999,4,0.005738880918220947,34850
-0.75,-0.7,0.8499999999999999,0.8999999999999997,2,0.0028694404591104736,34850
-0.75,-0.7,0.8999999999999997,0.95,1,0.0014347202295552368,34850
-0.75,-0.7,0.95,0.9999999999999998,1,0.0014347202295552368,34850
-0.75,-0.7,0.9999999999999998,1.05,0,0.0,34850
-0.75,-0.7,1.05,1.0999999999999999,0,0.0,34850
-0.75,-0.7,1.0999999999999999,1.1499999999999997,0,0.0,34850
-0.75,-0.7,1.1499999999999997,1.2,0,0.0,34850
-0.7,-0.65,-1.2,-1.15,0,0.0,34850
-0.7,-0.65,-1.15,-1.0999999999999999,0,0.0,34850
-0.7,-0.65,-1.0999999999999999,-1.05,0,0.0,34850
-0.7,-0.65,-1.05,-1.0,0,0.0,34850
-0.7,-0.65,-1.0,-0.95,0,0.0,34850
-0.7,-0.65,-0.95,-0.8999999999999999,0,0.0,34850
-0.7,-0.65,-0.8999999999999999,-0.85,0,0.0,34850
-0.7,-0.65,-0.85,-0.8,1,0.0014347202295552368,34850
-0.7,-0.65,-0.8,-0.75,1,0.0014347202295552368,34850
-0.7,-0.65,-0.75,-0.7,1,0.0014347202295552368,34850
-0.7,-0.65,-0.7,-0.65,0,0.0,34850
-0.7,-0.65,-0.65,-0.6,3,0.00430416068866571,34850
-0.7,-0.65,-0.6,-0.55,0,0.0,34850
-0.7,-0.65,-0.55,-0.5,0,0.0,34850
-0.7,-0.65,-0.5,-0.45000000000000007,2,0.0028694404591104736,34850
-0.7,-0.65,-0.45000000000000007,-0.4,1,0.0014347202295552368,34850
-0.7,-0.65,-0.4,-0.35,1,0.0014347202295552368,34850
-0.7,-0.65,-0.35,-0.30000000000000004,1,0.0014347202295552368,34850
-0.7,-0.65,-0.30000000000000004,-0.25,4,0.005738880918220947,34850
-0.7,-0.65,-0.25,-0.20000000000000007,1,0.0014347202295552368,34850
-0.7,-0.65,-0.20000000000000007,-0.15000000000000013,3,0.00430416068866571,34850
-0.7,-0.65,-0.15000000000000013,-0.10000000000000009,3,0.00430416068866571,34850
-0.7,-0.65,-0.10000000000000009,-0.050000000000000044,7,0.010043041606886658,34850
-0.7,-0.65,-0.050000000000000044,0.0,7,0.010043041606886658,34850
-0.7,-0.65,0.0,0.050000000000000044,11,0.015781922525107607,34850
-0.7,-0.65,0.050000000000000044,0.09999999999999987,6,0.00860832137733142,34850
-0.7,-0.65,0.09999999999999987,0.1499999999999999,12,0.01721664275466284,34850
-0.7,-0.65,0.1499999999999999,0.19999999999999996,6,0.00860832137733142,34850
-0.7,-0.65,0.19999999999999996,0.25,10,0.014347202295552367,34850
-0.7,-0.65,0.25,0.2999999999999998,7,0.010043041606886658,34850
-0.7,-0.65,0.2999999999999998,0.34999999999999987,7,0.010043041606886658,34850
-0.7,-0.65,0.34999999999999987,0.3999999999999999,10,0.014347202295552367,34850
-0.7,-0.65,0.3999999999999999,0.44999999999999996,6,0.00860832137733142,34850
-0.7,-0.65,0.44999999999999996,0.5,5,0.007173601147776184,34850
-0.7,-0.65,0.5,0.5499999999999998,7,0.010043041606886658,34850
-0.7,-0.65,0.5499999999999998,0.5999999999999999,14,0.020086083213773316,34850
-0.7,-0.65,0.5999999999999999,0.6499999999999999,7,0.010043041606886658,34850
-0.7,-0.65,0.6499999999999999,0.7,2,0.0028694404591104736,34850
-0.7,-0.65,0.7,0.7499999999999998,6,0.00860832137733142,34850
-0.7,-0.65,0.7499999999999998,0.7999999999999998,2,0.0028694404591104736,34850
-0.7,-0.65,0.7999999999999998,0.8499999999999999,3,0.00430416068866571,34850
-0.7,-0.65,0.8499999999999999,0.8999999999999997,2,0.0028694404591104736,34850
-0.7,-0.65,0.8999999999999997,0.95,0,0.0,34850
-0.7,-0.65,0.95,0.9999999999999998,0,0.0,34850
-0.7,-0.65,0.9999999999999998,1.05,0,0.0,34850
-0.7,-0.65,1.05,1.0999999999999999,0,0.0,34850
-0.7,-0.65,1.0999999999999999,1.1499999999999997,0,0.0,34850
-0.7,-0.65,1.1499999999999997,1.2,0,0.0,34850
-0.65,-0.6,-1.2,-1.15,0,0.0,34850
-0.65,-0.6,-1.15,-1.0999999999999999,0,0.0,34850
-0.65,-0.6,-1.0999999999999999,-1.05,0,0.0,34850
-0.65,-0.6,-1.05,-1.0,0,0.0,34850
-0.65,-0.6,-1.0,-0.95,0,0.0,34850
-0.65,-0.6,-0.95,-0.8999999999999999,1,0.0014347202295552368,34850
-0.65,-0.6,-0.8999999999999999,-0.85,0,0.0,34850
-0.65,-0.6,-0.85,-0.8,0,0.0,34850
-0.65,-0.6,-0.8,-0.75,3,0.00430416068866571,34850
-0.65,-0.6,-0.75,-0.7,0,0.0,34850
-0.65,-0.6,-0.7,-0.65,3,0.00430416068866571,34850
-0.65,-0.6,-0.65,-0.6,0,0.0,34850
-0.65,-0.6,-0.6,-0.55,4,0.005738880918220947,34850
-0.65,-0.6,-0.55,-0.5,0,0.0,34850
-0.65,-0.6,-0.5,-0.45000000000000007,3,0.00430416068866571,34850
-0.65,-0.6,-0.45000000000000007,-0.4,1,0.0014347202295552368,34850
-0.65,-0.6,-0.4,-0.35,0,0.0,34850
-0.65,-0.6,-0.35,-0.30000000000000004,2,0.0028694404591104736,34850
-0.65,-0.6,-0.30000000000000004,-0.25,3,0.00430416068866571,34850
-0.65,-0.6,-0.25,-0.20000000000000007,3,0.00430416068866571,34850
-0.65,-0.6,-0.20000000000000007,-0.15000000000000013,4,0.005738880918220947,34850
-0.65,-0.6,-0.15000000000000013,-0.10000000000000009,4,0.005738880918220947,34850
-0.65,-0.6,-0.10000000000000009,-0.050000000000000044,11,0.015781922525107607,34850
-0.65,-0.6,-0.050000000000000044,0.0,6,0.00860832137733142,34850
-0.65,-0.6,0.0,0.050000000000000044,17,0.024390243902439025,34850
-0.65,-0.6,0.050000000000000044,0.09999999999999987,5,0.007173601147776184,34850
-0.65,-0.6,0.09999999999999987,0.1499999999999999,11,0.015781922525107607,34850
-0.65,-0.6,0.1499999999999999,0.19999999999999996,11,0.015781922525107607,34850
-0.65,-0.6,0.19999999999999996,0.25,15,0.02152080344332855,34850
-0.65,-0.6,0.25,0.2999999999999998,17,0.024390243902439025,34850
-0.65,-0.6,0.2999999999999998,0.34999999999999987,13,0.018651362984218076,34850
-0.65,-0.6,0.34999999999999987,0.3999999999999999,12,0.01721664275466284,34850
-0.65,-0.6,0.3999999999999999,0.44999999999999996,12,0.01721664275466284,34850
-0.65,-0.6,0.44999999999999996,0.5,8,0.011477761836441894,34850
-0.65,-0.6,0.5,0.5499999999999998,12,0.01721664275466284,34850
-0.65,-0.6,0.5499999999999998,0.5999999999999999,11,0.015781922525107607,34850
-0.65,-0.6,0.5999999999999999,0.6499999999999999,8,0.011477761836441894,34850
-0.65,-0.6,0.6499999999999999,0.7,7,0.010043041606886658,34850
-0.65,-0.6,0.7,0.7499999999999998,3,0.00430416068866571,34850
-0.65,-0.6,0.7499999999999998,0.7999999999999998,9,0.01291248206599713,34850
-0.65,-0.6,0.7999999999999998,0.8499999999999999,3,0.00430416068866571,34850
-0.65,-0.6,0.8499999999999999,0.8999999999999997,1,0.0014347202295552368,34850
-0.65,-0.6,0.8999999999999997,0.95,2,0.0028694404591104736,34850
-0.65,-0.6,0.95,0.9999999999999998,0,0.0,34850
-0.65,-0.6,0.9999999999999998,1.05,0,0.0,34850
-0.65,-0.6,1.05,1.0999999999999999,0,0.0,34850
-0.65,-0.6,1.0999999999999999,1.1499999999999997,0,0.0,34850
-0.65,-0.6,1.1499999999999997,1.2,0,0.0,34850
-0.6,-0.55,-1.2,-1.15,0,0.0,34850
-0.6,-0.55,-1.15,-1.0999999999999999,0,0.0,34850
-0.6,-0.55,-1.0999999999999999,-1.05,0,0.0,34850
-0.6,-0.55,-1.05,-1.0,0,0.0,34850
-0.6,-0.55,-1.0,-0.95,0,0.0,34850
-0.6,-0.55,-0.95,-0.8999999999999999,0,0.0,34850
-0.6,-0.55,-0.8999999999999999,-0.85,0,0.0,34850
-0.6,-0.55,-0.85,-0.8,0,0.0,34850
-0.6,-0.55,-0.8,-0.75,0,0.0,34850
-0.6,-0.55,-0.75,-0.7,2,0.0028694404591104736,34850
-0.6,-0.55,-0.7,-0.65,0,0.0,34850
-0.6,-0.55,-0.65,-0.6,4,0.005738880918220947,34850
-0.6,-0.55,-0.6,-0.55,2,0.0028694404591104736,34850
-0.6,-0.55,-0.55,-0.5,0,0.0,34850
-0.6,-0.55,-0.5,-0.45000000000000007,3,0.00430416068866571,34850
-0.6,-0.55,-0.45000000000000007,-0.4,2,0.0028694404591104736,34850
-0.6,-0.55,-0.4,-0.35,2,0.0028694404591104736,34850
-0.6,-0.55,-0.35,-0.30000000000000004,6,0.00860832137733142,34850
-0.6,-0.55,-0.30000000000000004,-0.25,4,0.005738880918220947,34850
-0.6,-0.55,-0.25,-0.20000000000000007,5,0.007173601147776184,34850
-0.6,-0.55,-0.20000000000000007,-0.15000000000000013,7,0.010043041606886658,34850
-0.6,-0.55,-0.15000000000000013,-0.10000000000000009,6,0.00860832137733142,34850
-0.6,-0.55,-0.10000000000000009,-0.050000000000000044,9,0.01291248206599713,34850
-0.6,-0.55,-0.050000000000000044,0.0,11,0.015781922525107607,34850
-0.6,-0.55,0.0,0.050000000000000044,25,0.03586800573888092,34850
-0.6,-0.55,0.050000000000000044,0.09999999999999987,18,0.02582496413199426,34850
-0.6,-0.55,0.09999999999999987,0.1499999999999999,21,0.03012912482065997,34850
-0.6,-0.55,0.1499999999999999,0.19999999999999996,21,0.03012912482065997,34850
-0.6,-0.55,0.19999999999999996,0.25,15,0.02152080344332855,34850
-0.6,-0.55,0.25,0.2999999999999998,23,0.03299856527977044,34850
-0.6,-0.55,0.2999999999999998,0.34999999999999987,19,0.027259684361549495,34850
-0.6,-0.55,0.34999999999999987,0.3999999999999999,22,0.031563845050215214,34850
-0.6,-0.55,0.3999999999999999,0.44999999999999996,16,0.02295552367288379,34850
-0.6,-0.55,0.44999999999999996,0.5,27,0.03873744619799139,34850
-0.6,-0.55,0.5,0.5499999999999998,16,0.02295552367288379,34850
-0.6,-0.55,0.5499999999999998,0.5999999999999999,11,0.015781922525107607,34850
-0.6,-0.55,0.5999999999999999,0.6499999999999999,13,0.018651362984218076,34850
-0.6,-0.55,0.6499999999999999,0.7,9,0.01291248206599713,34850
-0.6,-0.55,0.7,0.7499999999999998,12,0.01721664275466284,34850
-0.6,-0.55,0.7499999999999998,0.7999999999999998,5,0.007173601147776184,34850
-0.6,-0.55,0.7999999999999998,0.8499999999999999,2,0.0028694404591104736,34850
-0.6,-0.55,0.8499999999999999,0.8999999999999997,5,0.007173601147776184,34850
-0.6,-0.55,0.8999999999999997,0.95,1,0.0014347202295552368,34850
-0.6,-0.55,0.95,0.9999999999999998,0,0.0,34850
-0.6,-0.55,0.9999999999999998,1.05,1,0.0014347202295552368,34850
-0.6,-0.55,1.05,1.0999999999999999,0,0.0,34850
-0.6,-0.55,1.0999999999999999,1.1499999999999997,0,0.0,34850
-0.6,-0.55,1.1499999999999997,1.2,0,0.0,34850
-0.55,-0.5,-1.2,-1.15,0,0.0,34850
-0.55,-0.5,-1.15,-1.0999999999999999,0,0.0,34850
-0.55,-0.5,-1.0999999999999999,-1.05,0,0.0,34850
-0.55,-0.5,-1.05,-1.0,0,0.0,34850
-0.55,-0.5,-1.0,-0.95,0,0.0,34850
-0.55,-0.5,-0.95,-0.8999999999999999,0,0.0,34850
-0.55,-0.5,-0.8999999999999999,-0.85,0,0.0,34850
-0.55,-0.5,-0.85,-0.8,0,0.0,34850
-0.55,-0.5,-0.8,-0.75,3,0.00430416068866571,34850
-0.55,-0.5,-0.75,-0.7,0,0.0,34850
-0.55,-0.5,-0.7,-0.65,0,0.0,34850
-0.55,-0.5,-0.65,-0.6,0,0.0,34850
-0.55,-0.5,-0.6,-0.55,0,0.0,34850
-0.55,-0.5,-0.55,-0.5,2,0.0028694404591104736,34850
-0.55,-0.5,-0.5,-0.45000000000000007,3,0.00430416068866571,34850
-0.55,-0.5,-0.45000000000000007,-0.4,3,0.00430416068866571,34850
-0.55,-0.5,-0.4,-0.35,2,0.0028694404591104736,34850
-0.55,-0.5,-0.35,-0.30000000000000004,2,0.0028694404591104736,34850
-0.55,-0.5,-0.30000000000000004,-0.25,7,0.010043041606886658,34850
-0.55,-0.5,-0.25,-0.20000000000000007,9,0.01291248206599713,34850
-0.55,-0.5,-0.20000000000000007,-0.15000000000000013,9,0.01291248206599713,34850
-0.55,-0.5,-0.15000000000000013,-0.10000000000000009,7,0.010043041606886658,34850
-0.55,-0.5,-0.10000000000000009,-0.050000000000000044,14,0.020086083213773316,34850
-0.55,-0.5,-0.050000000000000044,0.0,16,0.02295552367288379,34850
-0.55,-0.5,0.0,0.050000000000000044,20,0.028694404591104734,34850
-0.55,-0.5,0.050000000000000044,0.09999999999999987,12,0.01721664275466284,34850
-0.55,-0.5,0.09999999999999987,0.1499999999999999,31,0.04447632711621234,34850
-0.55,-0.5,0.1499999999999999,0.19999999999999996,24,0.03443328550932568,34850
-0.55,-0.5,0.19999999999999996,0.25,19,0.027259684361549495,34850
-0.55,-0.5,0.25,0.2999999999999998,28,0.04017216642754663,34850
-0.55,-0.5,0.2999999999999998,0.34999999999999987,27,0.03873744619799139,34850
-0.55,-0.5,0.34999999999999987,0.3999999999999999,32,0.04591104734576758,34850
-0.55,-0.5,0.3999999999999999,0.44999999999999996,13,0.018651362984218076,34850
-0.55,-0.5,0.44999999999999996,0.5,18,0.02582496413199426,34850
-0.55,-0.5,0.5,0.5499999999999998,20,0.028694404591104734,34850
-0.55,-0.5,0.5499999999999998,0.5999999999999999,19,0.027259684361549495,34850
-0.55,-0.5,0.5999999999999999,0.6499999999999999,15,0.02152080344332855,34850
-0.55,-0.5,0.6499999999999999,0.7,17,0.024390243902439025,34850
-0.55,-0.5,0.7,0.7499999999999998,10,0.014347202295552367,34850
-0.55,-0.5,0.7499999999999998,0.7999999999999998,9,0.01291248206599713,34850
-0.55,-0.5,0.7999999999999998,0.8499999999999999,6,0.00860832137733142,34850
-0.55,-0.5,0.8499999999999999,0.8999999999999997,6,0.00860832137733142,34850
-0.55,-0.5,0.8999999999999997,0.95,3,0.00430416068866571,34850
-0.55,-0.5,0.95,0.9999999999999998,0,0.0,34850
-0.55,-0.5,0.9999999999999998,1.05,0,0.0,34850
-0.55,-0.5,1.05,1.0999999999999999,0,0.0,34850
-0.55,-0.5,1.0999999999999999,1.1499999999999997,0,0.0,34850
-0.55,-0.5,1.1499999999999997,1.2,0,0.0,34850
-0.5,-0.45000000000000007,-1.2,-1.15,0,0.0,34850
-0.5,-0.45000000000000007,-1.15,-1.0999999999999999,0,0.0,34850
-0.5,-0.45000000000000007,-1.0999999999999999,-1.05,0,0.0,34850
-0.5,-0.45000000000000007,-1.05,-1.0,0,0.0,34850
-0.5,-0.45000000000000007,-1.0,-0.95,0,0.0,34850
-0.5,-0.45000000000000007,-0.95,-0.8999999999999999,0,0.0,34850
-0.5,-0.45000000000000007,-0.8999999999999999,-0.85,1,0.0014347202295552368,34850
-0.5,-0.45000000000000007,-0.85,-0.8,0,0.0,34850
-0.5,-0.45000000000000007,-0.8,-0.75,1,0.0014347202295552368,34850
-0.5,-0.45000000000000007,-0.75,-0.7,2,0.0028694404591104736,34850
-0.5,-0.45000000000000007,-0.7,-0.65,2,0.0028694404591104736,34850
-0.5,-0.45000000000000007,-0.65,-0.6,3,0.00430416068866571,34850
-0.5,-0.45000000000000007,-0.6,-0.55,3,0.00430416068866571,34850
-0.5,-0.45000000000000007,-0.55,-0.5,3,0.00430416068866571,34850
-0.5,-0.45000000000000007,-0.5,-0.45000000000000007,6,0.00860832137733142,34850
-0.5,-0.45000000000000007,-0.45000000000000007,-0.4,8,0.011477761836441894,34850
-0.5,-0.45000000000000007,-0.4,-0.35,7,0.010043041606886658,34850
-0.5,-0.45000000000000007,-0.35,-0.30000000000000004,4,0.005738880918220947,34850
-0.5,-0.45000000000000007,-0.30000000000000004,-0.25,6,0.00860832137733142,34850
-0.5,-0.45000000000000007,-0.25,-0.20000000000000007,21,0.03012912482065997,34850
-0.5,-0.45000000000000007,-0.20000000000000007,-0.15000000000000013,17,0.024390243902439025,34850
-0.5,-0.45000000000000007,-0.15000000000000013,-0.10000000000000009,12,0.01721664275466284,34850
-0.5,-0.45000000000000007,-0.10000000000000009,-0.050000000000000044,13,0.018651362984218076,34850
-0.5,-0.45000000000000007,-0.050000000000000044,0.0,23,0.03299856527977044,34850
-0.5,-0.45000000000000007,0.0,0.050000000000000044,25,0.03586800573888092,34850
-0.5,-0.45000000000000007,0.050000000000000044,0.09999999999999987,23,0.03299856527977044,34850
-0.5,-0.45000000000000007,0.09999999999999987,0.1499999999999999,37,0.05308464849354376,34850
-0.5,-0.45000000000000007,0.1499999999999999,0.19999999999999996,37,0.05308464849354376,34850
-0.5,-0.45000000000000007,0.19999999999999996,0.25,27,0.03873744619799139,34850
-0.5,-0.45000000000000007,0.25,0.2999999999999998,55,0.07890961262553801,34850
-0.5,-0.45000000000000007,0.2999999999999998,0.34999999999999987,39,0.05595408895265423,34850
-0.5,-0.45000000000000007,0.34999999999999987,0.3999999999999999,39,0.05595408895265423,34850
-0.5,-0.45000000000000007,0.3999999999999999,0.44999999999999996,32,0.04591104734576758,34850
-0.5,-0.45000000000000007,0.44999999999999996,0.5,30,0.0430416068866571,34850
-0.5,-0.45000000000000007,0.5,0.5499999999999998,24,0.03443328550932568,34850
-0.5,-0.45000000000000007,0.5499999999999998,0.5999999999999999,27,0.03873744619799139,34850
-0.5,-0.45000000000000007,0.5999999999999999,0.6499999999999999,16,0.02295552367288379,34850
-0.5,-0.45000000000000007,0.6499999999999999,0.7,12,0.01721664275466284,34850
-0.5,-0.45000000000000007,0.7,0.7499999999999998,17,0.024390243902439025,34850
-0.5,-0.45000000000000007,0.7499999999999998,0.7999999999999998,4,0.005738880918220947,34850
-0.5,-0.45000000000000007,0.7999999999999998,0.8499999999999999,6,0.00860832137733142,34850
-0.5,-0.45000000000000007,0.8499999999999999,0.8999999999999997,2,0.0028694404591104736,34850
-0.5,-0.45000000000000007,0.8999999999999997,0.95,3,0.00430416068866571,34850
-0.5,-0.45000000000000007,0.95,0.9999999999999998,3,0.00430416068866571,34850
-0.5,-0.45000000000000007,0.9999999999999998,1.05,1,0.0014347202295552368,34850
-0.5,-0.45000000000000007,1.05,1.0999999999999999,0,0.0,34850
-0.5,-0.45000000000000007,1.0999999999999999,1.1499999999999997,0,0.0,34850
-0.5,-0.45000000000000007,1.1499999999999997,1.2,0,0.0,34850
-0.45000000000000007,-0.4,-1.2,-1.15,0,0.0,34850
-0.45000000000000007,-0.4,-1.15,-1.0999999999999999,0,0.0,34850
-0.45000000000000007,-0.4,-1.0999999999999999,-1.05,0,0.0,34850
-0.45000000000000007,-0.4,-1.05,-1.0,0,0.0,34850
-0.45000000000000007,-0.4,-1.0,-0.95,0,0.0,34850
-0.45000000000000007,-0.4,-0.95,-0.8999999999999999,0,0.0,34850
-0.45000000000000007,-0.4,-0.8999999999999999,-0.85,1,0.0014347202295552368,34850
-0.45000000000000007,-0.4,-0.85,-0.8,0,0.0,34850
-0.45000000000000007,-0.4,-0.8,-0.75,0,0.0,34850
-0.45000000000000007,-0.4,-0.75,-0.7,2,0.0028694404591104736,34850
-0.45000000000000007,-0.4,-0.7,-0.65,1,0.0014347202295552368,34850
-0.45000000000000007,-0.4,-0.65,-0.6,1,0.0014347202295552368,34850
-0.45000000000000007,-0.4,-0.6,-0.55,2,0.0028694404591104736,34850
-0.45000000000000007,-0.4,-0.55,-0.5,3,0.00430416068866571,34850
-0.45000000000000007,-0.4,-0.5,-0.45000000000000007,8,0.011477761836441894,34850
-0.45000000000000007,-0.4,-0.45000000000000007,-0.4,0,0.0,34850
-0.45000000000000007,-0.4,-0.4,-0.35,3,0.00430416068866571,34850
-0.45000000000000007,-0.4,-0.35,-0.30000000000000004,13,0.018651362984218076,34850
-0.45000000000000007,-0.4,-0.30000000000000004,-0.25,13,0.018651362984218076,34850
-0.45000000000000007,-0.4,-0.25,-0.20000000000000007,11,0.015781922525107607,34850
-0.45000000000000007,-0.4,-0.20000000000000007,-0.15000000000000013,16,0.02295552367288379,34850
-0.45000000000000007,-0.4,-0.15000000000000013,-0.10000000000000009,22,0.031563845050215214,34850
-0.45000000000000007,-0.4,-0.10000000000000009,-0.050000000000000044,18,0.02582496413199426,34850
-0.45000000000000007,-0.4,-0.050000000000000044,0.0,29,0.04160688665710186,34850
-0.45000000000000007,-0.4,0.0,0.050000000000000044,26,0.03730272596843615,34850
-0.45000000000000007,-0.4,0.050000000000000044,0.09999999999999987,33,0.04734576757532281,34850
-0.45000000000000007,-0.4,0.09999999999999987,0.1499999999999999,44,0.06312769010043043,34850
-0.45000000000000007,-0.4,0.1499999999999999,0.19999999999999996,48,0.06886657101865136,34850
-0.45000000000000007,-0.4,0.19999999999999996,0.25,53,0.07604017216642756,34850
-0.45000000000000007,-0.4,0.25,0.2999999999999998,51,0.07317073170731707,34850
-0.45000000000000007,-0.4,0.2999999999999998,0.34999999999999987,46,0.06599713055954089,34850
-0.45000000000000007,-0.4,0.34999999999999987,0.3999999999999999,49,0.0703012912482066,34850
-0.45000000000000007,-0.4,0.3999999999999999,0.44999999999999996,46,0.06599713055954089,34850
-0.45000000000000007,-0.4,0.44999999999999996,0.5,32,0.04591104734576758,34850
-0.45000000000000007,-0.4,0.5,0.5499999999999998,34,0.04878048780487805,34850
-0.45000000000000007,-0.4,0.5499999999999998,0.5999999999999999,20,0.028694404591104734,34850
-0.45000000000000007,-0.4,0.5999999999999999,0.6499999999999999,21,0.03012912482065997,34850
-0.45000000000000007,-0.4,0.6499999999999999,0.7,23,0.03299856527977044,34850
-0.45000000000000007,-0.4,0.7,0.7499999999999998,13,0.018651362984218076,34850
-0.45000000000000007,-0.4,0.7499999999999998,0.7999999999999998,12,0.01721664275466284,34850
-0.45000000000000007,-0.4,0.7999999999999998,0.8499999999999999,6,0.00860832137733142,34850
-0.45000000000000007,-0.4,0.8499999999999999,0.8999999999999997,2,0.0028694404591104736,34850
-0.45000000000000007,-0.4,0.8999999999999997,0.95,1,0.0014347202295552368,34850
-0.45000000000000007,-0.4,0.95,0.9999999999999998,2,0.0028694404591104736,34850
-0.45000000000000007,-0.4,0.9999999999999998,1.05,0,0.0,34850
-0.45000000000000007,-0.4,1.05,1.0999999999999999,0,0.0,34850
-0.45000000000000007,-0.4,1.0999999999999999,1.1499999999999997,0,0.0,34850
-0.45000000000000007,-0.4,1.1499999999999997,1.2,0,0.0,34850
-0.4,-0.35,-1.2,-1.15,0,0.0,34850
-0.4,-0.35,-1.15,-1.0999999999999999,0,0.0,34850
-0.4,-0.35,-1.0999999999999999,-1.05,1,0.0014347202295552368,34850
-0.4,-0.35,-1.05,-1.0,0,0.0,34850
-0.4,-0.35,-1.0,-0.95,0,0.0,34850
-0.4,-0.35,-0.95,-0.8999999999999999,1,0.0014347202295552368,34850
-0.4,-0.35,-0.8999999999999999,-0.85,0,0.0,34850
-0.4,-0.35,-0.85,-0.8,1,0.0014347202295552368,34850
-0.4,-0.35,-0.8,-0.75,0,0.0,34850
-0.4,-0.35,-0.75,-0.7,2,0.0028694404591104736,34850
-0.4,-0.35,-0.7,-0.65,1,0.0014347202295552368,34850
-0.4,-0.35,-0.65,-0.6,0,0.0,34850
-0.4,-0.35,-0.6,-0.55,2,0.0028694404591104736,34850
-0.4,-0.35,-0.55,-0.5,2,0.0028694404591104736,34850
-0.4,-0.35,-0.5,-0.45000000000000007,7,0.010043041606886658,34850
-0.4,-0.35,-0.45000000000000007,-0.4,3,0.00430416068866571,34850
-0.4,-0.35,-0.4,-0.35,16,0.02295552367288379,34850
-0.4,-0.35,-0.35,-0.30000000000000004,10,0.014347202295552367,34850
-0.4,-0.35,-0.30000000000000004,-0.25,15,0.02152080344332855,34850
-0.4,-0.35,-0.25,-0.20000000000000007,6,0.00860832137733142,34850
-0.4,-0.35,-0.20000000000000007,-0.15000000000000013,21,0.03012912482065997,34850
-0.4,-0.35,-0.15000000000000013,-0.10000000000000009,25,0.03586800573888092,34850
-0.4,-0.35,-0.10000000000000009,-0.050000000000000044,23,0.03299856527977044,34850
-0.4,-0.35,-0.050000000000000044,0.0,38,0.05451936872309899,34850
-0.4,-0.35,0.0,0.050000000000000044,35,0.05021520803443328,34850
-0.4,-0.35,0.050000000000000044,0.09999999999999987,34,0.04878048780487805,34850
-0.4,-0.35,0.09999999999999987,0.1499999999999999,45,0.06456241032998565,34850
-0.4,-0.35,0.1499999999999999,0.19999999999999996,68,0.0975609756097561,34850
-0.4,-0.35,0.19999999999999996,0.25,55,0.07890961262553801,34850
-0.4,-0.35,0.25,0.2999999999999998,60,0.0860832137733142,34850
-0.4,-0.35,0.2999999999999998,0.34999999999999987,62,0.08895265423242468,34850
-0.4,-0.35,0.34999999999999987,0.3999999999999999,56,0.08034433285509326,34850
-0.4,-0.35,0.3999999999999999,0.44999999999999996,41,0.0588235294117647,34850
-0.4,-0.35,0.44999999999999996,0.5,45,0.06456241032998565,34850
-0.4,-0.35,0.5,0.5499999999999998,37,0.05308464849354376,34850
-0.4,-0.35,0.5499999999999998,0.5999999999999999,17,0.024390243902439025,34850
-0.4,-0.35,0.5999999999999999,0.6499999999999999,27,0.03873744619799139,34850
-0.4,-0.35,0.6499999999999999,0.7,14,0.020086083213773316,34850
-0.4,-0.35,0.7,0.7499999999999998,14,0.020086083213773316,34850
-0.4,-0.35,0.7499999999999998,0.7999999999999998,6,0.00860832137733142,34850
-0.4,-0.35,0.7999999999999998,0.8499999999999999,6,0.00860832137733142,34850
-0.4,-0.35,0.8499999999999999,0.8999999999999997,3,0.00430416068866571,34850
-0.4,-0.35,0.8999999999999997,0.95,0,0.0,34850
-0.4,-0.35,0.95,0.9999999999999998,3,0.00430416068866571,34850
-0.4,-0.35,0.9999999999999998,1.05,0,0.0,34850
-0.4,-0.35,1.05,1.0999999999999999,0,0.0,34850
-0.4,-0.35,1.0999999999999999,1.1499999999999997,0,0.0,34850
-0.4,-0.35,1.1499999999999997,1.2,0,0.0,34850
-0.35,-0.30000000000000004,-1.2,-1.15,0,0.0,34850
-0.35,-0.30000000000000004,-1.15,-1.0999999999999999,0,0.0,34850
-0.35,-0.30000000000000004,-1.0999999999999999,-1.05,1,0.0014347202295552368,34850
-0.35,-0.30000000000000004,-1.05,-1.0,0,0.0,34850
-0.35,-0.30000000000000004,-1.0,-0.95,0,0.0,34850
-0.35,-0.30000000000000004,-0.95,-0.8999999999999999,0,0.0,34850
-0.35,-0.30000000000000004,-0.8999999999999999,-0.85,0,0.0,34850
-0.35,-0.30000000000000004,-0.85,-0.8,0,0.0,34850
-0.35,-0.30000000000000004,-0.8,-0.75,2,0.0028694404591104736,34850
-0.35,-0.30000000000000004,-0.75,-0.7,0,0.0,34850
-0.35,-0.30000000000000004,-0.7,-0.65,1,0.0014347202295552368,34850
-0.35,-0.30000000000000004,-0.65,-0.6,2,0.0028694404591104736,34850
-0.35,-0.30000000000000004,-0.6,-0.55,6,0.00860832137733142,34850
-0.35,-0.30000000000000004,-0.55,-0.5,2,0.0028694404591104736,34850
-0.35,-0.30000000000000004,-0.5,-0.45000000000000007,4,0.005738880918220947,34850
-0.35,-0.30000000000000004,-0.45000000000000007,-0.4,13,0.018651362984218076,34850
-0.35,-0.30000000000000004,-0.4,-0.35,10,0.014347202295552367,34850
-0.35,-0.30000000000000004,-0.35,-0.30000000000000004,12,0.01721664275466284,34850
-0.35,-0.30000000000000004,-0.30000000000000004,-0.25,18,0.02582496413199426,34850
-0.35,-0.30000000000000004,-0.25,-0.20000000000000007,29,0.04160688665710186,34850
-0.35,-0.30000000000000004,-0.20000000000000007,-0.15000000000000013,21,0.03012912482065997,34850
-0.35,-0.30000000000000004,-0.15000000000000013,-0.10000000000000009,44,0.06312769010043043,34850
-0.35,-0.30000000000000004,-0.10000000000000009,-0.050000000000000044,33,0.04734576757532281,34850
-0.35,-0.30000000000000004,-0.050000000000000044,0.0,42,0.06025824964131994,34850
-0.35,-0.30000000000000004,0.0,0.050000000000000044,40,0.05738880918220947,34850
-0.35,-0.30000000000000004,0.050000000000000044,0.09999999999999987,60,0.0860832137733142,34850
-0.35,-0.30000000000000004,0.09999999999999987,0.1499999999999999,58,0.08321377331420372,34850
-0.35,-0.30000000000000004,0.1499999999999999,0.19999999999999996,79,0.1133428981348637,34850
-0.35,-0.30000000000000004,0.19999999999999996,0.25,67,0.09612625538020086,34850
-0.35,-0.30000000000000004,0.25,0.2999999999999998,76,0.10903873744619798,34850
-0.35,-0.30000000000000004,0.2999999999999998,0.34999999999999987,75,0.10760401721664276,34850
-0.35,-0.30000000000000004,0.34999999999999987,0.3999999999999999,86,0.12338593974175036,34850
-0.35,-0.30000000000000004,0.3999999999999999,0.44999999999999996,74,0.10616929698708752,34850
-0.35,-0.30000000000000004,0.44999999999999996,0.5,55,0.07890961262553801,34850
-0.35,-0.30000000000000004,0.5,0.5499999999999998,42,0.06025824964131994,34850
-0.35,-0.30000000000000004,0.5499999999999998,0.5999999999999999,33,0.04734576757532281,34850
-0.35,-0.30000000000000004,0.5999999999999999,0.6499999999999999,29,0.04160688665710186,34850
-0.35,-0.30000000000000004,0.6499999999999999,0.7,20,0.028694404591104734,34850
-0.35,-0.30000000000000004,0.7,0.7499999999999998,11,0.015781922525107607,34850
-0.35,-0.30000000000000004,0.7499999999999998,0.7999999999999998,7,0.010043041606886658,34850
-0.35,-0.30000000000000004,0.7999999999999998,0.8499999999999999,11,0.015781922525107607,34850
-0.35,-0.30000000000000004,0.8499999999999999,0.8999999999999997,3,0.00430416068866571,34850
-0.35,-0.30000000000000004,0.8999999999999997,0.95,9,0.01291248206599713,34850
-0.35,-0.30000000000000004,0.95,0.9999999999999998,0,0.0,34850
-0.35,-0.30000000000000004,0.9999999999999998,1.05,0,0.0,34850
-0.35,-0.30000000000000004,1.05,1.0999999999999999,3,0.00430416068866571,34850
-0.35,-0.30000000000000004,1.0999999999999999,1.1499999999999997,0,0.0,34850
-0.35,-0.30000000000000004,1.1499999999999997,1.2,0,0.0,34850
-0.30000000000000004,-0.25,-1.2,-1.15,0,0.0,34850
-0.30000000000000004,-0.25,-1.15,-1.0999999999999999,0,0.0,34850
-0.30000000000000004,-0.25,-1.0999999999999999,-1.05,0,0.0,34850
-0.30000000000000004,-0.25,-1.05,-1.0,0,0.0,34850
-0.30000000000000004,-0.25,-1.0,-0.95,0,0.0,34850
-0.30000000000000004,-0.25,-0.95,-0.8999999999999999,0,0.0,34850
-0.30000000000000004,-0.25,-0.8999999999999999,-0.85,0,0.0,34850
-0.30000000000000004,-0.25,-0.85,-0.8,1,0.0014347202295552368,34850
-0.30000000000000004,-0.25,-0.8,-0.75,0,0.0,34850
-0.30000000000000004,-0.25,-0.75,-0.7,1,0.0014347202295552368,34850
-0.30000000000000004,-0.25,-0.7,-0.65,4,0.005738880918220947,34850
-0.30000000000000004,-0.25,-0.65,-0.6,3,0.00430416068866571,34850
-0.30000000000000004,-0.25,-0.6,-0.55,4,0.005738880918220947,34850
-0.30000000000000004,-0.25,-0.55,-0.5,7,0.010043041606886658,34850
-0.30000000000000004,-0.25,-0.5,-0.45000000000000007,6,0.00860832137733142,34850
-0.30000000000000004,-0.25,-0.45000000000000007,-0.4,13,0.018651362984218076,34850
-0.30000000000000004,-0.25,-0.4,-0.35,15,0.02152080344332855,34850
-0.30000000000000004,-0.25,-0.35,-0.30000000000000004,18,0.02582496413199426,34850
-0.30000000000000004,-0.25,-0.30000000000000004,-0.25,20,0.028694404591104734,34850
-0.30000000000000004,-0.25,-0.25,-0.20000000000000007,34,0.04878048780487805,34850
-0.30000000000000004,-0.25,-0.20000000000000007,-0.15000000000000013,30,0.0430416068866571,34850
-0.30000000000000004,-0.25,-0.15000000000000013,-0.10000000000000009,34,0.04878048780487805,34850
-0.30000000000000004,-0.25,-0.10000000000000009,-0.050000000000000044,47,0.06743185078909614,34850
-0.30000000000000004,-0.25,-0.050000000000000044,0.0,46,0.06599713055954089,34850
-0.30000000000000004,-0.25,0.0,0.050000000000000044,69,0.09899569583931134,34850
-0.30000000000000004,-0.25,0.050000000000000044,0.09999999999999987,72,0.10329985652797705,34850
-0.30000000000000004,-0.25,0.09999999999999987,0.1499999999999999,92,0.13199426111908177,34850
-0.30000000000000004,-0.25,0.1499999999999999,0.19999999999999996,126,0.1807747489239598,34850
-0.30000000000000004,-0.25,0.19999999999999996,0.25,105,0.15064562410329987,34850
-0.30000000000000004,-0.25,0.25,0.2999999999999998,112,0.16068866571018653,34850
-0.30000000000000004,-0.25,0.2999999999999998,0.34999999999999987,94,0.13486370157819227,34850
-0.30000000000000004,-0.25,0.34999999999999987,0.3999999999999999,79,0.1133428981348637,34850
-0.30000000000000004,-0.25,0.3999999999999999,0.44999999999999996,62,0.08895265423242468,34850
-0.30000000000000004,-0.25,0.44999999999999996,0.5,53,0.07604017216642756,34850
-0.30000000000000004,-0.25,0.5,0.5499999999999998,65,0.09325681492109039,34850
-0.30000000000000004,-0.25,0.5499999999999998,0.5999999999999999,39,0.05595408895265423,34850
-0.30000000000000004,-0.25,0.5999999999999999,0.6499999999999999,24,0.03443328550932568,34850
-0.30000000000000004,-0.25,0.6499999999999999,0.7,35,0.05021520803443328,34850
-0.30000000000000004,-0.25,0.7,0.7499999999999998,20,0.028694404591104734,34850
-0.30000000000000004,-0.25,0.7499999999999998,0.7999999999999998,6,0.00860832137733142,34850
-0.30000000000000004,-0.25,0.7999999999999998,0.8499999999999999,3,0.00430416068866571,34850
-0.30000000000000004,-0.25,0.8499999999999999,0.8999999999999997,2,0.0028694404591104736,34850
-0.30000000000000004,-0.25,0.8999999999999997,0.95,2,0.0028694404591104736,34850
-0.30000000000000004,-0.25,0.95,0.9999999999999998,1,0.0014347202295552368,34850
-0.30000000000000004,-0.25,0.9999999999999998,1.05,0,0.0,34850
-0.30000000000000004,-0.25,1.05,1.0999999999999999,2,0.0028694404591104736,34850
-0.30000000000000004,-0.25,1.0999999999999999,1.1499999999999997,0,0.0,34850
-0.30000000000000004,-0.25,1.1499999999999997,1.2,0,0.0,34850
-0.25,-0.20000000000000007,-1.2,-1.15,0,0.0,34850
-0.25,-0.20000000000000007,-1.15,-1.0999999999999999,0,0.0,34850
-0.25,-0.20000000000000007,-1.0999999999999999,-1.05,0,0.0,34850
-0.25,-0.20000000000000007,-1.05,-1.0,0,0.0,34850
-0.25,-0.20000000000000007,-1.0,-0.95,0,0.0,34850
-0.25,-0.20000000000000007,-0.95,-0.8999999999999999,0,0.0,34850
-0.25,-0.20000000000000007,-0.8999999999999999,-0.85,0,0.0,34850
-0.25,-0.20000000000000007,-0.85,-0.8,0,0.0,34850
-0.25,-0.20000000000000007,-0.8,-0.75,0,0.0,34850
-0.25,-0.20000000000000007,-0.75,-0.7,0,0.0,34850
-0.25,-0.20000000000000007,-0.7,-0.65,1,0.0014347202295552368,34850
-0.25,-0.20000000000000007,-0.65,-0.6,3,0.00430416068866571,34850
-0.25,-0.20000000000000007,-0.6,-0.55,5,0.007173601147776184,34850
-0.25,-0.20000000000000007,-0.55,-0.5,9,0.01291248206599713,34850
-0.25,-0.20000000000000007,-0.5,-0.45000000000000007,21,0.03012912482065997,34850
-0.25,-0.20000000000000007,-0.45000000000000007,-0.4,11,0.015781922525107607,34850
-0.25,-0.20000000000000007,-0.4,-0.35,6,0.00860832137733142,34850
-0.25,-0.20000000000000007,-0.35,-0.30000000000000004,29,0.04160688665710186,34850
-0.25,-0.20000000000000007,-0.30000000000000004,-0.25,34,0.04878048780487805,34850
-0.25,-0.20000000000000007,-0.25,-0.20000000000000007,26,0.03730272596843615,34850
-0.25,-0.20000000000000007,-0.20000000000000007,-0.15000000000000013,41,0.0588235294117647,34850
-0.25,-0.20000000000000007,-0.15000000000000013,-0.10000000000000009,55,0.07890961262553801,34850
-0.25,-0.20000000000000007,-0.10000000000000009,-0.050000000000000044,50,0.07173601147776185,34850
-0.25,-0.20000000000000007,-0.050000000000000044,0.0,66,0.09469153515064561,34850
-0.25,-0.20000000000000007,0.0,0.050000000000000044,79,0.1133428981348637,34850
-0.25,-0.20000000000000007,0.050000000000000044,0.09999999999999987,114,0.16355810616929697,34850
-0.25,-0.20000000000000007,0.09999999999999987,0.1499999999999999,121,0.17360114777618363,34850
-0.25,-0.20000000000000007,0.1499999999999999,0.19999999999999996,124,0.17790530846484937,34850
-0.25,-0.20000000000000007,0.19999999999999996,0.25,170,0.24390243902439024,34850
-0.25,-0.20000000000000007,0.25,0.2999999999999998,165,0.23672883787661408,34850
-0.25,-0.20000000000000007,0.2999999999999998,0.34999999999999987,115,0.1649928263988522,34850
-0.25,-0.20000000000000007,0.34999999999999987,0.3999999999999999,126,0.1807747489239598,34850
-0.25,-0.20000000000000007,0.3999999999999999,0.44999999999999996,112,0.16068866571018653,34850
-0.25,-0.20000000000000007,0.44999999999999996,0.5,88,0.12625538020086086,34850
-0.25,-0.20000000000000007,0.5,0.5499999999999998,67,0.09612625538020086,34850
-0.25,-0.20000000000000007,0.5499999999999998,0.5999999999999999,45,0.06456241032998565,34850
-0.25,-0.20000000000000007,0.5999999999999999,0.6499999999999999,31,0.04447632711621234,34850
-0.25,-0.20000000000000007,0.6499999999999999,0.7,28,0.04017216642754663,34850
-0.25,-0.20000000000000007,0.7,0.7499999999999998,12,0.01721664275466284,34850
-0.25,-0.20000000000000007,0.7499999999999998,0.7999999999999998,5,0.007173601147776184,34850
-0.25,-0.20000000000000007,0.7999999999999998,0.8499999999999999,2,0.0028694404591104736,34850
-0.25,-0.20000000000000007,0.8499999999999999,0.8999999999999997,9,0.01291248206599713,34850
-0.25,-0.20000000000000007,0.8999999999999997,0.95,2,0.0028694404591104736,34850
-0.25,-0.20000000000000007,0.95,0.9999999999999998,1,0.0014347202295552368,34850
-0.25,-0.20000000000000007,0.9999999999999998,1.05,3,0.00430416068866571,34850
-0.25,-0.20000000000000007,1.05,1.0999999999999999,1,0.0014347202295552368,34850
-0.25,-0.20000000000000007,1.0999999999999999,1.1499999999999997,0,0.0,34850
-0.25,-0.20000000000000007,1.1499999999999997,1.2,0,0.0,34850
-0.20000000000000007,-0.15000000000000013,-1.2,-1.15,1,0.0014347202295552368,34850
-0.20000000000000007,-0.15000000000000013,-1.15,-1.0999999999999999,0,0.0,34850
-0.20000000000000007,-0.15000000000000013,-1.0999999999999999,-1.05,0,0.0,34850
-0.20000000000000007,-0.15000000000000013,-1.05,-1.0,0,0.0,34850
-0.20000000000000007,-0.15000000000000013,-1.0,-0.95,0,0.0,34850
-0.20000000000000007,-0.15000000000000013,-0.95,-0.8999999999999999,0,0.0,34850
-0.20000000000000007,-0.15000000000000013,-0.8999999999999999,-0.85,0,0.0,34850
-0.20000000000000007,-0.15000000000000013,-0.85,-0.8,0,0.0,34850
-0.20000000000000007,-0.15000000000000013,-0.8,-0.75,0,0.0,34850
-0.20000000000000007,-0.15000000000000013,-0.75,-0.7,5,0.007173601147776184,34850
-0.20000000000000007,-0.15000000000000013,-0.7,-0.65,3,0.00430416068866571,34850
-0.20000000000000007,-0.15000000000000013,-0.65,-0.6,4,0.005738880918220947,34850
-0.20000000000000007,-0.15000000000000013,-0.6,-0.55,7,0.010043041606886658,34850
-0.20000000000000007,-0.15000000000000013,-0.55,-0.5,9,0.01291248206599713,34850
-0.20000000000000007,-0.15000000000000013,-0.5,-0.45000000000000007,17,0.024390243902439025,34850
-0.20000000000000007,-0.15000000000000013,-0.45000000000000007,-0.4,16,0.02295552367288379,34850
-0.20000000000000007,-0.15000000000000013,-0.4,-0.35,21,0.03012912482065997,34850
-0.20000000000000007,-0.15000000000000013,-0.35,-0.30000000000000004,21,0.03012912482065997,34850
-0.20000000000000007,-0.15000000000000013,-0.30000000000000004,-0.25,30,0.0430416068866571,34850
-0.20000000000000007,-0.15000000000000013,-0.25,-0.20000000000000007,41,0.0588235294117647,34850
-0.20000000000000007,-0.15000000000000013,-0.20000000000000007,-0.15000000000000013,32,0.04591104734576758,34850
-0.20000000000000007,-0.15000000000000013,-0.15000000000000013,-0.10000000000000009,62,0.08895265423242468,34850
-0.20000000000000007,-0.15000000000000013,-0.10000000000000009,-0.050000000000000044,92,0.13199426111908177,34850
-0.20000000000000007,-0.15000000000000013,-0.050000000000000044,0.0,91,0.13055954088952654,34850
-0.20000000000000007,-0.15000000000000013,0.0,0.050000000000000044,118,0.16929698708751795,34850
-0.20000000000000007,-0.15000000000000013,0.050000000000000044,0.09999999999999987,157,0.22525107604017217,34850
-0.20000000000000007,-0.15000000000000013,0.09999999999999987,0.1499999999999999,193,0.2769010043041607,34850
-0.20000000000000007,-0.15000000000000013,0.1499999999999999,0.19999999999999996,207,0.296987087517934,34850
-0.20000000000000007,-0.15000000000000013,0.19999999999999996,0.25,224,0.32137733142037306,34850
-0.20000000000000007,-0.15000000000000013,0.25,0.2999999999999998,197,0.2826398852223816,34850
-0.20000000000000007,-0.15000000000000013,0.2999999999999998,0.34999999999999987,161,0.2309899569583931,34850
-0.20000000000000007,-0.15000000000000013,0.34999999999999987,0.3999999999999999,142,0.20373027259684365,34850
-0.20000000000000007,-0.15000000000000013,0.3999999999999999,0.44999999999999996,120,0.1721664275466284,34850
-0.20000000000000007,-0.15000000000000013,0.44999999999999996,0.5,101,0.1449067431850789,34850
-0.20000000000000007,-0.15000000000000013,0.5,0.5499999999999998,77,0.11047345767575324,34850
-0.20000000000000007,-0.15000000000000013,0.5499999999999998,0.5999999999999999,61,0.08751793400286945,34850
-0.20000000000000007,-0.15000000000000013,0.5999999999999999,0.6499999999999999,38,0.05451936872309899,34850
-0.20000000000000007,-0.15000000000000013,0.6499999999999999,0.7,34,0.04878048780487805,34850
-0.20000000000000007,-0.15000000000000013,0.7,0.7499999999999998,8,0.011477761836441894,34850
-0.20000000000000007,-0.15000000000000013,0.7499999999999998,0.7999999999999998,11,0.015781922525107607,34850
-0.20000000000000007,-0.15000000000000013,0.7999999999999998,0.8499999999999999,8,0.011477761836441894,34850
-0.20000000000000007,-0.15000000000000013,0.8499999999999999,0.8999999999999997,8,0.011477761836441894,34850
-0.20000000000000007,-0.15000000000000013,0.8999999999999997,0.95,1,0.0014347202295552368,34850
-0.20000000000000007,-0.15000000000000013,0.95,0.9999999999999998,0,0.0,34850
-0.20000000000000007,-0.15000000000000013,0.9999999999999998,1.05,0,0.0,34850
-0.20000000000000007,-0.15000000000000013,1.05,1.0999999999999999,3,0.00430416068866571,34850
-0.20000000000000007,-0.15000000000000013,1.0999999999999999,1.1499999999999997,0,0.0,34850
-0.20000000000000007,-0.15000000000000013,1.1499999999999997,1.2,1,0.0014347202295552368,34850
-0.15000000000000013,-0.10000000000000009,-1.2,-1.15,0,0.0,34850
-0.15000000000000013,-0.10000000000000009,-1.15,-1.0999999999999999,0,0.0,34850
-0.15000000000000013,-0.10000000000000009,-1.0999999999999999,-1.05,0,0.0,34850
-0.15000000000000013,-0.10000000000000009,-1.05,-1.0,1,0.0014347202295552368,34850
-0.15000000000000013,-0.10000000000000009,-1.0,-0.95,0,0.0,34850
-0.15000000000000013,-0.10000000000000009,-0.95,-0.8999999999999999,2,0.0028694404591104736,34850
-0.15000000000000013,-0.10000000000000009,-0.8999999999999999,-0.85,1,0.0014347202295552368,34850
-0.15000000000000013,-0.10000000000000009,-0.85,-0.8,1,0.0014347202295552368,34850
-0.15000000000000013,-0.10000000000000009,-0.8,-0.75,3,0.00430416068866571,34850
-0.15000000000000013,-0.10000000000000009,-0.75,-0.7,4,0.005738880918220947,34850
-0.15000000000000013,-0.10000000000000009,-0.7,-0.65,3,0.00430416068866571,34850
-0.15000000000000013,-0.10000000000000009,-0.65,-0.6,4,0.005738880918220947,34850
-0.15000000000000013,-0.10000000000000009,-0.6,-0.55,6,0.00860832137733142,34850
-0.15000000000000013,-0.10000000000000009,-0.55,-0.5,7,0.010043041606886658,34850
-0.15000000000000013,-0.10000000000000009,-0.5,-0.45000000000000007,12,0.01721664275466284,34850
-0.15000000000000013,-0.10000000000000009,-0.45000000000000007,-0.4,22,0.031563845050215214,34850
-0.15000000000000013,-0.10000000000000009,-0.4,-0.35,25,0.03586800573888092,34850
-0.15000000000000013,-0.10000000000000009,-0.35,-0.30000000000000004,44,0.06312769010043043,34850
-0.15000000000000013,-0.10000000000000009,-0.30000000000000004,-0.25,34,0.04878048780487805,34850
-0.15000000000000013,-0.10000000000000009,-0.25,-0.20000000000000007,55,0.07890961262553801,34850
-0.15000000000000013,-0.10000000000000009,-0.20000000000000007,-0.15000000000000013,62,0.08895265423242468,34850
-0.15000000000000013,-0.10000000000000009,-0.15000000000000013,-0.10000000000000009,92,0.13199426111908177,34850
-0.15000000000000013,-0.10000000000000009,-0.10000000000000009,-0.050000000000000044,102,0.14634146341463414,34850
-0.15000000000000013,-0.10000000000000009,-0.050000000000000044,0.0,146,0.20946915351506457,34850
-0.15000000000000013,-0.10000000000000009,0.0,0.050000000000000044,210,0.30129124820659975,34850
-0.15000000000000013,-0.10000000000000009,0.050000000000000044,0.09999999999999987,227,0.32568149210903874,34850
-0.15000000000000013,-0.10000000000000009,0.09999999999999987,0.1499999999999999,265,0.3802008608321377,34850
-0.15000000000000013,-0.10000000000000009,0.1499999999999999,0.19999999999999996,297,0.4261119081779053,34850
-0.15000000000000013,-0.10000000000000009,0.19999999999999996,0.25,282,0.4045911047345767,34850
-0.15000000000000013,-0.10000000000000009,0.25,0.2999999999999998,245,0.351506456241033,34850
-0.15000000000000013,-0.10000000000000009,0.2999999999999998,0.34999999999999987,234,0.3357245337159254,34850
-0.15000000000000013,-0.10000000000000009,0.34999999999999987,0.3999999999999999,169,0.242467718794835,34850
-0.15000000000000013,-0.10000000000000009,0.3999999999999999,0.44999999999999996,156,0.22381635581061693,34850
-0.15000000000000013,-0.10000000000000009,0.44999999999999996,0.5,135,0.19368723098995697,34850
-0.15000000000000013,-0.10000000000000009,0.5,0.5499999999999998,94,0.13486370157819227,34850
-0.15000000000000013,-0.10000000000000009,0.5499999999999998,0.5999999999999999,59,0.08464849354375897,34850
-0.15000000000000013,-0.10000000000000009,0.5999999999999999,0.6499999999999999,41,0.0588235294117647,34850
-0.15000000000000013,-0.10000000000000009,0.6499999999999999,0.7,36,0.05164992826398852,34850
-0.15000000000000013,-0.10000000000000009,0.7,0.7499999999999998,22,0.031563845050215214,34850
-0.15000000000000013,-0.10000000000000009,0.7499999999999998,0.7999999999999998,14,0.020086083213773316,34850
-0.15000000000000013,-0.10000000000000009,0.7999999999999998,0.8499999999999999,4,0.005738880918220947,34850
-0.15000000000000013,-0.10000000000000009,0.8499999999999999,0.8999999999999997,4,0.005738880918220947,34850
-0.15000000000000013,-0.10000000000000009,0.8999999999999997,0.95,5,0.007173601147776184,34850
-0.15000000000000013,-0.10000000000000009,0.95,0.9999999999999998,1,0.0014347202295552368,34850
-0.15000000000000013,-0.10000000000000009,0.9999999999999998,1.05,0,0.0,34850
-0.15000000000000013,-0.10000000000000009,1.05,1.0999999999999999,0,0.0,34850
-0.15000000000000013,-0.10000000000000009,1.0999999999999999,1.1499999999999997,0,0.0,34850
-0.15000000000000013,-0.10000000000000009,1.1499999999999997,1.2,0,0.0,34850
-0.10000000000000009,-0.050000000000000044,-1.2,-1.15,0,0.0,34850
-0.10000000000000009,-0.050000000000000044,-1.15,-1.0999999999999999,0,0.0,34850
-0.10000000000000009,-0.050000000000000044,-1.0999999999999999,-1.05,0,0.0,34850
-0.10000000000000009,-0.050000000000000044,-1.05,-1.0,0,0.0,34850
-0.10000000000000009,-0.050000000000000044,-1.0,-0.95,1,0.0014347202295552368,34850
-0.10000000000000009,-0.050000000000000044,-0.95,-0.8999999999999999,2,0.0028694404591104736,34850
-0.10000000000000009,-0.050000000000000044,-0.8999999999999999,-0.85,2,0.0028694404591104736,34850
-0.10000000000000009,-0.050000000000000044,-0.85,-0.8,0,0.0,34850
-0.10000000000000009,-0.050000000000000044,-0.8,-0.75,3,0.00430416068866571,34850
-0.10000000000000009,-0.050000000000000044,-0.75,-0.7,3,0.00430416068866571,34850
-0.10000000000000009,-0.050000000000000044,-0.7,-0.65,7,0.010043041606886658,34850
-0.10000000000000009,-0.050000000000000044,-0.65,-0.6,11,0.015781922525107607,34850
-0.10000000000000009,-0.050000000000000044,-0.6,-0.55,9,0.01291248206599713,34850
-0.10000000000000009,-0.050000000000000044,-0.55,-0.5,14,0.020086083213773316,34850
-0.10000000000000009,-0.050000000000000044,-0.5,-0.45000000000000007,13,0.018651362984218076,34850
-0.10000000000000009,-0.050000000000000044,-0.45000000000000007,-0.4,18,0.02582496413199426,34850
-0.10000000000000009,-0.050000000000000044,-0.4,-0.35,23,0.03299856527977044,34850
-0.10000000000000009,-0.050000000000000044,-0.35,-0.30000000000000004,33,0.04734576757532281,34850
-0.10000000000000009,-0.050000000000000044,-0.30000000000000004,-0.25,47,0.06743185078909614,34850
-0.10000000000000009,-0.050000000000000044,-0.25,-0.20000000000000007,50,0.07173601147776185,34850
-0.10000000000000009,-0.050000000000000044,-0.20000000000000007,-0.15000000000000013,92,0.13199426111908177,34850
-0.10000000000000009,-0.050000000000000044,-0.15000000000000013,-0.10000000000000009,102,0.14634146341463414,34850
-0.10000000000000009,-0.050000000000000044,-0.10000000000000009,-0.050000000000000044,144,0.2065997130559541,34850
-0.10000000000000009,-0.050000000000000044,-0.050000000000000044,0.0,223,0.3199426111908178,34850
-0.10000000000000009,-0.050000000000000044,0.0,0.050000000000000044,294,0.4218077474892396,34850
-0.10000000000000009,-0.050000000000000044,0.050000000000000044,0.09999999999999987,367,0.5265423242467718,34850
-0.10000000000000009,-0.050000000000000044,0.09999999999999987,0.1499999999999999,394,0.5652797704447632,34850
-0.10000000000000009,-0.050000000000000044,0.1499999999999999,0.19999999999999996,383,0.5494978479196557,34850
-0.10000000000000009,-0.050000000000000044,0.19999999999999996,0.25,371,0.5322812051649928,34850
-0.10000000000000009,-0.050000000000000044,0.25,0.2999999999999998,352,0.5050215208034434,34850
-0.10000000000000009,-0.050000000000000044,0.2999999999999998,0.34999999999999987,284,0.4074605451936873,34850
-0.10000000000000009,-0.050000000000000044,0.34999999999999987,0.3999999999999999,193,0.2769010043041607,34850
-0.10000000000000009,-0.050000000000000044,0.3999999999999999,0.44999999999999996,176,0.2525107604017217,34850
-0.10000000000000009,-0.050000000000000044,0.44999999999999996,0.5,120,0.1721664275466284,34850
-0.10000000000000009,-0.050000000000000044,0.5,0.5499999999999998,112,0.16068866571018653,34850
-0.10000000000000009,-0.050000000000000044,0.5499999999999998,0.5999999999999999,71,0.10186513629842182,34850
-0.10000000000000009,-0.050000000000000044,0.5999999999999999,0.6499999999999999,51,0.07317073170731707,34850
-0.10000000000000009,-0.050000000000000044,0.6499999999999999,0.7,46,0.06599713055954089,34850
-0.10000000000000009,-0.050000000000000044,0.7,0.7499999999999998,18,0.02582496413199426,34850
-0.10000000000000009,-0.050000000000000044,0.7499999999999998,0.7999999999999998,12,0.01721664275466284,34850
-0.10000000000000009,-0.050000000000000044,0.7999999999999998,0.8499999999999999,9,0.01291248206599713,34850
-0.10000000000000009,-0.050000000000000044,0.8499999999999999,0.8999999999999997,3,0.00430416068866571,34850
-0.10000000000000009,-0.050000000000000044,0.8999999999999997,0.95,2,0.0028694404591104736,34850
-0.10000000000000009,-0.050000000000000044,0.95,0.9999999999999998,2,0.0028694404591104736,34850
-0.10000000000000009,-0.050000000000000044,0.9999999999999998,1.05,1,0.0014347202295552368,34850
-0.10000000000000009,-0.050000000000000044,1.05,1.0999999999999999,0,0.0,34850
-0.10000000000000009,-0.050000000000000044,1.0999999999999999,1.1499999999999997,0,0.0,34850
-0.10000000000000009,-0.050000000000000044,1.1499999999999997,1.2,0,0.0,34850
-0.050000000000000044,0.0,-1.2,-1.15,0,0.0,34850
-0.050000000000000044,0.0,-1.15,-1.0999999999999999,0,0.0,34850
-0.050000000000000044,0.0,-1.0999999999999999,-1.05,0,0.0,34850
-0.050000000000000044,0.0,-1.05,-1.0,0,0.0,34850
-0.050000000000000044,0.0,-1.0,-0.95,1,0.0014347202295552368,34850
-0.050000000000000044,0.0,-0.95,-0.8999999999999999,1,0.0014347202295552368,34850
-0.050000000000000044,0.0,-0.8999999999999999,-0.85,0,0.0,34850
-0.050000000000000044,0.0,-0.85,-0.8,1,0.0014347202295552368,34850
-0.050000000000000044,0.0,-0.8,-0.75,2,0.0028694404591104736,34850
-0.050000000000000044,0.0,-0.75,-0.7,4,0.005738880918220947,34850
-0.050000000000000044,0.0,-0.7,-0.65,7,0.010043041606886658,34850
-0.050000000000000044,0.0,-0.65,-0.6,6,0.00860832137733142,34850
-0.050000000000000044,0.0,-0.6,-0.55,11,0.015781922525107607,34850
-0.050000000000000044,0.0,-0.55,-0.5,16,0.02295552367288379,34850
-0.050000000000000044,0.0,-0.5,-0.45000000000000007,23,0.03299856527977044,34850
-0.050000000000000044,0.0,-0.45000000000000007,-0.4,29,0.04160688665710186,34850
-0.050000000000000044,0.0,-0.4,-0.35,38,0.05451936872309899,34850
-0.050000000000000044,0.0,-0.35,-0.30000000000000004,42,0.06025824964131994,34850
-0.050000000000000044,0.0,-0.30000000000000004,-0.25,46,0.06599713055954089,34850
-0.050000000000000044,0.0,-0.25,-0.20000000000000007,66,0.09469153515064561,34850
-0.050000000000000044,0.0,-0.20000000000000007,-0.15000000000000013,91,0.13055954088952654,34850
-0.050000000000000044,0.0,-0.15000000000000013,-0.10000000000000009,146,0.20946915351506457,34850
-0.050000000000000044,0.0,-0.10000000000000009,-0.050000000000000044,223,0.3199426111908178,34850
-0.050000000000000044,0.0,-0.050000000000000044,0.0,298,0.42754662840746055,34850
-0.050000000000000044,0.0,0.0,0.050000000000000044,459,0.6585365853658537,34850
-0.050000000000000044,0.0,0.050000000000000044,0.09999999999999987,551,0.7905308464849355,34850
-0.050000000000000044,0.0,0.09999999999999987,0.1499999999999999,532,0.7632711621233859,34850
-0.050000000000000044,0.0,0.1499999999999999,0.19999999999999996,534,0.7661406025824965,34850
-0.050000000000000044,0.0,0.19999999999999996,0.25,437,0.6269727403156384,34850
-0.050000000000000044,0.0,0.25,0.2999999999999998,397,0.569583931133429,34850
-0.050000000000000044,0.0,0.2999999999999998,0.34999999999999987,303,0.4347202295552367,34850
-0.050000000000000044,0.0,0.34999999999999987,0.3999999999999999,256,0.3672883787661406,34850
-0.050000000000000044,0.0,0.3999999999999999,0.44999999999999996,202,0.2898134863701578,34850
-0.050000000000000044,0.0,0.44999999999999996,0.5,158,0.2266857962697274,34850
-0.050000000000000044,0.0,0.5,0.5499999999999998,111,0.1592539454806313,34850
-0.050000000000000044,0.0,0.5499999999999998,0.5999999999999999,66,0.09469153515064561,34850
-0.050000000000000044,0.0,0.5999999999999999,0.6499999999999999,62,0.08895265423242468,34850
-0.050000000000000044,0.0,0.6499999999999999,0.7,25,0.03586800573888092,34850
-0.050000000000000044,0.0,0.7,0.7499999999999998,18,0.02582496413199426,34850
-0.050000000000000044,0.0,0.7499999999999998,0.7999999999999998,13,0.018651362984218076,34850
-0.050000000000000044,0.0,0.7999999999999998,0.8499999999999999,8,0.011477761836441894,34850
-0.050000000000000044,0.0,0.8499999999999999,0.8999999999999997,5,0.007173601147776184,34850
-0.050000000000000044,0.0,0.8999999999999997,0.95,1,0.0014347202295552368,34850
-0.050000000000000044,0.0,0.95,0.9999999999999998,2,0.0028694404591104736,34850
-0.050000000000000044,0.0,0.9999999999999998,1.05,0,0.0,34850
-0.050000000000000044,0.0,1.05,1.0999999999999999,0,0.0,34850
-0.050000000000000044,0.0,1.0999999999999999,1.1499999999999997,0,0.0,34850
-0.050000000000000044,0.0,1.1499999999999997,1.2,0,0.0,34850
0.0,0.050000000000000044,-1.2,-1.15,0,0.0,34850
0.0,0.050000000000000044,-1.15,-1.0999999999999999,0,0.0,34850
0.0,0.050000000000000044,-1.0999999999999999,-1.05,0,0.0,34850
0.0,0.050000000000000044,-1.05,-1.0,2,0.0028694404591104736,34850
0.0,0.050000000000000044,-1.0,-0.95,1,0.0014347202295552368,34850
0.0,0.050000000000000044,-0.95,-0.8999999999999999,1,0.0014347202295552368,34850
0.0,0.050000000000000044,-0.8999999999999999,-0.85,2,0.0028694404591104736,34850
0.0,0.050000000000000044,-0.85,-0.8,7,0.010043041606886658,34850
0.0,0.050000000000000044,-0.8,-0.75,5,0.007173601147776184,34850
0.0,0.050000000000000044,-0.75,-0.7,5,0.007173601147776184,34850
0.0,0.050000000000000044,-0.7,-0.65,11,0.015781922525107607,34850
0.0,0.050000000000000044,-0.65,-0.6,17,0.024390243902439025,34850
0.0,0.050000000000000044,-0.6,-0.55,25,0.03586800573888092,34850
0.0,0.050000000000000044,-0.55,-0.5,20,0.028694404591104734,34850
0.0,0.050000000000000044,-0.5,-0.45000000000000007,25,0.03586800573888092,34850
0.0,0.050000000000000044,-0.45000000000000007,-0.4,26,0.03730272596843615,34850
0.0,0.050000000000000044,-0.4,-0.35,35,0.05021520803443328,34850
0.0,0.050000000000000044,-0.35,-0.30000000000000004,40,0.05738880918220947,34850
0.0,0.050000000000000044,-0.30000000000000004,-0.25,69,0.09899569583931134,34850
0.0,0.050000000000000044,-0.25,-0.20000000000000007,79,0.1133428981348637,34850
0.0,0.050000000000000044,-0.20000000000000007,-0.15000000000000013,118,0.16929698708751795,34850
0.0,0.050000000000000044,-0.15000000000000013,-0.10000000000000009,210,0.30129124820659975,34850
0.0,0.050000000000000044,-0.10000000000000009,-0.050000000000000044,294,0.4218077474892396,34850
0.0,0.050000000000000044,-0.050000000000000044,0.0,459,0.6585365853658537,34850
0.0,0.050000000000000044,0.0,0.050000000000000044,936,1.3428981348637017,34850
0.0,0.050000000000000044,0.050000000000000044,0.09999999999999987,873,1.2525107604017216,34850
0.0,0.050000000000000044,0.09999999999999987,0.1499999999999999,815,1.1692969870875178,34850
0.0,0.050000000000000044,0.1499999999999999,0.19999999999999996,686,0.9842180774748923,34850
0.0,0.050000000000000044,0.19999999999999996,0.25,571,0.8192252510760402,34850
0.0,0.050000000000000044,0.25,0.2999999999999998,436,0.6255380200860832,34850
0.0,0.050000000000000044,0.2999999999999998,0.34999999999999987,373,0.5351506456241033,34850
0.0,0.050000000000000044,0.34999999999999987,0.3999999999999999,298,0.42754662840746055,34850
0.0,0.050000000000000044,0.3999999999999999,0.44999999999999996,195,0.2797704447632712,34850
0.0,0.050000000000000044,0.44999999999999996,0.5,152,0.21807747489239596,34850
0.0,0.050000000000000044,0.5,0.5499999999999998,101,0.1449067431850789,34850
0.0,0.050000000000000044,0.5499999999999998,0.5999999999999999,78,0.11190817790530846,34850
0.0,0.050000000000000044,0.5999999999999999,0.6499999999999999,59,0.08464849354375897,34850
0.0,0.050000000000000044,0.6499999999999999,0.7,29,0.04160688665710186,34850
0.0,0.050000000000000044,0.7,0.7499999999999998,19,0.027259684361549495,34850
0.0,0.050000000000000044,0.7499999999999998,0.7999999999999998,12,0.01721664275466284,34850
0.0,0.050000000000000044,0.7999999999999998,0.8499999999999999,6,0.00860832137733142,34850
0.0,0.050000000000000044,0.8499999999999999,0.8999999999999997,3,0.00430416068866571,34850
0.0,0.050000000000000044,0.8999999999999997,0.95,1,0.0014347202295552368,34850
0.0,0.050000000000000044,0.95,0.9999999999999998,2,0.0028694404591104736,34850
0.0,0.050000000000000044,0.9999999999999998,1.05,1,0.0014347202295552368,34850
0.0,0.050000000000000044,1.05,1.0999999999999999,0,0.0,34850
0.0,0.050000000000000044,1.0999999999999999,1.1499999999999997,0,0.0,34850
0.0,0.050000000000000044,1.1499999999999997,1.2,0,0.0,34850
0.050000000000000044,0.09999999999999987,-1.2,-1.15,3,0.00430416068866571,34850
0.050000000000000044,0.09999999999999987,-1.15,-1.0999999999999999,0,0.0,34850
0.050000000000000044,0.09999999999999987,-1.0999999999999999,-1.05,0,0.0,34850
0.050000000000000044,0.09999999999999987,-1.05,-1.0,1,0.0014347202295552368,34850
0.050000000000000044,0.09999999999999987,-1.0,-0.95,2,0.0028694404591104736,34850
0.050000000000000044,0.09999999999999987,-0.95,-0.8999999999999999,1,0.0014347202295552368,34850
0.050000000000000044,0.09999999999999987,-0.8999999999999999,-0.85,2,0.0028694404591104736,34850
0.050000000000000044,0.09999999999999987,-0.85,-0.8,2,0.0028694404591104736,34850
0.050000000000000044,0.09999999999999987,-0.8,-0.75,5,0.007173601147776184,34850
0.050000000000000044,0.09999999999999987,-0.75,-0.7,4,0.005738880918220947,34850
0.050000000000000044,0.09999999999999987,-0.7,-0.65,6,0.00860832137733142,34850
0.050000000000000044,0.09999999999999987,-0.65,-0.6,5,0.007173601147776184,34850
0.050000000000000044,0.09999999999999987,-0.6,-0.55,18,0.02582496413199426,34850
0.050000000000000044,0.09999999999999987,-0.55,-0.5,12,0.01721664275466284,34850
0.050000000000000044,0.09999999999999987,-0.5,-0.45000000000000007,23,0.03299856527977044,34850
0.050000000000000044,0.09999999999999987,-0.45000000000000007,-0.4,33,0.04734576757532281,34850
0.050000000000000044,0.09999999999999987,-0.4,-0.35,34,0.04878048780487805,34850
0.050000000000000044,0.09999999999999987,-0.35,-0.30000000000000004,60,0.0860832137733142,34850
0.050000000000000044,0.09999999999999987,-0.30000000000000004,-0.25,72,0.10329985652797705,34850
0.050000000000000044,0.09999999999999987,-0.25,-0.20000000000000007,114,0.16355810616929697,34850
0.050000000000000044,0.09999999999999987,-0.20000000000000007,-0.15000000000000013,157,0.22525107604017217,34850
0.050000000000000044,0.09999999999999987,-0.15000000000000013,-0.10000000000000009,227,0.32568149210903874,34850
0.050000000000000044,0.09999999999999987,-0.10000000000000009,-0.050000000000000044,367,0.5265423242467718,34850
0.050000000000000044,0.09999999999999987,-0.050000000000000044,0.0,551,0.7905308464849355,34850
0.050000000000000044,0.09999999999999987,0.0,0.050000000000000044,873,1.2525107604017216,34850
0.050000000000000044,0.09999999999999987,0.050000000000000044,0.09999999999999987,752,1.0789096126255382,34850
0.050000000000000044,0.09999999999999987,0.09999999999999987,0.1499999999999999,653,0.9368723098995696,34850
0.050000000000000044,0.09999999999999987,0.1499999999999999,0.19999999999999996,554,0.7948350071736011,34850
0.050000000000000044,0.09999999999999987,0.19999999999999996,0.25,470,0.6743185078909613,34850
0.050000000000000044,0.09999999999999987,0.25,0.2999999999999998,373,0.5351506456241033,34850
0.050000000000000044,0.09999999999999987,0.2999999999999998,0.34999999999999987,297,0.4261119081779053,34850
0.050000000000000044,0.09999999999999987,0.34999999999999987,0.3999999999999999,226,0.3242467718794835,34850
0.050000000000000044,0.09999999999999987,0.3999999999999999,0.44999999999999996,162,0.23242467718794835,34850
0.050000000000000044,0.09999999999999987,0.44999999999999996,0.5,127,0.18220946915351505,34850
0.050000000000000044,0.09999999999999987,0.5,0.5499999999999998,81,0.11621233859397417,34850
0.050000000000000044,0.09999999999999987,0.5499999999999998,0.5999999999999999,45,0.06456241032998565,34850
0.050000000000000044,0.09999999999999987,0.5999999999999999,0.6499999999999999,35,0.05021520803443328,34850
0.050000000000000044,0.09999999999999987,0.6499999999999999,0.7,14,0.020086083213773316,34850
0.050000000000000044,0.09999999999999987,0.7,0.7499999999999998,26,0.03730272596843615,34850
0.050000000000000044,0.09999999999999987,0.7499999999999998,0.7999999999999998,9,0.01291248206599713,34850
0.050000000000000044,0.09999999999999987,0.7999999999999998,0.8499999999999999,5,0.007173601147776184,34850
0.050000000000000044,0.09999999999999987,0.8499999999999999,0.8999999999999997,4,0.005738880918220947,34850
0.050000000000000044,0.09999999999999987,0.8999999999999997,0.95,0,0.0,34850
0.050000000000000044,0.09999999999999987,0.95,0.9999999999999998,0,0.0,34850
0.050000000000000044,0.09999999999999987,0.9999999999999998,1.05,2,0.0028694404591104736,34850
0.050000000000000044,0.09999999999999987,1.05,1.0999999999999999,0,0.0,34850
0.050000000000000044,0.09999999999999987,1.0999999999999999,1.1499999999999997,0,0.0,34850
0.050000000000000044,0.09999999999999987,1.1499999999999997,1.2,0,0.0,34850
0.09999999999999987,0.1499999999999999,-1.2,-1.15,0,0.0,34850
0.09999999999999987,0.1499999999999999,-1.15,-1.0999999999999999,0,0.0,34850
0.09999999999999987,0.1499999999999999,-1.0999999999999999,-1.05,0,0.0,34850
0.09999999999999987,0.1499999999999999,-1.05,-1.0,0,0.0,34850
0.09999999999999987,0.1499999999999999,-1.0,-0.95,2,0.0028694404591104736,34850
0.09999999999999987,0.1499999999999999,-0.95,-0.8999999999999999,3,0.00430416068866571,34850
0.09999999999999987,0.1499999999999999,-0.8999999999999999,-0.85,1,0.0014347202295552368,34850
0.09999999999999987,0.1499999999999999,-0.85,-0.8,0,0.0,34850
0.09999999999999987,0.1499999999999999,-0.8,-0.75,3,0.00430416068866571,34850
0.09999999999999987,0.1499999999999999,-0.75,-0.7,6,0.00860832137733142,34850
0.09999999999999987,0.1499999999999999,-0.7,-0.65,12,0.01721664275466284,34850
0.09999999999999987,0.1499999999999999,-0.65,-0.6,11,0.015781922525107607,34850
0.09999999999999987,0.1499999999999999,-0.6,-0.55,21,0.03012912482065997,34850
0.09999999999999987,0.1499999999999999,-0.55,-0.5,31,0.04447632711621234,34850
0.09999999999999987,0.1499999999999999,-0.5,-0.45000000000000007,37,0.05308464849354376,34850
0.09999999999999987,0.1499999999999999,-0.45000000000000007,-0.4,44,0.06312769010043043,34850
0.09999999999999987,0.1499999999999999,-0.4,-0.35,45,0.06456241032998565,34850
0.09999999999999987,0.1499999999999999,-0.35,-0.30000000000000004,58,0.08321377331420372,34850
0.09999999999999987,0.1499999999999999,-0.30000000000000004,-0.25,92,0.13199426111908177,34850
0.09999999999999987,0.1499999999999999,-0.25,-0.20000000000000007,121,0.17360114777618363,34850
0.09999999999999987,0.1499999999999999,-0.20000000000000007,-0.15000000000000013,193,0.2769010043041607,34850
0.09999999999999987,0.1499999999999999,-0.15000000000000013,-0.10000000000000009,265,0.3802008608321377,34850
0.09999999999999987,0.1499999999999999,-0.10000000000000009,-0.050000000000000044,394,0.5652797704447632,34850
0.09999999999999987,0.1499999999999999,-0.050000000000000044,0.0,532,0.7632711621233859,34850
0.09999999999999987,0.1499999999999999,0.0,0.050000000000000044,815,1.1692969870875178,34850
0.09999999999999987,0.1499999999999999,0.050000000000000044,0.09999999999999987,653,0.9368723098995696,34850
0.09999999999999987,0.1499999999999999,0.09999999999999987,0.1499999999999999,518,0.7431850789096126,34850
0.09999999999999987,0.1499999999999999,0.1499999999999999,0.19999999999999996,465,0.6671449067431852,34850
0.09999999999999987,0.1499999999999999,0.19999999999999996,0.25,403,0.5781922525107605,34850
0.09999999999999987,0.1499999999999999,0.25,0.2999999999999998,319,0.4576757532281205,34850
0.09999999999999987,0.1499999999999999,0.2999999999999998,0.34999999999999987,255,0.3658536585365854,34850
0.09999999999999987,0.1499999999999999,0.34999999999999987,0.3999999999999999,164,0.2352941176470588,34850
0.09999999999999987,0.1499999999999999,0.3999999999999999,0.44999999999999996,131,0.18794835007173602,34850
0.09999999999999987,0.1499999999999999,0.44999999999999996,0.5,119,0.17073170731707318,34850
0.09999999999999987,0.1499999999999999,0.5,0.5499999999999998,78,0.11190817790530846,34850
0.09999999999999987,0.1499999999999999,0.5499999999999998,0.5999999999999999,44,0.06312769010043043,34850
0.09999999999999987,0.1499999999999999,0.5999999999999999,0.6499999999999999,21,0.03012912482065997,34850
0.09999999999999987,0.1499999999999999,0.6499999999999999,0.7,11,0.015781922525107607,34850
0.09999999999999987,0.1499999999999999,0.7,0.7499999999999998,7,0.010043041606886658,34850
0.09999999999999987,0.1499999999999999,0.7499999999999998,0.7999999999999998,4,0.005738880918220947,34850
0.09999999999999987,0.1499999999999999,0.7999999999999998,0.8499999999999999,0,0.0,34850
0.09999999999999987,0.1499999999999999,0.8499999999999999,0.8999999999999997,2,0.0028694404591104736,34850
0.09999999999999987,0.1499999999999999,0.8999999999999997,0.95,3,0.00430416068866571,34850
0.09999999999999987,0.1499999999999999,0.95,0.9999999999999998,0,0.0,34850
0.09999999999999987,0.1499999999999999,0.9999999999999998,1.05,0,0.0,34850
0.09999999999999987,0.1499999999999999,1.05,1.0999999999999999,0,0.0,34850
0.09999999999999987,0.1499999999999999,1.0999999999999999,1.1499999999999997,0,0.0,34850
0.09999999999999987,0.1499999999999999,1.1499999999999997,1.2,0,0.0,34850
0.1499999999999999,0.19999999999999996,-1.2,-1.15,0,0.0,34850
0.1499999999999999,0.19999999999999996,-1.15,-1.0999999999999999,0,0.0,34850
0.1499999999999999,0.19999999999999996,-1.0999999999999999,-1.05,0,0.0,34850
0.1499999999999999,0.19999999999999996,-1.05,-1.0,0,0.0,34850
0.1499999999999999,0.19999999999999996,-1.0,-0.95,0,0.0,34850
0.1499999999999999,0.19999999999999996,-0.95,-0.8999999999999999,1,0.0014347202295552368,34850
0.1499999999999999,0.19999999999999996,-0.8999999999999999,-0.85,1,0.0014347202295552368,34850
0.1499999999999999,0.19999999999999996,-0.85,-0.8,1,0.0014347202295552368,34850
0.1499999999999999,0.19999999999999996,-0.8,-0.75,5,0.007173601147776184,34850
0.1499999999999999,0.19999999999999996,-0.75,-0.7,4,0.005738880918220947,34850
0.1499999999999999,0.19999999999999996,-0.7,-0.65,6,0.00860832137733142,34850
0.1499999999999999,0.19999999999999996,-0.65,-0.6,11,0.015781922525107607,34850
0.1499999999999999,0.19999999999999996,-0.6,-0.55,21,0.03012912482065997,34850
0.1499999999999999,0.19999999999999996,-0.55,-0.5,24,0.03443328550932568,34850
0.1499999999999999,0.19999999999999996,-0.5,-0.45000000000000007,37,0.05308464849354376,34850
0.1499999999999999,0.19999999999999996,-0.45000000000000007,-0.4,48,0.06886657101865136,34850
0.1499999999999999,0.19999999999999996,-0.4,-0.35,68,0.0975609756097561,34850
0.1499999999999999,0.19999999999999996,-0.35,-0.30000000000000004,79,0.1133428981348637,34850
0.1499999999999999,0.19999999999999996,-0.30000000000000004,-0.25,126,0.1807747489239598,34850
0.1499999999999999,0.19999999999999996,-0.25,-0.20000000000000007,124,0.17790530846484937,34850
0.1499999999999999,0.19999999999999996,-0.20000000000000007,-0.15000000000000013,207,0.296987087517934,34850
0.1499999999999999,0.19999999999999996,-0.15000000000000013,-0.10000000000000009,297,0.4261119081779053,34850
0.1499999999999999,0.19999999999999996,-0.10000000000000009,-0.050000000000000044,383,0.5494978479196557,34850
0.1499999999999999,0.19999999999999996,-0.050000000000000044,0.0,534,0.7661406025824965,34850
0.1499999999999999,0.19999999999999996,0.0,0.050000000000000044,686,0.9842180774748923,34850
0.1499999999999999,0.19999999999999996,0.050000000000000044,0.09999999999999987,554,0.7948350071736011,34850
0.1499999999999999,0.19999999999999996,0.09999999999999987,0.1499999999999999,465,0.6671449067431852,34850
0.1499999999999999,0.19999999999999996,0.1499999999999999,0.19999999999999996,334,0.4791965566714491,34850
0.1499999999999999,0.19999999999999996,0.19999999999999996,0.25,333,0.47776183644189385,34850
0.1499999999999999,0.19999999999999996,0.25,0.2999999999999998,291,0.4175035868005739,34850
0.1499999999999999,0.19999999999999996,0.2999999999999998,0.34999999999999987,192,0.27546628407460544,34850
0.1499999999999999,0.19999999999999996,0.34999999999999987,0.3999999999999999,167,0.23959827833572456,34850
0.1499999999999999,0.19999999999999996,0.3999999999999999,0.44999999999999996,106,0.1520803443328551,34850
0.1499999999999999,0.19999999999999996,0.44999999999999996,0.5,68,0.0975609756097561,34850
0.1499999999999999,0.19999999999999996,0.5,0.5499999999999998,54,0.07747489239598278,34850
0.1499999999999999,0.19999999999999996,0.5499999999999998,0.5999999999999999,45,0.06456241032998565,34850
0.1499999999999999,0.19999999999999996,0.5999999999999999,0.6499999999999999,23,0.03299856527977044,34850
0.1499999999999999,0.19999999999999996,0.6499999999999999,0.7,10,0.014347202295552367,34850
0.1499999999999999,0.19999999999999996,0.7,0.7499999999999998,10,0.014347202295552367,34850
0.1499999999999999,0.19999999999999996,0.7499999999999998,0.7999999999999998,6,0.00860832137733142,34850
0.1499999999999999,0.19999999999999996,0.7999999999999998,0.8499999999999999,4,0.005738880918220947,34850
0.1499999999999999,0.19999999999999996,0.8499999999999999,0.8999999999999997,0,0.0,34850
0.1499999999999999,0.19999999999999996,0.8999999999999997,0.95,1,0.0014347202295552368,34850
0.1499999999999999,0.19999999999999996,0.95,0.9999999999999998,0,0.0,34850
0.1499999999999999,0.19999999999999996,0.9999999999999998,1.05,2,0.0028694404591104736,34850
0.1499999999999999,0.19999999999999996,1.05,1.0999999999999999,1,0.0014347202295552368,34850
0.1499999999999999,0.19999999999999996,1.0999999999999999,1.1499999999999997,0,0.0,34850
0.1499999999999999,0.19999999999999996,1.1499999999999997,1.2,0,0.0,34850
0.19999999999999996,0.25,-1.2,-1.15,0,0.0,34850
0.19999999999999996,0.25,-1.15,-1.0999999999999999,0,0.0,34850
0.19999999999999996,0.25,-1.0999999999999999,-1.05,0,0.0,34850
0.19999999999999996,0.25,-1.05,-1.0,0,0.0,34850
0.19999999999999996,0.25,-1.0,-0.95,2,0.0028694404591104736,34850
0.19999999999999996,0.25,-0.95,-0.8999999999999999,1,0.0014347202295552368,34850
0.19999999999999996,0.25,-0.8999999999999999,-0.85,2,0.0028694404591104736,34850
0.19999999999999996,0.25,-0.85,-0.8,4,0.005738880918220947,34850
0.19999999999999996,0.25,-0.8,-0.75,2,0.0028694404591104736,34850
0.19999999999999996,0.25,-0.75,-0.7,7,0.010043041606886658,34850
0.19999999999999996,0.25,-0.7,-0.65,10,0.014347202295552367,34850
0.19999999999999996,0.25,-0.65,-0.6,15,0.02152080344332855,34850
0.19999999999999996,0.25,-0.6,-0.55,15,0.02152080344332855,34850
0.19999999999999996,0.25,-0.55,-0.5,19,0.027259684361549495,34850
0.19999999999999996,0.25,-0.5,-0.45000000000000007,27,0.03873744619799139,34850
0.19999999999999996,0.25,-0.45000000000000007,-0.4,53,0.07604017216642756,34850
0.19999999999999996,0.25,-0.4,-0.35,55,0.07890961262553801,34850
0.19999999999999996,0.25,-0.35,-0.30000000000000004,67,0.09612625538020086,34850
0.19999999999999996,0.25,-0.30000000000000004,-0.25,105,0.15064562410329987,34850
0.19999999999999996,0.25,-0.25,-0.20000000000000007,170,0.24390243902439024,34850
0.19999999999999996,0.25,-0.20000000000000007,-0.15000000000000013,224,0.32137733142037306,34850
0.19999999999999996,0.25,-0.15000000000000013,-0.10000000000000009,282,0.4045911047345767,34850
0.19999999999999996,0.25,-0.10000000000000009,-0.050000000000000044,371,0.5322812051649928,34850
0.19999999999999996,0.25,-0.050000000000000044,0.0,437,0.6269727403156384,34850
0.19999999999999996,0.25,0.0,0.050000000000000044,571,0.8192252510760402,34850
0.19999999999999996,0.25,0.050000000000000044,0.09999999999999987,470,0.6743185078909613,34850
0.19999999999999996,0.25,0.09999999999999987,0.1499999999999999,403,0.5781922525107605,34850
0.19999999999999996,0.25,0.1499999999999999,0.19999999999999996,333,0.47776183644189385,34850
0.19999999999999996,0.25,0.19999999999999996,0.25,316,0.4533715925394548,34850
0.19999999999999996,0.25,0.25,0.2999999999999998,229,0.3285509325681492,34850
0.19999999999999996,0.25,0.2999999999999998,0.34999999999999987,151,0.21664275466284072,34850
0.19999999999999996,0.25,0.34999999999999987,0.3999999999999999,95,0.13629842180774748,34850
0.19999999999999996,0.25,0.3999999999999999,0.44999999999999996,100,0.1434720229555237,34850
0.19999999999999996,0.25,0.44999999999999996,0.5,65,0.09325681492109039,34850
0.19999999999999996,0.25,0.5,0.5499999999999998,31,0.04447632711621234,34850
0.19999999999999996,0.25,0.5499999999999998,0.5999999999999999,47,0.06743185078909614,34850
0.19999999999999996,0.25,0.5999999999999999,0.6499999999999999,10,0.014347202295552367,34850
0.19999999999999996,0.25,0.6499999999999999,0.7,7,0.010043041606886658,34850
0.19999999999999996,0.25,0.7,0.7499999999999998,2,0.0028694404591104736,34850
0.19999999999999996,0.25,0.7499999999999998,0.7999999999999998,3,0.00430416068866571,34850
0.19999999999999996,0.25,0.7999999999999998,0.8499999999999999,4,0.005738880918220947,34850
0.19999999999999996,0.25,0.8499999999999999,0.8999999999999997,1,0.0014347202295552368,34850
0.19999999999999996,0.25,0.8999999999999997,0.95,0,0.0,34850
0.19999999999999996,0.25,0.95,0.9999999999999998,1,0.0014347202295552368,34850
0.19999999999999996,0.25,0.9999999999999998,1.05,2,0.0028694404591104736,34850
0.19999999999999996,0.25,1.05,1.0999999999999999,0,0.0,34850
0.19999999999999996,0.25,1.0999999999999999,1.1499999999999997,0,0.0,34850
0.19999999999999996,0.25,1.1499999999999997,1.2,1,0.0014347202295552368,34850
0.25,0.2999999999999998,-1.2,-1.15,0,0.0,34850
0.25,0.2999999999999998,-1.15,-1.0999999999999999,0,0.0,34850
0.25,0.2999999999999998,-1.0999999999999999,-1.05,1,0.0014347202295552368,34850
0.25,0.2999999999999998,-1.05,-1.0,0,0.0,34850
0.25,0.2999999999999998,-1.0,-0.95,2,0.0028694404591104736,34850
0.25,0.2999999999999998,-0.95,-0.8999999999999999,1,0.0014347202295552368,34850
0.25,0.2999999999999998,-0.8999999999999999,-0.85,2,0.0028694404591104736,34850
0.25,0.2999999999999998,-0.85,-0.8,6,0.00860832137733142,34850
0.25,0.2999999999999998,-0.8,-0.75,4,0.005738880918220947,34850
0.25,0.2999999999999998,-0.75,-0.7,13,0.018651362984218076,34850
0.25,0.2999999999999998,-0.7,-0.65,7,0.010043041606886658,34850
0.25,0.2999999999999998,-0.65,-0.6,17,0.024390243902439025,34850
0.25,0.2999999999999998,-0.6,-0.55,23,0.03299856527977044,34850
0.25,0.2999999999999998,-0.55,-0.5,28,0.04017216642754663,34850
0.25,0.2999999999999998,-0.5,-0.45000000000000007,55,0.07890961262553801,34850
0.25,0.2999999999999998,-0.45000000000000007,-0.4,51,0.07317073170731707,34850
0.25,0.2999999999999998,-0.4,-0.35,60,0.0860832137733142,34850
0.25,0.2999999999999998,-0.35,-0.30000000000000004,76,0.10903873744619798,34850
0.25,0.2999999999999998,-0.30000000000000004,-0.25,112,0.16068866571018653,34850
0.25,0.2999999999999998,-0.25,-0.20000000000000007,165,0.23672883787661408,34850
0.25,0.2999999999999998,-0.20000000000000007,-0.15000000000000013,197,0.2826398852223816,34850
0.25,0.2999999999999998,-0.15000000000000013,-0.10000000000000009,245,0.351506456241033,34850
0.25,0.2999999999999998,-0.10000000000000009,-0.050000000000000044,352,0.5050215208034434,34850
0.25,0.2999999999999998,-0.050000000000000044,0.0,397,0.569583931133429,34850
0.25,0.2999999999999998,0.0,0.050000000000000044,436,0.6255380200860832,34850
0.25,0.2999999999999998,0.050000000000000044,0.09999999999999987,373,0.5351506456241033,34850
0.25,0.2999999999999998,0.09999999999999987,0.1499999999999999,319,0.4576757532281205,34850
0.25,0.2999999999999998,0.1499999999999999,0.19999999999999996,291,0.4175035868005739,34850
0.25,0.2999999999999998,0.19999999999999996,0.25,229,0.3285509325681492,34850
0.25,0.2999999999999998,0.25,0.2999999999999998,150,0.2152080344332855,34850
0.25,0.2999999999999998,0.2999999999999998,0.34999999999999987,176,0.2525107604017217,34850
0.25,0.2999999999999998,0.34999999999999987,0.3999999999999999,124,0.17790530846484937,34850
0.25,0.2999999999999998,0.3999999999999999,0.44999999999999996,101,0.1449067431850789,34850
0.25,0.2999999999999998,0.44999999999999996,0.5,39,0.05595408895265423,34850
0.25,0.2999999999999998,0.5,0.5499999999999998,46,0.06599713055954089,34850
0.25,0.2999999999999998,0.5499999999999998,0.5999999999999999,24,0.03443328550932568,34850
0.25,0.2999999999999998,0.5999999999999999,0.6499999999999999,14,0.020086083213773316,34850
0.25,0.2999999999999998,0.6499999999999999,0.7,8,0.011477761836441894,34850
0.25,0.2999999999999998,0.7,0.7499999999999998,3,0.00430416068866571,34850
0.25,0.2999999999999998,0.7499999999999998,0.7999999999999998,3,0.00430416068866571,34850
0.25,0.2999999999999998,0.7999999999999998,0.8499999999999999,2,0.0028694404591104736,34850
0.25,0.2999999999999998,0.8499999999999999,0.8999999999999997,1,0.0014347202295552368,34850
0.25,0.2999999999999998,0.8999999999999997,0.95,0,0.0,34850
0.25,0.2999999999999998,0.95,0.9999999999999998,0,0.0,34850
0.25,0.2999999999999998,0.9999999999999998,1.05,0,0.0,34850
0.25,0.2999999999999998,1.05,1.0999999999999999,0,0.0,34850
0.25,0.2999999999999998,1.0999999999999999,1.1499999999999997,0,0.0,34850
0.25,0.2999999999999998,1.1499999999999997,1.2,0,0.0,34850
0.2999999999999998,0.34999999999999987,-1.2,-1.15,0,0.0,34850
0.2999999999999998,0.34999999999999987,-1.15,-1.0999999999999999,0,0.0,34850
0.2999999999999998,0.34999999999999987,-1.0999999999999999,-1.05,0,0.0,34850
0.2999999999999998,0.34999999999999987,-1.05,-1.0,0,0.0,34850
0.2999999999999998,0.34999999999999987,-1.0,-0.95,2,0.0028694404591104736,34850
0.2999999999999998,0.34999999999999987,-0.95,-0.8999999999999999,2,0.0028694404591104736,34850
0.2999999999999998,0.34999999999999987,-0.8999999999999999,-0.85,5,0.007173601147776184,34850
0.2999999999999998,0.34999999999999987,-0.85,-0.8,3,0.00430416068866571,34850
0.2999999999999998,0.34999999999999987,-0.8,-0.75,4,0.005738880918220947,34850
0.2999999999999998,0.34999999999999987,-0.75,-0.7,7,0.010043041606886658,34850
0.2999999999999998,0.34999999999999987,-0.7,-0.65,7,0.010043041606886658,34850
0.2999999999999998,0.34999999999999987,-0.65,-0.6,13,0.018651362984218076,34850
0.2999999999999998,0.34999999999999987,-0.6,-0.55,19,0.027259684361549495,34850
0.2999999999999998,0.34999999999999987,-0.55,-0.5,27,0.03873744619799139,34850
0.2999999999999998,0.34999999999999987,-0.5,-0.45000000000000007,39,0.05595408895265423,34850
0.2999999999999998,0.34999999999999987,-0.45000000000000007,-0.4,46,0.06599713055954089,34850
0.2999999999999998,0.34999999999999987,-0.4,-0.35,62,0.08895265423242468,34850
0.2999999999999998,0.34999999999999987,-0.35,-0.30000000000000004,75,0.10760401721664276,34850
0.2999999999999998,0.34999999999999987,-0.30000000000000004,-0.25,94,0.13486370157819227,34850
0.2999999999999998,0.34999999999999987,-0.25,-0.20000000000000007,115,0.1649928263988522,34850
0.2999999999999998,0.34999999999999987,-0.20000000000000007,-0.15000000000000013,161,0.2309899569583931,34850
0.2999999999999998,0.34999999999999987,-0.15000000000000013,-0.10000000000000009,234,0.3357245337159254,34850
0.2999999999999998,0.34999999999999987,-0.10000000000000009,-0.050000000000000044,284,0.4074605451936873,34850
0.2999999999999998,0.34999999999999987,-0.050000000000000044,0.0,303,0.4347202295552367,34850
0.2999999999999998,0.34999999999999987,0.0,0.050000000000000044,373,0.5351506456241033,34850
0.2999999999999998,0.34999999999999987,0.050000000000000044,0.09999999999999987,297,0.4261119081779053,34850
0.2999999999999998,0.34999999999999987,0.09999999999999987,0.1499999999999999,255,0.3658536585365854,34850
0.2999999999999998,0.34999999999999987,0.1499999999999999,0.19999999999999996,192,0.27546628407460544,34850
0.2999999999999998,0.34999999999999987,0.19999999999999996,0.25,151,0.21664275466284072,34850
0.2999999999999998,0.34999999999999987,0.25,0.2999999999999998,176,0.2525107604017217,34850
0.2999999999999998,0.34999999999999987,0.2999999999999998,0.34999999999999987,82,0.1176470588235294,34850
0.2999999999999998,0.34999999999999987,0.34999999999999987,0.3999999999999999,91,0.13055954088952654,34850
0.2999999999999998,0.34999999999999987,0.3999999999999999,0.44999999999999996,60,0.0860832137733142,34850
0.2999999999999998,0.34999999999999987,0.44999999999999996,0.5,35,0.05021520803443328,34850
0.2999999999999998,0.34999999999999987,0.5,0.5499999999999998,38,0.05451936872309899,34850
0.2999999999999998,0.34999999999999987,0.5499999999999998,0.5999999999999999,18,0.02582496413199426,34850
0.2999999999999998,0.34999999999999987,0.5999999999999999,0.6499999999999999,8,0.011477761836441894,34850
0.2999999999999998,0.34999999999999987,0.6499999999999999,0.7,10,0.014347202295552367,34850
0.2999999999999998,0.34999999999999987,0.7,0.7499999999999998,3,0.00430416068866571,34850
0.2999999999999998,0.34999999999999987,0.7499999999999998,0.7999999999999998,1,0.0014347202295552368,34850
0.2999999999999998,0.34999999999999987,0.7999999999999998,0.8499999999999999,1,0.0014347202295552368,34850
0.2999999999999998,0.34999999999999987,0.8499999999999999,0.8999999999999997,2,0.0028694404591104736,34850
0.2999999999999998,0.34999999999999987,0.8999999999999997,0.95,0,0.0,34850
0.2999999999999998,0.34999999999999987,0.95,0.9999999999999998,0,0.0,34850
0.2999999999999998,0.34999999999999987,0.9999999999999998,1.05,0,0.0,34850
0.2999999999999998,0.34999999999999987,1.05,1.0999999999999999,0,0.0,34850
0.2999999999999998,0.34999999999999987,1.0999999999999999,1.1499999999999997,0,0.0,34850
0.2999999999999998,0.34999999999999987,1.1499999999999997,1.2,0,0.0,34850
0.34999999999999987,0.3999999999999999,-1.2,-1.15,0,0.0,34850
0.34999999999999987,0.3999999999999999,-1.15,-1.0999999999999999,0,0.0,34850
0.34999999999999987,0.3999999999999999,-1.0999999999999999,-1.05,0,0.0,34850
0.34999999999999987,0.3999999999999999,-1.05,-1.0,0,0.0,34850
0.34999999999999987,0.3999999999999999,-1.0,-0.95,1,0.0014347202295552368,34850
0.34999999999999987,0.3999999999999999,-0.95,-0.8999999999999999,1,0.0014347202295552368,34850
0.34999999999999987,0.3999999999999999,-0.8999999999999999,-0.85,3,0.00430416068866571,34850
0.34999999999999987,0.3999999999999999,-0.85,-0.8,5,0.007173601147776184,34850
0.34999999999999987,0.3999999999999999,-0.8,-0.75,4,0.005738880918220947,34850
0.34999999999999987,0.3999999999999999,-0.75,-0.7,13,0.018651362984218076,34850
0.34999999999999987,0.3999999999999999,-0.7,-0.65,10,0.014347202295552367,34850
0.34999999999999987,0.3999999999999999,-0.65,-0.6,12,0.01721664275466284,34850
0.34999999999999987,0.3999999999999999,-0.6,-0.55,22,0.031563845050215214,34850
0.34999999999999987,0.3999999999999999,-0.55,-0.5,32,0.04591104734576758,34850
0.34999999999999987,0.3999999999999999,-0.5,-0.45000000000000007,39,0.05595408895265423,34850
0.34999999999999987,0.3999999999999999,-0.45000000000000007,-0.4,49,0.0703012912482066,34850
0.34999999999999987,0.3999999999999999,-0.4,-0.35,56,0.08034433285509326,34850
0.34999999999999987,0.3999999999999999,-0.35,-0.30000000000000004,86,0.12338593974175036,34850
0.34999999999999987,0.3999999999999999,-0.30000000000000004,-0.25,79,0.1133428981348637,34850
0.34999999999999987,0.3999999999999999,-0.25,-0.20000000000000007,126,0.1807747489239598,34850
0.34999999999999987,0.3999999999999999,-0.20000000000000007,-0.15000000000000013,142,0.20373027259684365,34850
0.34999999999999987,0.3999999999999999,-0.15000000000000013,-0.10000000000000009,169,0.242467718794835,34850
0.34999999999999987,0.3999999999999999,-0.10000000000000009,-0.050000000000000044,193,0.2769010043041607,34850
0.34999999999999987,0.3999999999999999,-0.050000000000000044,0.0,256,0.3672883787661406,34850
0.34999999999999987,0.3999999999999999,0.0,0.050000000000000044,298,0.42754662840746055,34850
0.34999999999999987,0.3999999999999999,0.050000000000000044,0.09999999999999987,226,0.3242467718794835,34850
0.34999999999999987,0.3999999999999999,0.09999999999999987,0.1499999999999999,164,0.2352941176470588,34850
0.34999999999999987,0.3999999999999999,0.1499999999999999,0.19999999999999996,167,0.23959827833572456,34850
0.34999999999999987,0.3999999999999999,0.19999999999999996,0.25,95,0.13629842180774748,34850
0.34999999999999987,0.3999999999999999,0.25,0.2999999999999998,124,0.17790530846484937,34850
0.34999999999999987,0.3999999999999999,0.2999999999999998,0.34999999999999987,91,0.13055954088952654,34850
0.34999999999999987,0.3999999999999999,0.34999999999999987,0.3999999999999999,52,0.0746054519368723,34850
0.34999999999999987,0.3999999999999999,0.3999999999999999,0.44999999999999996,61,0.08751793400286945,34850
0.34999999999999987,0.3999999999999999,0.44999999999999996,0.5,25,0.03586800573888092,34850
0.34999999999999987,0.3999999999999999,0.5,0.5499999999999998,19,0.027259684361549495,34850
0.34999999999999987,0.3999999999999999,0.5499999999999998,0.5999999999999999,10,0.014347202295552367,34850
0.34999999999999987,0.3999999999999999,0.5999999999999999,0.6499999999999999,10,0.014347202295552367,34850
0.34999999999999987,0.3999999999999999,0.6499999999999999,0.7,10,0.014347202295552367,34850
0.34999999999999987,0.3999999999999999,0.7,0.7499999999999998,1,0.0014347202295552368,34850
0.34999999999999987,0.3999999999999999,0.7499999999999998,0.7999999999999998,2,0.0028694404591104736,34850
0.34999999999999987,0.3999999999999999,0.7999999999999998,0.8499999999999999,0,0.0,34850
0.34999999999999987,0.3999999999999999,0.8499999999999999,0.8999999999999997,0,0.0,34850
0.34999999999999987,0.3999999999999999,0.8999999999999997,0.95,0,0.0,34850
0.34999999999999987,0.3999999999999999,0.95,0.9999999999999998,0,0.0,34850
0.34999999999999987,0.3999999999999999,0.9999999999999998,1.05,0,0.0,34850
0.34999999999999987,0.3999999999999999,1.05,1.0999999999999999,0,0.0,34850
0.34999999999999987,0.3999999999999999,1.0999999999999999,1.1499999999999997,0,0.0,34850
0.34999999999999987,0.3999999999999999,1.1499999999999997,1.2,0,0.0,34850
0.3999999999999999,0.44999999999999996,-1.2,-1.15,0,0.0,34850
0.3999999999999999,0.44999999999999996,-1.15,-1.0999999999999999,1,0.0014347202295552368,34850
0.3999999999999999,0.44999999999999996,-1.0999999999999999,-1.05,4,0.005738880918220947,34850
0.3999999999999999,0.44999999999999996,-1.05,-1.0,1,0.0014347202295552368,34850
0.3999999999999999,0.44999999999999996,-1.0,-0.95,1,0.0014347202295552368,34850
0.3999999999999999,0.44999999999999996,-0.95,-0.8999999999999999,0,0.0,34850
0.3999999999999999,0.44999999999999996,-0.8999999999999999,-0.85,6,0.00860832137733142,34850
0.3999999999999999,0.44999999999999996,-0.85,-0.8,2,0.0028694404591104736,34850
0.3999999999999999,0.44999999999999996,-0.8,-0.75,5,0.007173601147776184,34850
0.3999999999999999,0.44999999999999996,-0.75,-0.7,9,0.01291248206599713,34850
0.3999999999999999,0.44999999999999996,-0.7,-0.65,6,0.00860832137733142,34850
0.3999999999999999,0.44999999999999996,-0.65,-0.6,12,0.01721664275466284,34850
0.3999999999999999,0.44999999999999996,-0.6,-0.55,16,0.02295552367288379,34850
0.3999999999999999,0.44999999999999996,-0.55,-0.5,13,0.018651362984218076,34850
0.3999999999999999,0.44999999999999996,-0.5,-0.45000000000000007,32,0.04591104734576758,34850
0.3999999999999999,0.44999999999999996,-0.45000000000000007,-0.4,46,0.06599713055954089,34850
0.3999999999999999,0.44999999999999996,-0.4,-0.35,41,0.0588235294117647,34850
0.3999999999999999,0.44999999999999996,-0.35,-0.30000000000000004,74,0.10616929698708752,34850
0.3999999999999999,0.44999999999999996,-0.30000000000000004,-0.25,62,0.08895265423242468,34850
0.3999999999999999,0.44999999999999996,-0.25,-0.20000000000000007,112,0.16068866571018653,34850
0.3999999999999999,0.44999999999999996,-0.20000000000000007,-0.15000000000000013,120,0.1721664275466284,34850
0.3999999999999999,0.44999999999999996,-0.15000000000000013,-0.10000000000000009,156,0.22381635581061693,34850
0.3999999999999999,0.44999999999999996,-0.10000000000000009,-0.050000000000000044,176,0.2525107604017217,34850
0.3999999999999999,0.44999999999999996,-0.050000000000000044,0.0,202,0.2898134863701578,34850
0.3999999999999999,0.44999999999999996,0.0,0.050000000000000044,195,0.2797704447632712,34850
0.3999999999999999,0.44999999999999996,0.050000000000000044,0.09999999999999987,162,0.23242467718794835,34850
0.3999999999999999,0.44999999999999996,0.09999999999999987,0.1499999999999999,131,0.18794835007173602,34850
0.3999999999999999,0.44999999999999996,0.1499999999999999,0.19999999999999996,106,0.1520803443328551,34850
0.3999999999999999,0.44999999999999996,0.19999999999999996,0.25,100,0.1434720229555237,34850
0.3999999999999999,0.44999999999999996,0.25,0.2999999999999998,101,0.1449067431850789,34850
0.3999999999999999,0.44999999999999996,0.2999999999999998,0.34999999999999987,60,0.0860832137733142,34850
0.3999999999999999,0.44999999999999996,0.34999999999999987,0.3999999999999999,61,0.08751793400286945,34850
0.3999999999999999,0.44999999999999996,0.3999999999999999,0.44999999999999996,42,0.06025824964131994,34850
0.3999999999999999,0.44999999999999996,0.44999999999999996,0.5,30,0.0430416068866571,34850
0.3999999999999999,0.44999999999999996,0.5,0.5499999999999998,25,0.03586800573888092,34850
0.3999999999999999,0.44999999999999996,0.5499999999999998,0.5999999999999999,9,0.01291248206599713,34850
0.3999999999999999,0.44999999999999996,0.5999999999999999,0.6499999999999999,6,0.00860832137733142,34850
0.3999999999999999,0.44999999999999996,0.6499999999999999,0.7,4,0.005738880918220947,34850
0.3999999999999999,0.44999999999999996,0.7,0.7499999999999998,1,0.0014347202295552368,34850
0.3999999999999999,0.44999999999999996,0.7499999999999998,0.7999999999999998,1,0.0014347202295552368,34850
0.3999999999999999,0.44999999999999996,0.7999999999999998,0.8499999999999999,1,0.0014347202295552368,34850
0.3999999999999999,0.44999999999999996,0.8499999999999999,0.8999999999999997,0,0.0,34850
0.3999999999999999,0.44999999999999996,0.8999999999999997,0.95,0,0.0,34850
0.3999999999999999,0.44999999999999996,0.95,0.9999999999999998,0,0.0,34850
0.3999999999999999,0.44999999999999996,0.9999999999999998,1.05,0,0.0,34850
0.3999999999999999,0.44999999999999996,1.05,1.0999999999999999,0,0.0,34850
0.3999999999999999,0.44999999999999996,1.0999999999999999,1.1499999999999997,0,0.0,34850
0.3999999999999999,0.44999999999999996,1.1499999999999997,1.2,0,0.0,34850
0.44999999999999996,0.5,-1.2,-1.15,1,0.0014347202295552368,34850
0.44999999999999996,0.5,-1.15,-1.0999999999999999,2,0.0028694404591104736,34850
0.44999999999999996,0.5,-1.0999999999999999,-1.05,1,0.0014347202295552368,34850
0.44999999999999996,0.5,-1.05,-1.0,0,0.0,34850
0.44999999999999996,0.5,-1.0,-0.95,2,0.0028694404591104736,34850
0.44999999999999996,0.5,-0.95,-0.8999999999999999,1,0.0014347202295552368,34850
0.44999999999999996,0.5,-0.8999999999999999,-0.85,6,0.00860832137733142,34850
0.44999999999999996,0.5,-0.85,-0.8,1,0.0014347202295552368,34850
0.44999999999999996,0.5,-0.8,-0.75,3,0.00430416068866571,34850
0.44999999999999996,0.5,-0.75,-0.7,9,0.01291248206599713,34850
0.44999999999999996,0.5,-0.7,-0.65,5,0.007173601147776184,34850
0.44999999999999996,0.5,-0.65,-0.6,8,0.011477761836441894,34850
0.44999999999999996,0.5,-0.6,-0.55,27,0.03873744619799139,34850
0.44999999999999996,0.5,-0.55,-0.5,18,0.02582496413199426,34850
0.44999999999999996,0.5,-0.5,-0.45000000000000007,30,0.0430416068866571,34850
0.44999999999999996,0.5,-0.45000000000000007,-0.4,32,0.04591104734576758,34850
0.44999999999999996,0.5,-0.4,-0.35,45,0.06456241032998565,34850
0.44999999999999996,0.5,-0.35,-0.30000000000000004,55,0.07890961262553801,34850
0.44999999999999996,0.5,-0.30000000000000004,-0.25,53,0.07604017216642756,34850
0.44999999999999996,0.5,-0.25,-0.20000000000000007,88,0.12625538020086086,34850
0.44999999999999996,0.5,-0.20000000000000007,-0.15000000000000013,101,0.1449067431850789,34850
0.44999999999999996,0.5,-0.15000000000000013,-0.10000000000000009,135,0.19368723098995697,34850
0.44999999999999996,0.5,-0.10000000000000009,-0.050000000000000044,120,0.1721664275466284,34850
0.44999999999999996,0.5,-0.050000000000000044,0.0,158,0.2266857962697274,34850
0.44999999999999996,0.5,0.0,0.050000000000000044,152,0.21807747489239596,34850
0.44999999999999996,0.5,0.050000000000000044,0.09999999999999987,127,0.18220946915351505,34850
0.44999999999999996,0.5,0.09999999999999987,0.1499999999999999,119,0.17073170731707318,34850
0.44999999999999996,0.5,0.1499999999999999,0.19999999999999996,68,0.0975609756097561,34850
0.44999999999999996,0.5,0.19999999999999996,0.25,65,0.09325681492109039,34850
0.44999999999999996,0.5,0.25,0.2999999999999998,39,0.05595408895265423,34850
0.44999999999999996,0.5,0.2999999999999998,0.34999999999999987,35,0.05021520803443328,34850
0.44999999999999996,0.5,0.34999999999999987,0.3999999999999999,25,0.03586800573888092,34850
0.44999999999999996,0.5,0.3999999999999999,0.44999999999999996,30,0.0430416068866571,34850
0.44999999999999996,0.5,0.44999999999999996,0.5,16,0.02295552367288379,34850
0.44999999999999996,0.5,0.5,0.5499999999999998,18,0.02582496413199426,34850
0.44999999999999996,0.5,0.5499999999999998,0.5999999999999999,8,0.011477761836441894,34850
0.44999999999999996,0.5,0.5999999999999999,0.6499999999999999,11,0.015781922525107607,34850
0.44999999999999996,0.5,0.6499999999999999,0.7,3,0.00430416068866571,34850
0.44999999999999996,0.5,0.7,0.7499999999999998,1,0.0014347202295552368,34850
0.44999999999999996,0.5,0.7499999999999998,0.7999999999999998,0,0.0,34850
0.44999999999999996,0.5,0.7999999999999998,0.8499999999999999,0,0.0,34850
0.44999999999999996,0.5,0.8499999999999999,0.8999999999999997,0,0.0,34850
0.44999999999999996,0.5,0.8999999999999997,0.95,0,0.0,34850
0.44999999999999996,0.5,0.95,0.9999999999999998,0,0.0,34850
0.44999999999999996,0.5,0.9999999999999998,1.05,0,0.0,34850
0.44999999999999996,0.5,1.05,1.0999999999999999,0,0.0,34850
0.44999999999999996,0.5,1.0999999999999999,1.1499999999999997,0,0.0,34850
0.44999999999999996,0.5,1.1499999999999997,1.2,0,0.0,34850
0.5,0.5499999999999998,-1.2,-1.15,0,0.0,34850
0.5,0.5499999999999998,-1.15,-1.0999999999999999,0,0.0,34850
0.5,0.5499999999999998,-1.0999999999999999,-1.05,0,0.0,34850
0.5,0.5499999999999998,-1.05,-1.0,1,0.0014347202295552368,34850
0.5,0.5499999999999998,-1.0,-0.95,0,0.0,34850
0.5,0.5499999999999998,-0.95,-0.8999999999999999,2,0.0028694404591104736,34850
0.5,0.5499999999999998,-0.8999999999999999,-0.85,3,0.00430416068866571,34850
0.5,0.5499999999999998,-0.85,-0.8,3,0.00430416068866571,34850
0.5,0.5499999999999998,-0.8,-0.75,2,0.0028694404591104736,34850
0.5,0.5499999999999998,-0.75,-0.7,7,0.010043041606886658,34850
0.5,0.5499999999999998,-0.7,-0.65,7,0.010043041606886658,34850
0.5,0.5499999999999998,-0.65,-0.6,12,0.01721664275466284,34850
0.5,0.5499999999999998,-0.6,-0.55,16,0.02295552367288379,34850
0.5,0.5499999999999998,-0.55,-0.5,20,0.028694404591104734,34850
0.5,0.5499999999999998,-0.5,-0.45000000000000007,24,0.03443328550932568,34850
0.5,0.5499999999999998,-0.45000000000000007,-0.4,34,0.04878048780487805,34850
0.5,0.5499999999999998,-0.4,-0.35,37,0.05308464849354376,34850
0.5,0.5499999999999998,-0.35,-0.30000000000000004,42,0.06025824964131994,34850
0.5,0.5499999999999998,-0.30000000000000004,-0.25,65,0.09325681492109039,34850
0.5,0.5499999999999998,-0.25,-0.20000000000000007,67,0.09612625538020086,34850
0.5,0.5499999999999998,-0.20000000000000007,-0.15000000000000013,77,0.11047345767575324,34850
0.5,0.5499999999999998,-0.15000000000000013,-0.10000000000000009,94,0.13486370157819227,34850
0.5,0.5499999999999998,-0.10000000000000009,-0.050000000000000044,112,0.16068866571018653,34850
0.5,0.5499999999999998,-0.050000000000000044,0.0,111,0.1592539454806313,34850
0.5,0.5499999999999998,0.0,0.050000000000000044,101,0.1449067431850789,34850
0.5,0.5499999999999998,0.050000000000000044,0.09999999999999987,81,0.11621233859397417,34850
0.5,0.5499999999999998,0.09999999999999987,0.1499999999999999,78,0.11190817790530846,34850
0.5,0.5499999999999998,0.1499999999999999,0.19999999999999996,54,0.07747489239598278,34850
0.5,0.5499999999999998,0.19999999999999996,0.25,31,0.04447632711621234,34850
0.5,0.5499999999999998,0.25,0.2999999999999998,46,0.06599713055954089,34850
0.5,0.5499999999999998,0.2999999999999998,0.34999999999999987,38,0.05451936872309899,34850
0.5,0.5499999999999998,0.34999999999999987,0.3999999999999999,19,0.027259684361549495,34850
0.5,0.5499999999999998,0.3999999999999999,0.44999999999999996,25,0.03586800573888092,34850
0.5,0.5499999999999998,0.44999999999999996,0.5,18,0.02582496413199426,34850
0.5,0.5499999999999998,0.5,0.5499999999999998,16,0.02295552367288379,34850
0.5,0.5499999999999998,0.5499999999999998,0.5999999999999999,9,0.01291248206599713,34850
0.5,0.5499999999999998,0.5999999999999999,0.6499999999999999,1,0.0014347202295552368,34850
0.5,0.5499999999999998,0.6499999999999999,0.7,1,0.0014347202295552368,34850
0.5,0.5499999999999998,0.7,0.7499999999999998,0,0.0,34850
0.5,0.5499999999999998,0.7499999999999998,0.7999999999999998,0,0.0,34850
0.5,0.5499999999999998,0.7999999999999998,0.8499999999999999,1,0.0014347202295552368,34850
0.5,0.5499999999999998,0.8499999999999999,0.8999999999999997,0,0.0,34850
0.5,0.5499999999999998,0.8999999999999997,0.95,0,0.0,34850
0.5,0.5499999999999998,0.95,0.9999999999999998,0,0.0,34850
0.5,0.5499999999999998,0.9999999999999998,1.05,0,0.0,34850
0.5,0.5499999999999998,1.05,1.0999999999999999,0,0.0,34850
0.5,0.5499999999999998,1.0999999999999999,1.1499999999999997,0,0.0,34850
0.5,0.5499999999999998,1.1499999999999997,1.2,0,0.0,34850
0.5499999999999998,0.5999999999999999,-1.2,-1.15,0,0.0,34850
0.5499999999999998,0.5999999999999999,-1.15,-1.0999999999999999,0,0.0,34850
0.5499999999999998,0.5999999999999999,-1.0999999999999999,-1.05,0,0.0,34850
0.5499999999999998,0.5999999999999999,-1.05,-1.0,0,0.0,34850
0.5499999999999998,0.5999999999999999,-1.0,-0.95,0,0.0,34850
0.5499999999999998,0.5999999999999999,-0.95,-0.8999999999999999,3,0.00430416068866571,34850
0.5499999999999998,0.5999999999999999,-0.8999999999999999,-0.85,3,0.00430416068866571,34850
0.5499999999999998,0.5999999999999999,-0.85,-0.8,5,0.007173601147776184,34850
0.5499999999999998,0.5999999999999999,-0.8,-0.75,8,0.011477761836441894,34850
0.5499999999999998,0.5999999999999999,-0.75,-0.7,7,0.010043041606886658,34850
0.5499999999999998,0.5999999999999999,-0.7,-0.65,14,0.020086083213773316,34850
0.5499999999999998,0.5999999999999999,-0.65,-0.6,11,0.015781922525107607,34850
0.5499999999999998,0.5999999999999999,-0.6,-0.55,11,0.015781922525107607,34850
0.5499999999999998,0.5999999999999999,-0.55,-0.5,19,0.027259684361549495,34850
0.5499999999999998,0.5999999999999999,-0.5,-0.45000000000000007,27,0.03873744619799139,34850
0.5499999999999998,0.5999999999999999,-0.45000000000000007,-0.4,20,0.028694404591104734,34850
0.5499999999999998,0.5999999999999999,-0.4,-0.35,17,0.024390243902439025,34850
0.5499999999999998,0.5999999999999999,-0.35,-0.30000000000000004,33,0.04734576757532281,34850
0.5499999999999998,0.5999999999999999,-0.30000000000000004,-0.25,39,0.05595408895265423,34850
0.5499999999999998,0.5999999999999999,-0.25,-0.20000000000000007,45,0.06456241032998565,34850
0.5499999999999998,0.5999999999999999,-0.20000000000000007,-0.15000000000000013,61,0.08751793400286945,34850
0.5499999999999998,0.5999999999999999,-0.15000000000000013,-0.10000000000000009,59,0.08464849354375897,34850
0.5499999999999998,0.5999999999999999,-0.10000000000000009,-0.050000000000000044,71,0.10186513629842182,34850
0.5499999999999998,0.5999999999999999,-0.050000000000000044,0.0,66,0.09469153515064561,34850
0.5499999999999998,0.5999999999999999,0.0,0.050000000000000044,78,0.11190817790530846,34850
0.5499999999999998,0.5999999999999999,0.050000000000000044,0.09999999999999987,45,0.06456241032998565,34850
0.5499999999999998,0.5999999999999999,0.09999999999999987,0.1499999999999999,44,0.06312769010043043,34850
0.5499999999999998,0.5999999999999999,0.1499999999999999,0.19999999999999996,45,0.06456241032998565,34850
0.5499999999999998,0.5999999999999999,0.19999999999999996,0.25,47,0.06743185078909614,34850
0.5499999999999998,0.5999999999999999,0.25,0.2999999999999998,24,0.03443328550932568,34850
0.5499999999999998,0.5999999999999999,0.2999999999999998,0.34999999999999987,18,0.02582496413199426,34850
0.5499999999999998,0.5999999999999999,0.34999999999999987,0.3999999999999999,10,0.014347202295552367,34850
0.5499999999999998,0.5999999999999999,0.3999999999999999,0.44999999999999996,9,0.01291248206599713,34850
0.5499999999999998,0.5999999999999999,0.44999999999999996,0.5,8,0.011477761836441894,34850
0.5499999999999998,0.5999999999999999,0.5,0.5499999999999998,9,0.01291248206599713,34850
0.5499999999999998,0.5999999999999999,0.5499999999999998,0.5999999999999999,2,0.0028694404591104736,34850
0.5499999999999998,0.5999999999999999,0.5999999999999999,0.6499999999999999,4,0.005738880918220947,34850
0.5499999999999998,0.5999999999999999,0.6499999999999999,0.7,0,0.0,34850
0.5499999999999998,0.5999999999999999,0.7,0.7499999999999998,0,0.0,34850
0.5499999999999998,0.5999999999999999,0.7499999999999998,0.7999999999999998,0,0.0,34850
0.5499999999999998,0.5999999999999999,0.7999999999999998,0.8499999999999999,0,0.0,34850
0.5499999999999998,0.5999999999999999,0.8499999999999999,0.8999999999999997,0,0.0,34850
0.5499999999999998,0.5999999999999999,0.8999999999999997,0.95,0,0.0,34850
0.5499999999999998,0.5999999999999999,0.95,0.9999999999999998,0,0.0,34850
0.5499999999999998,0.5999999999999999,0.9999999999999998,1.05,0,0.0,34850
0.5499999999999998,0.5999999999999999,1.05,1.0999999999999999,0,0.0,34850
0.5499999999999998,0.5999999999999999,1.0999999999999999,1.1499999999999997,0,0.0,34850
0.5499999999999998,0.5999999999999999,1.1499999999999997,1.2,0,0.0,34850
0.5999999999999999,0.6499999999999999,-1.2,-1.15,0,0.0,34850
0.5999999999999999,0.6499999999999999,-1.15,-1.0999999999999999,0,0.0,34850
0.5999999999999999,0.6499999999999999,-1.0999999999999999,-1.05,0,0.0,34850
0.5999999999999999,0.6499999999999999,-1.05,-1.0,0,0.0,34850
0.5999999999999999,0.6499999999999999,-1.0,-0.95,1,0.0014347202295552368,34850
0.5999999999999999,0.6499999999999999,-0.95,-0.8999999999999999,1,0.0014347202295552368,34850
0.5999999999999999,0.6499999999999999,-0.8999999999999999,-0.85,3,0.00430416068866571,34850
0.5999999999999999,0.6499999999999999,-0.85,-0.8,2,0.0028694404591104736,34850
0.5999999999999999,0.6499999999999999,-0.8,-0.75,5,0.007173601147776184,34850
0.5999999999999999,0.6499999999999999,-0.75,-0.7,4,0.005738880918220947,34850
0.5999999999999999,0.6499999999999999,-0.7,-0.65,7,0.010043041606886658,34850
0.5999999999999999,0.6499999999999999,-0.65,-0.6,8,0.011477761836441894,34850
0.5999999999999999,0.6499999999999999,-0.6,-0.55,13,0.018651362984218076,34850
0.5999999999999999,0.6499999999999999,-0.55,-0.5,15,0.02152080344332855,34850
0.5999999999999999,0.6499999999999999,-0.5,-0.45000000000000007,16,0.02295552367288379,34850
0.5999999999999999,0.6499999999999999,-0.45000000000000007,-0.4,21,0.03012912482065997,34850
0.5999999999999999,0.6499999999999999,-0.4,-0.35,27,0.03873744619799139,34850
0.5999999999999999,0.6499999999999999,-0.35,-0.30000000000000004,29,0.04160688665710186,34850
0.5999999999999999,0.6499999999999999,-0.30000000000000004,-0.25,24,0.03443328550932568,34850
0.5999999999999999,0.6499999999999999,-0.25,-0.20000000000000007,31,0.04447632711621234,34850
0.5999999999999999,0.6499999999999999,-0.20000000000000007,-0.15000000000000013,38,0.05451936872309899,34850
0.5999999999999999,0.6499999999999999,-0.15000000000000013,-0.10000000000000009,41,0.0588235294117647,34850
0.5999999999999999,0.6499999999999999,-0.10000000000000009,-0.050000000000000044,51,0.07317073170731707,34850
0.5999999999999999,0.6499999999999999,-0.050000000000000044,0.0,62,0.08895265423242468,34850
0.5999999999999999,0.6499999999999999,0.0,0.050000000000000044,59,0.08464849354375897,34850
0.5999999999999999,0.6499999999999999,0.050000000000000044,0.09999999999999987,35,0.05021520803443328,34850
0.5999999999999999,0.6499999999999999,0.09999999999999987,0.1499999999999999,21,0.03012912482065997,34850
0.5999999999999999,0.6499999999999999,0.1499999999999999,0.19999999999999996,23,0.03299856527977044,34850
0.5999999999999999,0.6499999999999999,0.19999999999999996,0.25,10,0.014347202295552367,34850
0.5999999999999999,0.6499999999999999,0.25,0.2999999999999998,14,0.020086083213773316,34850
0.5999999999999999,0.6499999999999999,0.2999999999999998,0.34999999999999987,8,0.011477761836441894,34850
0.5999999999999999,0.6499999999999999,0.34999999999999987,0.3999999999999999,10,0.014347202295552367,34850
0.5999999999999999,0.6499999999999999,0.3999999999999999,0.44999999999999996,6,0.00860832137733142,34850
0.5999999999999999,0.6499999999999999,0.44999999999999996,0.5,11,0.015781922525107607,34850
0.5999999999999999,0.6499999999999999,0.5,0.5499999999999998,1,0.0014347202295552368,34850
0.5999999999999999,0.6499999999999999,0.5499999999999998,0.5999999999999999,4,0.005738880918220947,34850
0.5999999999999999,0.6499999999999999,0.5999999999999999,0.6499999999999999,2,0.0028694404591104736,34850
0.5999999999999999,0.6499999999999999,0.6499999999999999,0.7,1,0.0014347202295552368,34850
0.5999999999999999,0.6499999999999999,0.7,0.7499999999999998,0,0.0,34850
0.5999999999999999,0.6499999999999999,0.7499999999999998,0.7999999999999998,0,0.0,34850
0.5999999999999999,0.6499999999999999,0.7999999999999998,0.8499999999999999,0,0.0,34850
0.5999999999999999,0.6499999999999999,0.8499999999999999,0.8999999999999997,0,0.0,34850
0.5999999999999999,0.6499999999999999,0.8999999999999997,0.95,0,0.0,34850
0.5999999999999999,0.6499999999999999,0.95,0.9999999999999998,0,0.0,34850
0.5999999999999999,0.6499999999999999,0.9999999999999998,1.05,0,0.0,34850
0.5999999999999999,0.6499999999999999,1.05,1.0999999999999999,0,0.0,34850
0.5999999999999999,0.6499999999999999,1.0999999999999999,1.1499999999999997,0,0.0,34850
0.5999999999999999,0.6499999999999999,1.1499999999999997,1.2,0,0.0,34850
0.6499999999999999,0.7,-1.2,-1.15,0,0.0,34850
0.6499999999999999,0.7,-1.15,-1.0999999999999999,0,0.0,34850
0.6499999999999999,0.7,-1.0999999999999999,-1.05,0,0.0,34850
0.6499999999999999,0.7,-1.05,-1.0,0,0.0,34850
0.6499999999999999,0.7,-1.0,-0.95,0,0.0,34850
0.6499999999999999,0.7,-0.95,-0.8999999999999999,0,0.0,34850
0.6499999999999999,0.7,-0.8999999999999999,-0.85,0,0.0,34850
0.6499999999999999,0.7,-0.85,-0.8,0,0.0,34850
0.6499999999999999,0.7,-0.8,-0.75,5,0.007173601147776184,34850
0.6499999999999999,0.7,-0.75,-0.7,4,0.005738880918220947,34850
0.6499999999999999,0.7,-0.7,-0.65,2,0.0028694404591104736,34850
0.6499999999999999,0.7,-0.65,-0.6,7,0.010043041606886658,34850
0.6499999999999999,0.7,-0.6,-0.55,9,0.01291248206599713,34850
0.6499999999999999,0.7,-0.55,-0.5,17,0.024390243902439025,34850
0.6499999999999999,0.7,-0.5,-0.45000000000000007,12,0.01721664275466284,34850
0.6499999999999999,0.7,-0.45000000000000007,-0.4,23,0.03299856527977044,34850
0.6499999999999999,0.7,-0.4,-0.35,14,0.020086083213773316,34850
0.6499999999999999,0.7,-0.35,-0.30000000000000004,20,0.028694404591104734,34850
0.6499999999999999,0.7,-0.30000000000000004,-0.25,35,0.05021520803443328,34850
0.6499999999999999,0.7,-0.25,-0.20000000000000007,28,0.04017216642754663,34850
0.6499999999999999,0.7,-0.20000000000000007,-0.15000000000000013,34,0.04878048780487805,34850
0.6499999999999999,0.7,-0.15000000000000013,-0.10000000000000009,36,0.05164992826398852,34850
0.6499999999999999,0.7,-0.10000000000000009,-0.050000000000000044,46,0.06599713055954089,34850
0.6499999999999999,0.7,-0.050000000000000044,0.0,25,0.03586800573888092,34850
0.6499999999999999,0.7,0.0,0.050000000000000044,29,0.04160688665710186,34850
0.6499999999999999,0.7,0.050000000000000044,0.09999999999999987,14,0.020086083213773316,34850
0.6499999999999999,0.7,0.09999999999999987,0.1499999999999999,11,0.015781922525107607,34850
0.6499999999999999,0.7,0.1499999999999999,0.19999999999999996,10,0.014347202295552367,34850
0.6499999999999999,0.7,0.19999999999999996,0.25,7,0.010043041606886658,34850
0.6499999999999999,0.7,0.25,0.2999999999999998,8,0.011477761836441894,34850
0.6499999999999999,0.7,0.2999999999999998,0.34999999999999987,10,0.014347202295552367,34850
0.6499999999999999,0.7,0.34999999999999987,0.3999999999999999,10,0.014347202295552367,34850
0.6499999999999999,0.7,0.3999999999999999,0.44999999999999996,4,0.005738880918220947,34850
0.6499999999999999,0.7,0.44999999999999996,0.5,3,0.00430416068866571,34850
0.6499999999999999,0.7,0.5,0.5499999999999998,1,0.0014347202295552368,34850
0.6499999999999999,0.7,0.5499999999999998,0.5999999999999999,0,0.0,34850
0.6499999999999999,0.7,0.5999999999999999,0.6499999999999999,1,0.0014347202295552368,34850
0.6499999999999999,0.7,0.6499999999999999,0.7,0,0.0,34850
0.6499999999999999,0.7,0.7,0.7499999999999998,0,0.0,34850
0.6499999999999999,0.7,0.7499999999999998,0.7999999999999998,0,0.0,34850
0.6499999999999999,0.7,0.7999999999999998,0.8499999999999999,0,0.0,34850
0.6499999999999999,0.7,0.8499999999999999,0.8999999999999997,0,0.0,34850
0.6499999999999999,0.7,0.8999999999999997,0.95,0,0.0,34850
0.6499999999999999,0.7,0.95,0.9999999999999998,0,0.0,34850
0.6499999999999999,0.7,0.9999999999999998,1.05,0,0.0,34850
0.6499999999999999,0.7,1.05,1.0999999999999999,0,0.0,34850
0.6499999999999999,0.7,1.0999999999999999,1.1499999999999997,0,0.0,34850
0.6499999999999999,0.7,1.1499999999999997,1.2,0,0.0,34850
0.7,0.7499999999999998,-1.2,-1.15,0,0.0,34850
0.7,0.7499999999999998,-1.15,-1.0999999999999999,0,0.0,34850
0.7,0.7499999999999998,-1.0999999999999999,-1.05,0,0.0,34850
0.7,0.7499999999999998,-1.05,-1.0,0,0.0,34850
0.7,0.7499999999999998,-1.0,-0.95,1,0.0014347202295552368,34850
0.7,0.7499999999999998,-0.95,-0.8999999999999999,4,0.005738880918220947,34850
0.7,0.7499999999999998,-0.8999999999999999,-0.85,1,0.0014347202295552368,34850
0.7,0.7499999999999998,-0.85,-0.8,4,0.005738880918220947,34850
0.7,0.7499999999999998,-0.8,-0.75,2,0.0028694404591104736,34850
0.7,0.7499999999999998,-0.75,-0.7,5,0.007173601147776184,34850
0.7,0.7499999999999998,-0.7,-0.65,6,0.00860832137733142,34850
0.7,0.7499999999999998,-0.65,-0.6,3,0.00430416068866571,34850
0.7,0.7499999999999998,-0.6,-0.55,12,0.01721664275466284,34850
0.7,0.7499999999999998,-0.55,-0.5,10,0.014347202295552367,34850
0.7,0.7499999999999998,-0.5,-0.45000000000000007,17,0.024390243902439025,34850
0.7,0.7499999999999998,-0.45000000000000007,-0.4,13,0.018651362984218076,34850
0.7,0.7499999999999998,-0.4,-0.35,14,0.020086083213773316,34850
0.7,0.7499999999999998,-0.35,-0.30000000000000004,11,0.015781922525107607,34850
0.7,0.7499999999999998,-0.30000000000000004,-0.25,20,0.028694404591104734,34850
0.7,0.7499999999999998,-0.25,-0.20000000000000007,12,0.01721664275466284,34850
0.7,0.7499999999999998,-0.20000000000000007,-0.15000000000000013,8,0.011477761836441894,34850
0.7,0.7499999999999998,-0.15000000000000013,-0.10000000000000009,22,0.031563845050215214,34850
0.7,0.7499999999999998,-0.10000000000000009,-0.050000000000000044,18,0.02582496413199426,34850
0.7,0.7499999999999998,-0.050000000000000044,0.0,18,0.02582496413199426,34850
0.7,0.7499999999999998,0.0,0.050000000000000044,19,0.027259684361549495,34850
0.7,0.7499999999999998,0.050000000000000044,0.09999999999999987,26,0.03730272596843615,34850
0.7,0.7499999999999998,0.09999999999999987,0.1499999999999999,7,0.010043041606886658,34850
0.7,0.7499999999999998,0.1499999999999999,0.19999999999999996,10,0.014347202295552367,34850
0.7,0.7499999999999998,0.19999999999999996,0.25,2,0.0028694404591104736,34850
0.7,0.7499999999999998,0.25,0.2999999999999998,3,0.00430416068866571,34850
0.7,0.7499999999999998,0.2999999999999998,0.34999999999999987,3,0.00430416068866571,34850
0.7,0.7499999999999998,0.34999999999999987,0.3999999999999999,1,0.0014347202295552368,34850
0.7,0.7499999999999998,0.3999999999999999,0.44999999999999996,1,0.0014347202295552368,34850
0.7,0.7499999999999998,0.44999999999999996,0.5,1,0.0014347202295552368,34850
0.7,0.7499999999999998,0.5,0.5499999999999998,0,0.0,34850
0.7,0.7499999999999998,0.5499999999999998,0.5999999999999999,0,0.0,34850
0.7,0.7499999999999998,0.5999999999999999,0.6499999999999999,0,0.0,34850
0.7,0.7499999999999998,0.6499999999999999,0.7,0,0.0,34850
0.7,0.7499999999999998,0.7,0.7499999999999998,0,0.0,34850
0.7,0.7499999999999998,0.7499999999999998,0.7999999999999998,0,0.0,34850
0.7,0.7499999999999998,0.7999999999999998,0.8499999999999999,0,0.0,34850
0.7,0.7499999999999998,0.8499999999999999,0.8999999999999997,0,0.0,34850
0.7,0.7499999999999998,0.8999999999999997,0.95,0,0.0,34850
0.7,0.7499999999999998,0.95,0.9999999999999998,0,0.0,34850
0.7,0.7499999999999998,0.9999999999999998,1.05,0,0.0,34850
0.7,0.7499999999999998,1.05,1.0999999999999999,0,0.0,34850
0.7,0.7499999999999998,1.0999999999999999,1.1499999999999997,0,0.0,34850
0.7,0.7499999999999998,1.1499999999999997,1.2,0,0.0,34850
0.7499999999999998,0.7999999999999998,-1.2,-1.15,0,0.0,34850
0.7499999999999998,0.7999999999999998,-1.15,-1.0999999999999999,0,0.0,34850
0.7499999999999998,0.7999999999999998,-1.0999999999999999,-1.05,0,0.0,34850
0.7499999999999998,0.7999999999999998,-1.05,-1.0,0,0.0,34850
0.7499999999999998,0.7999999999999998,-1.0,-0.95,0,0.0,34850
0.7499999999999998,0.7999999999999998,-0.95,-0.8999999999999999,1,0.0014347202295552368,34850
0.7499999999999998,0.7999999999999998,-0.8999999999999999,-0.85,5,0.007173601147776184,34850
0.7499999999999998,0.7999999999999998,-0.85,-0.8,0,0.0,34850
0.7499999999999998,0.7999999999999998,-0.8,-0.75,2,0.0028694404591104736,34850
0.7499999999999998,0.7999999999999998,-0.75,-0.7,5,0.007173601147776184,34850
0.7499999999999998,0.7999999999999998,-0.7,-0.65,2,0.0028694404591104736,34850
0.7499999999999998,0.7999999999999998,-0.65,-0.6,9,0.01291248206599713,34850
0.7499999999999998,0.7999999999999998,-0.6,-0.55,5,0.007173601147776184,34850
0.7499999999999998,0.7999999999999998,-0.55,-0.5,9,0.01291248206599713,34850
0.7499999999999998,0.7999999999999998,-0.5,-0.45000000000000007,4,0.005738880918220947,34850
0.7499999999999998,0.7999999999999998,-0.45000000000000007,-0.4,12,0.01721664275466284,34850
0.7499999999999998,0.7999999999999998,-0.4,-0.35,6,0.00860832137733142,34850
0.7499999999999998,0.7999999999999998,-0.35,-0.30000000000000004,7,0.010043041606886658,34850
0.7499999999999998,0.7999999999999998,-0.30000000000000004,-0.25,6,0.00860832137733142,34850
0.7499999999999998,0.7999999999999998,-0.25,-0.20000000000000007,5,0.007173601147776184,34850
0.7499999999999998,0.7999999999999998,-0.20000000000000007,-0.15000000000000013,11,0.015781922525107607,34850
0.7499999999999998,0.7999999999999998,-0.15000000000000013,-0.10000000000000009,14,0.020086083213773316,34850
0.7499999999999998,0.7999999999999998,-0.10000000000000009,-0.050000000000000044,12,0.01721664275466284,34850
0.7499999999999998,0.7999999999999998,-0.050000000000000044,0.0,13,0.018651362984218076,34850
0.7499999999999998,0.7999999999999998,0.0,0.050000000000000044,12,0.01721664275466284,34850
0.7499999999999998,0.7999999999999998,0.050000000000000044,0.09999999999999987,9,0.01291248206599713,34850
0.7499999999999998,0.7999999999999998,0.09999999999999987,0.1499999999999999,4,0.005738880918220947,34850
0.7499999999999998,0.7999999999999998,0.1499999999999999,0.19999999999999996,6,0.00860832137733142,34850
0.7499999999999998,0.7999999999999998,0.19999999999999996,0.25,3,0.00430416068866571,34850
0.7499999999999998,0.7999999999999998,0.25,0.2999999999999998,3,0.00430416068866571,34850
0.7499999999999998,0.7999999999999998,0.2999999999999998,0.34999999999999987,1,0.0014347202295552368,34850
0.7499999999999998,0.7999999999999998,0.34999999999999987,0.3999999999999999,2,0.0028694404591104736,34850
0.7499999999999998,0.7999999999999998,0.3999999999999999,0.44999999999999996,1,0.0014347202295552368,34850
0.7499999999999998,0.7999999999999998,0.44999999999999996,0.5,0,0.0,34850
0.7499999999999998,0.7999999999999998,0.5,0.5499999999999998,0,0.0,34850
0.7499999999999998,0.7999999999999998,0.5499999999999998,0.5999999999999999,0,0.0,34850
0.7499999999999998,0.7999999999999998,0.5999999999999999,0.6499999999999999,0,0.0,34850
0.7499999999999998,0.7999999999999998,0.6499999999999999,0.7,0,0.0,34850
0.7499999999999998,0.7999999999999998,0.7,0.7499999999999998,0,0.0,34850
0.7499999999999998,0.7999999999999998,0.7499999999999998,0.7999999999999998,0,0.0,34850
0.7499999999999998,0.7999999999999998,0.7999999999999998,0.8499999999999999,0,0.0,34850
0.7499999999999998,0.7999999999999998,0.8499999999999999,0.8999999999999997,0,0.0,34850
0.7499999999999998,0.7999999999999998,0.8999999999999997,0.95,0,0.0,34850
0.7499999999999998,0.7999999999999998,0.95,0.9999999999999998,0,0.0,34850
0.7499999999999998,0.7999999999999998,0.9999999999999998,1.05,0,0.0,34850
0.7499999999999998,0.7999999999999998,1.05,1.0999999999999999,0,0.0,34850
0.7499999999999998,0.7999999999999998,1.0999999999999999,1.1499999999999997,0,0.0,34850
0.7499999999999998,0.7999999999999998,1.1499999999999997,1.2,0,0.0,34850
0.7999999999999998,0.8499999999999999,-1.2,-1.15,0,0.0,34850
0.7999999999999998,0.8499999999999999,-1.15,-1.0999999999999999,0,0.0,34850
0.7999999999999998,0.8499999999999999,-1.0999999999999999,-1.05,0,0.0,34850
0.7999999999999998,0.8499999999999999,-1.05,-1.0,0,0.0,34850
0.7999999999999998,0.8499999999999999,-1.0,-0.95,0,0.0,34850
0.7999999999999998,0.8499999999999999,-0.95,-0.8999999999999999,0,0.0,34850
0.7999999999999998,0.8499999999999999,-0.8999999999999999,-0.85,0,0.0,34850
0.7999999999999998,0.8499999999999999,-0.85,-0.8,2,0.0028694404591104736,34850
0.7999999999999998,0.8499999999999999,-0.8,-0.75,3,0.00430416068866571,34850
0.7999999999999998,0.8499999999999999,-0.75,-0.7,4,0.005738880918220947,34850
0.7999999999999998,0.8499999999999999,-0.7,-0.65,3,0.00430416068866571,34850
0.7999999999999998,0.8499999999999999,-0.65,-0.6,3,0.00430416068866571,34850
0.7999999999999998,0.8499999999999999,-0.6,-0.55,2,0.0028694404591104736,34850
0.7999999999999998,0.8499999999999999,-0.55,-0.5,6,0.00860832137733142,34850
0.7999999999999998,0.8499999999999999,-0.5,-0.45000000000000007,6,0.00860832137733142,34850
0.7999999999999998,0.8499999999999999,-0.45000000000000007,-0.4,6,0.00860832137733142,34850
0.7999999999999998,0.8499999999999999,-0.4,-0.35,6,0.00860832137733142,34850
0.7999999999999998,0.8499999999999999,-0.35,-0.30000000000000004,11,0.015781922525107607,34850
0.7999999999999998,0.8499999999999999,-0.30000000000000004,-0.25,3,0.00430416068866571,34850
0.7999999999999998,0.8499999999999999,-0.25,-0.20000000000000007,2,0.0028694404591104736,34850
0.7999999999999998,0.8499999999999999,-0.20000000000000007,-0.15000000000000013,8,0.011477761836441894,34850
0.7999999999999998,0.8499999999999999,-0.15000000000000013,-0.10000000000000009,4,0.005738880918220947,34850
0.7999999999999998,0.8499999999999999,-0.10000000000000009,-0.050000000000000044,9,0.01291248206599713,34850
0.7999999999999998,0.8499999999999999,-0.050000000000000044,0.0,8,0.011477761836441894,34850
0.7999999999999998,0.8499999999999999,0.0,0.050000000000000044,6,0.00860832137733142,34850
0.7999999999999998,0.8499999999999999,0.050000000000000044,0.09999999999999987,5,0.007173601147776184,34850
0.7999999999999998,0.8499999999999999,0.09999999999999987,0.1499999999999999,0,0.0,34850
0.7999999999999998,0.8499999999999999,0.1499999999999999,0.19999999999999996,4,0.005738880918220947,34850
0.7999999999999998,0.8499999999999999,0.19999999999999996,0.25,4,0.005738880918220947,34850
0.7999999999999998,0.8499999999999999,0.25,0.2999999999999998,2,0.0028694404591104736,34850
0.7999999999999998,0.8499999999999999,0.2999999999999998,0.34999999999999987,1,0.0014347202295552368,34850
0.7999999999999998,0.8499999999999999,0.34999999999999987,0.3999999999999999,0,0.0,34850
0.7999999999999998,0.8499999999999999,0.3999999999999999,0.44999999999999996,1,0.0014347202295552368,34850
0.7999999999999998,0.8499999999999999,0.44999999999999996,0.5,0,0.0,34850
0.7999999999999998,0.8499999999999999,0.5,0.5499999999999998,1,0.0014347202295552368,34850
0.7999999999999998,0.8499999999999999,0.5499999999999998,0.5999999999999999,0,0.0,34850
0.7999999999999998,0.8499999999999999,0.5999999999999999,0.6499999999999999,0,0.0,34850
0.7999999999999998,0.8499999999999999,0.6499999999999999,0.7,0,0.0,34850
0.7999999999999998,0.8499999999999999,0.7,0.7499999999999998,0,0.0,34850
0.7999999999999998,0.8499999999999999,0.7499999999999998,0.7999999999999998,0,0.0,34850
0.7999999999999998,0.8499999999999999,0.7999999999999998,0.8499999999999999,0,0.0,34850
0.7999999999999998,0.8499999999999999,0.8499999999999999,0.8999999999999997,0,0.0,34850
0.7999999999999998,0.8499999999999999,0.8999999999999997,0.95,0,0.0,34850
0.7999999999999998,0.8499999999999999,0.95,0.9999999999999998,0,0.0,34850
0.7999999999999998,0.8499999999999999,0.9999999999999998,1.05,0,0.0,34850
0.7999999999999998,0.8499999999999999,1.05,1.0999999999999999,0,0.0,34850
0.7999999999999998,0.8499999999999999,1.0999999999999999,1.1499999999999997,0,0.0,34850
0.7999999999999998,0.8499999999999999,1.1499999999999997,1.2,0,0.0,34850
0.8499999999999999,0.8999999999999997,-1.2,-1.15,0,0.0,34850
0.8499999999999999,0.8999999999999997,-1.15,-1.0999999999999999,0,0.0,34850
0.8499999999999999,0.8999999999999997,-1.0999999999999999,-1.05,0,0.0,34850
0.8499999999999999,0.8999999999999997,-1.05,-1.0,0,0.0,34850
0.8499999999999999,0.8999999999999997,-1.0,-0.95,0,0.0,34850
0.8499999999999999,0.8999999999999997,-0.95,-0.8999999999999999,1,0.0014347202295552368,34850
0.8499999999999999,0.8999999999999997,-0.8999999999999999,-0.85,1,0.0014347202295552368,34850
0.8499999999999999,0.8999999999999997,-0.85,-0.8,2,0.0028694404591104736,34850
0.8499999999999999,0.8999999999999997,-0.8,-0.75,1,0.0014347202295552368,34850
0.8499999999999999,0.8999999999999997,-0.75,-0.7,2,0.0028694404591104736,34850
0.8499999999999999,0.8999999999999997,-0.7,-0.65,2,0.0028694404591104736,34850
0.8499999999999999,0.8999999999999997,-0.65,-0.6,1,0.0014347202295552368,34850
0.8499999999999999,0.8999999999999997,-0.6,-0.55,5,0.007173601147776184,34850
0.8499999999999999,0.8999999999999997,-0.55,-0.5,6,0.00860832137733142,34850
0.8499999999999999,0.8999999999999997,-0.5,-0.45000000000000007,2,0.0028694404591104736,34850
0.8499999999999999,0.8999999999999997,-0.45000000000000007,-0.4,2,0.0028694404591104736,34850
0.8499999999999999,0.8999999999999997,-0.4,-0.35,3,0.00430416068866571,34850
0.8499999999999999,0.8999999999999997,-0.35,-0.30000000000000004,3,0.00430416068866571,34850
0.8499999999999999,0.8999999999999997,-0.30000000000000004,-0.25,2,0.0028694404591104736,34850
0.8499999999999999,0.8999999999999997,-0.25,-0.20000000000000007,9,0.01291248206599713,34850
0.8499999999999999,0.8999999999999997,-0.20000000000000007,-0.15000000000000013,8,0.011477761836441894,34850
0.8499999999999999,0.8999999999999997,-0.15000000000000013,-0.10000000000000009,4,0.005738880918220947,34850
0.8499999999999999,0.8999999999999997,-0.10000000000000009,-0.050000000000000044,3,0.00430416068866571,34850
0.8499999999999999,0.8999999999999997,-0.050000000000000044,0.0,5,0.007173601147776184,34850
0.8499999999999999,0.8999999999999997,0.0,0.050000000000000044,3,0.00430416068866571,34850
0.8499999999999999,0.8999999999999997,0.050000000000000044,0.09999999999999987,4,0.005738880918220947,34850
0.8499999999999999,0.8999999999999997,0.09999999999999987,0.1499999999999999,2,0.0028694404591104736,34850
0.8499999999999999,0.8999999999999997,0.1499999999999999,0.19999999999999996,0,0.0,34850
0.8499999999999999,0.8999999999999997,0.19999999999999996,0.25,1,0.0014347202295552368,34850
0.8499999999999999,0.8999999999999997,0.25,0.2999999999999998,1,0.0014347202295552368,34850
0.8499999999999999,0.8999999999999997,0.2999999999999998,0.34999999999999987,2,0.0028694404591104736,34850
0.8499999999999999,0.8999999999999997,0.34999999999999987,0.3999999999999999,0,0.0,34850
0.8499999999999999,0.8999999999999997,0.3999999999999999,0.44999999999999996,0,0.0,34850
0.8499999999999999,0.8999999999999997,0.44999999999999996,0.5,0,0.0,34850
0.8499999999999999,0.8999999999999997,0.5,0.5499999999999998,0,0.0,34850
0.8499999999999999,0.8999999999999997,0.5499999999999998,0.5999999999999999,0,0.0,34850
0.8499999999999999,0.8999999999999997,0.5999999999999999,0.6499999999999999,0,0.0,34850
0.8499999999999999,0.8999999999999997,0.6499999999999999,0.7,0,0.0,34850
0.8499999999999999,0.8999999999999997,0.7,0.7499999999999998,0,0.0,34850
0.8499999999999999,0.8999999999999997,0.7499999999999998,0.7999999999999998,0,0.0,34850
0.8499999999999999,0.8999999999999997,0.7999999999999998,0.8499999999999999,0,0.0,34850
0.8499999999999999,0.8999999999999997,0.8499999999999999,0.8999999999999997,0,0.0,34850
0.8499999999999999,0.8999999999999997,0.8999999999999997,0.95,0,0.0,34850
0.8499999999999999,0.8999999999999997,0.95,0.9999999999999998,0,0.0,34850
0.8499999999999999,0.8999999999999997,0.9999999999999998,1.05,0,0.0,34850
0.8499999999999999,0.8999999999999997,1.05,1.0999999999999999,0,0.0,34850
0.8499999999999999,0.8999999999999997,1.0999999999999999,1.1499999999999997,0,0.0,34850
0.8499999999999999,0.8999999999999997,1.1499999999999997,1.2,0,0.0,34850
0.8999999999999997,0.95,-1.2,-1.15,0,0.0,34850
0.8999999999999997,0.95,-1.15,-1.0999999999999999,0,0.0,34850
0.8999999999999997,0.95,-1.0999999999999999,-1.05,0,0.0,34850
0.8999999999999997,0.95,-1.05,-1.0,1,0.0014347202295552368,34850
0.8999999999999997,0.95,-1.0,-0.95,0,0.0,34850
0.8999999999999997,0.95,-0.95,-0.8999999999999999,5,0.007173601147776184,34850
0.8999999999999997,0.95,-0.8999999999999999,-0.85,0,0.0,34850
0.8999999999999997,0.95,-0.85,-0.8,1,0.0014347202295552368,34850
0.8999999999999997,0.95,-0.8,-0.75,0,0.0,34850
0.8999999999999997,0.95,-0.75,-0.7,1,0.0014347202295552368,34850
0.8999999999999997,0.95,-0.7,-0.65,0,0.0,34850
0.8999999999999997,0.95,-0.65,-0.6,2,0.0028694404591104736,34850
0.8999999999999997,0.95,-0.6,-0.55,1,0.0014347202295552368,34850
0.8999999999999997,0.95,-0.55,-0.5,3,0.00430416068866571,34850
0.8999999999999997,0.95,-0.5,-0.45000000000000007,3,0.00430416068866571,34850
0.8999999999999997,0.95,-0.45000000000000007,-0.4,1,0.0014347202295552368,34850
0.8999999999999997,0.95,-0.4,-0.35,0,0.0,34850
0.8999999999999997,0.95,-0.35,-0.30000000000000004,9,0.01291248206599713,34850
0.8999999999999997,0.95,-0.30000000000000004,-0.25,2,0.0028694404591104736,34850
0.8999999999999997,0.95,-0.25,-0.20000000000000007,2,0.0028694404591104736,34850
0.8999999999999997,0.95,-0.20000000000000007,-0.15000000000000013,1,0.0014347202295552368,34850
0.8999999999999997,0.95,-0.15000000000000013,-0.10000000000000009,5,0.007173601147776184,34850
0.8999999999999997,0.95,-0.10000000000000009,-0.050000000000000044,2,0.0028694404591104736,34850
0.8999999999999997,0.95,-0.050000000000000044,0.0,1,0.0014347202295552368,34850
0.8999999999999997,0.95,0.0,0.050000000000000044,1,0.0014347202295552368,34850
0.8999999999999997,0.95,0.050000000000000044,0.09999999999999987,0,0.0,34850
0.8999999999999997,0.95,0.09999999999999987,0.1499999999999999,3,0.00430416068866571,34850
0.8999999999999997,0.95,0.1499999999999999,0.19999999999999996,1,0.0014347202295552368,34850
0.8999999999999997,0.95,0.19999999999999996,0.25,0,0.0,34850
0.8999999999999997,0.95,0.25,0.2999999999999998,0,0.0,34850
0.8999999999999997,0.95,0.2999999999999998,0.34999999999999987,0,0.0,34850
0.8999999999999997,0.95,0.34999999999999987,0.3999999999999999,0,0.0,34850
0.8999999999999997,0.95,0.3999999999999999,0.44999999999999996,0,0.0,34850
0.8999999999999997,0.95,0.44999999999999996,0.5,0,0.0,34850
0.8999999999999997,0.95,0.5,0.5499999999999998,0,0.0,34850
0.8999999999999997,0.95,0.5499999999999998,0.5999999999999999,0,0.0,34850
0.8999999999999997,0.95,0.5999999999999999,0.6499999999999999,0,0.0,34850
0.8999999999999997,0.95,0.6499999999999999,0.7,0,0.0,34850
0.8999999999999997,0.95,0.7,0.7499999999999998,0,0.0,34850
0.8999999999999997,0.95,0.7499999999999998,0.7999999999999998,0,0.0,34850
0.8999999999999997,0.95,0.7999999999999998,0.8499999999999999,0,0.0,34850
0.8999999999999997,0.95,0.8499999999999999,0.8999999999999997,0,0.0,34850
0.8999999999999997,0.95,0.8999999999999997,0.95,0,0.0,34850
0.8999999999999997,0.95,0.95,0.9999999999999998,0,0.0,34850
0.8999999999999997,0.95,0.9999999999999998,1.05,0,0.0,34850
0.8999999999999997,0.95,1.05,1.0999999999999999,0,0.0,34850
0.8999999999999997,0.95,1.0999999999999999,1.1499999999999997,0,0.0,34850
0.8999999999999997,0.95,1.1499999999999997,1.2,0,0.0,34850
0.95,0.9999999999999998,-1.2,-1.15,0,0.0,34850
0.95,0.9999999999999998,-1.15,-1.0999999999999999,0,0.0,34850
0.95,0.9999999999999998,-1.0999999999999999,-1.05,1,0.0014347202295552368,34850
0.95,0.9999999999999998,-1.05,-1.0,0,0.0,34850
0.95,0.9999999999999998,-1.0,-0.95,0,0.0,34850
0.95,0.9999999999999998,-0.95,-0.8999999999999999,0,0.0,34850
0.95,0.9999999999999998,-0.8999999999999999,-0.85,0,0.0,34850
0.95,0.9999999999999998,-0.85,-0.8,4,0.005738880918220947,34850
0.95,0.9999999999999998,-0.8,-0.75,0,0.0,34850
0.95,0.9999999999999998,-0.75,-0.7,1,0.0014347202295552368,34850
0.95,0.9999999999999998,-0.7,-0.65,0,0.0,34850
0.95,0.9999999999999998,-0.65,-0.6,0,0.0,34850
0.95,0.9999999999999998,-0.6,-0.55,0,0.0,34850
0.95,0.9999999999999998,-0.55,-0.5,0,0.0,34850
0.95,0.9999999999999998,-0.5,-0.45000000000000007,3,0.00430416068866571,34850
0.95,0.9999999999999998,-0.45000000000000007,-0.4,2,0.0028694404591104736,34850
0.95,0.9999999999999998,-0.4,-0.35,3,0.00430416068866571,34850
0.95,0.9999999999999998,-0.35,-0.30000000000000004,0,0.0,34850
0.95,0.9999999999999998,-0.30000000000000004,-0.25,1,0.0014347202295552368,34850
0.95,0.9999999999999998,-0.25,-0.20000000000000007,1,0.0014347202295552368,34850
0.95,0.9999999999999998,-0.20000000000000007,-0.15000000000000013,0,0.0,34850
0.95,0.9999999999999998,-0.15000000000000013,-0.10000000000000009,1,0.0014347202295552368,34850
0.95,0.9999999999999998,-0.10000000000000009,-0.050000000000000044,2,0.0028694404591104736,34850
0.95,0.9999999999999998,-0.050000000000000044,0.0,2,0.0028694404591104736,34850
0.95,0.9999999999999998,0.0,0.050000000000000044,2,0.0028694404591104736,34850
0.95,0.9999999999999998,0.050000000000000044,0.09999999999999987,0,0.0,34850
0.95,0.9999999999999998,0.09999999999999987,0.1499999999999999,0,0.0,34850
0.95,0.9999999999999998,0.1499999999999999,0.19999999999999996,0,0.0,34850
0.95,0.9999999999999998,0.19999999999999996,0.25,1,0.0014347202295552368,34850
0.95,0.9999999999999998,0.25,0.2999999999999998,0,0.0,34850
0.95,0.9999999999999998,0.2999999999999998,0.34999999999999987,0,0.0,34850
0.95,0.9999999999999998,0.34999999999999987,0.3999999999999999,0,0.0,34850
0.95,0.9999999999999998,0.3999999999999999,0.44999999999999996,0,0.0,34850
0.95,0.9999999999999998,0.44999999999999996,0.5,0,0.0,34850
0.95,0.9999999999999998,0.5,0.5499999999999998,0,0.0,34850
0.95,0.9999999999999998,0.5499999999999998,0.5999999999999999,0,0.0,34850
0.95,0.9999999999999998,0.5999999999999999,0.6499999999999999,0,0.0,34850
0.95,0.9999999999999998,0.6499999999999999,0.7,0,0.0,34850
0.95,0.9999999999999998,0.7,0.7499999999999998,0,0.0,34850
0.95,0.9999999999999998,0.7499999999999998,0.7999999999999998,0,0.0,34850
0.95,0.9999999999999998,0.7999999999999998,0.8499999999999999,0,0.0,34850
0.95,0.9999999999999998,0.8499999999999999,0.8999999999999997,0,0.0,34850
0.95,0.9999999999999998,0.8999999999999997,0.95,0,0.0,34850
0.95,0.9999999999999998,0.95,0.9999999999999998,0,0.0,34850
0.95,0.9999999999999998,0.9999999999999998,1.05,0,0.0,34850
0.95,0.9999999999999998,1.05,1.0999999999999999,0,0.0,34850
0.95,0.9999999999999998,1.0999999999999999,1.1499999999999997,0,0.0,34850
0.95,0.9999999999999998,1.1499999999999997,1.2,0,0.0,34850
0.9999999999999998,1.05,-1.2,-1.15,0,0.0,34850
0.9999999999999998,1.05,-1.15,-1.0999999999999999,0,0.0,34850
0.9999999999999998,1.05,-1.0999999999999999,-1.05,0,0.0,34850
0.9999999999999998,1.05,-1.05,-1.0,0,0.0,34850
0.9999999999999998,1.05,-1.0,-0.95,1,0.0014347202295552368,34850
0.9999999999999998,1.05,-0.95,-0.8999999999999999,0,0.0,34850
0.9999999999999998,1.05,-0.8999999999999999,-0.85,0,0.0,34850
0.9999999999999998,1.05,-0.85,-0.8,0,0.0,34850
0.9999999999999998,1.05,-0.8,-0.75,0,0.0,34850
0.9999999999999998,1.05,-0.75,-0.7,0,0.0,34850
0.9999999999999998,1.05,-0.7,-0.65,0,0.0,34850
0.9999999999999998,1.05,-0.65,-0.6,0,0.0,34850
0.9999999999999998,1.05,-0.6,-0.55,1,0.0014347202295552368,34850
0.9999999999999998,1.05,-0.55,-0.5,0,0.0,34850
0.9999999999999998,1.05,-0.5,-0.45000000000000007,1,0.0014347202295552368,34850
0.9999999999999998,1.05,-0.45000000000000007,-0.4,0,0.0,34850
0.9999999999999998,1.05,-0.4,-0.35,0,0.0,34850
0.9999999999999998,1.05,-0.35,-0.30000000000000004,0,0.0,34850
0.9999999999999998,1.05,-0.30000000000000004,-0.25,0,0.0,34850
0.9999999999999998,1.05,-0.25,-0.20000000000000007,3,0.00430416068866571,34850
0.9999999999999998,1.05,-0.20000000000000007,-0.15000000000000013,0,0.0,34850
0.9999999999999998,1.05,-0.15000000000000013,-0.10000000000000009,0,0.0,34850
0.9999999999999998,1.05,-0.10000000000000009,-0.050000000000000044,1,0.0014347202295552368,34850
0.9999999999999998,1.05,-0.050000000000000044,0.0,0,0.0,34850
0.9999999999999998,1.05,0.0,0.050000000000000044,1,0.0014347202295552368,34850
0.9999999999999998,1.05,0.050000000000000044,0.09999999999999987,2,0.0028694404591104736,34850
0.9999999999999998,1.05,0.09999999999999987,0.1499999999999999,0,0.0,34850
0.9999999999999998,1.05,0.1499999999999999,0.19999999999999996,2,0.0028694404591104736,34850
0.9999999999999998,1.05,0.19999999999999996,0.25,2,0.0028694404591104736,34850
0.9999999999999998,1.05,0.25,0.2999999999999998,0,0.0,34850
0.9999999999999998,1.05,0.2999999999999998,0.34999999999999987,0,0.0,34850
0.9999999999999998,1.05,0.34999999999999987,0.3999999999999999,0,0.0,34850
0.9999999999999998,1.05,0.3999999999999999,0.44999999999999996,0,0.0,34850
0.9999999999999998,1.05,0.44999999999999996,0.5,0,0.0,34850
0.9999999999999998,1.05,0.5,0.5499999999999998,0,0.0,34850
0.9999999999999998,1.05,0.5499999999999998,0.5999999999999999,0,0.0,34850
0.9999999999999998,1.05,0.5999999999999999,0.6499999999999999,0,0.0,34850
0.9999999999999998,1.05,0.6499999999999999,0.7,0,0.0,34850
0.9999999999999998,1.05,0.7,0.7499999999999998,0,0.0,34850
0.9999999999999998,1.05,0.7499999999999998,0.7999999999999998,0,0.0,34850
0.9999999999999998,1.05,0.7999999999999998,0.8499999999999999,0,0.0,34850
0.9999999999999998,1.05,0.8499999999999999,0.8999999999999997,0,0.0,34850
0.9999999999999998,1.05,0.8999999999999997,0.95,0,0.0,34850
0.9999999999999998,1.05,0.95,0.9999999999999998,0,0.0,34850
0.9999999999999998,1.05,0.9999999999999998,1.05,0,0.0,34850
0.9999999999999998,1.05,1.05,1.0999999999999999,0,0.0,34850
0.9999999999999998,1.05,1.0999999999999999,1.1499999999999997,0,0.0,34850
0.9999999999999998,1.05,1.1499999999999997,1.2,0,0.0,34850
1.05,1.0999999999999999,-1.2,-1.15,0,0.0,34850
1.05,1.0999999999999999,-1.15,-1.0999999999999999,0,0.0,34850
1.05,1.0999999999999999,-1.0999999999999999,-1.05,0,0.0,34850
1.05,1.0999999999999999,-1.05,-1.0,0,0.0,34850
1.05,1.0999999999999999,-1.0,-0.95,0,0.0,34850
1.05,1.0999999999999999,-0.95,-0.8999999999999999,0,0.0,34850
1.05,1.0999999999999999,-0.8999999999999999,-0.85,0,0.0,34850
1.05,1.0999999999999999,-0.85,-0.8,0,0.0,34850
1.05,1.0999999999999999,-0.8,-0.75,0,0.0,34850
1.05,1.0999999999999999,-0.75,-0.7,0,0.0,34850
1.05,1.0999999999999999,-0.7,-0.65,0,0.0,34850
1.05,1.0999999999999999,-0.65,-0.6,0,0.0,34850
1.05,1.0999999999999999,-0.6,-0.55,0,0.0,34850
1.05,1.0999999999999999,-0.55,-0.5,0,0.0,34850
1.05,1.0999999999999999,-0.5,-0.45000000000000007,0,0.0,34850
1.05,1.0999999999999999,-0.45000000000000007,-0.4,0,0.0,34850
1.05,1.0999999999999999,-0.4,-0.35,0,0.0,34850
1.05,1.0999999999999999,-0.35,-0.30000000000000004,3,0.00430416068866571,34850
1.05,1.0999999999999999,-0.30000000000000004,-0.25,2,0.0028694404591104736,34850
1.05,1.0999999999999999,-0.25,-0.20000000000000007,1,0.0014347202295552368,34850
1.05,1.0999999999999999,-0.20000000000000007,-0.15000000000000013,3,0.00430416068866571,34850
1.05,1.0999999999999999,-0.15000000000000013,-0.10000000000000009,0,0.0,34850
1.05,1.0999999999999999,-0.10000000000000009,-0.050000000000000044,0,0.0,34850
1.05,1.0999999999999999,-0.050000000000000044,0.0,0,0.0,34850
1.05,1.0999999999999999,0.0,0.050000000000000044,0,0.0,34850
1.05,1.0999999999999999,0.050000000000000044,0.09999999999999987,0,0.0,34850
1.05,1.0999999999999999,0.09999999999999987,0.1499999999999999,0,0.0,34850
1.05,1.0999999999999999,0.1499999999999999,0.19999999999999996,1,0.0014347202295552368,34850
1.05,1.0999999999999999,0.19999999999999996,0.25,0,0.0,34850
1.05,1.0999999999999999,0.25,0.2999999999999998,0,0.0,34850
1.05,1.0999999999999999,0.2999999999999998,0.34999999999999987,0,0.0,34850
1.05,1.0999999999999999,0.34999999999999987,0.3999999999999999,0,0.0,34850
1.05,1.0999999999999999,0.3999999999999999,0.44999999999999996,0,0.0,34850
1.05,1.0999999999999999,0.44999999999999996,0.5,0,0.0,34850
1.05,1.0999999999999999,0.5,0.5499999999999998,0,0.0,34850
1.05,1.0999999999999999,0.5499999999999998,0.5999999999999999,0,0.0,34850
1.05,1.0999999999999999,0.5999999999999999,0.6499999999999999,0,0.0,34850
1.05,1.0999999999999999,0.6499999999999999,0.7,0,0.0,34850
1.05,1.0999999999999999,0.7,0.7499999999999998,0,0.0,34850
1.05,1.0999999999999999,0.7499999999999998,0.7999999999999998,0,0.0,34850
1.05,1.0999999999999999,0.7999999999999998,0.8499999999999999,0,0.0,34850
1.05,1.0999999999999999,0.8499999999999999,0.8999999999999997,0,0.0,34850
1.05,1.0999999999999999,0.8999999999999997,0.95,0,0.0,34850
1.05,1.0999999999999999,0.95,0.9999999999999998,0,0.0,34850
1.05,1.0999999999999999,0.9999999999999998,1.05,0,0.0,34850
1.05,1.0999999999999999,1.05,1.0999999999999999,0,0.0,34850
1.05,1.0999999999999999,1.0999999999999999,1.1499999999999997,0,0.0,34850
1.05,1.0999999999999999,1.1499999999999997,1.2,0,0.0,34850
1.0999999999999999,1.1499999999999997,-1.2,-1.15,0,0.0,34850
1.0999999999999999,1.1499999999999997,-1.15,-1.0999999999999999,0,0.0,34850
1.0999999999999999,1.1499999999999997,-1.0999999999999999,-1.05,0,0.0,34850
1.0999999999999999,1.1499999999999997,-1.05,-1.0,0,0.0,34850
1.0999999999999999,1.1499999999999997,-1.0,-0.95,0,0.0,34850
1.0999999999999999,1.1499999999999997,-0.95,-0.8999999999999999,0,0.0,34850
1.0999999999999999,1.1499999999999997,-0.8999999999999999,-0.85,0,0.0,34850
1.0999999999999999,1.1499999999999997,-0.85,-0.8,0,0.0,34850
1.0999999999999999,1.1499999999999997,-0.8,-0.75,0,0.0,34850
1.0999999999999999,1.1499999999999997,-0.75,-0.7,0,0.0,34850
1.0999999999999999,1.1499999999999997,-0.7,-0.65,0,0.0,34850
1.0999999999999999,1.1499999999999997,-0.65,-0.6,0,0.0,34850
1.0999999999999999,1.1499999999999997,-0.6,-0.55,0,0.0,34850
1.0999999999999999,1.1499999999999997,-0.55,-0.5,0,0.0,34850
1.0999999999999999,1.1499999999999997,-0.5,-0.45000000000000007,0,0.0,34850
1.0999999999999999,1.1499999999999997,-0.45000000000000007,-0.4,0,0.0,34850
1.0999999999999999,1.1499999999999997,-0.4,-0.35,0,0.0,34850
1.0999999999999999,1.1499999999999997,-0.35,-0.30000000000000004,0,0.0,34850
1.0999999999999999,1.1499999999999997,-0.30000000000000004,-0.25,0,0.0,34850
1.0999999999999999,1.1499999999999997,-0.25,-0.20000000000000007,0,0.0,34850
1.0999999999999999,1.1499999999999997,-0.20000000000000007,-0.15000000000000013,0,0.0,34850
1.0999999999999999,1.1499999999999997,-0.15000000000000013,-0.10000000000000009,0,0.0,34850
1.0999999999999999,1.1499999999999997,-0.10000000000000009,-0.050000000000000044,0,0.0,34850
1.0999999999999999,1.1499999999999997,-0.050000000000000044,0.0,0,0.0,34850
1.0999999999999999,1.1499999999999997,0.0,0.050000000000000044,0,0.0,34850
1.0999999999999999,1.1499999999999997,0.050000000000000044,0.09999999999999987,0,0.0,34850
1.0999999999999999,1.1499999999999997,0.09999999999999987,0.1499999999999999,0,0.0,34850
1.0999999999999999,1.1499999999999997,0.1499999999999999,0.19999999999999996,0,0.0,34850
1.0999999999999999,1.1499999999999997,0.19999999999999996,0.25,0,0.0,34850
1.0999999999999999,1.1499999999999997,0.25,0.2999999999999998,0,0.0,34850
1.0999999999999999,1.1499999999999997,0.2999999999999998,0.34999999999999987,0,0.0,34850
1.0999999999999999,1.1499999999999997,0.34999999999999987,0.3999999999999999,0,0.0,34850
1.0999999999999999,1.1499999999999997,0.3999999999999999,0.44999999999999996,0,0.0,34850
1.0999999999999999,1.1499999999999997,0.44999999999999996,0.5,0,0.0,34850
1.0999999999999999,1.1499999999999997,0.5,0.5499999999999998,0,0.0,34850
1.0999999999999999,1.1499999999999997,0.5499999999999998,0.5999999999999999,0,0.0,34850
1.0999999999999999,1.1499999999999997,0.5999999999999999,0.6499999999999999,0,0.0,34850
1.0999999999999999,1.1499999999999997,0.6499999999999999,0.7,0,0.0,34850
1.0999999999999999,1.1499999999999997,0.7,0.7499999999999998,0,0.0,34850
1.0999999999999999,1.1499999999999997,0.7499999999999998,0.7999999999999998,0,0.0,34850
1.0999999999999999,1.1499999999999997,0.7999999999999998,0.8499999999999999,0,0.0,34850
1.0999999999999999,1.1499999999999997,0.8499999999999999,0.8999999999999997,0,0.0,34850
1.0999999999999999,1.1499999999999997,0.8999999999999997,0.95,0,0.0,34850
1.0999999999999999,1.1499999999999997,0.95,0.9999999999999998,0,0.0,34850
1.0999999999999999,1.1499999999999997,0.9999999999999998,1.05,0,0.0,34850
1.0999999999999999,1.1499999999999997,1.05,1.0999999999999999,0,0.0,34850
1.0999999999999999,1.1499999999999997,1.0999999999999999,1.1499999999999997,0,0.0,34850
1.0999999999999999,1.1499999999999997,1.1499999999999997,1.2,0,0.0,34850
1.1499999999999997,1.2,-1.2,-1.15,0,0.0,34850
1.1499999999999997,1.2,-1.15,-1.0999999999999999,0,0.0,34850
1.1499999999999997,1.2,-1.0999999999999999,-1.05,0,0.0,34850
1.1499999999999997,1.2,-1.05,-1.0,0,0.0,34850
1.1499999999999997,1.2,-1.0,-0.95,0,0.0,34850
1.1499999999999997,1.2,-0.95,-0.8999999999999999,0,0.0,34850
1.1499999999999997,1.2,-0.8999999999999999,-0.85,0,0.0,34850
1.1499999999999997,1.2,-0.85,-0.8,0,0.0,34850
1.1499999999999997,1.2,-0.8,-0.75,0,0.0,34850
1.1499999999999997,1.2,-0.75,-0.7,0,0.0,34850
1.1499999999999997,1.2,-0.7,-0.65,0,0.0,34850
1.1499999999999997,1.2,-0.65,-0.6,0,0.0,34850
1.1499999999999997,1.2,-0.6,-0.55,0,0.0,34850
1.1499999999999997,1.2,-0.55,-0.5,0,0.0,34850
1.1499999999999997,1.2,-0.5,-0.45000000000000007,0,0.0,34850
1.1499999999999997,1.2,-0.45000000000000007,-0.4,0,0.0,34850
1.1499999999999997,1.2,-0.4,-0.35,0,0.0,34850
1.1499999999999997,1.2,-0.35,-0.30000000000000004,0,0.0,34850
1.1499999999999997,1.2,-0.30000000000000004,-0.25,0,0.0,34850
1.1499999999999997,1.2,-0.25,-0.20000000000000007,0,0.0,34850
1.1499999999999997,1.2,-0.20000000000000007,-0.15000000000000013,1,0.0014347202295552368,34850
1.1499999999999997,1.2,-0.15000000000000013,-0.10000000000000009,0,0.0,34850
1.1499999999999997,1.2,-0.10000000000000009,-0.050000000000000044,0,0.0,34850
1.1499999999999997,1.2,-0.050000000000000044,0.0,0,0.0,34850
1.1499999999999997,1.2,0.0,0.050000000000000044,0,0.0,34850
1.1499999999999997,1.2,0.050000000000000044,0.09999999999999987,0,0.0,34850
1.1499999999999997,1.2,0.09999999999999987,0.1499999999999999,0,0.0,34850
1.1499999999999997,1.2,0.1499999999999999,0.19999999999999996,0,0.0,34850
1.1499999999999997,1.2,0.19999999999999996,0.25,1,0.0014347202295552368,34850
1.1499999999999997,1.2,0.25,0.2999999999999998,0,0.0,34850
1.1499999999999997,1.2,0.2999999999999998,0.34999999999999987,0,0.0,34850
1.1499999999999997,1.2,0.34999999999999987,0.3999999999999999,0,0.0,34850
1.1499999999999997,1.2,0.3999999999999999,0.44999999999999996,0,0.0,34850
1.1499999999999997,1.2,0.44999999999999996,0.5,0,0.0,34850
1.1499999999999997,1.2,0.5,0.5499999999999998,0,0.0,34850
1.1499999999999997,1.2,0.5499999999999998,0.5999999999999999,0,0.0,34850
1.1499999999999997,1.2,0.5999999999999999,0.6499999999999999,0,0.0,34850
1.1499999999999997,1.2,0.6499999999999999,0.7,0,0.0,34850
1.1499999999999997,1.2,0.7,0.7499999999999998,0,0.0,34850
1.1499999999999997,1.2,0.7499999999999998,0.7999999999999998,0,0.0,34850
1.1499999999999997,1.2,0.7999999999999998,0.8499999999999999,0,0.0,34850
1.1499999999999997,1.2,0.8499999999999999,0.8999999999999997,0,0.0,34850
1.1499999999999997,1.2,0.8999999999999997,0.95,0,0.0,34850
1.1499999999999997,1.2,0.95,0.9999999999999998,0,0.0,34850
1.1499999999999997,1.2,0.9999999999999998,1.05,0,0.0,34850
1.1499999999999997,1.2,1.05,1.0999999999999999,0,0.0,34850
1.1499999999999997,1.2,1.0999999999999999,1.1499999999999997,0,0.0,34850
1.1499999999999997,1.2,1.1499999999999997,1.2,0,0.0,34850
