side,sorted_position,ttc_s,cumulative_fraction,n_moments
A,1,0.3228341050506864,0.002004008016032064,499
A,2,0.3777011143370749,0.004008016032064128,499
A,3,0.45367589097055644,0.006012024048096192,499
A,4,0.4791807026061796,0.008016032064128256,499
A,5,0.5908518539686681,0.01002004008016032,499
A,6,0.5939728741558326,0.012024048096192385,499
A,7,0.5978764724241037,0.014028056112224449,499
A,8,0.649810187902176,0.01603206412825651,499
A,9,0.6623388701806653,0.018036072144288578,499
A,10,0.6623388701806653,0.02004008016032064,499
A,11,0.6751380204877073,0.022044088176352707,499
A,12,0.6751380204877073,0.02404809619238477,499
A,13,0.6751380204877073,0.026052104208416832,499
A,14,0.6751380204877073,0.028056112224448898,499
A,15,0.6814143054575673,0.03006012024048096,499
A,16,0.7799381548260698,0.03206412825651302,499
A,17,0.839433403201297,0.03406813627254509,499
A,18,0.8487601323356495,0.036072144288577156,499
A,19,1.0461448456697011,0.03807615230460922,499
A,20,1.0966110845965191,0.04008016032064128,499
A,21,1.109300938330755,0.04208416833667335,499
A,22,1.1458122888997013,0.04408817635270541,499
A,23,1.1525262821124562,0.04609218436873747,499
A,24,1.3161062788538616,0.04809619238476954,499
A,25,1.35390746092668,0.050100200400801605,499
A,26,1.457518047666536,0.052104208416833664,499
A,27,1.457518047666536,0.05410821643286573,499
A,28,1.457518047666536,0.056112224448897796,499
A,29,1.457518047666536,0.05811623246492986,499
A,30,1.457518047666536,0.06012024048096192,499
A,31,1.457518047666536,0.06212424849699399,499
A,32,1.457518047666536,0.06412825651302605,499
A,33,1.457518047666536,0.06613226452905811,499
A,34,1.528823031438731,0.06813627254509018,499
A,35,1.5513786863886156,0.07014028056112225,499
A,36,1.5513786863886156,0.07214428857715431,499
A,37,1.5513786863886156,0.07414829659318638,499
A,38,1.5513786863886156,0.07615230460921844,499
A,39,1.56147306040057,0.0781563126252505,499
A,40,1.5878175472113758,0.08016032064128256,499
A,41,1.5878175472113758,0.08216432865731463,499
A,42,1.5878175472113758,0.0841683366733467,499
A,43,1.6384991879077946,0.08617234468937876,499
A,44,1.6384991879077946,0.08817635270541083,499
A,45,1.6384991879077946,0.09018036072144289,499
A,46,1.6679996554116479,0.09218436873747494,499
A,47,1.6786323448544127,0.09418837675350701,499
A,48,1.6786323448544127,0.09619238476953908,499
A,49,1.6834724642821484,0.09819639278557114,499
A,50,1.7255104625178248,0.10020040080160321,499
A,51,1.7255104625178248,0.10220440881763528,499
A,52,1.8235636318495791,0.10420841683366733,499
A,53,2.002540047444281,0.1062124248496994,499
A,54,2.067610892294368,0.10821643286573146,499
A,55,2.067610892294368,0.11022044088176353,499
A,56,2.067610892294368,0.11222444889779559,499
A,57,2.067610892294368,0.11422845691382766,499
A,58,2.067610892294368,0.11623246492985972,499
A,59,2.067610892294368,0.11823647294589178,499
A,60,2.067610892294368,0.12024048096192384,499
A,61,2.0988836449757864,0.12224448897795591,499
A,62,2.116434035350494,0.12424849699398798,499
A,63,2.1230334316451303,0.12625250501002003,499
A,64,2.2157319483005007,0.1282565130260521,499
A,65,2.220689283140481,0.13026052104208416,499
A,66,2.249197120047548,0.13226452905811623,499
A,67,2.373268280102964,0.1342685370741483,499
A,68,2.3952040147096167,0.13627254509018036,499
A,69,2.3952040147096167,0.13827655310621242,499
A,70,2.4480696764338044,0.1402805611222445,499
A,71,2.54473278621258,0.14228456913827656,499
A,72,2.567304290267583,0.14428857715430862,499
A,73,2.5936625028411875,0.1462925851703407,499
A,74,2.5936625028411875,0.14829659318637275,499
A,75,2.5936625028411875,0.15030060120240482,499
A,76,2.6023182422026916,0.1523046092184369,499
A,77,2.6381598529037062,0.15430861723446893,499
A,78,2.6381598529037062,0.156312625250501,499
A,79,2.692363651708546,0.15831663326653306,499
A,80,2.692363651708546,0.16032064128256512,499
A,81,2.692363651708546,0.1623246492985972,499
A,82,2.692363651708546,0.16432865731462926,499
A,83,2.695872911123699,0.16633266533066132,499
A,84,2.695872911123699,0.1683366733466934,499
A,85,2.705396906574985,0.17034068136272545,499
A,86,2.7229991640383204,0.17234468937875752,499
A,87,2.74016730785732,0.1743486973947896,499
A,88,2.74016730785732,0.17635270541082165,499
A,89,2.767134285617245,0.17835671342685372,499
A,90,2.7977920109232133,0.18036072144288579,499
A,91,2.8199035925055096,0.18236472945891782,499
A,92,2.8525959985868603,0.1843687374749499,499
A,93,2.8525959985868603,0.18637274549098196,499
A,94,2.858565614394083,0.18837675350701402,499
A,95,2.8866264756515885,0.1903807615230461,499
A,96,2.8866264756515885,0.19238476953907815,499
A,97,2.8866264756515885,0.19438877755511022,499
A,98,2.9126100689849035,0.1963927855711423,499
A,99,2.9126100689849035,0.19839679358717435,499
A,100,2.949354167051445,0.20040080160320642,499
A,101,2.992221586869074,0.20240480961923848,499
A,102,3.027378217395996,0.20440881763527055,499
A,103,3.027378217395996,0.20641282565130262,499
A,104,3.027378217395996,0.20841683366733466,499
A,105,3.076092326613995,0.21042084168336672,499
A,106,3.168552288607366,0.2124248496993988,499
A,107,3.168552288607366,0.21442885771543085,499
A,108,3.1687047963715913,0.21643286573146292,499
A,109,3.1687047963715913,0.218436873747495,499
A,110,3.1687047963715913,0.22044088176352705,499
A,111,3.1687047963715913,0.22244488977955912,499
A,112,3.1687047963715913,0.22444889779559118,499
A,113,3.3165563974318384,0.22645290581162325,499
A,114,3.3190949655321873,0.22845691382765532,499
A,115,3.36256646321245,0.23046092184368738,499
A,116,3.36256646321245,0.23246492985971945,499
A,117,3.36256646321245,0.23446893787575152,499
A,118,3.36256646321245,0.23647294589178355,499
A,119,3.36256646321245,0.23847695390781562,499
A,120,3.369475784232039,0.24048096192384769,499
A,121,3.3980131169073218,0.24248496993987975,499
A,122,3.442178086038644,0.24448897795591182,499
A,123,3.443572919285154,0.24649298597194388,499
A,124,3.443572919285154,0.24849699398797595,499
A,125,3.4603612377150337,0.250501002004008,499
A,126,3.4603612377150337,0.25250501002004005,499
A,127,3.4924463138145954,0.2545090180360721,499
A,128,3.4924463138145954,0.2565130260521042,499
A,129,3.5001303787816407,0.25851703406813625,499
A,130,3.5090939738913427,0.2605210420841683,499
A,131,3.5090939738913427,0.2625250501002004,499
A,132,3.5090939738913427,0.26452905811623245,499
A,133,3.5090939738913427,0.2665330661322645,499
A,134,3.5090939738913427,0.2685370741482966,499
A,135,3.5090939738913427,0.27054108216432865,499
A,136,3.5090939738913427,0.2725450901803607,499
A,137,3.56049158029799,0.2745490981963928,499
A,138,3.56049158029799,0.27655310621242485,499
A,139,3.56049158029799,0.2785571142284569,499
A,140,3.5658279723323436,0.280561122244489,499
A,141,3.585664241097886,0.28256513026052105,499
A,142,3.6233837518440963,0.2845691382765531,499
A,143,3.624723082920998,0.2865731462925852,499
A,144,3.624723082920998,0.28857715430861725,499
A,145,3.624723082920998,0.2905811623246493,499
A,146,3.675280681513415,0.2925851703406814,499
A,147,3.675280681513415,0.29458917835671344,499
A,148,3.6844631588868806,0.2965931863727455,499
A,149,3.6844631588868806,0.2985971943887776,499
A,150,3.6844631588868806,0.30060120240480964,499
A,151,3.6844631588868806,0.3026052104208417,499
A,152,3.6844631588868806,0.3046092184368738,499
A,153,3.6844631588868806,0.3066132264529058,499
A,154,3.6844631588868806,0.30861723446893785,499
A,155,3.6844631588868806,0.3106212424849699,499
A,156,3.7014296766409345,0.312625250501002,499
A,157,3.7014296766409345,0.31462925851703405,499
A,158,3.7014296766409345,0.3166332665330661,499
A,159,3.7014296766409345,0.3186372745490982,499
A,160,3.7014296766409345,0.32064128256513025,499
A,161,3.7014296766409345,0.3226452905811623,499
A,162,3.7014296766409345,0.3246492985971944,499
A,163,3.7014296766409345,0.32665330661322645,499
A,164,3.7014296766409345,0.3286573146292585,499
A,165,3.7014296766409345,0.3306613226452906,499
A,166,3.7014296766409345,0.33266533066132264,499
A,167,3.7014296766409345,0.3346693386773547,499
A,168,3.7014296766409345,0.3366733466933868,499
A,169,3.701896082833271,0.33867735470941884,499
A,170,3.733936854319847,0.3406813627254509,499
A,171,3.733936854319847,0.342685370741483,499
A,172,3.747776771758475,0.34468937875751504,499
A,173,3.7491526291466433,0.3466933867735471,499
A,174,3.7718752823065445,0.3486973947895792,499
A,175,3.7718752823065445,0.35070140280561124,499
A,176,3.7718752823065445,0.3527054108216433,499
A,177,3.7718752823065445,0.35470941883767537,499
A,178,3.7950172905463817,0.35671342685370744,499
A,179,3.8143414297480804,0.3587174348697395,499
A,180,3.853837486986565,0.36072144288577157,499
A,181,3.865289220456978,0.3627254509018036,499
A,182,3.886849881143542,0.36472945891783565,499
A,183,3.886849881143542,0.3667334669338677,499
A,184,3.886849881143542,0.3687374749498998,499
A,185,3.886849881143542,0.37074148296593185,499
A,186,3.886849881143542,0.3727454909819639,499
A,187,3.8991147966683735,0.374749498997996,499
A,188,3.8991147966683735,0.37675350701402804,499
A,189,3.8991147966683735,0.3787575150300601,499
A,190,3.8991147966683735,0.3807615230460922,499
A,191,3.9081490982378613,0.38276553106212424,499
A,192,3.916911421144566,0.3847695390781563,499
A,193,3.9479641922664657,0.3867735470941884,499
A,194,3.9652619525881634,0.38877755511022044,499
A,195,4.062959893974493,0.3907815631262525,499
A,196,4.0663713807978,0.3927855711422846,499
A,197,4.0663713807978,0.39478957915831664,499
A,198,4.082119710069294,0.3967935871743487,499
A,199,4.082119710069294,0.39879759519038077,499
A,200,4.099581209152785,0.40080160320641284,499
A,201,4.106409025906425,0.4028056112224449,499
A,202,4.109472454863137,0.40480961923847697,499
A,203,4.109472454863137,0.40681362725450904,499
A,204,4.109472454863137,0.4088176352705411,499
A,205,4.133692228879616,0.41082164328657317,499
A,206,4.133692228879616,0.41282565130260523,499
A,207,4.133692228879616,0.4148296593186373,499
A,208,4.133692228879616,0.4168336673346693,499
A,209,4.168205807503904,0.4188376753507014,499
A,210,4.225977809755725,0.42084168336673344,499
A,211,4.428006293172776,0.4228456913827655,499
A,212,4.448658218283997,0.4248496993987976,499
A,213,4.448658218283997,0.42685370741482964,499
A,214,4.4490128593999065,0.4288577154308617,499
A,215,4.472700011113045,0.4308617234468938,499
A,216,4.472700011113045,0.43286573146292584,499
A,217,4.472700011113045,0.4348697394789579,499
A,218,4.472700011113045,0.43687374749499,499
A,219,4.472700011113045,0.43887775551102204,499
A,220,4.479986023458011,0.4408817635270541,499
A,221,4.479986023458011,0.44288577154308617,499
A,222,4.479986023458011,0.44488977955911824,499
A,223,4.479986023458011,0.4468937875751503,499
A,224,4.4866731989737625,0.44889779559118237,499
A,225,4.509783447567772,0.45090180360721444,499
A,226,4.5273327091935185,0.4529058116232465,499
A,227,4.5273327091935185,0.45490981963927857,499
A,228,4.5273327091935185,0.45691382765531063,499
A,229,4.528918128947543,0.4589178356713427,499
A,230,4.548145379683022,0.46092184368737477,499
A,231,4.583481349153702,0.46292585170340683,499
A,232,4.588595322482568,0.4649298597194389,499
A,233,4.6014472604071015,0.46693386773547096,499
A,234,4.609421830833718,0.46893787575150303,499
A,235,4.609421830833718,0.4709418837675351,499
A,236,4.615443571266916,0.4729458917835671,499
A,237,4.6293742402080085,0.4749498997995992,499
A,238,4.6293742402080085,0.47695390781563124,499
A,239,4.642878134059373,0.4789579158316633,499
A,240,4.679109156134479,0.48096192384769537,499
A,241,4.679109156134479,0.48296593186372744,499
A,242,4.679109156134479,0.4849699398797595,499
A,243,4.727810082641036,0.48697394789579157,499
A,244,4.727810082641036,0.48897795591182364,499
A,245,4.727810082641036,0.4909819639278557,499
A,246,4.744297507118218,0.49298597194388777,499
A,247,4.766984530225063,0.49498997995991983,499
A,248,4.785324128438182,0.4969939879759519,499
A,249,4.785324128438182,0.49899799599198397,499
A,250,4.843333289304024,0.501002004008016,499
A,251,4.97395201454342,0.503006012024048,499
A,252,4.97395201454342,0.5050100200400801,499
A,253,5.005627354054762,0.5070140280561122,499
A,254,5.005627354054762,0.5090180360721442,499
A,255,5.005627354054762,0.5110220440881763,499
A,256,5.005627354054762,0.5130260521042084,499
A,257,5.017812276295478,0.5150300601202404,499
A,258,5.017812276295478,0.5170340681362725,499
A,259,5.0265780439096295,0.5190380761523046,499
A,260,5.049458259503829,0.5210420841683366,499
A,261,5.049458259503829,0.5230460921843687,499
A,262,5.049458259503829,0.5250501002004008,499
A,263,5.049458259503829,0.5270541082164328,499
A,264,5.049458259503829,0.5290581162324649,499
A,265,5.049458259503829,0.531062124248497,499
A,266,5.049458259503829,0.533066132264529,499
A,267,5.0529169050498695,0.5350701402805611,499
A,268,5.0529169050498695,0.5370741482965932,499
A,269,5.0529169050498695,0.5390781563126252,499
A,270,5.079045189140207,0.5410821643286573,499
A,271,5.124193486261336,0.5430861723446894,499
A,272,5.214453862699993,0.5450901803607214,499
A,273,5.235081550616609,0.5470941883767535,499
A,274,5.263639115518776,0.5490981963927856,499
A,275,5.303893361793611,0.5511022044088176,499
A,276,5.303893361793611,0.5531062124248497,499
A,277,5.303893361793611,0.5551102204408818,499
A,278,5.303893361793611,0.5571142284569138,499
A,279,5.303893361793611,0.5591182364729459,499
A,280,5.332984727935173,0.561122244488978,499
A,281,5.40313664824062,0.56312625250501,499
A,282,5.412930497771562,0.5651302605210421,499
A,283,5.429780594406908,0.5671342685370742,499
A,284,5.429780594406908,0.5691382765531062,499
A,285,5.463395889930875,0.5711422845691383,499
A,286,5.527749563024387,0.5731462925851704,499
A,287,5.563286123290345,0.5751503006012024,499
A,288,5.563286123290345,0.5771543086172345,499
A,289,5.59963772233696,0.5791583166332666,499
A,290,5.6196207309500315,0.5811623246492986,499
A,291,5.629921078669879,0.5831663326653307,499
A,292,5.629921078669879,0.5851703406813628,499
A,293,5.629921078669879,0.5871743486973948,499
A,294,5.629921078669879,0.5891783567134269,499
A,295,5.629921078669879,0.591182364729459,499
A,296,5.629921078669879,0.593186372745491,499
A,297,5.629921078669879,0.5951903807615231,499
A,298,5.629921078669879,0.5971943887775552,499
A,299,5.723639721267264,0.5991983967935872,499
A,300,5.726897446287053,0.6012024048096193,499
A,301,5.731145490600317,0.6032064128256514,499
A,302,5.78009854508539,0.6052104208416834,499
A,303,5.879137318835889,0.6072144288577155,499
A,304,5.879137318835889,0.6092184368737475,499
A,305,5.903667412399389,0.6112224448897795,499
A,306,5.950200022186973,0.6132264529058116,499
A,307,6.042407112380574,0.6152304609218436,499
A,308,6.0949989146268875,0.6172344689378757,499
A,309,6.0949989146268875,0.6192384769539078,499
A,310,6.0949989146268875,0.6212424849699398,499
A,311,6.1173894370690025,0.6232464929859719,499
A,312,6.120765853621074,0.625250501002004,499
A,313,6.12365020934277,0.627254509018036,499
A,314,6.12365020934277,0.6292585170340681,499
A,315,6.12365020934277,0.6312625250501002,499
A,316,6.12365020934277,0.6332665330661322,499
A,317,6.12365020934277,0.6352705410821643,499
A,318,6.12365020934277,0.6372745490981964,499
A,319,6.133984818651293,0.6392785571142284,499
A,320,6.202037323660634,0.6412825651302605,499
A,321,6.202037323660634,0.6432865731462926,499
A,322,6.217896078336934,0.6452905811623246,499
A,323,6.291646470054831,0.6472945891783567,499
A,324,6.303095756176252,0.6492985971943888,499
A,325,6.321547377278865,0.6513026052104208,499
A,326,6.321547377278865,0.6533066132264529,499
A,327,6.321547377278865,0.655310621242485,499
A,328,6.321547377278865,0.657314629258517,499
A,329,6.321547377278865,0.6593186372745491,499
A,330,6.321547377278865,0.6613226452905812,499
A,331,6.321547377278865,0.6633266533066132,499
A,332,6.338658246333816,0.6653306613226453,499
A,333,6.3436252347031274,0.6673346693386774,499
A,334,6.3436252347031274,0.6693386773547094,499
A,335,6.349057681772889,0.6713426853707415,499
A,336,6.3663855104478975,0.6733466933867736,499
A,337,6.38634290225271,0.6753507014028056,499
A,338,6.48967705197753,0.6773547094188377,499
A,339,6.528215576268716,0.6793587174348698,499
A,340,6.528734996362499,0.6813627254509018,499
A,341,6.574974300893289,0.6833667334669339,499
A,342,6.590147761395007,0.685370741482966,499
A,343,6.590147761395007,0.687374749498998,499
A,344,6.590147761395007,0.6893787575150301,499
A,345,6.590147761395007,0.6913827655310621,499
A,346,6.590147761395007,0.6933867735470942,499
A,347,6.6207439201311535,0.6953907815631263,499
A,348,6.62737790397894,0.6973947895791583,499
A,349,6.659290922372636,0.6993987975951904,499
A,350,6.663480320932733,0.7014028056112225,499
A,351,6.663480320932733,0.7034068136272545,499
A,352,6.68032982768173,0.7054108216432866,499
A,353,6.729868096390858,0.7074148296593187,499
A,354,6.804509719923399,0.7094188376753507,499
A,355,6.804509719923399,0.7114228456913828,499
A,356,6.804509719923399,0.7134268537074149,499
A,357,6.944987681620072,0.7154308617234469,499
A,358,6.944987681620072,0.717434869739479,499
A,359,7.060146505930808,0.7194388777555111,499
A,360,7.17632808663188,0.7214428857715431,499
A,361,7.202518682032236,0.7234468937875751,499
A,362,7.217071042788799,0.7254509018036072,499
A,363,7.241398716330525,0.7274549098196392,499
A,364,7.241398716330525,0.7294589178356713,499
A,365,7.243691830480557,0.7314629258517034,499
A,366,7.319409355071945,0.7334669338677354,499
A,367,7.328371104182028,0.7354709418837675,499
A,368,7.356260600409081,0.7374749498997996,499
A,369,7.505164644043379,0.7394789579158316,499
A,370,7.541722559478358,0.7414829659318637,499
A,371,7.541722559478358,0.7434869739478958,499
A,372,7.541722559478358,0.7454909819639278,499
A,373,7.541722559478358,0.7474949899799599,499
A,374,7.6722734054361075,0.749498997995992,499
A,375,7.682881189658899,0.751503006012024,499
A,376,7.702979984136059,0.7535070140280561,499
A,377,7.720522025204564,0.7555110220440882,499
A,378,7.925132790302502,0.7575150300601202,499
A,379,8.155602493528951,0.7595190380761523,499
A,380,8.439393744355772,0.7615230460921844,499
A,381,8.439393744355772,0.7635270541082164,499
A,382,8.550711666250141,0.7655310621242485,499
A,383,8.694188020395567,0.7675350701402806,499
A,384,8.869970256205532,0.7695390781563126,499
A,385,8.869970256205532,0.7715430861723447,499
A,386,8.869970256205532,0.7735470941883767,499
A,387,8.869970256205532,0.7755511022044088,499
A,388,8.869970256205532,0.7775551102204409,499
A,389,8.869970256205532,0.779559118236473,499
A,390,8.869970256205532,0.781563126252505,499
A,391,8.869970256205532,0.7835671342685371,499
A,392,8.967698521263063,0.7855711422845691,499
A,393,8.971320002180333,0.7875751503006012,499
A,394,8.971320002180333,0.7895791583166333,499
A,395,8.971320002180333,0.7915831663326653,499
A,396,9.020154578513644,0.7935871743486974,499
A,397,9.102206791704967,0.7955911823647295,499
A,398,9.102206791704967,0.7975951903807615,499
A,399,9.151143086221182,0.7995991983967936,499
A,400,9.198508529990445,0.8016032064128257,499
A,401,9.351427099382537,0.8036072144288577,499
A,402,9.436609531650564,0.8056112224448898,499
A,403,9.513199911241953,0.8076152304609219,499
A,404,9.513199911241953,0.8096192384769539,499
A,405,9.513199911241953,0.811623246492986,499
A,406,9.513199911241953,0.8136272545090181,499
A,407,9.544374334400919,0.8156312625250501,499
A,408,9.544374334400919,0.8176352705410822,499
A,409,9.750863248309624,0.8196392785571143,499
A,410,9.902503592984733,0.8216432865731463,499
A,411,9.902503592984733,0.8236472945891784,499
A,412,9.971843318800426,0.8256513026052105,499
A,413,10.292843418597377,0.8276553106212425,499
A,414,10.362385802027786,0.8296593186372746,499
A,415,10.362385802027786,0.8316633266533067,499
A,416,10.362385802027786,0.8336673346693386,499
A,417,10.362385802027786,0.8356713426853707,499
A,418,10.362385802027786,0.8376753507014028,499
A,419,10.37419279679851,0.8396793587174348,499
A,420,10.37419279679851,0.8416833667334669,499
A,421,11.005851224804223,0.843687374749499,499
A,422,11.005851224804223,0.845691382765531,499
A,423,11.005851224804223,0.8476953907815631,499
A,424,11.100248091011942,0.8496993987975952,499
A,425,11.185073737529427,0.8517034068136272,499
A,426,11.372864390174845,0.8537074148296593,499
A,427,11.452233805191979,0.8557114228456913,499
A,428,11.468432133334582,0.8577154308617234,499
A,429,11.474568035663522,0.8597194388777555,499
A,430,11.514168309159748,0.8617234468937875,499
A,431,11.727548122244196,0.8637274549098196,499
A,432,11.727548122244196,0.8657314629258517,499
A,433,11.840045953417146,0.8677354709418837,499
A,434,11.939668105167904,0.8697394789579158,499
A,435,11.939668105167904,0.8717434869739479,499
A,436,12.125683035663775,0.87374749498998,499
A,437,12.200013625766191,0.875751503006012,499
A,438,12.501998968982068,0.8777555110220441,499
A,439,13.062208023408312,0.8797595190380761,499
A,440,13.062208023408312,0.8817635270541082,499
A,441,13.062208023408312,0.8837675350701403,499
A,442,13.062208023408312,0.8857715430861723,499
A,443,13.062208023408312,0.8877755511022044,499
A,444,13.062208023408312,0.8897795591182365,499
A,445,13.144921670266593,0.8917835671342685,499
A,446,13.679112638431452,0.8937875751503006,499
A,447,13.90284652293047,0.8957915831663327,499
A,448,13.922896290902067,0.8977955911823647,499
A,449,13.928644805762387,0.8997995991983968,499
A,450,13.994023987851254,0.9018036072144289,499
A,451,14.079263260909261,0.9038076152304609,499
A,452,14.160133428833078,0.905811623246493,499
A,453,14.160133428833078,0.9078156312625251,499
A,454,14.58010238523741,0.9098196392785571,499
A,455,15.003029162479121,0.9118236472945892,499
A,456,15.535398672323021,0.9138276553106213,499
A,457,15.984814718252691,0.9158316633266533,499
A,458,15.984814718252691,0.9178356713426854,499
A,459,16.09814998350324,0.9198396793587175,499
A,460,17.041717035777285,0.9218436873747495,499
A,461,17.102774826789116,0.9238476953907816,499
A,462,17.455841482787935,0.9258517034068137,499
A,463,17.455841482787935,0.9278557114228457,499
A,464,17.50638678157653,0.9298597194388778,499
A,465,17.50747146072105,0.9318637274549099,499
A,466,18.132786930734415,0.9338677354709419,499
A,467,18.132786930734415,0.935871743486974,499
A,468,18.132786930734415,0.9378757515030061,499
A,469,18.808354491499035,0.9398797595190381,499
A,470,19.518406141434326,0.9418837675350702,499
A,471,20.373225483938853,0.9438877755511023,499
A,472,20.545351428694552,0.9458917835671342,499
A,473,22.126373679621008,0.9478957915831663,499
A,474,24.071511061128835,0.9498997995991983,499
A,475,24.563672827201533,0.9519038076152304,499
A,476,25.021196440918434,0.9539078156312625,499
A,477,25.336175289717016,0.9559118236472945,499
A,478,25.453264478368872,0.9579158316633266,499
A,479,25.52022927122381,0.9599198396793587,499
A,480,26.11089036854119,0.9619238476953907,499
A,481,26.512209992022306,0.9639278557114228,499
A,482,27.68971401266671,0.9659318637274549,499
A,483,28.14253046128728,0.9679358717434869,499
A,484,28.14253046128728,0.969939879759519,499
A,485,33.05327791588125,0.9719438877755511,499
A,486,33.05327791588125,0.9739478957915831,499
A,487,35.34959353446412,0.9759519038076152,499
A,488,37.29209335353125,0.9779559118236473,499
A,489,37.29209335353125,0.9799599198396793,499
A,490,37.29209335353125,0.9819639278557114,499
A,491,44.329704202191095,0.9839679358717435,499
A,492,52.520489811411906,0.9859719438877755,499
A,493,72.31138781711715,0.9879759519038076,499
A,494,99.0579515977197,0.9899799599198397,499
A,495,103.01352627119233,0.9919839679358717,499
A,496,103.01352627119233,0.9939879759519038,499
A,497,345.84615712066034,0.9959919839679359,499
A,498,497.5863814466255,0.9979959919839679,499
A,499,497.5863814466255,1.0,499
C,1,0.3630479611518795,0.0012239902080783353,817
C,2,0.3630479611518795,0.0024479804161566705,817
C,3,0.45367589097055644,0.0036719706242350062,817
C,4,0.4863641754054408,0.004895960832313341,817
C,5,0.4863641754054408,0.006119951040391677,817
C,6,0.4863641754054408,0.0073439412484700125,817
C,7,0.5403231261772123,0.008567931456548347,817
C,8,0.5886527326898314,0.009791921664626682,817
C,9,0.5886527326898314,0.011015911872705019,817
C,10,0.5908518539686681,0.012239902080783354,817
C,11,0.5978764724241037,0.01346389228886169,817
C,12,0.6270792231349739,0.014687882496940025,817
C,13,0.6334232101834956,0.01591187270501836,817
C,14,0.6584715365838987,0.017135862913096694,817
C,15,0.6623388701806653,0.01835985312117503,817
C,16,0.6864798723677363,0.019583843329253364,817
C,17,0.6864798723677363,0.0208078335373317,817
C,18,0.6864798723677363,0.022031823745410038,817
C,19,0.6864798723677363,0.023255813953488372,817
C,20,0.7233655296546324,0.02447980416156671,817
C,21,0.8057404498706654,0.025703794369645042,817
C,22,0.839433403201297,0.02692778457772338,817
C,23,0.839433403201297,0.028151774785801713,817
C,24,0.839433403201297,0.02937576499388005,817
C,25,0.8487601323356495,0.030599755201958383,817
C,26,0.8930480184527988,0.03182374541003672,817
C,27,0.8930480184527988,0.033047735618115054,817
C,28,0.9028555692856297,0.03427172582619339,817
C,29,0.9268946545576592,0.03549571603427173,817
C,30,0.9291300253315697,0.03671970624235006,817
C,31,0.9291300253315697,0.037943696450428395,817
C,32,0.9291300253315697,0.03916768665850673,817
C,33,0.9291300253315697,0.04039167686658507,817
C,34,0.9465092242802028,0.0416156670746634,817
C,35,0.9493916508609609,0.042839657282741736,817
C,36,0.9871254097841822,0.044063647490820076,817
C,37,0.9871254097841822,0.04528763769889841,817
C,38,0.9871254097841822,0.046511627906976744,817
C,39,0.9871254097841822,0.04773561811505508,817
C,40,0.9871254097841822,0.04895960832313342,817
C,41,1.0060110819902197,0.05018359853121175,817
C,42,1.0060110819902197,0.051407588739290085,817
C,43,1.0445224599543315,0.05263157894736842,817
C,44,1.0461448456697011,0.05385556915544676,817
C,45,1.0461448456697011,0.05507955936352509,817
C,46,1.0461448456697011,0.056303549571603426,817
C,47,1.0461448456697011,0.05752753977968176,817
C,48,1.0479562933351154,0.0587515299877601,817
C,49,1.0593507084979707,0.05997552019583843,817
C,50,1.0847494927541301,0.06119951040391677,817
C,51,1.1458122888997013,0.06242350061199511,817
C,52,1.1458122888997013,0.06364749082007344,817
C,53,1.1458122888997013,0.06487148102815178,817
C,54,1.1458122888997013,0.06609547123623011,817
C,55,1.1526113870606765,0.06731946144430845,817
C,56,1.1526113870606765,0.06854345165238677,817
C,57,1.187540315174174,0.06976744186046512,817
C,58,1.2647706312396947,0.07099143206854346,817
C,59,1.2722068535774724,0.07221542227662178,817
C,60,1.2730680601322992,0.07343941248470012,817
C,61,1.2730680601322992,0.07466340269277846,817
C,62,1.2730680601322992,0.07588739290085679,817
C,63,1.2730680601322992,0.07711138310893513,817
C,64,1.2884319230038965,0.07833537331701346,817
C,65,1.2898257119957484,0.0795593635250918,817
C,66,1.2898257119957484,0.08078335373317014,817
C,67,1.2967965792031384,0.08200734394124846,817
C,68,1.2967965792031384,0.0832313341493268,817
C,69,1.312132913278238,0.08445532435740515,817
C,70,1.3179528398066136,0.08567931456548347,817
C,71,1.3179528398066136,0.08690330477356181,817
C,72,1.347257777438444,0.08812729498164015,817
C,73,1.347257777438444,0.08935128518971848,817
C,74,1.353416676061127,0.09057527539779682,817
C,75,1.3616599343437192,0.09179926560587515,817
C,76,1.3616599343437192,0.09302325581395349,817
C,77,1.4120719462680493,0.09424724602203183,817
C,78,1.4351841647250656,0.09547123623011015,817
C,79,1.56147306040057,0.0966952264381885,817
C,80,1.56147306040057,0.09791921664626684,817
C,81,1.5697306436852208,0.09914320685434516,817
C,82,1.5818566218338435,0.1003671970624235,817
C,83,1.5878175472113758,0.10159118727050184,817
C,84,1.5878175472113758,0.10281517747858017,817
C,85,1.6082321711418874,0.10403916768665851,817
C,86,1.6786323448544127,0.10526315789473684,817
C,87,1.761075759495714,0.10648714810281518,817
C,88,1.793776148384328,0.10771113831089352,817
C,89,1.8102152719981723,0.10893512851897184,817
C,90,1.8487895468111968,0.11015911872705018,817
C,91,1.8808654241432903,0.11138310893512852,817
C,92,1.9114944907027287,0.11260709914320685,817
C,93,1.9114944907027287,0.11383108935128519,817
C,94,1.9127450665014323,0.11505507955936352,817
C,95,1.9127450665014323,0.11627906976744186,817
C,96,1.9177685534924849,0.1175030599755202,817
C,97,1.940264021403115,0.11872705018359853,817
C,98,1.943416764398504,0.11995104039167687,817
C,99,1.952096607602598,0.1211750305997552,817
C,100,1.9681567433440108,0.12239902080783353,817
C,101,1.9681567433440108,0.12362301101591187,817
C,102,1.9808757416862204,0.12484700122399021,817
C,103,2.0102231127660675,0.12607099143206854,817
C,104,2.02894975236493,0.12729498164014688,817
C,105,2.0373755255553205,0.12851897184822522,817
C,106,2.0373755255553205,0.12974296205630356,817
C,107,2.0373755255553205,0.13096695226438188,817
C,108,2.0787819940485823,0.13219094247246022,817
C,109,2.08000634164158,0.13341493268053856,817
C,110,2.08000634164158,0.1346389228886169,817
C,111,2.08000634164158,0.13586291309669524,817
C,112,2.08000634164158,0.13708690330477355,817
C,113,2.0988836449757864,0.1383108935128519,817
C,114,2.0988836449757864,0.13953488372093023,817
C,115,2.0988836449757864,0.14075887392900857,817
C,116,2.1106911733874494,0.1419828641370869,817
C,117,2.1106911733874494,0.14320685434516525,817
C,118,2.1106911733874494,0.14443084455324356,817
C,119,2.1106911733874494,0.1456548347613219,817
C,120,2.113489943076519,0.14687882496940025,817
C,121,2.1170957653150917,0.1481028151774786,817
C,122,2.118616567611978,0.14932680538555693,817
C,123,2.183100426183318,0.15055079559363524,817
C,124,2.1837154387014714,0.15177478580171358,817
C,125,2.1960285303642118,0.15299877600979192,817
C,126,2.1960285303642118,0.15422276621787026,817
C,127,2.1960285303642118,0.1554467564259486,817
C,128,2.216715940652284,0.15667074663402691,817
C,129,2.252875050987969,0.15789473684210525,817
C,130,2.2935621421851247,0.1591187270501836,817
C,131,2.3000726057823258,0.16034271725826194,817
C,132,2.3000726057823258,0.16156670746634028,817
C,133,2.3000726057823258,0.16279069767441862,817
C,134,2.308196369079752,0.16401468788249693,817
C,135,2.3634706274707713,0.16523867809057527,817
C,136,2.3764790785897754,0.1664626682986536,817
C,137,2.4970089002018274,0.16768665850673195,817
C,138,2.523482457217113,0.1689106487148103,817
C,139,2.5610113230198976,0.1701346389228886,817
C,140,2.567304290267583,0.17135862913096694,817
C,141,2.5936625028411875,0.17258261933904528,817
C,142,2.5936625028411875,0.17380660954712362,817
C,143,2.5936625028411875,0.17503059975520197,817
C,144,2.621221175786074,0.1762545899632803,817
C,145,2.621221175786074,0.17747858017135862,817
C,146,2.621221175786074,0.17870257037943696,817
C,147,2.621221175786074,0.1799265605875153,817
C,148,2.621221175786074,0.18115055079559364,817
C,149,2.692363651708546,0.18237454100367198,817
C,150,2.692363651708546,0.1835985312117503,817
C,151,2.695872911123699,0.18482252141982863,817
C,152,2.695872911123699,0.18604651162790697,817
C,153,2.695872911123699,0.18727050183598531,817
C,154,2.695872911123699,0.18849449204406366,817
C,155,2.7050039617521198,0.189718482252142,817
C,156,2.73086712931239,0.1909424724602203,817
C,157,2.767134285617245,0.19216646266829865,817
C,158,2.767134285617245,0.193390452876377,817
C,159,2.7899826181227962,0.19461444308445533,817
C,160,2.7970696858350816,0.19583843329253367,817
C,161,2.7977920109232133,0.19706242350061198,817
C,162,2.7977920109232133,0.19828641370869032,817
C,163,2.7977920109232133,0.19951040391676866,817
C,164,2.7977920109232133,0.200734394124847,817
C,165,2.7977920109232133,0.20195838433292534,817
C,166,2.7977920109232133,0.20318237454100369,817
C,167,2.7977920109232133,0.204406364749082,817
C,168,2.8053352700379337,0.20563035495716034,817
C,169,2.8199035925055096,0.20685434516523868,817
C,170,2.8199035925055096,0.20807833537331702,817
C,171,2.8213538288536846,0.20930232558139536,817
C,172,2.8213538288536846,0.21052631578947367,817
C,173,2.8730223274975457,0.211750305997552,817
C,174,2.873169086260174,0.21297429620563035,817
C,175,2.9703854703774404,0.2141982864137087,817
C,176,2.992221586869074,0.21542227662178703,817
C,177,3.0149737650774884,0.21664626682986537,817
C,178,3.0149737650774884,0.2178702570379437,817
C,179,3.0149737650774884,0.21909424724602203,817
C,180,3.0230617734616527,0.22031823745410037,817
C,181,3.0230617734616527,0.2215422276621787,817
C,182,3.0230617734616527,0.22276621787025705,817
C,183,3.0230617734616527,0.22399020807833536,817
C,184,3.0230617734616527,0.2252141982864137,817
C,185,3.0230617734616527,0.22643818849449204,817
C,186,3.0230617734616527,0.22766217870257038,817
C,187,3.0230617734616527,0.22888616891064872,817
C,188,3.0230617734616527,0.23011015911872704,817
C,189,3.027378217395996,0.23133414932680538,817
C,190,3.0623791624705614,0.23255813953488372,817
C,191,3.0690397971263277,0.23378212974296206,817
C,192,3.118070097733204,0.2350061199510404,817
C,193,3.118070097733204,0.23623011015911874,817
C,194,3.118070097733204,0.23745410036719705,817
C,195,3.1220820228325348,0.2386780905752754,817
C,196,3.137426715958429,0.23990208078335373,817
C,197,3.137426715958429,0.24112607099143207,817
C,198,3.137426715958429,0.2423500611995104,817
C,199,3.137426715958429,0.24357405140758873,817
C,200,3.137426715958429,0.24479804161566707,817
C,201,3.137426715958429,0.2460220318237454,817
C,202,3.137426715958429,0.24724602203182375,817
C,203,3.1380997568079794,0.2484700122399021,817
C,204,3.143713677632576,0.24969400244798043,817
C,205,3.152512040413012,0.25091799265605874,817
C,206,3.168552288607366,0.2521419828641371,817
C,207,3.1703891990196724,0.2533659730722154,817
C,208,3.1703891990196724,0.25458996328029376,817
C,209,3.1703891990196724,0.2558139534883721,817
C,210,3.1703891990196724,0.25703794369645044,817
C,211,3.2485031505238147,0.2582619339045288,817
C,212,3.2485031505238147,0.2594859241126071,817
C,213,3.275841263688187,0.2607099143206854,817
C,214,3.2868830822521145,0.26193390452876375,817
C,215,3.318067036259676,0.2631578947368421,817
C,216,3.3190949655321873,0.26438188494492043,817
C,217,3.3190949655321873,0.26560587515299877,817
C,218,3.3522853280480014,0.2668298653610771,817
C,219,3.3522853280480014,0.26805385556915545,817
C,220,3.3652952409640697,0.2692778457772338,817
C,221,3.3980131169073218,0.27050183598531213,817
C,222,3.3980131169073218,0.2717258261933905,817
C,223,3.4349821333482495,0.2729498164014688,817
C,224,3.491600093492627,0.2741738066095471,817
C,225,3.4930233394382295,0.27539779681762544,817
C,226,3.5001303787816407,0.2766217870257038,817
C,227,3.5234589412546446,0.2778457772337821,817
C,228,3.5234589412546446,0.27906976744186046,817
C,229,3.5234589412546446,0.2802937576499388,817
C,230,3.5234589412546446,0.28151774785801714,817
C,231,3.5234589412546446,0.2827417380660955,817
C,232,3.5234589412546446,0.2839657282741738,817
C,233,3.5235050658799274,0.28518971848225216,817
C,234,3.5423452579218355,0.2864137086903305,817
C,235,3.5423452579218355,0.2876376988984088,817
C,236,3.5423452579218355,0.28886168910648713,817
C,237,3.579038958245768,0.29008567931456547,817
C,238,3.5951486884799744,0.2913096695226438,817
C,239,3.5951486884799744,0.29253365973072215,817
C,240,3.6151271534930784,0.2937576499388005,817
C,241,3.6151271534930784,0.29498164014687883,817
C,242,3.6151271534930784,0.2962056303549572,817
C,243,3.6723393582009995,0.2974296205630355,817
C,244,3.6723393582009995,0.29865361077111385,817
C,245,3.6723393582009995,0.2998776009791922,817
C,246,3.690381161527061,0.3011015911872705,817
C,247,3.701896082833271,0.3023255813953488,817
C,248,3.701896082833271,0.30354957160342716,817
C,249,3.714401629592946,0.3047735618115055,817
C,250,3.733936854319847,0.30599755201958384,817
C,251,3.7394769837587383,0.3072215422276622,817
C,252,3.7402040460491772,0.3084455324357405,817
C,253,3.7402040460491772,0.30966952264381886,817
C,254,3.7472610334015077,0.3108935128518972,817
C,255,3.7472610334015077,0.31211750305997554,817
C,256,3.747776771758475,0.31334149326805383,817
C,257,3.747776771758475,0.31456548347613217,817
C,258,3.7491526291466433,0.3157894736842105,817
C,259,3.7491526291466433,0.31701346389228885,817
C,260,3.7491526291466433,0.3182374541003672,817
C,261,3.7491526291466433,0.31946144430844553,817
C,262,3.7491526291466433,0.32068543451652387,817
C,263,3.7491526291466433,0.3219094247246022,817
C,264,3.7491526291466433,0.32313341493268055,817
C,265,3.764886440684139,0.3243574051407589,817
C,266,3.769456610066144,0.32558139534883723,817
C,267,3.7950172905463817,0.3268053855569155,817
C,268,3.7950172905463817,0.32802937576499386,817
C,269,3.7950172905463817,0.3292533659730722,817
C,270,3.8143414297480804,0.33047735618115054,817
C,271,3.8143414297480804,0.3317013463892289,817
C,272,3.8143414297480804,0.3329253365973072,817
C,273,3.8516728966693385,0.33414932680538556,817
C,274,3.886849881143542,0.3353733170134639,817
C,275,3.8991147966683735,0.33659730722154224,817
C,276,3.8991147966683735,0.3378212974296206,817
C,277,3.8991147966683735,0.3390452876376989,817
C,278,3.916911421144566,0.3402692778457772,817
C,279,3.916911421144566,0.34149326805385555,817
C,280,3.916911421144566,0.3427172582619339,817
C,281,3.916911421144566,0.34394124847001223,817
C,282,3.916911421144566,0.34516523867809057,817
C,283,3.916911421144566,0.3463892288861689,817
C,284,3.934177583449851,0.34761321909424725,817
C,285,3.9380945541450045,0.3488372093023256,817
C,286,3.9525190247448796,0.35006119951040393,817
C,287,3.9652619525881634,0.35128518971848227,817
C,288,3.9652619525881634,0.3525091799265606,817
C,289,3.9652619525881634,0.3537331701346389,817
C,290,3.9652619525881634,0.35495716034271724,817
C,291,3.9652619525881634,0.3561811505507956,817
C,292,3.9943211900606705,0.3574051407588739,817
C,293,3.9943211900606705,0.35862913096695226,817
C,294,4.014048626780079,0.3598531211750306,817
C,295,4.0384488426984575,0.36107711138310894,817
C,296,4.0384488426984575,0.3623011015911873,817
C,297,4.0384488426984575,0.3635250917992656,817
C,298,4.062959893974493,0.36474908200734396,817
C,299,4.0663713807978,0.3659730722154223,817
C,300,4.0717844348020025,0.3671970624235006,817
C,301,4.0717844348020025,0.3684210526315789,817
C,302,4.0717844348020025,0.36964504283965727,817
C,303,4.0717844348020025,0.3708690330477356,817
C,304,4.0717844348020025,0.37209302325581395,817
C,305,4.0717844348020025,0.3733170134638923,817
C,306,4.082119710069294,0.37454100367197063,817
C,307,4.109472454863137,0.37576499388004897,817
C,308,4.109472454863137,0.3769889840881273,817
C,309,4.109472454863137,0.37821297429620565,817
C,310,4.11296525863577,0.379436964504284,817
C,311,4.129538295461542,0.3806609547123623,817
C,312,4.142572400046338,0.3818849449204406,817
C,313,4.142572400046338,0.38310893512851896,817
C,314,4.142572400046338,0.3843329253365973,817
C,315,4.168205807503904,0.38555691554467564,817
C,316,4.1814496162974315,0.386780905752754,817
C,317,4.1814496162974315,0.3880048959608323,817
C,318,4.187823354325374,0.38922888616891066,817
C,319,4.187823354325374,0.390452876376989,817
C,320,4.191440401158136,0.39167686658506734,817
C,321,4.219176860625079,0.3929008567931457,817
C,322,4.2195995162190645,0.39412484700122397,817
C,323,4.225977809755725,0.3953488372093023,817
C,324,4.225977809755725,0.39657282741738065,817
C,325,4.2401937262805625,0.397796817625459,817
C,326,4.246318228992198,0.3990208078335373,817
C,327,4.246318228992198,0.40024479804161567,817
C,328,4.246318228992198,0.401468788249694,817
C,329,4.246318228992198,0.40269277845777235,817
C,330,4.246318228992198,0.4039167686658507,817
C,331,4.246318228992198,0.40514075887392903,817
C,332,4.246318228992198,0.40636474908200737,817
C,333,4.246318228992198,0.40758873929008566,817
C,334,4.296209645719384,0.408812729498164,817
C,335,4.296209645719384,0.41003671970624234,817
C,336,4.298001175665109,0.4112607099143207,817
C,337,4.337792377471229,0.412484700122399,817
C,338,4.406615931039837,0.41370869033047736,817
C,339,4.406615931039837,0.4149326805385557,817
C,340,4.406615931039837,0.41615667074663404,817
C,341,4.4068938586824515,0.4173806609547124,817
C,342,4.4068938586824515,0.4186046511627907,817
C,343,4.4068938586824515,0.41982864137086906,817
C,344,4.4195559960379045,0.42105263157894735,817
C,345,4.4195559960379045,0.4222766217870257,817
C,346,4.448658218283997,0.423500611995104,817
C,347,4.448658218283997,0.42472460220318237,817
C,348,4.448658218283997,0.4259485924112607,817
C,349,4.4490128593999065,0.42717258261933905,817
C,350,4.472700011113045,0.4283965728274174,817
C,351,4.540739680270917,0.42962056303549573,817
C,352,4.548145379683022,0.43084455324357407,817
C,353,4.548145379683022,0.4320685434516524,817
C,354,4.58421644719088,0.43329253365973075,817
C,355,4.584641150484219,0.43451652386780903,817
C,356,4.584641150484219,0.4357405140758874,817
C,357,4.613645296192419,0.4369645042839657,817
C,358,4.615443571266916,0.43818849449204406,817
C,359,4.615443571266916,0.4394124847001224,817
C,360,4.6285272302592,0.44063647490820074,817
C,361,4.6285272302592,0.4418604651162791,817
C,362,4.6293742402080085,0.4430844553243574,817
C,363,4.6293742402080085,0.44430844553243576,817
C,364,4.6293742402080085,0.4455324357405141,817
C,365,4.6798542201397515,0.4467564259485924,817
C,366,4.68494663591847,0.4479804161566707,817
C,367,4.716372982831677,0.44920440636474906,817
C,368,4.8065189027500885,0.4504283965728274,817
C,369,4.832373575384865,0.45165238678090575,817
C,370,4.832373575384865,0.4528763769889841,817
C,371,4.832373575384865,0.4541003671970624,817
C,372,4.832373575384865,0.45532435740514077,817
C,373,4.832373575384865,0.4565483476132191,817
C,374,4.833611762644189,0.45777233782129745,817
C,375,4.873607144942124,0.4589963280293758,817
C,376,4.878408837020635,0.4602203182374541,817
C,377,4.878408837020635,0.4614443084455324,817
C,378,4.879936097725683,0.46266829865361075,817
C,379,5.005627354054762,0.4638922888616891,817
C,380,5.005627354054762,0.46511627906976744,817
C,381,5.049012343980507,0.4663402692778458,817
C,382,5.049012343980507,0.4675642594859241,817
C,383,5.0529169050498695,0.46878824969400246,817
C,384,5.0529169050498695,0.4700122399020808,817
C,385,5.144980180879627,0.47123623011015914,817
C,386,5.144980180879627,0.4724602203182375,817
C,387,5.144980180879627,0.47368421052631576,817
C,388,5.160817247954767,0.4749082007343941,817
C,389,5.1609131967112285,0.47613219094247244,817
C,390,5.1609131967112285,0.4773561811505508,817
C,391,5.1609131967112285,0.4785801713586291,817
C,392,5.17334537428498,0.47980416156670747,817
C,393,5.17334537428498,0.4810281517747858,817
C,394,5.186852048635873,0.48225214198286415,817
C,395,5.186852048635873,0.4834761321909425,817
C,396,5.189079857754492,0.4847001223990208,817
C,397,5.189079857754492,0.48592411260709917,817
C,398,5.189079857754492,0.48714810281517745,817
C,399,5.209642163322047,0.4883720930232558,817
C,400,5.209642163322047,0.48959608323133413,817
C,401,5.237804965554198,0.4908200734394125,817
C,402,5.250108349082898,0.4920440636474908,817
C,403,5.25066724541124,0.49326805385556916,817
C,404,5.265895766692527,0.4944920440636475,817
C,405,5.265895766692527,0.49571603427172584,817
C,406,5.265895766692527,0.4969400244798042,817
C,407,5.289143481652597,0.4981640146878825,817
C,408,5.303893361793611,0.49938800489596086,817
C,409,5.303893361793611,0.5006119951040392,817
C,410,5.311094991480422,0.5018359853121175,817
C,411,5.3278989180902885,0.5030599755201959,817
C,412,5.3278989180902885,0.5042839657282742,817
C,413,5.40313664824062,0.5055079559363526,817
C,414,5.429780594406908,0.5067319461444308,817
C,415,5.449936784760716,0.5079559363525091,817
C,416,5.449936784760716,0.5091799265605875,817
C,417,5.451368646012774,0.5104039167686658,817
C,418,5.451368646012774,0.5116279069767442,817
C,419,5.451368646012774,0.5128518971848225,817
C,420,5.451368646012774,0.5140758873929009,817
C,421,5.48918448824593,0.5152998776009792,817
C,422,5.48918448824593,0.5165238678090576,817
C,423,5.489639875510569,0.5177478580171359,817
C,424,5.489639875510569,0.5189718482252142,817
C,425,5.51371043540306,0.5201958384332925,817
C,426,5.51371043540306,0.5214198286413708,817
C,427,5.527749563024387,0.5226438188494492,817
C,428,5.5410149776306135,0.5238678090575275,817
C,429,5.566144856904391,0.5250917992656059,817
C,430,5.59314760143013,0.5263157894736842,817
C,431,5.59963772233696,0.5275397796817626,817
C,432,5.64735008362749,0.5287637698898409,817
C,433,5.723639721267264,0.5299877600979193,817
C,434,5.723639721267264,0.5312117503059975,817
C,435,5.726897446287053,0.5324357405140759,817
C,436,5.731145490600317,0.5336597307221542,817
C,437,5.75213077677215,0.5348837209302325,817
C,438,5.768746889834086,0.5361077111383109,817
C,439,5.768746889834086,0.5373317013463892,817
C,440,5.768746889834086,0.5385556915544676,817
C,441,5.768746889834086,0.5397796817625459,817
C,442,5.768746889834086,0.5410036719706243,817
C,443,5.777961299782292,0.5422276621787026,817
C,444,5.777961299782292,0.543451652386781,817
C,445,5.777961299782292,0.5446756425948592,817
C,446,5.777961299782292,0.5458996328029376,817
C,447,5.826652795237871,0.5471236230110159,817
C,448,5.85699586511181,0.5483476132190942,817
C,449,5.902113172801053,0.5495716034271726,817
C,450,5.902113172801053,0.5507955936352509,817
C,451,5.902113172801053,0.5520195838433293,817
C,452,5.962156110336546,0.5532435740514076,817
C,453,5.981973285573019,0.554467564259486,817
C,454,6.035664700701462,0.5556915544675642,817
C,455,6.035664700701462,0.5569155446756426,817
C,456,6.042407112380574,0.5581395348837209,817
C,457,6.045188436285779,0.5593635250917993,817
C,458,6.083623433861991,0.5605875152998776,817
C,459,6.0940450930597585,0.5618115055079559,817
C,460,6.0940450930597585,0.5630354957160343,817
C,461,6.1173894370690025,0.5642594859241126,817
C,462,6.12365020934277,0.565483476132191,817
C,463,6.12365020934277,0.5667074663402693,817
C,464,6.12365020934277,0.5679314565483476,817
C,465,6.12365020934277,0.5691554467564259,817
C,466,6.127909293224533,0.5703794369645043,817
C,467,6.133984818651293,0.5716034271725826,817
C,468,6.133984818651293,0.572827417380661,817
C,469,6.133984818651293,0.5740514075887393,817
C,470,6.133984818651293,0.5752753977968176,817
C,471,6.326456367367829,0.576499388004896,817
C,472,6.326456367367829,0.5777233782129743,817
C,473,6.338658246333816,0.5789473684210527,817
C,474,6.3436252347031274,0.5801713586291309,817
C,475,6.385214302612913,0.5813953488372093,817
C,476,6.392514401221491,0.5826193390452876,817
C,477,6.392514401221491,0.583843329253366,817
C,478,6.45407316036639,0.5850673194614443,817
C,479,6.45407316036639,0.5862913096695227,817
C,480,6.495199913452976,0.587515299877601,817
C,481,6.528734996362499,0.5887392900856793,817
C,482,6.528734996362499,0.5899632802937577,817
C,483,6.528734996362499,0.591187270501836,817
C,484,6.528734996362499,0.5924112607099143,817
C,485,6.541852281214771,0.5936352509179926,817
C,486,6.570061579082365,0.594859241126071,817
C,487,6.595310509924165,0.5960832313341493,817
C,488,6.595310509924165,0.5973072215422277,817
C,489,6.6238445651711375,0.598531211750306,817
C,490,6.6238445651711375,0.5997552019583844,817
C,491,6.624824487211126,0.6009791921664627,817
C,492,6.624824487211126,0.602203182374541,817
C,493,6.624824487211126,0.6034271725826194,817
C,494,6.624824487211126,0.6046511627906976,817
C,495,6.663480320932733,0.605875152998776,817
C,496,6.694775427679293,0.6070991432068543,817
C,497,6.694775427679293,0.6083231334149327,817
C,498,6.6957000263010995,0.609547123623011,817
C,499,6.729868096390858,0.6107711138310894,817
C,500,6.862340616859387,0.6119951040391677,817
C,501,6.936300608152222,0.6132190942472461,817
C,502,6.943367309085557,0.6144430844553244,817
C,503,6.944987681620072,0.6156670746634026,817
C,504,6.944987681620072,0.616891064871481,817
C,505,7.001629717253303,0.6181150550795593,817
C,506,7.008043529091971,0.6193390452876377,817
C,507,7.050833554844228,0.620563035495716,817
C,508,7.069085164588347,0.6217870257037944,817
C,509,7.202518682032236,0.6230110159118727,817
C,510,7.202518682032236,0.6242350061199511,817
C,511,7.256723945934374,0.6254589963280294,817
C,512,7.265099635605124,0.6266829865361077,817
C,513,7.265099635605124,0.627906976744186,817
C,514,7.265099635605124,0.6291309669522643,817
C,515,7.265099635605124,0.6303549571603427,817
C,516,7.265099635605124,0.631578947368421,817
C,517,7.265099635605124,0.6328029375764994,817
C,518,7.265099635605124,0.6340269277845777,817
C,519,7.328371104182028,0.6352509179926561,817
C,520,7.328371104182028,0.6364749082007344,817
C,521,7.328371104182028,0.6376988984088128,817
C,522,7.436979065527087,0.6389228886168911,817
C,523,7.505164644043379,0.6401468788249693,817
C,524,7.505578800176857,0.6413708690330477,817
C,525,7.541722559478358,0.642594859241126,817
C,526,7.541722559478358,0.6438188494492044,817
C,527,7.553225331718441,0.6450428396572827,817
C,528,7.612599386450355,0.6462668298653611,817
C,529,7.6722734054361075,0.6474908200734394,817
C,530,7.80091946226384,0.6487148102815178,817
C,531,7.925132790302502,0.6499388004895961,817
C,532,8.049439644960959,0.6511627906976745,817
C,533,8.125034926411953,0.6523867809057528,817
C,534,8.155602493528951,0.653610771113831,817
C,535,8.155602493528951,0.6548347613219094,817
C,536,8.155602493528951,0.6560587515299877,817
C,537,8.223581310392456,0.6572827417380661,817
C,538,8.254149514565961,0.6585067319461444,817
C,539,8.364984823923434,0.6597307221542228,817
C,540,8.364984823923434,0.6609547123623011,817
C,541,8.364984823923434,0.6621787025703795,817
C,542,8.41498619790774,0.6634026927784578,817
C,543,8.41498619790774,0.6646266829865362,817
C,544,8.41498619790774,0.6658506731946144,817
C,545,8.439393744355772,0.6670746634026927,817
C,546,8.518846574970702,0.6682986536107711,817
C,547,8.694188020395567,0.6695226438188494,817
C,548,8.694188020395567,0.6707466340269278,817
C,549,8.869970256205532,0.6719706242350061,817
C,550,8.875809831843045,0.6731946144430845,817
C,551,8.875809831843045,0.6744186046511628,817
C,552,8.875809831843045,0.6756425948592412,817
C,553,8.875809831843045,0.6768665850673194,817
C,554,8.875809831843045,0.6780905752753978,817
C,555,8.971320002180333,0.6793145654834761,817
C,556,8.971320002180333,0.6805385556915544,817
C,557,8.971320002180333,0.6817625458996328,817
C,558,9.18206540135032,0.6829865361077111,817
C,559,9.18206540135032,0.6842105263157895,817
C,560,9.20366226864378,0.6854345165238678,817
C,561,9.20366226864378,0.6866585067319462,817
C,562,9.231106859216732,0.6878824969400245,817
C,563,9.29777866582157,0.6891064871481029,817
C,564,9.298890748780494,0.6903304773561811,817
C,565,9.309223502411893,0.6915544675642595,817
C,566,9.309223502411893,0.6927784577723378,817
C,567,9.309223502411893,0.6940024479804161,817
C,568,9.327660296922389,0.6952264381884945,817
C,569,9.79959176729031,0.6964504283965728,817
C,570,10.170850086250871,0.6976744186046512,817
C,571,10.31394215541056,0.6988984088127295,817
C,572,10.362385802027786,0.7001223990208079,817
C,573,10.494331909492617,0.7013463892288861,817
C,574,10.613985190187961,0.7025703794369645,817
C,575,10.644552415911486,0.7037943696450428,817
C,576,10.692978075950489,0.7050183598531212,817
C,577,11.486137446974228,0.7062423500611995,817
C,578,11.513827511398498,0.7074663402692778,817
C,579,11.563511450260199,0.7086903304773562,817
C,580,11.563511450260199,0.7099143206854345,817
C,581,11.563511450260199,0.7111383108935129,817
C,582,11.563511450260199,0.7123623011015912,817
C,583,11.634961811389124,0.7135862913096696,817
C,584,11.634961811389124,0.7148102815177478,817
C,585,11.656949821423233,0.7160342717258262,817
C,586,11.656949821423233,0.7172582619339045,817
C,587,11.711448444799434,0.7184822521419829,817
C,588,11.711448444799434,0.7197062423500612,817
C,589,11.711448444799434,0.7209302325581395,817
C,590,11.711448444799434,0.7221542227662179,817
C,591,11.727548122244196,0.7233782129742962,817
C,592,11.918998077733129,0.7246022031823746,817
C,593,11.918998077733129,0.7258261933904528,817
C,594,11.918998077733129,0.7270501835985312,817
C,595,12.057920229777972,0.7282741738066095,817
C,596,12.057920229777972,0.7294981640146879,817
C,597,12.057920229777972,0.7307221542227662,817
C,598,12.057920229777972,0.7319461444308446,817
C,599,12.200013625766191,0.7331701346389229,817
C,600,12.223495217574138,0.7343941248470012,817
C,601,12.230390828311744,0.7356181150550796,817
C,602,12.230390828311744,0.7368421052631579,817
C,603,12.230390828311744,0.7380660954712362,817
C,604,12.311545769277782,0.7392900856793145,817
C,605,12.311545769277782,0.7405140758873929,817
C,606,12.311545769277782,0.7417380660954712,817
C,607,12.311545769277782,0.7429620563035496,817
C,608,12.442230593946991,0.7441860465116279,817
C,609,12.719028666894468,0.7454100367197063,817
C,610,12.820106576177901,0.7466340269277846,817
C,611,12.970531983471794,0.7478580171358629,817
C,612,13.044144507432122,0.7490820073439413,817
C,613,13.143564812978468,0.7503059975520195,817
C,614,13.144921670266593,0.7515299877600979,817
C,615,13.144921670266593,0.7527539779681762,817
C,616,13.313202135606891,0.7539779681762546,817
C,617,13.343936553425932,0.7552019583843329,817
C,618,13.343936553425932,0.7564259485924113,817
C,619,13.343936553425932,0.7576499388004896,817
C,620,13.343936553425932,0.758873929008568,817
C,621,13.476577472928158,0.7600979192166463,817
C,622,13.476577472928158,0.7613219094247246,817
C,623,13.478271332924297,0.762545899632803,817
C,624,13.642417984740842,0.7637698898408812,817
C,625,13.667265008485625,0.7649938800489596,817
C,626,13.679112638431452,0.7662178702570379,817
C,627,13.810824053437496,0.7674418604651163,817
C,628,13.810824053437496,0.7686658506731946,817
C,629,13.846122268066079,0.769889840881273,817
C,630,13.846122268066079,0.7711138310893513,817
C,631,13.932727422171773,0.7723378212974297,817
C,632,13.932727422171773,0.773561811505508,817
C,633,13.932727422171773,0.7747858017135862,817
C,634,13.994023987851254,0.7760097919216646,817
C,635,14.166062476625434,0.7772337821297429,817
C,636,14.288495473867519,0.7784577723378213,817
C,637,14.621264508863705,0.7796817625458996,817
C,638,14.621264508863705,0.780905752753978,817
C,639,14.621264508863705,0.7821297429620563,817
C,640,14.621264508863705,0.7833537331701347,817
C,641,14.621264508863705,0.784577723378213,817
C,642,14.621264508863705,0.7858017135862914,817
C,643,14.713037050528447,0.7870257037943696,817
C,644,14.713037050528447,0.7882496940024479,817
C,645,14.736950146907498,0.7894736842105263,817
C,646,15.003029162479121,0.7906976744186046,817
C,647,15.003029162479121,0.791921664626683,817
C,648,15.083757749165377,0.7931456548347613,817
C,649,15.083757749165377,0.7943696450428397,817
C,650,15.158895049415701,0.795593635250918,817
C,651,15.807548361804209,0.7968176254589964,817
C,652,15.951109462723617,0.7980416156670747,817
C,653,16.30625048892037,0.799265605875153,817
C,654,16.345430525114995,0.8004895960832313,817
C,655,16.345430525114995,0.8017135862913096,817
C,656,16.34813790989608,0.802937576499388,817
C,657,16.34813790989608,0.8041615667074663,817
C,658,16.34813790989608,0.8053855569155447,817
C,659,16.34813790989608,0.806609547123623,817
C,660,16.34813790989608,0.8078335373317014,817
C,661,16.34813790989608,0.8090575275397797,817
C,662,16.34813790989608,0.8102815177478581,817
C,663,16.34813790989608,0.8115055079559363,817
C,664,16.448129482577944,0.8127294981640147,817
C,665,16.448129482577944,0.813953488372093,817
C,666,16.788571074584638,0.8151774785801713,817
C,667,16.788571074584638,0.8164014687882497,817
C,668,16.788571074584638,0.817625458996328,817
C,669,16.889463356086704,0.8188494492044064,817
C,670,17.413539332781212,0.8200734394124847,817
C,671,17.736466800118198,0.8212974296205631,817
C,672,17.784499256148898,0.8225214198286414,817
C,673,17.79816169018827,0.8237454100367197,817
C,674,17.86715783482581,0.824969400244798,817
C,675,17.86715783482581,0.8261933904528764,817
C,676,17.975822110832446,0.8274173806609547,817
C,677,18.05030777442616,0.828641370869033,817
C,678,18.373166764053092,0.8298653610771114,817
C,679,18.808354491499035,0.8310893512851897,817
C,680,19.14570866835926,0.8323133414932681,817
C,681,19.43991401549315,0.8335373317013464,817
C,682,20.059208451036234,0.8347613219094248,817
C,683,20.059208451036234,0.835985312117503,817
C,684,20.059208451036234,0.8372093023255814,817
C,685,20.545351428694552,0.8384332925336597,817
C,686,20.801304046851495,0.8396572827417381,817
C,687,21.183361264249104,0.8408812729498164,817
C,688,21.183361264249104,0.8421052631578947,817
C,689,21.555859034654805,0.8433292533659731,817
C,690,21.558431419407587,0.8445532435740514,817
C,691,21.558431419407587,0.8457772337821298,817
C,692,21.844856073891997,0.847001223990208,817
C,693,21.913492396687673,0.8482252141982864,817
C,694,22.032932059185928,0.8494492044063647,817
C,695,22.979125963821627,0.8506731946144431,817
C,696,23.06071591206519,0.8518971848225214,817
C,697,23.324128891437557,0.8531211750305998,817
C,698,23.473842412827533,0.8543451652386781,817
C,699,23.674186131859557,0.8555691554467564,817
C,700,24.435371853515452,0.8567931456548348,817
C,701,25.424139218461,0.8580171358629131,817
C,702,26.09883223660196,0.8592411260709915,817
C,703,26.11089036854119,0.8604651162790697,817
C,704,29.03267537361047,0.8616891064871481,817
C,705,29.03267537361047,0.8629130966952264,817
C,706,29.529651789467735,0.8641370869033048,817
C,707,29.65225135486572,0.8653610771113831,817
C,708,29.964969534145528,0.8665850673194615,817
C,709,29.964969534145528,0.8678090575275398,817
C,710,29.964969534145528,0.8690330477356181,817
C,711,31.441503666368558,0.8702570379436965,817
C,712,32.670846787838315,0.8714810281517748,817
C,713,32.670846787838315,0.8727050183598531,817
C,714,32.670846787838315,0.8739290085679314,817
C,715,32.670846787838315,0.8751529987760098,817
C,716,32.93056875303327,0.8763769889840881,817
C,717,33.08993606093896,0.8776009791921665,817
C,718,33.12476034339974,0.8788249694002448,817
C,719,35.61338330434325,0.8800489596083231,817
C,720,35.68381358050434,0.8812729498164015,817
C,721,36.994753618872764,0.8824969400244798,817
C,722,36.994753618872764,0.8837209302325582,817
C,723,36.994753618872764,0.8849449204406364,817
C,724,36.994753618872764,0.8861689106487148,817
C,725,37.99670345775714,0.8873929008567931,817
C,726,40.6528903628822,0.8886168910648715,817
C,727,40.6528903628822,0.8898408812729498,817
C,728,41.11715423068722,0.8910648714810282,817
C,729,41.11715423068722,0.8922888616891065,817
C,730,41.69966939346344,0.8935128518971848,817
C,731,41.74570874101794,0.8947368421052632,817
C,732,41.74570874101794,0.8959608323133414,817
C,733,43.3978658183237,0.8971848225214198,817
C,734,43.645268685256866,0.8984088127294981,817
C,735,43.752405882314264,0.8996328029375765,817
C,736,44.329704202191095,0.9008567931456548,817
C,737,44.329704202191095,0.9020807833537332,817
C,738,44.329704202191095,0.9033047735618115,817
C,739,45.97065254900095,0.9045287637698899,817
C,740,45.97282680351913,0.9057527539779682,817
C,741,45.97282680351913,0.9069767441860465,817
C,742,45.97282680351913,0.9082007343941249,817
C,743,45.97282680351913,0.9094247246022031,817
C,744,45.97282680351913,0.9106487148102815,817
C,745,45.97282680351913,0.9118727050183598,817
C,746,45.97282680351913,0.9130966952264382,817
C,747,47.16634757201242,0.9143206854345165,817
C,748,47.18960800080213,0.9155446756425949,817
C,749,51.14401872957944,0.9167686658506732,817
C,750,51.15445403099594,0.9179926560587516,817
C,751,51.15445403099594,0.9192166462668299,817
C,752,52.48764210162581,0.9204406364749081,817
C,753,54.298406113030346,0.9216646266829865,817
C,754,54.298406113030346,0.9228886168910648,817
C,755,54.298406113030346,0.9241126070991432,817
C,756,54.298406113030346,0.9253365973072215,817
C,757,54.84786846732077,0.9265605875152999,817
C,758,55.52308699133194,0.9277845777233782,817
C,759,56.673726304056814,0.9290085679314566,817
C,760,56.673726304056814,0.9302325581395349,817
C,761,57.068688499478064,0.9314565483476133,817
C,762,57.068688499478064,0.9326805385556916,817
C,763,57.068688499478064,0.9339045287637698,817
C,764,57.068688499478064,0.9351285189718482,817
C,765,57.57809440812916,0.9363525091799265,817
C,766,61.009421678024374,0.9375764993880049,817
C,767,64.13901492536125,0.9388004895960832,817
C,768,64.33535037949846,0.9400244798041616,817
C,769,64.33535037949846,0.9412484700122399,817
C,770,64.33535037949846,0.9424724602203183,817
C,771,65.86799607368974,0.9436964504283966,817
C,772,66.23139430821156,0.944920440636475,817
C,773,68.28206457792544,0.9461444308445532,817
C,774,68.28206457792544,0.9473684210526315,817
C,775,68.28206457792544,0.9485924112607099,817
C,776,68.28206457792544,0.9498164014687882,817
C,777,87.94666206480132,0.9510403916768666,817
C,778,88.68367646204946,0.9522643818849449,817
C,779,119.71462994305647,0.9534883720930233,817
C,780,134.7499606191178,0.9547123623011016,817
C,781,140.19059235300242,0.95593635250918,817
C,782,140.30356076955792,0.9571603427172583,817
C,783,140.53003417502563,0.9583843329253366,817
C,784,163.9463435011219,0.9596083231334149,817
C,785,187.07459627021183,0.9608323133414932,817
C,786,207.75584431815187,0.9620563035495716,817
C,787,236.65696509664804,0.9632802937576499,817
C,788,254.59101306058608,0.9645042839657283,817
C,789,281.7870936556241,0.9657282741738066,817
C,790,281.7870936556241,0.966952264381885,817
C,791,281.7870936556241,0.9681762545899633,817
C,792,281.7870936556241,0.9694002447980417,817
C,793,281.7870936556241,0.9706242350061199,817
C,794,281.7870936556241,0.9718482252141983,817
C,795,327.6629390543614,0.9730722154222766,817
C,796,327.6629390543614,0.9742962056303549,817
C,797,372.36200001438846,0.9755201958384333,817
C,798,372.36200001438846,0.9767441860465116,817
C,799,372.36200001438846,0.97796817625459,817
C,800,372.36200001438846,0.9791921664626683,817
C,801,426.6515129500315,0.9804161566707467,817
C,802,449.42842744259764,0.981640146878825,817
C,803,627.4408787518039,0.9828641370869033,817
C,804,627.4408787518039,0.9840881272949816,817
C,805,627.4408787518039,0.98531211750306,817
C,806,693.740705092862,0.9865361077111383,817
C,807,737.8599172744081,0.9877600979192166,817
C,808,808.80325504452,0.988984088127295,817
C,809,1182.108787706242,0.9902080783353733,817
C,810,1915.8184175875206,0.9914320685434517,817
C,811,1915.8184175875206,0.99265605875153,817
C,812,2712.523696438588,0.9938800489596084,817
C,813,3608.385535763794,0.9951040391676866,817
C,814,3608.385535763794,0.996328029375765,817
C,815,28608.461197182613,0.9975520195838433,817
C,816,30681.537704758382,0.9987760097919217,817
C,817,30681.537704758382,1.0,817
W,1,0.24992379830862993,8.101101749837978e-05,12344
W,2,0.3228341050506864,0.00016202203499675956,12344
W,3,0.3228341050506864,0.00024303305249513934,12344
W,4,0.3228341050506864,0.0003240440699935191,12344
W,5,0.3228341050506864,0.0004050550874918989,12344
W,6,0.3228341050506864,0.0004860661049902787,12344
W,7,0.3228341050506864,0.0005670771224886585,12344
W,8,0.3228341050506864,0.0006480881399870382,12344
W,9,0.3228341050506864,0.000729099157485418,12344
W,10,0.3228341050506864,0.0008101101749837978,12344
W,11,0.3228341050506864,0.0008911211924821776,12344
W,12,0.3228341050506864,0.0009721322099805574,12344
W,13,0.3630479611518795,0.001053143227478937,12344
W,14,0.3630479611518795,0.001134154244977317,12344
W,15,0.3630479611518795,0.0012151652624756966,12344
W,16,0.3630479611518795,0.0012961762799740765,12344
W,17,0.3630479611518795,0.0013771872974724562,12344
W,18,0.3630479611518795,0.001458198314970836,12344
W,19,0.3630479611518795,0.0015392093324692157,12344
W,20,0.3630479611518795,0.0016202203499675956,12344
W,21,0.3630479611518795,0.0017012313674659753,12344
W,22,0.3630479611518795,0.0017822423849643552,12344
W,23,0.3777011143370749,0.0018632534024627348,12344
W,24,0.3777011143370749,0.0019442644199611147,12344
W,25,0.3777011143370749,0.0020252754374594944,12344
W,26,0.3821225312664327,0.002106286454957874,12344
W,27,0.3821225312664327,0.002187297472456254,12344
W,28,0.3821225312664327,0.002268308489954634,12344
W,29,0.3821225312664327,0.0023493195074530135,12344
W,30,0.3821225312664327,0.002430330524951393,12344
W,31,0.3821225312664327,0.0025113415424497733,12344
W,32,0.3821225312664327,0.002592352559948153,12344
W,33,0.3821225312664327,0.0026733635774465326,12344
W,34,0.3821225312664327,0.0027543745949449123,12344
W,35,0.3821225312664327,0.0028353856124432924,12344
W,36,0.3821225312664327,0.002916396629941672,12344
W,37,0.3821225312664327,0.0029974076474400518,12344
W,38,0.3821225312664327,0.0030784186649384314,12344
W,39,0.3821225312664327,0.0031594296824368115,12344
W,40,0.3821225312664327,0.0032404406999351912,12344
W,41,0.42485214958734696,0.003321451717433571,12344
W,42,0.42485214958734696,0.0034024627349319506,12344
W,43,0.42485214958734696,0.0034834737524303307,12344
W,44,0.42485214958734696,0.0035644847699287103,12344
W,45,0.42485214958734696,0.00364549578742709,12344
W,46,0.42485214958734696,0.0037265068049254697,12344
W,47,0.42485214958734696,0.00380751782242385,12344
W,48,0.42485214958734696,0.0038885288399222295,12344
W,49,0.42485214958734696,0.0039695398574206096,12344
W,50,0.42485214958734696,0.004050550874918989,12344
W,51,0.42485214958734696,0.004131561892417369,12344
W,52,0.42485214958734696,0.004212572909915748,12344
W,53,0.42485214958734696,0.004293583927414128,12344
W,54,0.42485214958734696,0.004374594944912508,12344
W,55,0.42485214958734696,0.004455605962410888,12344
W,56,0.42485214958734696,0.004536616979909268,12344
W,57,0.42485214958734696,0.004617627997407648,12344
W,58,0.42485214958734696,0.004698639014906027,12344
W,59,0.45367589097055644,0.004779650032404407,12344
W,60,0.45367589097055644,0.004860661049902786,12344
W,61,0.45367589097055644,0.0049416720674011665,12344
W,62,0.45367589097055644,0.005022683084899547,12344
W,63,0.45367589097055644,0.005103694102397926,12344
W,64,0.45367589097055644,0.005184705119896306,12344
W,65,0.45367589097055644,0.005265716137394686,12344
W,66,0.45367589097055644,0.005346727154893065,12344
W,67,0.46295893841334246,0.005427738172391445,12344
W,68,0.46295893841334246,0.005508749189889825,12344
W,69,0.46295893841334246,0.005589760207388205,12344
W,70,0.46295893841334246,0.005670771224886585,12344
W,71,0.46295893841334246,0.005751782242384964,12344
W,72,0.46295893841334246,0.005832793259883344,12344
W,73,0.46295893841334246,0.005913804277381724,12344
W,74,0.46295893841334246,0.0059948152948801035,12344
W,75,0.46295893841334246,0.006075826312378484,12344
W,76,0.46295893841334246,0.006156837329876863,12344
W,77,0.4791807026061796,0.006237848347375243,12344
W,78,0.4863641754054408,0.006318859364873623,12344
W,79,0.4863641754054408,0.006399870382372002,12344
W,80,0.4863641754054408,0.0064808813998703824,12344
W,81,0.4863641754054408,0.0065618924173687625,12344
W,82,0.4863641754054408,0.006642903434867142,12344
W,83,0.4863641754054408,0.006723914452365522,12344
W,84,0.4863641754054408,0.006804925469863901,12344
W,85,0.4863641754054408,0.006885936487362281,12344
W,86,0.4863641754054408,0.006966947504860661,12344
W,87,0.4863641754054408,0.007047958522359041,12344
W,88,0.4863641754054408,0.007128969539857421,12344
W,89,0.4863641754054408,0.007209980557355801,12344
W,90,0.49452348564412163,0.00729099157485418,12344
W,91,0.49452348564412163,0.00737200259235256,12344
W,92,0.49452348564412163,0.007453013609850939,12344
W,93,0.49452348564412163,0.0075340246273493195,12344
W,94,0.49452348564412163,0.0076150356448477,12344
W,95,0.49452348564412163,0.007696046662346079,12344
W,96,0.49452348564412163,0.007777057679844459,12344
W,97,0.49452348564412163,0.007858068697342839,12344
W,98,0.49452348564412163,0.007939079714841219,12344
W,99,0.49452348564412163,0.008020090732339598,12344
W,100,0.49452348564412163,0.008101101749837978,12344
W,101,0.49452348564412163,0.008182112767336358,12344
W,102,0.49452348564412163,0.008263123784834738,12344
W,103,0.49452348564412163,0.008344134802333118,12344
W,104,0.49452348564412163,0.008425145819831496,12344
W,105,0.49452348564412163,0.008506156837329876,12344
W,106,0.49452348564412163,0.008587167854828257,12344
W,107,0.49452348564412163,0.008668178872326637,12344
W,108,0.49452348564412163,0.008749189889825017,12344
W,109,0.49452348564412163,0.008830200907323397,12344
W,110,0.49452348564412163,0.008911211924821775,12344
W,111,0.49452348564412163,0.008992222942320155,12344
W,112,0.49452348564412163,0.009073233959818535,12344
W,113,0.49452348564412163,0.009154244977316916,12344
W,114,0.49503786894263246,0.009235255994815296,12344
W,115,0.49503786894263246,0.009316267012313674,12344
W,116,0.49920941463151053,0.009397278029812054,12344
W,117,0.49920941463151053,0.009478289047310434,12344
W,118,0.49920941463151053,0.009559300064808814,12344
W,119,0.49920941463151053,0.009640311082307194,12344
W,120,0.49920941463151053,0.009721322099805573,12344
W,121,0.49920941463151053,0.009802333117303953,12344
W,122,0.49920941463151053,0.009883344134802333,12344
W,123,0.49920941463151053,0.009964355152300713,12344
W,124,0.49920941463151053,0.010045366169799093,12344
W,125,0.49920941463151053,0.010126377187297473,12344
W,126,0.49920941463151053,0.010207388204795852,12344
W,127,0.49920941463151053,0.010288399222294232,12344
W,128,0.500440804883166,0.010369410239792612,12344
W,129,0.500440804883166,0.010450421257290992,12344
W,130,0.500440804883166,0.010531432274789372,12344
W,131,0.500440804883166,0.01061244329228775,12344
W,132,0.500440804883166,0.01069345430978613,12344
W,133,0.5044785739789928,0.01077446532728451,12344
W,134,0.5044785739789928,0.01085547634478289,12344
W,135,0.5044785739789928,0.010936487362281271,12344
W,136,0.5044785739789928,0.01101749837977965,12344
W,137,0.5044785739789928,0.01109850939727803,12344
W,138,0.5044785739789928,0.01117952041477641,12344
W,139,0.5044785739789928,0.01126053143227479,12344
W,140,0.5044785739789928,0.01134154244977317,12344
W,141,0.5044785739789928,0.011422553467271548,12344
W,142,0.5044785739789928,0.011503564484769928,12344
W,143,0.5044785739789928,0.011584575502268308,12344
W,144,0.5044785739789928,0.011665586519766688,12344
W,145,0.5044785739789928,0.011746597537265068,12344
W,146,0.5044785739789928,0.011827608554763449,12344
W,147,0.5044785739789928,0.011908619572261827,12344
W,148,0.5044785739789928,0.011989630589760207,12344
W,149,0.5044785739789928,0.012070641607258587,12344
W,150,0.5044785739789928,0.012151652624756967,12344
W,151,0.5044785739789928,0.012232663642255347,12344
W,152,0.5044785739789928,0.012313674659753726,12344
W,153,0.5044785739789928,0.012394685677252106,12344
W,154,0.5044785739789928,0.012475696694750486,12344
W,155,0.5044785739789928,0.012556707712248866,12344
W,156,0.5044785739789928,0.012637718729747246,12344
W,157,0.5044785739789928,0.012718729747245625,12344
W,158,0.5138224491506395,0.012799740764744005,12344
W,159,0.5138224491506395,0.012880751782242385,12344
W,160,0.5138224491506395,0.012961762799740765,12344
W,161,0.5138224491506395,0.013042773817239145,12344
W,162,0.5138224491506395,0.013123784834737525,12344
W,163,0.5138224491506395,0.013204795852235903,12344
W,164,0.5138224491506395,0.013285806869734284,12344
W,165,0.5138224491506395,0.013366817887232664,12344
W,166,0.5138224491506395,0.013447828904731044,12344
W,167,0.5138224491506395,0.013528839922229424,12344
W,168,0.5138224491506395,0.013609850939727802,12344
W,169,0.5138224491506395,0.013690861957226182,12344
W,170,0.5138224491506395,0.013771872974724562,12344
W,171,0.5138224491506395,0.013852883992222943,12344
W,172,0.5138224491506395,0.013933895009721323,12344
W,173,0.5138224491506395,0.014014906027219701,12344
W,174,0.5138224491506395,0.014095917044718081,12344
W,175,0.5138224491506395,0.014176928062216461,12344
W,176,0.5138224491506395,0.014257939079714841,12344
W,177,0.5138224491506395,0.014338950097213221,12344
W,178,0.5138224491506395,0.014419961114711602,12344
W,179,0.5138224491506395,0.01450097213220998,12344
W,180,0.5138224491506395,0.01458198314970836,12344
W,181,0.5138224491506395,0.01466299416720674,12344
W,182,0.5138224491506395,0.01474400518470512,12344
W,183,0.5138224491506395,0.0148250162022035,12344
W,184,0.5138224491506395,0.014906027219701879,12344
W,185,0.5138224491506395,0.014987038237200259,12344
W,186,0.5138224491506395,0.015068049254698639,12344
W,187,0.5403231261772123,0.015149060272197019,12344
W,188,0.5403231261772123,0.0152300712896954,12344
W,189,0.5403231261772123,0.015311082307193778,12344
W,190,0.5403231261772123,0.015392093324692158,12344
W,191,0.5403231261772123,0.015473104342190538,12344
W,192,0.5573323103706148,0.015554115359688918,12344
W,193,0.5573323103706148,0.015635126377187298,12344
W,194,0.5627731610640857,0.015716137394685678,12344
W,195,0.5627731610640857,0.015797148412184058,12344
W,196,0.5627731610640857,0.015878159429682438,12344
W,197,0.587604999443718,0.015959170447180815,12344
W,198,0.587604999443718,0.016040181464679195,12344
W,199,0.587604999443718,0.016121192482177575,12344
W,200,0.587604999443718,0.016202203499675955,12344
W,201,0.587604999443718,0.016283214517174335,12344
W,202,0.587604999443718,0.016364225534672715,12344
W,203,0.587604999443718,0.016445236552171096,12344
W,204,0.587604999443718,0.016526247569669476,12344
W,205,0.587604999443718,0.016607258587167856,12344
W,206,0.587604999443718,0.016688269604666236,12344
W,207,0.587604999443718,0.016769280622164616,12344
W,208,0.587604999443718,0.016850291639662993,12344
W,209,0.587604999443718,0.016931302657161373,12344
W,210,0.587604999443718,0.017012313674659753,12344
W,211,0.587604999443718,0.017093324692158133,12344
W,212,0.587604999443718,0.017174335709656513,12344
W,213,0.587604999443718,0.017255346727154893,12344
W,214,0.587604999443718,0.017336357744653273,12344
W,215,0.587604999443718,0.017417368762151653,12344
W,216,0.587604999443718,0.017498379779650033,12344
W,217,0.587604999443718,0.017579390797148414,12344
W,218,0.587604999443718,0.017660401814646794,12344
W,219,0.587604999443718,0.01774141283214517,12344
W,220,0.587604999443718,0.01782242384964355,12344
W,221,0.587604999443718,0.01790343486714193,12344
W,222,0.587604999443718,0.01798444588464031,12344
W,223,0.5879164395631622,0.01806545690213869,12344
W,224,0.5879164395631622,0.01814646791963707,12344
W,225,0.5879164395631622,0.01822747893713545,12344
W,226,0.5886527326898314,0.01830848995463383,12344
W,227,0.5886527326898314,0.01838950097213221,12344
W,228,0.5886527326898314,0.01847051198963059,12344
W,229,0.5886527326898314,0.018551523007128968,12344
W,230,0.5886527326898314,0.018632534024627348,12344
W,231,0.5886527326898314,0.018713545042125728,12344
W,232,0.5886527326898314,0.018794556059624108,12344
W,233,0.5886527326898314,0.01887556707712249,12344
W,234,0.5886527326898314,0.01895657809462087,12344
W,235,0.5886527326898314,0.01903758911211925,12344
W,236,0.5886527326898314,0.01911860012961763,12344
W,237,0.5886527326898314,0.01919961114711601,12344
W,238,0.5886527326898314,0.01928062216461439,12344
W,239,0.5886527326898314,0.01936163318211277,12344
W,240,0.5886527326898314,0.019442644199611146,12344
W,241,0.5886527326898314,0.019523655217109526,12344
W,242,0.5886527326898314,0.019604666234607906,12344
W,243,0.5886527326898314,0.019685677252106286,12344
W,244,0.5886527326898314,0.019766688269604666,12344
W,245,0.5886527326898314,0.019847699287103046,12344
W,246,0.5886527326898314,0.019928710304601426,12344
W,247,0.5886527326898314,0.020009721322099806,12344
W,248,0.5886527326898314,0.020090732339598186,12344
W,249,0.5886527326898314,0.020171743357096567,12344
W,250,0.5886527326898314,0.020252754374594947,12344
W,251,0.5886527326898314,0.020333765392093323,12344
W,252,0.5886527326898314,0.020414776409591703,12344
W,253,0.5939340342141263,0.020495787427090083,12344
W,254,0.5939340342141263,0.020576798444588464,12344
W,255,0.5939728741558326,0.020657809462086844,12344
W,256,0.5939728741558326,0.020738820479585224,12344
W,257,0.5939728741558326,0.020819831497083604,12344
W,258,0.5939728741558326,0.020900842514581984,12344
W,259,0.5939728741558326,0.020981853532080364,12344
W,260,0.5939728741558326,0.021062864549578744,12344
W,261,0.5939728741558326,0.02114387556707712,12344
W,262,0.5939728741558326,0.0212248865845755,12344
W,263,0.5939728741558326,0.02130589760207388,12344
W,264,0.5939728741558326,0.02138690861957226,12344
W,265,0.5939728741558326,0.02146791963707064,12344
W,266,0.5939728741558326,0.02154893065456902,12344
W,267,0.5939728741558326,0.0216299416720674,12344
W,268,0.5939728741558326,0.02171095268956578,12344
W,269,0.5939728741558326,0.02179196370706416,12344
W,270,0.5939728741558326,0.021872974724562542,12344
W,271,0.5939728741558326,0.021953985742060922,12344
W,272,0.5939728741558326,0.0220349967595593,12344
W,273,0.5939728741558326,0.02211600777705768,12344
W,274,0.5939728741558326,0.02219701879455606,12344
W,275,0.5939728741558326,0.02227802981205444,12344
W,276,0.5939728741558326,0.02235904082955282,12344
W,277,0.5939728741558326,0.0224400518470512,12344
W,278,0.5939728741558326,0.02252106286454958,12344
W,279,0.5939728741558326,0.02260207388204796,12344
W,280,0.5939728741558326,0.02268308489954634,12344
W,281,0.5939728741558326,0.02276409591704472,12344
W,282,0.5968392029174775,0.022845106934543096,12344
W,283,0.5968392029174775,0.022926117952041476,12344
W,284,0.5968392029174775,0.023007128969539856,12344
W,285,0.5968392029174775,0.023088139987038236,12344
W,286,0.5968392029174775,0.023169151004536617,12344
W,287,0.5968392029174775,0.023250162022034997,12344
W,288,0.5968392029174775,0.023331173039533377,12344
W,289,0.5968392029174775,0.023412184057031757,12344
W,290,0.5968392029174775,0.023493195074530137,12344
W,291,0.5968392029174775,0.023574206092028517,12344
W,292,0.5968392029174775,0.023655217109526897,12344
W,293,0.5968392029174775,0.023736228127025274,12344
W,294,0.5968392029174775,0.023817239144523654,12344
W,295,0.5968392029174775,0.023898250162022034,12344
W,296,0.5968392029174775,0.023979261179520414,12344
W,297,0.5968392029174775,0.024060272197018794,12344
W,298,0.5968392029174775,0.024141283214517174,12344
W,299,0.5968392029174775,0.024222294232015554,12344
W,300,0.5968392029174775,0.024303305249513935,12344
W,301,0.5968392029174775,0.024384316267012315,12344
W,302,0.5968392029174775,0.024465327284510695,12344
W,303,0.5968392029174775,0.024546338302009075,12344
W,304,0.5968392029174775,0.02462734931950745,12344
W,305,0.5968392029174775,0.02470836033700583,12344
W,306,0.5968392029174775,0.02478937135450421,12344
W,307,0.5968392029174775,0.024870382372002592,12344
W,308,0.5968392029174775,0.024951393389500972,12344
W,309,0.5968392029174775,0.025032404406999352,12344
W,310,0.5968392029174775,0.025113415424497732,12344
W,311,0.5968392029174775,0.025194426441996112,12344
W,312,0.5973091476384181,0.025275437459494492,12344
W,313,0.5973091476384181,0.025356448476992872,12344
W,314,0.5973091476384181,0.02543745949449125,12344
W,315,0.5973091476384181,0.02551847051198963,12344
W,316,0.5973091476384181,0.02559948152948801,12344
W,317,0.5973091476384181,0.02568049254698639,12344
W,318,0.5973091476384181,0.02576150356448477,12344
W,319,0.5973091476384181,0.02584251458198315,12344
W,320,0.5973091476384181,0.02592352559948153,12344
W,321,0.5973091476384181,0.02600453661697991,12344
W,322,0.5973091476384181,0.02608554763447829,12344
W,323,0.5973091476384181,0.02616655865197667,12344
W,324,0.5973091476384181,0.02624756966947505,12344
W,325,0.5978069738759639,0.026328580686973427,12344
W,326,0.5978764724241037,0.026409591704471807,12344
W,327,0.6072792994029242,0.026490602721970187,12344
W,328,0.6107577095944808,0.026571613739468567,12344
W,329,0.6107577095944808,0.026652624756966947,12344
W,330,0.6107577095944808,0.026733635774465327,12344
W,331,0.6107577095944808,0.026814646791963707,12344
W,332,0.6107577095944808,0.026895657809462088,12344
W,333,0.6107577095944808,0.026976668826960468,12344
W,334,0.6107577095944808,0.027057679844458848,12344
W,335,0.6107577095944808,0.027138690861957228,12344
W,336,0.6107577095944808,0.027219701879455604,12344
W,337,0.6107577095944808,0.027300712896953985,12344
W,338,0.6107577095944808,0.027381723914452365,12344
W,339,0.6107577095944808,0.027462734931950745,12344
W,340,0.6107577095944808,0.027543745949449125,12344
W,341,0.6107577095944808,0.027624756966947505,12344
W,342,0.6107577095944808,0.027705767984445885,12344
W,343,0.6107577095944808,0.027786779001944265,12344
W,344,0.6107577095944808,0.027867790019442645,12344
W,345,0.6107577095944808,0.027948801036941025,12344
W,346,0.6107577095944808,0.028029812054439402,12344
W,347,0.6174319209514767,0.028110823071937782,12344
W,348,0.6174319209514767,0.028191834089436162,12344
W,349,0.6174319209514767,0.028272845106934542,12344
W,350,0.6174319209514767,0.028353856124432922,12344
W,351,0.6174319209514767,0.028434867141931303,12344
W,352,0.6174319209514767,0.028515878159429683,12344
W,353,0.6174319209514767,0.028596889176928063,12344
W,354,0.6174319209514767,0.028677900194426443,12344
W,355,0.6174319209514767,0.028758911211924823,12344
W,356,0.6174319209514767,0.028839922229423203,12344
W,357,0.6174319209514767,0.02892093324692158,12344
W,358,0.6174319209514767,0.02900194426441996,12344
W,359,0.6174319209514767,0.02908295528191834,12344
W,360,0.6174319209514767,0.02916396629941672,12344
W,361,0.6174319209514767,0.0292449773169151,12344
W,362,0.6174319209514767,0.02932598833441348,12344
W,363,0.6174319209514767,0.02940699935191186,12344
W,364,0.6174319209514767,0.02948801036941024,12344
W,365,0.6174319209514767,0.02956902138690862,12344
W,366,0.6174319209514767,0.029650032404407,12344
W,367,0.6174319209514767,0.02973104342190538,12344
W,368,0.6174319209514767,0.029812054439403757,12344
W,369,0.6174319209514767,0.029893065456902138,12344
W,370,0.6205053098264798,0.029974076474400518,12344
W,371,0.6205053098264798,0.030055087491898898,12344
W,372,0.6205053098264798,0.030136098509397278,12344
W,373,0.6205053098264798,0.030217109526895658,12344
W,374,0.6205053098264798,0.030298120544394038,12344
W,375,0.6205053098264798,0.030379131561892418,12344
W,376,0.6205053098264798,0.0304601425793908,12344
W,377,0.6205053098264798,0.03054115359688918,12344
W,378,0.6205053098264798,0.030622164614387555,12344
W,379,0.6205053098264798,0.030703175631885935,12344
W,380,0.6205053098264798,0.030784186649384315,12344
W,381,0.6205053098264798,0.030865197666882695,12344
W,382,0.6205053098264798,0.030946208684381075,12344
W,383,0.6205053098264798,0.031027219701879456,12344
W,384,0.6205053098264798,0.031108230719377836,12344
W,385,0.6205053098264798,0.031189241736876216,12344
W,386,0.6205053098264798,0.031270252754374596,12344
W,387,0.6205053098264798,0.03135126377187297,12344
W,388,0.6205053098264798,0.031432274789371356,12344
W,389,0.6205053098264798,0.03151328580686973,12344
W,390,0.6205053098264798,0.031594296824368116,12344
W,391,0.6205053098264798,0.03167530784186649,12344
W,392,0.6205053098264798,0.031756318859364877,12344
W,393,0.6334232101834956,0.03183732987686325,12344
W,394,0.6334232101834956,0.03191834089436163,12344
W,395,0.6334232101834956,0.03199935191186001,12344
W,396,0.6334232101834956,0.03208036292935839,12344
W,397,0.6334232101834956,0.032161373946856774,12344
W,398,0.6334232101834956,0.03224238496435515,12344
W,399,0.6334232101834956,0.032323395981853534,12344
W,400,0.6334232101834956,0.03240440699935191,12344
W,401,0.6334232101834956,0.032485418016850294,12344
W,402,0.6334232101834956,0.03256642903434867,12344
W,403,0.6334232101834956,0.032647440051847054,12344
W,404,0.6334232101834956,0.03272845106934543,12344
W,405,0.6334232101834956,0.03280946208684381,12344
W,406,0.6334232101834956,0.03289047310434219,12344
W,407,0.6334232101834956,0.03297148412184057,12344
W,408,0.6334232101834956,0.03305249513933895,12344
W,409,0.6334232101834956,0.03313350615683733,12344
W,410,0.6334232101834956,0.03321451717433571,12344
W,411,0.649810187902176,0.03329552819183409,12344
W,412,0.649810187902176,0.03337653920933247,12344
W,413,0.649810187902176,0.03345755022683085,12344
W,414,0.649810187902176,0.03353856124432923,12344
W,415,0.649810187902176,0.03361957226182761,12344
W,416,0.649810187902176,0.033700583279325985,12344
W,417,0.649810187902176,0.03378159429682437,12344
W,418,0.649810187902176,0.033862605314322745,12344
W,419,0.649810187902176,0.03394361633182113,12344
W,420,0.6532217426293707,0.034024627349319506,12344
W,421,0.6532217426293707,0.03410563836681789,12344
W,422,0.6584715365838987,0.034186649384316266,12344
W,423,0.6584715365838987,0.03426766040181465,12344
W,424,0.6584715365838987,0.034348671419313026,12344
W,425,0.6584715365838987,0.03442968243681141,12344
W,426,0.6584715365838987,0.034510693454309786,12344
W,427,0.6584715365838987,0.03459170447180816,12344
W,428,0.6584715365838987,0.034672715489306546,12344
W,429,0.6584715365838987,0.03475372650680492,12344
W,430,0.6623388701806653,0.03483473752430331,12344
W,431,0.6623388701806653,0.03491574854180168,12344
W,432,0.6623388701806653,0.03499675955930007,12344
W,433,0.6623388701806653,0.035077770576798444,12344
W,434,0.6623388701806653,0.03515878159429683,12344
W,435,0.6623388701806653,0.035239792611795204,12344
W,436,0.6623388701806653,0.03532080362929359,12344
W,437,0.6623388701806653,0.035401814646791964,12344
W,438,0.6623388701806653,0.03548282566429034,12344
W,439,0.6623388701806653,0.035563836681788724,12344
W,440,0.6623388701806653,0.0356448476992871,12344
W,441,0.6623388701806653,0.035725858716785484,12344
W,442,0.6623388701806653,0.03580686973428386,12344
W,443,0.6623388701806653,0.035887880751782245,12344
W,444,0.6623388701806653,0.03596889176928062,12344
W,445,0.6623388701806653,0.036049902786779005,12344
W,446,0.6633647438557321,0.03613091380427738,12344
W,447,0.6695727218814188,0.03621192482177576,12344
W,448,0.6695727218814188,0.03629293583927414,12344
W,449,0.6695727218814188,0.03637394685677252,12344
W,450,0.6695727218814188,0.0364549578742709,12344
W,451,0.6695727218814188,0.03653596889176928,12344
W,452,0.6695727218814188,0.03661697990926766,12344
W,453,0.6695727218814188,0.03669799092676604,12344
W,454,0.6695727218814188,0.03677900194426442,12344
W,455,0.6695727218814188,0.0368600129617628,12344
W,456,0.6695727218814188,0.03694102397926118,12344
W,457,0.6695727218814188,0.03702203499675956,12344
W,458,0.6695727218814188,0.037103046014257936,12344
W,459,0.6695727218814188,0.03718405703175632,12344
W,460,0.6695727218814188,0.037265068049254696,12344
W,461,0.6695727218814188,0.03734607906675308,12344
W,462,0.6695727218814188,0.037427090084251456,12344
W,463,0.6695727218814188,0.03750810110174984,12344
W,464,0.6695727218814188,0.037589112119248216,12344
W,465,0.6695727218814188,0.0376701231367466,12344
W,466,0.6695727218814188,0.03775113415424498,12344
W,467,0.6695727218814188,0.03783214517174336,12344
W,468,0.6695727218814188,0.03791315618924174,12344
W,469,0.6695727218814188,0.03799416720674011,12344
W,470,0.6695727218814188,0.0380751782242385,12344
W,471,0.6695727218814188,0.038156189241736874,12344
W,472,0.6751380204877073,0.03823720025923526,12344
W,473,0.6751380204877073,0.038318211276733634,12344
W,474,0.6751380204877073,0.03839922229423202,12344
W,475,0.6751380204877073,0.038480233311730394,12344
W,476,0.6751380204877073,0.03856124432922878,12344
W,477,0.6751380204877073,0.038642255346727154,12344
W,478,0.6751380204877073,0.03872326636422554,12344
W,479,0.6751380204877073,0.038804277381723914,12344
W,480,0.6751380204877073,0.03888528839922229,12344
W,481,0.6751380204877073,0.038966299416720675,12344
W,482,0.6751380204877073,0.03904731043421905,12344
W,483,0.6751380204877073,0.039128321451717435,12344
W,484,0.6751380204877073,0.03920933246921581,12344
W,485,0.6751380204877073,0.039290343486714195,12344
W,486,0.6751380204877073,0.03937135450421257,12344
W,487,0.6751380204877073,0.039452365521710955,12344
W,488,0.6751380204877073,0.03953337653920933,12344
W,489,0.6812131543221974,0.039614387556707716,12344
W,490,0.6812131543221974,0.03969539857420609,12344
W,491,0.6812131543221974,0.03977640959170447,12344
W,492,0.6812131543221974,0.03985742060920285,12344
W,493,0.6812131543221974,0.03993843162670123,12344
W,494,0.6812131543221974,0.04001944264419961,12344
W,495,0.6812131543221974,0.04010045366169799,12344
W,496,0.6812131543221974,0.04018146467919637,12344
W,497,0.6812131543221974,0.04026247569669475,12344
W,498,0.6812131543221974,0.04034348671419313,12344
W,499,0.6814143054575673,0.04042449773169151,12344
W,500,0.6814143054575673,0.04050550874918989,12344
W,501,0.6864798723677363,0.04058651976668827,12344
W,502,0.6864798723677363,0.040667530784186647,12344
W,503,0.6864798723677363,0.04074854180168503,12344
W,504,0.6864798723677363,0.04082955281918341,12344
W,505,0.6864798723677363,0.04091056383668179,12344
W,506,0.6864798723677363,0.04099157485418017,12344
W,507,0.6864798723677363,0.04107258587167855,12344
W,508,0.6864798723677363,0.04115359688917693,12344
W,509,0.6864798723677363,0.04123460790667531,12344
W,510,0.6864798723677363,0.04131561892417369,12344
W,511,0.6864798723677363,0.041396629941672064,12344
W,512,0.6864798723677363,0.04147764095917045,12344
W,513,0.6864798723677363,0.041558651976668824,12344
W,514,0.6864798723677363,0.04163966299416721,12344
W,515,0.6864798723677363,0.041720674011665584,12344
W,516,0.6864798723677363,0.04180168502916397,12344
W,517,0.6864798723677363,0.041882696046662345,12344
W,518,0.7023783433582186,0.04196370706416073,12344
W,519,0.7170721602992848,0.042044718081659105,12344
W,520,0.7172075297765873,0.04212572909915749,12344
W,521,0.7199424914267497,0.042206740116655865,12344
W,522,0.7233655296546324,0.04228775113415424,12344
W,523,0.7233655296546324,0.042368762151652625,12344
W,524,0.7233655296546324,0.042449773169151,12344
W,525,0.7233655296546324,0.042530784186649385,12344
W,526,0.7233655296546324,0.04261179520414776,12344
W,527,0.7233655296546324,0.042692806221646146,12344
W,528,0.7233655296546324,0.04277381723914452,12344
W,529,0.7233655296546324,0.042854828256642906,12344
W,530,0.7233655296546324,0.04293583927414128,12344
W,531,0.7233655296546324,0.043016850291639666,12344
W,532,0.7233655296546324,0.04309786130913804,12344
W,533,0.7233655296546324,0.04317887232663642,12344
W,534,0.7233655296546324,0.0432598833441348,12344
W,535,0.7233655296546324,0.04334089436163318,12344
W,536,0.7233655296546324,0.04342190537913156,12344
W,537,0.7262906726822679,0.04350291639662994,12344
W,538,0.7262906726822679,0.04358392741412832,12344
W,539,0.7262906726822679,0.0436649384316267,12344
W,540,0.7262906726822679,0.043745949449125084,12344
W,541,0.7262906726822679,0.04382696046662346,12344
W,542,0.7262906726822679,0.043907971484121844,12344
W,543,0.7262906726822679,0.04398898250162022,12344
W,544,0.7262906726822679,0.0440699935191186,12344
W,545,0.7262906726822679,0.04415100453661698,12344
W,546,0.7262906726822679,0.04423201555411536,12344
W,547,0.7262906726822679,0.04431302657161374,12344
W,548,0.731280686597544,0.04439403758911212,12344
W,549,0.7358844108298584,0.0444750486066105,12344
W,550,0.7403111685290213,0.04455605962410888,12344
W,551,0.7403111685290213,0.04463707064160726,12344
W,552,0.7403111685290213,0.04471808165910564,12344
W,553,0.7403111685290213,0.04479909267660402,12344
W,554,0.7403111685290213,0.0448801036941024,12344
W,555,0.7403111685290213,0.044961114711600775,12344
W,556,0.7403111685290213,0.04504212572909916,12344
W,557,0.7403111685290213,0.045123136746597535,12344
W,558,0.7403111685290213,0.04520414776409592,12344
W,559,0.7403111685290213,0.045285158781594295,12344
W,560,0.7403111685290213,0.04536616979909268,12344
W,561,0.7476788169355845,0.045447180816591055,12344
W,562,0.7476788169355845,0.04552819183408944,12344
W,563,0.7476788169355845,0.045609202851587816,12344
W,564,0.7565088149049359,0.04569021386908619,12344
W,565,0.7659710768714169,0.045771224886584576,12344
W,566,0.7659710768714169,0.04585223590408295,12344
W,567,0.7659710768714169,0.045933246921581336,12344
W,568,0.7659710768714169,0.04601425793907971,12344
W,569,0.7659710768714169,0.046095268956578096,12344
W,570,0.7662239871186095,0.04617627997407647,12344
W,571,0.7662239871186095,0.046257290991574856,12344
W,572,0.7662239871186095,0.04633830200907323,12344
W,573,0.7662239871186095,0.04641931302657162,12344
W,574,0.7662239871186095,0.04650032404406999,12344
W,575,0.7662239871186095,0.04658133506156837,12344
W,576,0.7662239871186095,0.046662346079066754,12344
W,577,0.7666099650144512,0.04674335709656513,12344
W,578,0.7666099650144512,0.046824368114063514,12344
W,579,0.7666099650144512,0.04690537913156189,12344
W,580,0.7666099650144512,0.046986390149060274,12344
W,581,0.7666099650144512,0.04706740116655865,12344
W,582,0.7666099650144512,0.047148412184057034,12344
W,583,0.7666099650144512,0.04722942320155541,12344
W,584,0.7666099650144512,0.047310434219053794,12344
W,585,0.7666099650144512,0.04739144523655217,12344
W,586,0.7666099650144512,0.04747245625405055,12344
W,587,0.7666099650144512,0.04755346727154893,12344
W,588,0.7666099650144512,0.04763447828904731,12344
W,589,0.7666099650144512,0.04771548930654569,12344
W,590,0.7666099650144512,0.04779650032404407,12344
W,591,0.7666099650144512,0.04787751134154245,12344
W,592,0.7666099650144512,0.04795852235904083,12344
W,593,0.7666099650144512,0.04803953337653921,12344
W,594,0.7666099650144512,0.04812054439403759,12344
W,595,0.7666099650144512,0.04820155541153597,12344
W,596,0.7666099650144512,0.04828256642903435,12344
W,597,0.7666099650144512,0.048363577446532725,12344
W,598,0.7666099650144512,0.04844458846403111,12344
W,599,0.7666099650144512,0.048525599481529486,12344
W,600,0.7666099650144512,0.04860661049902787,12344
W,601,0.7666099650144512,0.048687621516526246,12344
W,602,0.7666099650144512,0.04876863253402463,12344
W,603,0.7666099650144512,0.048849643551523006,12344
W,604,0.7678828611804636,0.04893065456902139,12344
W,605,0.7701744596430167,0.049011665586519766,12344
W,606,0.7701744596430167,0.04909267660401815,12344
W,607,0.7701744596430167,0.049173687621516526,12344
W,608,0.7701744596430167,0.0492546986390149,12344
W,609,0.7701744596430167,0.04933570965651329,12344
W,610,0.7786978405025504,0.04941672067401166,12344
W,611,0.7786978405025504,0.04949773169151005,12344
W,612,0.7786978405025504,0.04957874270900842,12344
W,613,0.7786978405025504,0.04965975372650681,12344
W,614,0.7786978405025504,0.049740764744005184,12344
W,615,0.7786978405025504,0.04982177576150357,12344
W,616,0.7786978405025504,0.049902786779001944,12344
W,617,0.7786978405025504,0.04998379779650033,12344
W,618,0.7799381548260698,0.050064808813998704,12344
W,619,0.7799381548260698,0.05014581983149708,12344
W,620,0.7799381548260698,0.050226830848995464,12344
W,621,0.7799381548260698,0.05030784186649384,12344
W,622,0.7799381548260698,0.050388852883992225,12344
W,623,0.7799381548260698,0.0504698639014906,12344
W,624,0.7799381548260698,0.050550874918988985,12344
W,625,0.7799381548260698,0.05063188593648736,12344
W,626,0.7799381548260698,0.050712896953985745,12344
W,627,0.7799381548260698,0.05079390797148412,12344
W,628,0.7799381548260698,0.0508749189889825,12344
W,629,0.7799381548260698,0.05095593000648088,12344
W,630,0.7937080780716507,0.05103694102397926,12344
W,631,0.7937080780716507,0.05111795204147764,12344
W,632,0.7937080780716507,0.05119896305897602,12344
W,633,0.7937080780716507,0.0512799740764744,12344
W,634,0.7937080780716507,0.05136098509397278,12344
W,635,0.7937080780716507,0.05144199611147116,12344
W,636,0.8057404498706654,0.05152300712896954,12344
W,637,0.8057404498706654,0.05160401814646792,12344
W,638,0.8057404498706654,0.0516850291639663,12344
W,639,0.8057404498706654,0.051766040181464676,12344
W,640,0.8057404498706654,0.05184705119896306,12344
W,641,0.8057404498706654,0.051928062216461436,12344
W,642,0.8057404498706654,0.05200907323395982,12344
W,643,0.8057404498706654,0.052090084251458196,12344
W,644,0.8057404498706654,0.05217109526895658,12344
W,645,0.8057404498706654,0.052252106286454957,12344
W,646,0.8057404498706654,0.05233311730395334,12344
W,647,0.8057404498706654,0.05241412832145172,12344
W,648,0.8057404498706654,0.0524951393389501,12344
W,649,0.8057404498706654,0.05257615035644848,12344
W,650,0.8057404498706654,0.052657161373946854,12344
W,651,0.8057404498706654,0.05273817239144524,12344
W,652,0.8057404498706654,0.052819183408943614,12344
W,653,0.8057404498706654,0.052900194426442,12344
W,654,0.8057404498706654,0.052981205443940374,12344
W,655,0.8057404498706654,0.05306221646143876,12344
W,656,0.8057404498706654,0.053143227478937134,12344
W,657,0.8057404498706654,0.05322423849643552,12344
W,658,0.8057404498706654,0.053305249513933894,12344
W,659,0.8073283961255343,0.05338626053143228,12344
W,660,0.810254959303233,0.053467271548930655,12344
W,661,0.810254959303233,0.05354828256642903,12344
W,662,0.810254959303233,0.053629293583927415,12344
W,663,0.8124785667523768,0.05371030460142579,12344
W,664,0.8124785667523768,0.053791315618924175,12344
W,665,0.8124785667523768,0.05387232663642255,12344
W,666,0.8124785667523768,0.053953337653920935,12344
W,667,0.8124785667523768,0.05403434867141931,12344
W,668,0.8124785667523768,0.054115359688917695,12344
W,669,0.8124785667523768,0.05419637070641607,12344
W,670,0.8124785667523768,0.054277381723914456,12344
W,671,0.8124785667523768,0.05435839274141283,12344
W,672,0.8124785667523768,0.05443940375891121,12344
W,673,0.8124785667523768,0.05452041477640959,12344
W,674,0.8124785667523768,0.05460142579390797,12344
W,675,0.8124785667523768,0.05468243681140635,12344
W,676,0.8124785667523768,0.05476344782890473,12344
W,677,0.8124785667523768,0.05484445884640311,12344
W,678,0.8124785667523768,0.05492546986390149,12344
W,679,0.8124785667523768,0.05500648088139987,12344
W,680,0.8124785667523768,0.05508749189889825,12344
W,681,0.8150543021274941,0.05516850291639663,12344
W,682,0.8150543021274941,0.05524951393389501,12344
W,683,0.8150543021274941,0.05533052495139339,12344
W,684,0.8196403893047487,0.05541153596889177,12344
W,685,0.8196403893047487,0.05549254698639015,12344
W,686,0.8196403893047487,0.05557355800388853,12344
W,687,0.8246821383011396,0.05565456902138691,12344
W,688,0.8278341346754413,0.05573558003888529,12344
W,689,0.834108632529784,0.05581659105638367,12344
W,690,0.834108632529784,0.05589760207388205,12344
W,691,0.834108632529784,0.05597861309138043,12344
W,692,0.834108632529784,0.056059624108878804,12344
W,693,0.834108632529784,0.05614063512637719,12344
W,694,0.834108632529784,0.056221646143875564,12344
W,695,0.8350591122782475,0.05630265716137395,12344
W,696,0.8350591122782475,0.056383668178872325,12344
W,697,0.8350591122782475,0.05646467919637071,12344
W,698,0.8350591122782475,0.056545690213869085,12344
W,699,0.8350591122782475,0.05662670123136747,12344
W,700,0.8350591122782475,0.056707712248865845,12344
W,701,0.8350591122782475,0.05678872326636423,12344
W,702,0.8350591122782475,0.056869734283862605,12344
W,703,0.8350591122782475,0.05695074530136098,12344
W,704,0.8350591122782475,0.057031756318859365,12344
W,705,0.8350591122782475,0.05711276733635774,12344
W,706,0.8350591122782475,0.057193778353856126,12344
W,707,0.8350591122782475,0.0572747893713545,12344
W,708,0.8350591122782475,0.057355800388852886,12344
W,709,0.8350591122782475,0.05743681140635126,12344
W,710,0.8350591122782475,0.057517822423849646,12344
W,711,0.8350591122782475,0.05759883344134802,12344
W,712,0.8350591122782475,0.057679844458846406,12344
W,713,0.8350591122782475,0.05776085547634478,12344
W,714,0.8350591122782475,0.05784186649384316,12344
W,715,0.8350591122782475,0.05792287751134154,12344
W,716,0.839433403201297,0.05800388852883992,12344
W,717,0.839433403201297,0.0580848995463383,12344
W,718,0.839433403201297,0.05816591056383668,12344
W,719,0.839433403201297,0.058246921581335064,12344
W,720,0.839433403201297,0.05832793259883344,12344
W,721,0.839433403201297,0.058408943616331824,12344
W,722,0.839433403201297,0.0584899546338302,12344
W,723,0.839433403201297,0.058570965651328584,12344
W,724,0.839433403201297,0.05865197666882696,12344
W,725,0.839433403201297,0.05873298768632534,12344
W,726,0.839433403201297,0.05881399870382372,12344
W,727,0.839433403201297,0.0588950097213221,12344
W,728,0.839433403201297,0.05897602073882048,12344
W,729,0.839433403201297,0.05905703175631886,12344
W,730,0.839433403201297,0.05913804277381724,12344
W,731,0.839433403201297,0.05921905379131562,12344
W,732,0.839433403201297,0.059300064808814,12344
W,733,0.839433403201297,0.05938107582631238,12344
W,734,0.839433403201297,0.05946208684381076,12344
W,735,0.839433403201297,0.05954309786130914,12344
W,736,0.839433403201297,0.059624108878807515,12344
W,737,0.839433403201297,0.0597051198963059,12344
W,738,0.839433403201297,0.059786130913804275,12344
W,739,0.839433403201297,0.05986714193130266,12344
W,740,0.839433403201297,0.059948152948801035,12344
W,741,0.8487601323356495,0.06002916396629942,12344
W,742,0.8487601323356495,0.060110174983797796,12344
W,743,0.8487601323356495,0.06019118600129618,12344
W,744,0.8487601323356495,0.060272197018794556,12344
W,745,0.8487601323356495,0.06035320803629293,12344
W,746,0.8487601323356495,0.060434219053791316,12344
W,747,0.8487601323356495,0.06051523007128969,12344
W,748,0.8487601323356495,0.060596241088788076,12344
W,749,0.8487601323356495,0.06067725210628645,12344
W,750,0.8487601323356495,0.060758263123784836,12344
W,751,0.8487601323356495,0.06083927414128321,12344
W,752,0.8540770876243338,0.0609202851587816,12344
W,753,0.8561911287145971,0.06100129617627997,12344
W,754,0.8685125467592865,0.06108230719377836,12344
W,755,0.8685125467592865,0.06116331821127673,12344
W,756,0.8685125467592865,0.06124432922877511,12344
W,757,0.8685125467592865,0.061325340246273494,12344
W,758,0.8685125467592865,0.06140635126377187,12344
W,759,0.8685125467592865,0.061487362281270254,12344
W,760,0.8685125467592865,0.06156837329876863,12344
W,761,0.8685125467592865,0.061649384316267014,12344
W,762,0.8685125467592865,0.06173039533376539,12344
W,763,0.8730190088380855,0.061811406351263774,12344
W,764,0.8811956179103446,0.06189241736876215,12344
W,765,0.8811956179103446,0.061973428386260535,12344
W,766,0.8811956179103446,0.06205443940375891,12344
W,767,0.8811956179103446,0.06213545042125729,12344
W,768,0.8811956179103446,0.06221646143875567,12344
W,769,0.8811956179103446,0.06229747245625405,12344
W,770,0.8825456841964056,0.06237848347375243,12344
W,771,0.8911336755238829,0.06245949449125081,12344
W,772,0.8930480184527988,0.06254050550874919,12344
W,773,0.8930480184527988,0.06262151652624758,12344
W,774,0.8930480184527988,0.06270252754374595,12344
W,775,0.8930480184527988,0.06278353856124433,12344
W,776,0.8930480184527988,0.06286454957874271,12344
W,777,0.896108685747782,0.06294556059624108,12344
W,778,0.896108685747782,0.06302657161373947,12344
W,779,0.9059594332077933,0.06310758263123785,12344
W,780,0.9059594332077933,0.06318859364873623,12344
W,781,0.9169842749923359,0.0632696046662346,12344
W,782,0.9169842749923359,0.06335061568373299,12344
W,783,0.9169842749923359,0.06343162670123137,12344
W,784,0.9169842749923359,0.06351263771872975,12344
W,785,0.9196603989752579,0.06359364873622812,12344
W,786,0.9196613920781401,0.0636746597537265,12344
W,787,0.9196613920781401,0.06375567077122489,12344
W,788,0.9196613920781401,0.06383668178872326,12344
W,789,0.9196613920781401,0.06391769280622164,12344
W,790,0.9196613920781401,0.06399870382372003,12344
W,791,0.9196613920781401,0.06407971484121841,12344
W,792,0.9196613920781401,0.06416072585871678,12344
W,793,0.9200376376466062,0.06424173687621516,12344
W,794,0.9200376376466062,0.06432274789371355,12344
W,795,0.9200376376466062,0.06440375891121193,12344
W,796,0.9200376376466062,0.0644847699287103,12344
W,797,0.9200376376466062,0.06456578094620868,12344
W,798,0.9200376376466062,0.06464679196370707,12344
W,799,0.9200376376466062,0.06472780298120544,12344
W,800,0.9200376376466062,0.06480881399870382,12344
W,801,0.9200376376466062,0.0648898250162022,12344
W,802,0.9200376376466062,0.06497083603370059,12344
W,803,0.9200376376466062,0.06505184705119896,12344
W,804,0.9200376376466062,0.06513285806869734,12344
W,805,0.9200376376466062,0.06521386908619572,12344
W,806,0.9200376376466062,0.06529488010369411,12344
W,807,0.9200376376466062,0.06537589112119248,12344
W,808,0.9200376376466062,0.06545690213869086,12344
W,809,0.9200376376466062,0.06553791315618925,12344
W,810,0.9200376376466062,0.06561892417368761,12344
W,811,0.9200376376466062,0.065699935191186,12344
W,812,0.9200376376466062,0.06578094620868438,12344
W,813,0.9200376376466062,0.06586195722618277,12344
W,814,0.9200376376466062,0.06594296824368114,12344
W,815,0.9200376376466062,0.06602397926117952,12344
W,816,0.9200376376466062,0.0661049902786779,12344
W,817,0.9200376376466062,0.06618600129617629,12344
W,818,0.9200376376466062,0.06626701231367466,12344
W,819,0.9200376376466062,0.06634802333117304,12344
W,820,0.9200376376466062,0.06642903434867142,12344
W,821,0.9200376376466062,0.06651004536616979,12344
W,822,0.9200376376466062,0.06659105638366818,12344
W,823,0.9200376376466062,0.06667206740116656,12344
W,824,0.9238444688616626,0.06675307841866494,12344
W,825,0.9238444688616626,0.06683408943616331,12344
W,826,0.9238444688616626,0.0669151004536617,12344
W,827,0.9238444688616626,0.06699611147116008,12344
W,828,0.9255024388240363,0.06707712248865846,12344
W,829,0.9255024388240363,0.06715813350615683,12344
W,830,0.9255024388240363,0.06723914452365522,12344
W,831,0.9255024388240363,0.0673201555411536,12344
W,832,0.9255024388240363,0.06740116655865197,12344
W,833,0.9255024388240363,0.06748217757615035,12344
W,834,0.9255024388240363,0.06756318859364874,12344
W,835,0.9255024388240363,0.06764419961114712,12344
W,836,0.9255024388240363,0.06772521062864549,12344
W,837,0.9255024388240363,0.06780622164614387,12344
W,838,0.9255024388240363,0.06788723266364226,12344
W,839,0.9255024388240363,0.06796824368114064,12344
W,840,0.9255024388240363,0.06804925469863901,12344
W,841,0.9255024388240363,0.0681302657161374,12344
W,842,0.9255024388240363,0.06821127673363578,12344
W,843,0.9255024388240363,0.06829228775113415,12344
W,844,0.9255024388240363,0.06837329876863253,12344
W,845,0.9255024388240363,0.06845430978613092,12344
W,846,0.9255024388240363,0.0685353208036293,12344
W,847,0.9255024388240363,0.06861633182112767,12344
W,848,0.9255024388240363,0.06869734283862605,12344
W,849,0.9255024388240363,0.06877835385612444,12344
W,850,0.9255024388240363,0.06885936487362282,12344
W,851,0.9255024388240363,0.06894037589112119,12344
W,852,0.9255024388240363,0.06902138690861957,12344
W,853,0.9255024388240363,0.06910239792611796,12344
W,854,0.9255024388240363,0.06918340894361633,12344
W,855,0.9260903889999667,0.06926441996111471,12344
W,856,0.9291300253315697,0.06934543097861309,12344
W,857,0.9291300253315697,0.06942644199611148,12344
W,858,0.9291300253315697,0.06950745301360985,12344
W,859,0.9291300253315697,0.06958846403110823,12344
W,860,0.9291300253315697,0.06966947504860661,12344
W,861,0.9291300253315697,0.069750486066105,12344
W,862,0.9291300253315697,0.06983149708360337,12344
W,863,0.9291300253315697,0.06991250810110175,12344
W,864,0.9291300253315697,0.06999351911860013,12344
W,865,0.9465092242802028,0.0700745301360985,12344
W,866,0.9465092242802028,0.07015554115359689,12344
W,867,0.9493916508609609,0.07023655217109527,12344
W,868,0.9493916508609609,0.07031756318859365,12344
W,869,0.9493916508609609,0.07039857420609202,12344
W,870,0.9493916508609609,0.07047958522359041,12344
W,871,0.9493916508609609,0.07056059624108879,12344
W,872,0.9493916508609609,0.07064160725858717,12344
W,873,0.9493916508609609,0.07072261827608554,12344
W,874,0.9493916508609609,0.07080362929358393,12344
W,875,0.9493916508609609,0.07088464031108231,12344
W,876,0.9493916508609609,0.07096565132858068,12344
W,877,0.9493916508609609,0.07104666234607906,12344
W,878,0.9493916508609609,0.07112767336357745,12344
W,879,0.9493916508609609,0.07120868438107583,12344
W,880,0.9493916508609609,0.0712896953985742,12344
W,881,0.9502030747272766,0.07137070641607259,12344
W,882,0.9502030747272766,0.07145171743357097,12344
W,883,0.9562146347578906,0.07153272845106935,12344
W,884,0.9622669674221767,0.07161373946856772,12344
W,885,0.9622669674221767,0.0716947504860661,12344
W,886,0.9622669674221767,0.07177576150356449,12344
W,887,0.9622669674221767,0.07185677252106286,12344
W,888,0.9622669674221767,0.07193778353856124,12344
W,889,0.9622669674221767,0.07201879455605963,12344
W,890,0.9622669674221767,0.07209980557355801,12344
W,891,0.9622669674221767,0.07218081659105638,12344
W,892,0.9622669674221767,0.07226182760855476,12344
W,893,0.9622669674221767,0.07234283862605315,12344
W,894,0.9622669674221767,0.07242384964355152,12344
W,895,0.9622669674221767,0.0725048606610499,12344
W,896,0.9622669674221767,0.07258587167854828,12344
W,897,0.9622669674221767,0.07266688269604667,12344
W,898,0.9622669674221767,0.07274789371354504,12344
W,899,0.9622669674221767,0.07282890473104342,12344
W,900,0.9622669674221767,0.0729099157485418,12344
W,901,0.9622669674221767,0.07299092676604019,12344
W,902,0.9622669674221767,0.07307193778353856,12344
W,903,0.9622669674221767,0.07315294880103694,12344
W,904,0.9622669674221767,0.07323395981853532,12344
W,905,0.9622669674221767,0.0733149708360337,12344
W,906,0.9703776418782183,0.07339598185353208,12344
W,907,0.9703776418782183,0.07347699287103046,12344
W,908,0.9703776418782183,0.07355800388852884,12344
W,909,0.9703776418782183,0.07363901490602721,12344
W,910,0.9703776418782183,0.0737200259235256,12344
W,911,0.9703776418782183,0.07380103694102398,12344
W,912,0.9703776418782183,0.07388204795852236,12344
W,913,0.9703776418782183,0.07396305897602073,12344
W,914,0.9703776418782183,0.07404406999351912,12344
W,915,0.9703776418782183,0.0741250810110175,12344
W,916,0.9703776418782183,0.07420609202851587,12344
W,917,0.9703776418782183,0.07428710304601426,12344
W,918,0.9703776418782183,0.07436811406351264,12344
W,919,0.9703776418782183,0.07444912508101102,12344
W,920,0.9703776418782183,0.07453013609850939,12344
W,921,0.9703776418782183,0.07461114711600778,12344
W,922,0.9703776418782183,0.07469215813350616,12344
W,923,0.9703776418782183,0.07477316915100454,12344
W,924,0.9703776418782183,0.07485418016850291,12344
W,925,0.9705718070658895,0.0749351911860013,12344
W,926,0.9705718070658895,0.07501620220349968,12344
W,927,0.9705718070658895,0.07509721322099805,12344
W,928,0.9705718070658895,0.07517822423849643,12344
W,929,0.9705718070658895,0.07525923525599482,12344
W,930,0.9705718070658895,0.0753402462734932,12344
W,931,0.9705718070658895,0.07542125729099157,12344
W,932,0.9705718070658895,0.07550226830848995,12344
W,933,0.9705718070658895,0.07558327932598834,12344
W,934,0.973181936626757,0.07566429034348672,12344
W,935,0.973181936626757,0.07574530136098509,12344
W,936,0.973181936626757,0.07582631237848347,12344
W,937,0.973181936626757,0.07590732339598186,12344
W,938,0.973181936626757,0.07598833441348023,12344
W,939,0.973181936626757,0.07606934543097861,12344
W,940,0.973181936626757,0.076150356448477,12344
W,941,0.973181936626757,0.07623136746597538,12344
W,942,0.973181936626757,0.07631237848347375,12344
W,943,0.973181936626757,0.07639338950097213,12344
W,944,0.9871254097841822,0.07647440051847051,12344
W,945,0.9871254097841822,0.0765554115359689,12344
W,946,0.9871254097841822,0.07663642255346727,12344
W,947,0.9871254097841822,0.07671743357096565,12344
W,948,0.9871254097841822,0.07679844458846403,12344
W,949,0.9871254097841822,0.0768794556059624,12344
W,950,0.9871254097841822,0.07696046662346079,12344
W,951,0.9871254097841822,0.07704147764095917,12344
W,952,0.9871254097841822,0.07712248865845756,12344
W,953,0.9871254097841822,0.07720349967595592,12344
W,954,0.987816075262637,0.07728451069345431,12344
W,955,0.9896331483513225,0.07736552171095269,12344
W,956,0.9901137104076189,0.07744653272845108,12344
W,957,0.9901137104076189,0.07752754374594945,12344
W,958,0.9969366010706496,0.07760855476344783,12344
W,959,1.0060110819902197,0.07768956578094621,12344
W,960,1.0060110819902197,0.07777057679844458,12344
W,961,1.0060110819902197,0.07785158781594297,12344
W,962,1.0060110819902197,0.07793259883344135,12344
W,963,1.0060110819902197,0.07801360985093973,12344
W,964,1.0060110819902197,0.0780946208684381,12344
W,965,1.0060110819902197,0.07817563188593649,12344
W,966,1.0060110819902197,0.07825664290343487,12344
W,967,1.0060110819902197,0.07833765392093325,12344
W,968,1.0060110819902197,0.07841866493843162,12344
W,969,1.0060110819902197,0.07849967595593,12344
W,970,1.0060110819902197,0.07858068697342839,12344
W,971,1.0061941112461967,0.07866169799092676,12344
W,972,1.0103580124367884,0.07874270900842514,12344
W,973,1.0103580124367884,0.07882372002592353,12344
W,974,1.0115987321974305,0.07890473104342191,12344
W,975,1.0115987321974305,0.07898574206092028,12344
W,976,1.0115987321974305,0.07906675307841866,12344
W,977,1.0115987321974305,0.07914776409591705,12344
W,978,1.0115987321974305,0.07922877511341543,12344
W,979,1.0115987321974305,0.0793097861309138,12344
W,980,1.0115987321974305,0.07939079714841218,12344
W,981,1.0115987321974305,0.07947180816591057,12344
W,982,1.0115987321974305,0.07955281918340894,12344
W,983,1.0115987321974305,0.07963383020090732,12344
W,984,1.0115987321974305,0.0797148412184057,12344
W,985,1.0115987321974305,0.07979585223590409,12344
W,986,1.0115987321974305,0.07987686325340246,12344
W,987,1.0115987321974305,0.07995787427090084,12344
W,988,1.0115987321974305,0.08003888528839923,12344
W,989,1.0115987321974305,0.08011989630589761,12344
W,990,1.0115987321974305,0.08020090732339598,12344
W,991,1.0115987321974305,0.08028191834089436,12344
W,992,1.0115987321974305,0.08036292935839275,12344
W,993,1.0115987321974305,0.08044394037589112,12344
W,994,1.0115987321974305,0.0805249513933895,12344
W,995,1.0115987321974305,0.08060596241088788,12344
W,996,1.0115987321974305,0.08068697342838627,12344
W,997,1.0166448438173608,0.08076798444588464,12344
W,998,1.0166448438173608,0.08084899546338302,12344
W,999,1.0166448438173608,0.0809300064808814,12344
W,1000,1.0166448438173608,0.08101101749837979,12344
W,1001,1.0166448438173608,0.08109202851587816,12344
W,1002,1.0166448438173608,0.08117303953337654,12344
W,1003,1.0166448438173608,0.08125405055087492,12344
W,1004,1.0166448438173608,0.08133506156837329,12344
W,1005,1.0166448438173608,0.08141607258587168,12344
W,1006,1.0166448438173608,0.08149708360337006,12344
W,1007,1.0166448438173608,0.08157809462086844,12344
W,1008,1.0166448438173608,0.08165910563836681,12344
W,1009,1.0166448438173608,0.0817401166558652,12344
W,1010,1.0166448438173608,0.08182112767336358,12344
W,1011,1.0166448438173608,0.08190213869086195,12344
W,1012,1.0166448438173608,0.08198314970836033,12344
W,1013,1.0166448438173608,0.08206416072585872,12344
W,1014,1.0166448438173608,0.0821451717433571,12344
W,1015,1.0166448438173608,0.08222618276085547,12344
W,1016,1.0166448438173608,0.08230719377835385,12344
W,1017,1.0211046041493241,0.08238820479585224,12344
W,1018,1.0230251330354334,0.08246921581335062,12344
W,1019,1.0230251330354334,0.08255022683084899,12344
W,1020,1.0238203808957884,0.08263123784834737,12344
W,1021,1.0238203808957884,0.08271224886584576,12344
W,1022,1.0267283789510788,0.08279325988334413,12344
W,1023,1.0351655508618152,0.08287427090084251,12344
W,1024,1.0351655508618152,0.0829552819183409,12344
W,1025,1.0351655508618152,0.08303629293583928,12344
W,1026,1.0351655508618152,0.08311730395333765,12344
W,1027,1.0351655508618152,0.08319831497083603,12344
W,1028,1.0351655508618152,0.08327932598833442,12344
W,1029,1.0351655508618152,0.0833603370058328,12344
W,1030,1.0351655508618152,0.08344134802333117,12344
W,1031,1.0351655508618152,0.08352235904082955,12344
W,1032,1.0351655508618152,0.08360337005832794,12344
W,1033,1.0351655508618152,0.0836843810758263,12344
W,1034,1.0351655508618152,0.08376539209332469,12344
W,1035,1.0351655508618152,0.08384640311082307,12344
W,1036,1.0351655508618152,0.08392741412832146,12344
W,1037,1.0361109233179135,0.08400842514581983,12344
W,1038,1.0361109233179135,0.08408943616331821,12344
W,1039,1.0452968299982606,0.0841704471808166,12344
W,1040,1.0456400310484621,0.08425145819831498,12344
W,1041,1.0461448456697011,0.08433246921581335,12344
W,1042,1.0461448456697011,0.08441348023331173,12344
W,1043,1.0461448456697011,0.08449449125081011,12344
W,1044,1.0461448456697011,0.08457550226830848,12344
W,1045,1.0461448456697011,0.08465651328580687,12344
W,1046,1.0461448456697011,0.08473752430330525,12344
W,1047,1.0461448456697011,0.08481853532080363,12344
W,1048,1.0461448456697011,0.084899546338302,12344
W,1049,1.0461448456697011,0.08498055735580039,12344
W,1050,1.0461448456697011,0.08506156837329877,12344
W,1051,1.0461448456697011,0.08514257939079715,12344
W,1052,1.0461448456697011,0.08522359040829552,12344
W,1053,1.0461448456697011,0.08530460142579391,12344
W,1054,1.0461448456697011,0.08538561244329229,12344
W,1055,1.0461448456697011,0.08546662346079066,12344
W,1056,1.0461448456697011,0.08554763447828904,12344
W,1057,1.0461448456697011,0.08562864549578743,12344
W,1058,1.0461448456697011,0.08570965651328581,12344
W,1059,1.0479562933351154,0.08579066753078418,12344
W,1060,1.0479562933351154,0.08587167854828257,12344
W,1061,1.0479562933351154,0.08595268956578095,12344
W,1062,1.0479562933351154,0.08603370058327933,12344
W,1063,1.0491905776124049,0.0861147116007777,12344
W,1064,1.0491905776124049,0.08619572261827609,12344
W,1065,1.0491905776124049,0.08627673363577447,12344
W,1066,1.0491905776124049,0.08635774465327284,12344
W,1067,1.0491905776124049,0.08643875567077122,12344
W,1068,1.0491905776124049,0.0865197666882696,12344
W,1069,1.0491905776124049,0.08660077770576799,12344
W,1070,1.0491905776124049,0.08668178872326636,12344
W,1071,1.050569735396731,0.08676279974076474,12344
W,1072,1.050569735396731,0.08684381075826313,12344
W,1073,1.0593507084979707,0.08692482177576151,12344
W,1074,1.0593507084979707,0.08700583279325988,12344
W,1075,1.0593507084979707,0.08708684381075826,12344
W,1076,1.062710849863184,0.08716785482825665,12344
W,1077,1.0722225756874204,0.08724886584575502,12344
W,1078,1.0723914006498017,0.0873298768632534,12344
W,1079,1.0723914006498017,0.08741088788075178,12344
W,1080,1.0723914006498017,0.08749189889825017,12344
W,1081,1.0723914006498017,0.08757290991574854,12344
W,1082,1.0723914006498017,0.08765392093324692,12344
W,1083,1.0723914006498017,0.0877349319507453,12344
W,1084,1.0723914006498017,0.08781594296824369,12344
W,1085,1.0847494927541301,0.08789695398574206,12344
W,1086,1.0870189593993287,0.08797796500324044,12344
W,1087,1.0966110845965191,0.08805897602073882,12344
W,1088,1.100033265150321,0.0881399870382372,12344
W,1089,1.1008820260082552,0.08822099805573558,12344
W,1090,1.109300938330755,0.08830200907323396,12344
W,1091,1.109300938330755,0.08838302009073234,12344
W,1092,1.109300938330755,0.08846403110823071,12344
W,1093,1.109300938330755,0.0885450421257291,12344
W,1094,1.109300938330755,0.08862605314322748,12344
W,1095,1.109300938330755,0.08870706416072587,12344
W,1096,1.109300938330755,0.08878807517822424,12344
W,1097,1.113408591938697,0.08886908619572262,12344
W,1098,1.113408591938697,0.088950097213221,12344
W,1099,1.113408591938697,0.08903110823071937,12344
W,1100,1.1238140853764713,0.08911211924821776,12344
W,1101,1.125356594469492,0.08919313026571614,12344
W,1102,1.125356594469492,0.08927414128321452,12344
W,1103,1.125356594469492,0.08935515230071289,12344
W,1104,1.125356594469492,0.08943616331821128,12344
W,1105,1.125356594469492,0.08951717433570966,12344
W,1106,1.125356594469492,0.08959818535320804,12344
W,1107,1.125356594469492,0.08967919637070641,12344
W,1108,1.125356594469492,0.0897602073882048,12344
W,1109,1.125356594469492,0.08984121840570318,12344
W,1110,1.125356594469492,0.08992222942320155,12344
W,1111,1.125356594469492,0.09000324044069993,12344
W,1112,1.125356594469492,0.09008425145819832,12344
W,1113,1.125356594469492,0.0901652624756967,12344
W,1114,1.1265378499903733,0.09024627349319507,12344
W,1115,1.135400561797416,0.09032728451069345,12344
W,1116,1.135400561797416,0.09040829552819184,12344
W,1117,1.135400561797416,0.09048930654569022,12344
W,1118,1.135400561797416,0.09057031756318859,12344
W,1119,1.135400561797416,0.09065132858068697,12344
W,1120,1.135400561797416,0.09073233959818536,12344
W,1121,1.135400561797416,0.09081335061568373,12344
W,1122,1.135400561797416,0.09089436163318211,12344
W,1123,1.135400561797416,0.0909753726506805,12344
W,1124,1.135400561797416,0.09105638366817888,12344
W,1125,1.135400561797416,0.09113739468567725,12344
W,1126,1.135400561797416,0.09121840570317563,12344
W,1127,1.135400561797416,0.09129941672067401,12344
W,1128,1.135400561797416,0.09138042773817238,12344
W,1129,1.135400561797416,0.09146143875567077,12344
W,1130,1.135400561797416,0.09154244977316915,12344
W,1131,1.135400561797416,0.09162346079066754,12344
W,1132,1.135400561797416,0.0917044718081659,12344
W,1133,1.135400561797416,0.09178548282566429,12344
W,1134,1.135400561797416,0.09186649384316267,12344
W,1135,1.135400561797416,0.09194750486066106,12344
W,1136,1.135400561797416,0.09202851587815943,12344
W,1137,1.135400561797416,0.09210952689565781,12344
W,1138,1.135400561797416,0.09219053791315619,12344
W,1139,1.135400561797416,0.09227154893065456,12344
W,1140,1.135400561797416,0.09235255994815295,12344
W,1141,1.135400561797416,0.09243357096565133,12344
W,1142,1.135400561797416,0.09251458198314971,12344
W,1143,1.1356244377049305,0.09259559300064808,12344
W,1144,1.1356244377049305,0.09267660401814647,12344
W,1145,1.1356244377049305,0.09275761503564485,12344
W,1146,1.1356244377049305,0.09283862605314323,12344
W,1147,1.1356244377049305,0.0929196370706416,12344
W,1148,1.1356244377049305,0.09300064808813999,12344
W,1149,1.1356244377049305,0.09308165910563837,12344
W,1150,1.1397494468906917,0.09316267012313674,12344
W,1151,1.1397494468906917,0.09324368114063512,12344
W,1152,1.1397494468906917,0.09332469215813351,12344
W,1153,1.1397494468906917,0.09340570317563189,12344
W,1154,1.1397494468906917,0.09348671419313026,12344
W,1155,1.1397494468906917,0.09356772521062864,12344
W,1156,1.142152136883384,0.09364873622812703,12344
W,1157,1.1458122888997013,0.09372974724562541,12344
W,1158,1.1458122888997013,0.09381075826312378,12344
W,1159,1.1458122888997013,0.09389176928062216,12344
W,1160,1.1458122888997013,0.09397278029812055,12344
W,1161,1.1458122888997013,0.09405379131561892,12344
W,1162,1.1458122888997013,0.0941348023331173,12344
W,1163,1.1458122888997013,0.09421581335061568,12344
W,1164,1.1458122888997013,0.09429682436811407,12344
W,1165,1.1458122888997013,0.09437783538561244,12344
W,1166,1.1458122888997013,0.09445884640311082,12344
W,1167,1.1458122888997013,0.0945398574206092,12344
W,1168,1.1458122888997013,0.09462086843810759,12344
W,1169,1.1458122888997013,0.09470187945560596,12344
W,1170,1.1458122888997013,0.09478289047310434,12344
W,1171,1.1509540280216424,0.09486390149060273,12344
W,1172,1.151103984946663,0.0949449125081011,12344
W,1173,1.1525262821124562,0.09502592352559948,12344
W,1174,1.1525262821124562,0.09510693454309786,12344
W,1175,1.1525262821124562,0.09518794556059625,12344
W,1176,1.1525262821124562,0.09526895657809462,12344
W,1177,1.1525262821124562,0.095349967595593,12344
W,1178,1.1525262821124562,0.09543097861309138,12344
W,1179,1.1525262821124562,0.09551198963058977,12344
W,1180,1.1525262821124562,0.09559300064808814,12344
W,1181,1.1525262821124562,0.09567401166558652,12344
W,1182,1.1525262821124562,0.0957550226830849,12344
W,1183,1.1525262821124562,0.09583603370058327,12344
W,1184,1.1525262821124562,0.09591704471808166,12344
W,1185,1.1525262821124562,0.09599805573558004,12344
W,1186,1.1526113870606765,0.09607906675307842,12344
W,1187,1.1526113870606765,0.0961600777705768,12344
W,1188,1.1526113870606765,0.09624108878807518,12344
W,1189,1.1526113870606765,0.09632209980557356,12344
W,1190,1.1530617884851344,0.09640311082307194,12344
W,1191,1.1530617884851344,0.09648412184057031,12344
W,1192,1.1530617884851344,0.0965651328580687,12344
W,1193,1.1530617884851344,0.09664614387556708,12344
W,1194,1.1530617884851344,0.09672715489306545,12344
W,1195,1.1530617884851344,0.09680816591056383,12344
W,1196,1.1530617884851344,0.09688917692806222,12344
W,1197,1.1533152589346762,0.0969701879455606,12344
W,1198,1.154013209398247,0.09705119896305897,12344
W,1199,1.1628655780737505,0.09713220998055735,12344
W,1200,1.1650479206056803,0.09721322099805574,12344
W,1201,1.1650479206056803,0.09729423201555412,12344
W,1202,1.1650479206056803,0.09737524303305249,12344
W,1203,1.1650479206056803,0.09745625405055088,12344
W,1204,1.1650479206056803,0.09753726506804926,12344
W,1205,1.1650479206056803,0.09761827608554763,12344
W,1206,1.1650479206056803,0.09769928710304601,12344
W,1207,1.1650479206056803,0.0977802981205444,12344
W,1208,1.1706290434997628,0.09786130913804278,12344
W,1209,1.1706290434997628,0.09794232015554115,12344
W,1210,1.1706290434997628,0.09802333117303953,12344
W,1211,1.1706290434997628,0.09810434219053792,12344
W,1212,1.1706290434997628,0.0981853532080363,12344
W,1213,1.1706290434997628,0.09826636422553467,12344
W,1214,1.1706290434997628,0.09834737524303305,12344
W,1215,1.1706290434997628,0.09842838626053144,12344
W,1216,1.1706290434997628,0.0985093972780298,12344
W,1217,1.1706290434997628,0.09859040829552819,12344
W,1218,1.1706290434997628,0.09867141931302657,12344
W,1219,1.1737371845941535,0.09875243033052496,12344
W,1220,1.1737371845941535,0.09883344134802333,12344
W,1221,1.1737371845941535,0.09891445236552171,12344
W,1222,1.1737371845941535,0.0989954633830201,12344
W,1223,1.1737371845941535,0.09907647440051848,12344
W,1224,1.1737371845941535,0.09915748541801685,12344
W,1225,1.1737371845941535,0.09923849643551523,12344
W,1226,1.1737371845941535,0.09931950745301361,12344
W,1227,1.1737371845941535,0.09940051847051198,12344
W,1228,1.1737371845941535,0.09948152948801037,12344
W,1229,1.1737371845941535,0.09956254050550875,12344
W,1230,1.1737371845941535,0.09964355152300713,12344
W,1231,1.1737371845941535,0.0997245625405055,12344
W,1232,1.187540315174174,0.09980557355800389,12344
W,1233,1.187540315174174,0.09988658457550227,12344
W,1234,1.187540315174174,0.09996759559300065,12344
W,1235,1.187540315174174,0.10004860661049902,12344
W,1236,1.187540315174174,0.10012961762799741,12344
W,1237,1.187540315174174,0.10021062864549579,12344
W,1238,1.187540315174174,0.10029163966299416,12344
W,1239,1.187540315174174,0.10037265068049255,12344
W,1240,1.187540315174174,0.10045366169799093,12344
W,1241,1.187540315174174,0.10053467271548931,12344
W,1242,1.187540315174174,0.10061568373298768,12344
W,1243,1.187540315174174,0.10069669475048607,12344
W,1244,1.187540315174174,0.10077770576798445,12344
W,1245,1.187540315174174,0.10085871678548283,12344
W,1246,1.187540315174174,0.1009397278029812,12344
W,1247,1.187540315174174,0.10102073882047959,12344
W,1248,1.187540315174174,0.10110174983797797,12344
W,1249,1.187540315174174,0.10118276085547634,12344
W,1250,1.187540315174174,0.10126377187297472,12344
W,1251,1.187540315174174,0.1013447828904731,12344
W,1252,1.187540315174174,0.10142579390797149,12344
W,1253,1.187540315174174,0.10150680492546986,12344
W,1254,1.187540315174174,0.10158781594296824,12344
W,1255,1.187540315174174,0.10166882696046663,12344
W,1256,1.187540315174174,0.101749837977965,12344
W,1257,1.187540315174174,0.10183084899546338,12344
W,1258,1.187540315174174,0.10191186001296176,12344
W,1259,1.187540315174174,0.10199287103046015,12344
W,1260,1.187540315174174,0.10207388204795852,12344
W,1261,1.1931879055677688,0.1021548930654569,12344
W,1262,1.1958468581231265,0.10223590408295528,12344
W,1263,1.1986203512588822,0.10231691510045367,12344
W,1264,1.1986203512588822,0.10239792611795204,12344
W,1265,1.2002415686493257,0.10247893713545042,12344
W,1266,1.2002415686493257,0.1025599481529488,12344
W,1267,1.2002415686493257,0.10264095917044717,12344
W,1268,1.2002415686493257,0.10272197018794556,12344
W,1269,1.203718975139775,0.10280298120544394,12344
W,1270,1.203718975139775,0.10288399222294232,12344
W,1271,1.2073051363418177,0.1029650032404407,12344
W,1272,1.2168591193938756,0.10304601425793908,12344
W,1273,1.236682037750223,0.10312702527543746,12344
W,1274,1.236682037750223,0.10320803629293585,12344
W,1275,1.236682037750223,0.10328904731043421,12344
W,1276,1.236682037750223,0.1033700583279326,12344
W,1277,1.236682037750223,0.10345106934543098,12344
W,1278,1.236682037750223,0.10353208036292935,12344
W,1279,1.236682037750223,0.10361309138042774,12344
W,1280,1.237663567704159,0.10369410239792612,12344
W,1281,1.2434317998780449,0.1037751134154245,12344
W,1282,1.2434317998780449,0.10385612443292287,12344
W,1283,1.2434317998780449,0.10393713545042126,12344
W,1284,1.2434317998780449,0.10401814646791964,12344
W,1285,1.2434317998780449,0.10409915748541802,12344
W,1286,1.2434317998780449,0.10418016850291639,12344
W,1287,1.2434317998780449,0.10426117952041478,12344
W,1288,1.2434317998780449,0.10434219053791316,12344
W,1289,1.2434317998780449,0.10442320155541153,12344
W,1290,1.2434317998780449,0.10450421257290991,12344
W,1291,1.2434317998780449,0.1045852235904083,12344
W,1292,1.2434317998780449,0.10466623460790668,12344
W,1293,1.2434317998780449,0.10474724562540505,12344
W,1294,1.2541886546531282,0.10482825664290343,12344
W,1295,1.2558397964370525,0.10490926766040182,12344
W,1296,1.2558397964370525,0.1049902786779002,12344
W,1297,1.2647607698507939,0.10507128969539857,12344
W,1298,1.2647607698507939,0.10515230071289695,12344
W,1299,1.2647607698507939,0.10523331173039534,12344
W,1300,1.2647607698507939,0.10531432274789371,12344
W,1301,1.2647607698507939,0.10539533376539209,12344
W,1302,1.2647607698507939,0.10547634478289047,12344
W,1303,1.2647607698507939,0.10555735580038886,12344
W,1304,1.2647607698507939,0.10563836681788723,12344
W,1305,1.2647607698507939,0.10571937783538561,12344
W,1306,1.2647607698507939,0.105800388852884,12344
W,1307,1.2647607698507939,0.10588139987038238,12344
W,1308,1.2647607698507939,0.10596241088788075,12344
W,1309,1.2647607698507939,0.10604342190537913,12344
W,1310,1.2647607698507939,0.10612443292287752,12344
W,1311,1.2647607698507939,0.10620544394037588,12344
W,1312,1.2647607698507939,0.10628645495787427,12344
W,1313,1.2647607698507939,0.10636746597537265,12344
W,1314,1.2647607698507939,0.10644847699287104,12344
W,1315,1.2647607698507939,0.1065294880103694,12344
W,1316,1.2647607698507939,0.10661049902786779,12344
W,1317,1.2647706312396947,0.10669151004536617,12344
W,1318,1.2647706312396947,0.10677252106286456,12344
W,1319,1.2647706312396947,0.10685353208036293,12344
W,1320,1.2647706312396947,0.10693454309786131,12344
W,1321,1.2647706312396947,0.10701555411535969,12344
W,1322,1.2647706312396947,0.10709656513285806,12344
W,1323,1.2709864530999953,0.10717757615035645,12344
W,1324,1.2709864530999953,0.10725858716785483,12344
W,1325,1.2709864530999953,0.10733959818535321,12344
W,1326,1.2709864530999953,0.10742060920285158,12344
W,1327,1.2709864530999953,0.10750162022034997,12344
W,1328,1.2709864530999953,0.10758263123784835,12344
W,1329,1.2709864530999953,0.10766364225534673,12344
W,1330,1.2709864530999953,0.1077446532728451,12344
W,1331,1.2709864530999953,0.10782566429034349,12344
W,1332,1.2709864530999953,0.10790667530784187,12344
W,1333,1.2709864530999953,0.10798768632534024,12344
W,1334,1.2709864530999953,0.10806869734283862,12344
W,1335,1.2709864530999953,0.10814970836033701,12344
W,1336,1.2709864530999953,0.10823071937783539,12344
W,1337,1.2709864530999953,0.10831173039533376,12344
W,1338,1.2709864530999953,0.10839274141283214,12344
W,1339,1.2709864530999953,0.10847375243033053,12344
W,1340,1.2722068535774724,0.10855476344782891,12344
W,1341,1.2722068535774724,0.10863577446532728,12344
W,1342,1.2722068535774724,0.10871678548282566,12344
W,1343,1.2730680601322992,0.10879779650032405,12344
W,1344,1.2730680601322992,0.10887880751782242,12344
W,1345,1.2730680601322992,0.1089598185353208,12344
W,1346,1.2730680601322992,0.10904082955281919,12344
W,1347,1.2730680601322992,0.10912184057031757,12344
W,1348,1.2730680601322992,0.10920285158781594,12344
W,1349,1.2730680601322992,0.10928386260531432,12344
W,1350,1.2730680601322992,0.1093648736228127,12344
W,1351,1.2730680601322992,0.10944588464031109,12344
W,1352,1.2730680601322992,0.10952689565780946,12344
W,1353,1.2730680601322992,0.10960790667530784,12344
W,1354,1.2730680601322992,0.10968891769280623,12344
W,1355,1.2730680601322992,0.1097699287103046,12344
W,1356,1.2730680601322992,0.10985093972780298,12344
W,1357,1.2730680601322992,0.10993195074530136,12344
W,1358,1.2730680601322992,0.11001296176279975,12344
W,1359,1.2730680601322992,0.11009397278029812,12344
W,1360,1.2730680601322992,0.1101749837977965,12344
W,1361,1.2730680601322992,0.11025599481529488,12344
W,1362,1.2730680601322992,0.11033700583279327,12344
W,1363,1.2730680601322992,0.11041801685029164,12344
W,1364,1.2730680601322992,0.11049902786779002,12344
W,1365,1.2730680601322992,0.1105800388852884,12344
W,1366,1.2730680601322992,0.11066104990278677,12344
W,1367,1.2732771733099861,0.11074206092028516,12344
W,1368,1.2732771733099861,0.11082307193778354,12344
W,1369,1.2732771733099861,0.11090408295528192,12344
W,1370,1.2732771733099861,0.1109850939727803,12344
W,1371,1.2732771733099861,0.11106610499027868,12344
W,1372,1.2732771733099861,0.11114711600777706,12344
W,1373,1.2732771733099861,0.11122812702527543,12344
W,1374,1.2761006375328465,0.11130913804277381,12344
W,1375,1.2761006375328465,0.1113901490602722,12344
W,1376,1.2761006375328465,0.11147116007777058,12344
W,1377,1.2761006375328465,0.11155217109526895,12344
W,1378,1.2773128549988635,0.11163318211276733,12344
W,1379,1.2775809855200009,0.11171419313026572,12344
W,1380,1.2800881582567136,0.1117952041477641,12344
W,1381,1.2800881582567136,0.11187621516526247,12344
W,1382,1.2884319230038965,0.11195722618276086,12344
W,1383,1.2898257119957484,0.11203823720025924,12344
W,1384,1.2898257119957484,0.11211924821775761,12344
W,1385,1.2898257119957484,0.11220025923525599,12344
W,1386,1.2898257119957484,0.11228127025275438,12344
W,1387,1.2898257119957484,0.11236228127025276,12344
W,1388,1.2898257119957484,0.11244329228775113,12344
W,1389,1.2898257119957484,0.11252430330524951,12344
W,1390,1.2898257119957484,0.1126053143227479,12344
W,1391,1.2898257119957484,0.11268632534024628,12344
W,1392,1.2898257119957484,0.11276733635774465,12344
W,1393,1.2898257119957484,0.11284834737524303,12344
W,1394,1.2898257119957484,0.11292935839274142,12344
W,1395,1.2898257119957484,0.11301036941023979,12344
W,1396,1.2898257119957484,0.11309138042773817,12344
W,1397,1.2898257119957484,0.11317239144523655,12344
W,1398,1.2898257119957484,0.11325340246273494,12344
W,1399,1.2898257119957484,0.1133344134802333,12344
W,1400,1.2898257119957484,0.11341542449773169,12344
W,1401,1.2898257119957484,0.11349643551523007,12344
W,1402,1.2898257119957484,0.11357744653272846,12344
W,1403,1.2898257119957484,0.11365845755022683,12344
W,1404,1.2898257119957484,0.11373946856772521,12344
W,1405,1.2898257119957484,0.1138204795852236,12344
W,1406,1.2898257119957484,0.11390149060272196,12344
W,1407,1.2898257119957484,0.11398250162022035,12344
W,1408,1.2898257119957484,0.11406351263771873,12344
W,1409,1.2898257119957484,0.11414452365521711,12344
W,1410,1.2975360009653354,0.11422553467271548,12344
W,1411,1.2975360009653354,0.11430654569021387,12344
W,1412,1.2975360009653354,0.11438755670771225,12344
W,1413,1.3006972454242602,0.11446856772521063,12344
W,1414,1.3007722045511925,0.114549578742709,12344
W,1415,1.3007722045511925,0.11463058976020739,12344
W,1416,1.3007722045511925,0.11471160077770577,12344
W,1417,1.3007722045511925,0.11479261179520414,12344
W,1418,1.3007722045511925,0.11487362281270252,12344
W,1419,1.3007722045511925,0.11495463383020091,12344
W,1420,1.3007722045511925,0.11503564484769929,12344
W,1421,1.3007722045511925,0.11511665586519766,12344
W,1422,1.3007722045511925,0.11519766688269605,12344
W,1423,1.3007722045511925,0.11527867790019443,12344
W,1424,1.3007722045511925,0.11535968891769281,12344
W,1425,1.3007722045511925,0.11544069993519118,12344
W,1426,1.3007722045511925,0.11552171095268957,12344
W,1427,1.3007722045511925,0.11560272197018795,12344
W,1428,1.3007722045511925,0.11568373298768632,12344
W,1429,1.3012419871119927,0.1157647440051847,12344
W,1430,1.3101326961096813,0.11584575502268309,12344
W,1431,1.3101326961096813,0.11592676604018147,12344
W,1432,1.3101326961096813,0.11600777705767984,12344
W,1433,1.3101326961096813,0.11608878807517822,12344
W,1434,1.3101326961096813,0.1161697990926766,12344
W,1435,1.3101326961096813,0.11625081011017499,12344
W,1436,1.3101326961096813,0.11633182112767336,12344
W,1437,1.3101326961096813,0.11641283214517174,12344
W,1438,1.3101326961096813,0.11649384316267013,12344
W,1439,1.3101326961096813,0.1165748541801685,12344
W,1440,1.3101326961096813,0.11665586519766688,12344
W,1441,1.3101326961096813,0.11673687621516526,12344
W,1442,1.3101326961096813,0.11681788723266365,12344
W,1443,1.3101326961096813,0.11689889825016202,12344
W,1444,1.3101326961096813,0.1169799092676604,12344
W,1445,1.3101326961096813,0.11706092028515878,12344
W,1446,1.312132913278238,0.11714193130265717,12344
W,1447,1.312132913278238,0.11722294232015554,12344
W,1448,1.3161062788538616,0.11730395333765392,12344
W,1449,1.3161062788538616,0.1173849643551523,12344
W,1450,1.3161062788538616,0.11746597537265067,12344
W,1451,1.3161062788538616,0.11754698639014906,12344
W,1452,1.3161062788538616,0.11762799740764744,12344
W,1453,1.3161062788538616,0.11770900842514583,12344
W,1454,1.3161062788538616,0.1177900194426442,12344
W,1455,1.3168621187948677,0.11787103046014258,12344
W,1456,1.3168621187948677,0.11795204147764096,12344
W,1457,1.3168621187948677,0.11803305249513935,12344
W,1458,1.3179528398066136,0.11811406351263772,12344
W,1459,1.3275289106644372,0.1181950745301361,12344
W,1460,1.3290705493432102,0.11827608554763448,12344
W,1461,1.3290705493432102,0.11835709656513285,12344
W,1462,1.3290705493432102,0.11843810758263124,12344
W,1463,1.329357920649277,0.11851911860012962,12344
W,1464,1.3330905250732812,0.118600129617628,12344
W,1465,1.3368865445249505,0.11868114063512637,12344
W,1466,1.345310202560686,0.11876215165262476,12344
W,1467,1.347257777438444,0.11884316267012314,12344
W,1468,1.3520304276357595,0.11892417368762152,12344
W,1469,1.353416676061127,0.11900518470511989,12344
W,1470,1.35390746092668,0.11908619572261828,12344
W,1471,1.35390746092668,0.11916720674011666,12344
W,1472,1.35390746092668,0.11924821775761503,12344
W,1473,1.35390746092668,0.11932922877511341,12344
W,1474,1.35390746092668,0.1194102397926118,12344
W,1475,1.35390746092668,0.11949125081011018,12344
W,1476,1.35390746092668,0.11957226182760855,12344
W,1477,1.35390746092668,0.11965327284510693,12344
W,1478,1.35390746092668,0.11973428386260532,12344
W,1479,1.35390746092668,0.1198152948801037,12344
W,1480,1.3616599343437192,0.11989630589760207,12344
W,1481,1.3616599343437192,0.11997731691510045,12344
W,1482,1.3616599343437192,0.12005832793259884,12344
W,1483,1.3616599343437192,0.12013933895009721,12344
W,1484,1.3616599343437192,0.12022034996759559,12344
W,1485,1.3616599343437192,0.12030136098509397,12344
W,1486,1.3616599343437192,0.12038237200259236,12344
W,1487,1.3616599343437192,0.12046338302009073,12344
W,1488,1.3616599343437192,0.12054439403758911,12344
W,1489,1.3616599343437192,0.1206254050550875,12344
W,1490,1.3616599343437192,0.12070641607258586,12344
W,1491,1.3616599343437192,0.12078742709008425,12344
W,1492,1.3616599343437192,0.12086843810758263,12344
W,1493,1.3616599343437192,0.12094944912508102,12344
W,1494,1.3616599343437192,0.12103046014257939,12344
W,1495,1.3616599343437192,0.12111147116007777,12344
W,1496,1.3616599343437192,0.12119248217757615,12344
W,1497,1.3616599343437192,0.12127349319507454,12344
W,1498,1.3616599343437192,0.1213545042125729,12344
W,1499,1.3616599343437192,0.12143551523007129,12344
W,1500,1.3616599343437192,0.12151652624756967,12344
W,1501,1.3616599343437192,0.12159753726506804,12344
W,1502,1.3616599343437192,0.12167854828256643,12344
W,1503,1.3616599343437192,0.12175955930006481,12344
W,1504,1.3616599343437192,0.1218405703175632,12344
W,1505,1.3616599343437192,0.12192158133506156,12344
W,1506,1.3616599343437192,0.12200259235255995,12344
W,1507,1.3616599343437192,0.12208360337005833,12344
W,1508,1.368822174905899,0.12216461438755671,12344
W,1509,1.374922140294168,0.12224562540505508,12344
W,1510,1.374922140294168,0.12232663642255347,12344
W,1511,1.3763654307207989,0.12240764744005185,12344
W,1512,1.3763654307207989,0.12248865845755022,12344
W,1513,1.391535185250589,0.1225696694750486,12344
W,1514,1.3964844700673154,0.12265068049254699,12344
W,1515,1.3966016123067793,0.12273169151004537,12344
W,1516,1.3966016123067793,0.12281270252754374,12344
W,1517,1.3966016123067793,0.12289371354504212,12344
W,1518,1.3966016123067793,0.12297472456254051,12344
W,1519,1.3966016123067793,0.12305573558003889,12344
W,1520,1.3966016123067793,0.12313674659753726,12344
W,1521,1.3966016123067793,0.12321775761503564,12344
W,1522,1.3966016123067793,0.12329876863253403,12344
W,1523,1.3966016123067793,0.1233797796500324,12344
W,1524,1.3966016123067793,0.12346079066753078,12344
W,1525,1.3966016123067793,0.12354180168502917,12344
W,1526,1.3966016123067793,0.12362281270252755,12344
W,1527,1.3966016123067793,0.12370382372002592,12344
W,1528,1.3966016123067793,0.1237848347375243,12344
W,1529,1.3966016123067793,0.12386584575502269,12344
W,1530,1.3966016123067793,0.12394685677252107,12344
W,1531,1.3966016123067793,0.12402786779001944,12344
W,1532,1.3966016123067793,0.12410887880751782,12344
W,1533,1.3966016123067793,0.1241898898250162,12344
W,1534,1.3966016123067793,0.12427090084251458,12344
W,1535,1.3966016123067793,0.12435191186001296,12344
W,1536,1.3966016123067793,0.12443292287751134,12344
W,1537,1.3966016123067793,0.12451393389500973,12344
W,1538,1.3966016123067793,0.1245949449125081,12344
W,1539,1.3966016123067793,0.12467595593000648,12344
W,1540,1.3966016123067793,0.12475696694750486,12344
W,1541,1.3966016123067793,0.12483797796500325,12344
W,1542,1.3966016123067793,0.12491898898250162,12344
W,1543,1.3966016123067793,0.125,12344
W,1544,1.3966016123067793,0.12508101101749838,12344
W,1545,1.3966016123067793,0.12516202203499677,12344
W,1546,1.4017380019854135,0.12524303305249515,12344
W,1547,1.4035403650237543,0.1253240440699935,12344
W,1548,1.4035403650237543,0.1254050550874919,12344
W,1549,1.4035403650237543,0.12548606610499027,12344
W,1550,1.4035403650237543,0.12556707712248866,12344
W,1551,1.4035403650237543,0.12564808813998704,12344
W,1552,1.4035403650237543,0.12572909915748542,12344
W,1553,1.4035403650237543,0.1258101101749838,12344
W,1554,1.4035403650237543,0.12589112119248216,12344
W,1555,1.4084911354532723,0.12597213220998055,12344
W,1556,1.4085276147806038,0.12605314322747893,12344
W,1557,1.4117369949223695,0.12613415424497731,12344
W,1558,1.4120719462680493,0.1262151652624757,12344
W,1559,1.4148757464185304,0.12629617627997408,12344
W,1560,1.4148757464185304,0.12637718729747247,12344
W,1561,1.4171927512086397,0.12645819831497085,12344
W,1562,1.4171927512086397,0.1265392093324692,12344
W,1563,1.4171927512086397,0.1266202203499676,12344
W,1564,1.4171927512086397,0.12670123136746597,12344
W,1565,1.4171927512086397,0.12678224238496436,12344
W,1566,1.4171927512086397,0.12686325340246274,12344
W,1567,1.4171927512086397,0.12694426441996112,12344
W,1568,1.4171927512086397,0.1270252754374595,12344
W,1569,1.4171927512086397,0.12710628645495786,12344
W,1570,1.4171927512086397,0.12718729747245625,12344
W,1571,1.41913515291788,0.12726830848995463,12344
W,1572,1.4243821577267481,0.127349319507453,12344
W,1573,1.4257865389109818,0.1274303305249514,12344
W,1574,1.4257865389109818,0.12751134154244978,12344
W,1575,1.4257865389109818,0.12759235255994816,12344
W,1576,1.4289674754071988,0.12767336357744652,12344
W,1577,1.4289674754071988,0.1277543745949449,12344
W,1578,1.4289674754071988,0.1278353856124433,12344
W,1579,1.4289674754071988,0.12791639662994167,12344
W,1580,1.4289674754071988,0.12799740764744005,12344
W,1581,1.4392150748796741,0.12807841866493844,12344
W,1582,1.4396684989260946,0.12815942968243682,12344
W,1583,1.4396684989260946,0.1282404406999352,12344
W,1584,1.4396684989260946,0.12832145171743356,12344
W,1585,1.440281405800396,0.12840246273493194,12344
W,1586,1.440281405800396,0.12848347375243033,12344
W,1587,1.440281405800396,0.1285644847699287,12344
W,1588,1.440281405800396,0.1286454957874271,12344
W,1589,1.440281405800396,0.12872650680492548,12344
W,1590,1.440281405800396,0.12880751782242386,12344
W,1591,1.457518047666536,0.12888852883992222,12344
W,1592,1.457518047666536,0.1289695398574206,12344
W,1593,1.457518047666536,0.12905055087491898,12344
W,1594,1.457518047666536,0.12913156189241737,12344
W,1595,1.457518047666536,0.12921257290991575,12344
W,1596,1.457518047666536,0.12929358392741414,12344
W,1597,1.457518047666536,0.12937459494491252,12344
W,1598,1.457518047666536,0.12945560596241087,12344
W,1599,1.457518047666536,0.12953661697990926,12344
W,1600,1.457518047666536,0.12961762799740764,12344
W,1601,1.457518047666536,0.12969863901490603,12344
W,1602,1.457518047666536,0.1297796500324044,12344
W,1603,1.457518047666536,0.1298606610499028,12344
W,1604,1.457518047666536,0.12994167206740118,12344
W,1605,1.457518047666536,0.13002268308489956,12344
W,1606,1.457518047666536,0.13010369410239792,12344
W,1607,1.457518047666536,0.1301847051198963,12344
W,1608,1.457518047666536,0.13026571613739468,12344
W,1609,1.457518047666536,0.13034672715489307,12344
W,1610,1.457518047666536,0.13042773817239145,12344
W,1611,1.4588154203778922,0.13050874918988983,12344
W,1612,1.4588154203778922,0.13058976020738822,12344
W,1613,1.4588154203778922,0.13067077122488657,12344
W,1614,1.4588154203778922,0.13075178224238496,12344
W,1615,1.4588154203778922,0.13083279325988334,12344
W,1616,1.4588154203778922,0.13091380427738172,12344
W,1617,1.4588154203778922,0.1309948152948801,12344
W,1618,1.4588154203778922,0.1310758263123785,12344
W,1619,1.4588154203778922,0.13115683732987687,12344
W,1620,1.4588154203778922,0.13123784834737523,12344
W,1621,1.4588154203778922,0.1313188593648736,12344
W,1622,1.4588154203778922,0.131399870382372,12344
W,1623,1.4588154203778922,0.13148088139987038,12344
W,1624,1.4588154203778922,0.13156189241736876,12344
W,1625,1.4588154203778922,0.13164290343486715,12344
W,1626,1.4588154203778922,0.13172391445236553,12344
W,1627,1.4588154203778922,0.13180492546986391,12344
W,1628,1.4588154203778922,0.13188593648736227,12344
W,1629,1.4588154203778922,0.13196694750486065,12344
W,1630,1.46188746811745,0.13204795852235904,12344
W,1631,1.4683448623966082,0.13212896953985742,12344
W,1632,1.4683448623966082,0.1322099805573558,12344
W,1633,1.4683448623966082,0.1322909915748542,12344
W,1634,1.4683448623966082,0.13237200259235257,12344
W,1635,1.4683448623966082,0.13245301360985093,12344
W,1636,1.4683448623966082,0.1325340246273493,12344
W,1637,1.4683448623966082,0.1326150356448477,12344
W,1638,1.4683448623966082,0.13269604666234608,12344
W,1639,1.4683448623966082,0.13277705767984446,12344
W,1640,1.4687776197350857,0.13285806869734285,12344
W,1641,1.4687776197350857,0.13293907971484123,12344
W,1642,1.4687776197350857,0.13302009073233959,12344
W,1643,1.4695502054109604,0.13310110174983797,12344
W,1644,1.471634283986518,0.13318211276733635,12344
W,1645,1.4777096276160642,0.13326312378483474,12344
W,1646,1.4848899577184809,0.13334413480233312,12344
W,1647,1.48961985698272,0.1334251458198315,12344
W,1648,1.48961985698272,0.1335061568373299,12344
W,1649,1.48961985698272,0.13358716785482827,12344
W,1650,1.4902342334115164,0.13366817887232663,12344
W,1651,1.5218644254920197,0.133749189889825,12344
W,1652,1.5218644254920197,0.1338302009073234,12344
W,1653,1.5218644254920197,0.13391121192482178,12344
W,1654,1.5218644254920197,0.13399222294232016,12344
W,1655,1.5218644254920197,0.13407323395981854,12344
W,1656,1.5218644254920197,0.13415424497731693,12344
W,1657,1.5218644254920197,0.13423525599481528,12344
W,1658,1.5218644254920197,0.13431626701231367,12344
W,1659,1.5218644254920197,0.13439727802981205,12344
W,1660,1.5218644254920197,0.13447828904731043,12344
W,1661,1.5218644254920197,0.13455930006480882,12344
W,1662,1.5218644254920197,0.1346403110823072,12344
W,1663,1.5218644254920197,0.13472132209980558,12344
W,1664,1.5218644254920197,0.13480233311730394,12344
W,1665,1.5218644254920197,0.13488334413480232,12344
W,1666,1.5218644254920197,0.1349643551523007,12344
W,1667,1.5218644254920197,0.1350453661697991,12344
W,1668,1.5218644254920197,0.13512637718729748,12344
W,1669,1.5218644254920197,0.13520738820479586,12344
W,1670,1.5218644254920197,0.13528839922229424,12344
W,1671,1.5218644254920197,0.1353694102397926,12344
W,1672,1.526710425865278,0.13545042125729098,12344
W,1673,1.528823031438731,0.13553143227478937,12344
W,1674,1.528823031438731,0.13561244329228775,12344
W,1675,1.5347231130377077,0.13569345430978613,12344
W,1676,1.5347231130377077,0.13577446532728452,12344
W,1677,1.5347231130377077,0.1358554763447829,12344
W,1678,1.5347231130377077,0.13593648736228128,12344
W,1679,1.5347231130377077,0.13601749837977964,12344
W,1680,1.5347231130377077,0.13609850939727802,12344
W,1681,1.5347231130377077,0.1361795204147764,12344
W,1682,1.5347231130377077,0.1362605314322748,12344
W,1683,1.5347231130377077,0.13634154244977317,12344
W,1684,1.5347231130377077,0.13642255346727156,12344
W,1685,1.5359401761324671,0.13650356448476994,12344
W,1686,1.5359401761324671,0.1365845755022683,12344
W,1687,1.5359401761324671,0.13666558651976668,12344
W,1688,1.5359401761324671,0.13674659753726506,12344
W,1689,1.5359401761324671,0.13682760855476345,12344
W,1690,1.5359401761324671,0.13690861957226183,12344
W,1691,1.5359401761324671,0.13698963058976021,12344
W,1692,1.5359401761324671,0.1370706416072586,12344
W,1693,1.5359401761324671,0.13715165262475695,12344
W,1694,1.5359401761324671,0.13723266364225534,12344
W,1695,1.5359401761324671,0.13731367465975372,12344
W,1696,1.5359401761324671,0.1373946856772521,12344
W,1697,1.5359401761324671,0.1374756966947505,12344
W,1698,1.5359401761324671,0.13755670771224887,12344
W,1699,1.5359401761324671,0.13763771872974725,12344
W,1700,1.5359401761324671,0.13771872974724564,12344
W,1701,1.5359401761324671,0.137799740764744,12344
W,1702,1.5359401761324671,0.13788075178224238,12344
W,1703,1.5359401761324671,0.13796176279974076,12344
W,1704,1.5359401761324671,0.13804277381723914,12344
W,1705,1.5359401761324671,0.13812378483473753,12344
W,1706,1.5359401761324671,0.1382047958522359,12344
W,1707,1.5359401761324671,0.1382858068697343,12344
W,1708,1.5359401761324671,0.13836681788723265,12344
W,1709,1.5359401761324671,0.13844782890473104,12344
W,1710,1.5359401761324671,0.13852883992222942,12344
W,1711,1.5359401761324671,0.1386098509397278,12344
W,1712,1.5359401761324671,0.13869086195722619,12344
W,1713,1.5359401761324671,0.13877187297472457,12344
W,1714,1.5359401761324671,0.13885288399222295,12344
W,1715,1.5359401761324671,0.1389338950097213,12344
W,1716,1.5365499453217226,0.1390149060272197,12344
W,1717,1.5377668211145301,0.13909591704471808,12344
W,1718,1.5423635746525777,0.13917692806221646,12344
W,1719,1.5423635746525777,0.13925793907971484,12344
W,1720,1.5423635746525777,0.13933895009721323,12344
W,1721,1.5423635746525777,0.1394199611147116,12344
W,1722,1.5423635746525777,0.13950097213221,12344
W,1723,1.5423635746525777,0.13958198314970835,12344
W,1724,1.5454940006178424,0.13966299416720673,12344
W,1725,1.5454940006178424,0.13974400518470512,12344
W,1726,1.5454940006178424,0.1398250162022035,12344
W,1727,1.5454940006178424,0.13990602721970188,12344
W,1728,1.5454940006178424,0.13998703823720027,12344
W,1729,1.5481838016258294,0.14006804925469865,12344
W,1730,1.551163706271309,0.140149060272197,12344
W,1731,1.5513786863886156,0.1402300712896954,12344
W,1732,1.5513786863886156,0.14031108230719377,12344
W,1733,1.5513786863886156,0.14039209332469216,12344
W,1734,1.5513786863886156,0.14047310434219054,12344
W,1735,1.5513786863886156,0.14055411535968892,12344
W,1736,1.5513786863886156,0.1406351263771873,12344
W,1737,1.5569438179921002,0.14071613739468566,12344
W,1738,1.56147306040057,0.14079714841218405,12344
W,1739,1.56147306040057,0.14087815942968243,12344
W,1740,1.56147306040057,0.14095917044718081,12344
W,1741,1.5696329992468572,0.1410401814646792,12344
W,1742,1.5732444086515704,0.14112119248217758,12344
W,1743,1.573314580918605,0.14120220349967597,12344
W,1744,1.5765946443121555,0.14128321451717435,12344
W,1745,1.5776743525777024,0.1413642255346727,12344
W,1746,1.5818566218338435,0.1414452365521711,12344
W,1747,1.5827871852373046,0.14152624756966947,12344
W,1748,1.5863675080945034,0.14160725858716786,12344
W,1749,1.5878175472113758,0.14168826960466624,12344
W,1750,1.5878175472113758,0.14176928062216462,12344
W,1751,1.5878175472113758,0.141850291639663,12344
W,1752,1.5878175472113758,0.14193130265716136,12344
W,1753,1.5878175472113758,0.14201231367465975,12344
W,1754,1.5878175472113758,0.14209332469215813,12344
W,1755,1.591598382092254,0.1421743357096565,12344
W,1756,1.591598382092254,0.1422553467271549,12344
W,1757,1.591598382092254,0.14233635774465328,12344
W,1758,1.591598382092254,0.14241736876215166,12344
W,1759,1.591598382092254,0.14249837977965002,12344
W,1760,1.591598382092254,0.1425793907971484,12344
W,1761,1.591598382092254,0.1426604018146468,12344
W,1762,1.591598382092254,0.14274141283214517,12344
W,1763,1.591598382092254,0.14282242384964355,12344
W,1764,1.591598382092254,0.14290343486714194,12344
W,1765,1.591598382092254,0.14298444588464032,12344
W,1766,1.591598382092254,0.1430654569021387,12344
W,1767,1.591598382092254,0.14314646791963706,12344
W,1768,1.591598382092254,0.14322747893713544,12344
W,1769,1.591598382092254,0.14330848995463383,12344
W,1770,1.591598382092254,0.1433895009721322,12344
W,1771,1.591598382092254,0.1434705119896306,12344
W,1772,1.592612591548694,0.14355152300712898,12344
W,1773,1.5947133081432234,0.14363253402462736,12344
W,1774,1.5947133081432234,0.14371354504212572,12344
W,1775,1.5947133081432234,0.1437945560596241,12344
W,1776,1.5947133081432234,0.14387556707712248,12344
W,1777,1.5947133081432234,0.14395657809462087,12344
W,1778,1.5947133081432234,0.14403758911211925,12344
W,1779,1.5980212658868327,0.14411860012961764,12344
W,1780,1.5980212658868327,0.14419961114711602,12344
W,1781,1.5980212658868327,0.14428062216461437,12344
W,1782,1.5980212658868327,0.14436163318211276,12344
W,1783,1.5980212658868327,0.14444264419961114,12344
W,1784,1.5980212658868327,0.14452365521710953,12344
W,1785,1.5980212658868327,0.1446046662346079,12344
W,1786,1.5980212658868327,0.1446856772521063,12344
W,1787,1.5980212658868327,0.14476668826960468,12344
W,1788,1.5980212658868327,0.14484769928710303,12344
W,1789,1.5980212658868327,0.14492871030460142,12344
W,1790,1.5980212658868327,0.1450097213220998,12344
W,1791,1.5980212658868327,0.14509073233959818,12344
W,1792,1.5980212658868327,0.14517174335709657,12344
W,1793,1.5980212658868327,0.14525275437459495,12344
W,1794,1.5980212658868327,0.14533376539209333,12344
W,1795,1.5980212658868327,0.14541477640959172,12344
W,1796,1.5980212658868327,0.14549578742709007,12344
W,1797,1.5980212658868327,0.14557679844458846,12344
W,1798,1.5988799747463223,0.14565780946208684,12344
W,1799,1.606486492310664,0.14573882047958522,12344
W,1800,1.60924200178488,0.1458198314970836,12344
W,1801,1.6123123042128318,0.145900842514582,12344
W,1802,1.6123123042128318,0.14598185353208037,12344
W,1803,1.6123123042128318,0.14606286454957873,12344
W,1804,1.6123123042128318,0.14614387556707711,12344
W,1805,1.6123123042128318,0.1462248865845755,12344
W,1806,1.6195927594411699,0.14630589760207388,12344
W,1807,1.6320510758632751,0.14638690861957226,12344
W,1808,1.6320510758632751,0.14646791963707065,12344
W,1809,1.6368167945924796,0.14654893065456903,12344
W,1810,1.6368167945924796,0.1466299416720674,12344
W,1811,1.6368167945924796,0.14671095268956577,12344
W,1812,1.6368167945924796,0.14679196370706415,12344
W,1813,1.6368167945924796,0.14687297472456254,12344
W,1814,1.6368167945924796,0.14695398574206092,12344
W,1815,1.6368167945924796,0.1470349967595593,12344
W,1816,1.6368167945924796,0.1471160077770577,12344
W,1817,1.6368167945924796,0.14719701879455607,12344
W,1818,1.6368167945924796,0.14727802981205443,12344
W,1819,1.6368167945924796,0.1473590408295528,12344
W,1820,1.6368167945924796,0.1474400518470512,12344
W,1821,1.6377880096342265,0.14752106286454958,12344
W,1822,1.6377880096342265,0.14760207388204796,12344
W,1823,1.6377880096342265,0.14768308489954635,12344
W,1824,1.6377880096342265,0.14776409591704473,12344
W,1825,1.6377880096342265,0.14784510693454309,12344
W,1826,1.6377880096342265,0.14792611795204147,12344
W,1827,1.6377880096342265,0.14800712896953985,12344
W,1828,1.6377880096342265,0.14808813998703824,12344
W,1829,1.6384991879077946,0.14816915100453662,12344
W,1830,1.6384991879077946,0.148250162022035,12344
W,1831,1.6384991879077946,0.1483311730395334,12344
W,1832,1.6384991879077946,0.14841218405703174,12344
W,1833,1.6384991879077946,0.14849319507453013,12344
W,1834,1.6384991879077946,0.1485742060920285,12344
W,1835,1.6384991879077946,0.1486552171095269,12344
W,1836,1.6384991879077946,0.14873622812702528,12344
W,1837,1.6384991879077946,0.14881723914452366,12344
W,1838,1.6384991879077946,0.14889825016202204,12344
W,1839,1.6384991879077946,0.14897926117952043,12344
W,1840,1.6384991879077946,0.14906027219701878,12344
W,1841,1.6384991879077946,0.14914128321451717,12344
W,1842,1.6384991879077946,0.14922229423201555,12344
W,1843,1.6506823099973094,0.14930330524951393,12344
W,1844,1.6551412974425406,0.14938431626701232,12344
W,1845,1.655400433683723,0.1494653272845107,12344
W,1846,1.6663010080395917,0.14954633830200909,12344
W,1847,1.6672712690169706,0.14962734931950744,12344
W,1848,1.6672712690169706,0.14970836033700582,12344
W,1849,1.6679996554116479,0.1497893713545042,12344
W,1850,1.6786323448544127,0.1498703823720026,12344
W,1851,1.6786323448544127,0.14995139338950098,12344
W,1852,1.6786323448544127,0.15003240440699936,12344
W,1853,1.6786323448544127,0.15011341542449774,12344
W,1854,1.6786323448544127,0.1501944264419961,12344
W,1855,1.6803386990392817,0.15027543745949448,12344
W,1856,1.6834724642821484,0.15035644847699287,12344
W,1857,1.6834724642821484,0.15043745949449125,12344
W,1858,1.6834724642821484,0.15051847051198963,12344
W,1859,1.6834724642821484,0.15059948152948802,12344
W,1860,1.6834724642821484,0.1506804925469864,12344
W,1861,1.6834724642821484,0.15076150356448478,12344
W,1862,1.6858109326248,0.15084251458198314,12344
W,1863,1.685974089480133,0.15092352559948152,12344
W,1864,1.6938151112591215,0.1510045366169799,12344
W,1865,1.6978053515375615,0.1510855476344783,12344
W,1866,1.699356185786966,0.15116655865197667,12344
W,1867,1.7015099268434635,0.15124756966947506,12344
W,1868,1.702745735660185,0.15132858068697344,12344
W,1869,1.702745735660185,0.1514095917044718,12344
W,1870,1.702745735660185,0.15149060272197018,12344
W,1871,1.7076229056650134,0.15157161373946856,12344
W,1872,1.719552156595641,0.15165262475696695,12344
W,1873,1.719552156595641,0.15173363577446533,12344
W,1874,1.719552156595641,0.15181464679196371,12344
W,1875,1.719552156595641,0.1518956578094621,12344
W,1876,1.719552156595641,0.15197666882696045,12344
W,1877,1.719552156595641,0.15205767984445884,12344
W,1878,1.719552156595641,0.15213869086195722,12344
W,1879,1.719552156595641,0.1522197018794556,12344
W,1880,1.719552156595641,0.152300712896954,12344
W,1881,1.7207518153978032,0.15238172391445237,12344
W,1882,1.7207518153978032,0.15246273493195076,12344
W,1883,1.7220392676558538,0.15254374594944914,12344
W,1884,1.7220392676558538,0.1526247569669475,12344
W,1885,1.7220392676558538,0.15270576798444588,12344
W,1886,1.7220392676558538,0.15278677900194426,12344
W,1887,1.7220392676558538,0.15286779001944265,12344
W,1888,1.7255104625178248,0.15294880103694103,12344
W,1889,1.7255104625178248,0.1530298120544394,12344
W,1890,1.7255104625178248,0.1531108230719378,12344
W,1891,1.7255104625178248,0.15319183408943615,12344
W,1892,1.7255104625178248,0.15327284510693454,12344
W,1893,1.7255104625178248,0.15335385612443292,12344
W,1894,1.7255104625178248,0.1534348671419313,12344
W,1895,1.7255104625178248,0.1535158781594297,12344
W,1896,1.7255104625178248,0.15359688917692807,12344
W,1897,1.7255104625178248,0.15367790019442645,12344
W,1898,1.7255104625178248,0.1537589112119248,12344
W,1899,1.7255104625178248,0.1538399222294232,12344
W,1900,1.7255104625178248,0.15392093324692158,12344
W,1901,1.7255104625178248,0.15400194426441996,12344
W,1902,1.7255104625178248,0.15408295528191834,12344
W,1903,1.7255104625178248,0.15416396629941673,12344
W,1904,1.7255104625178248,0.1542449773169151,12344
W,1905,1.7314893670078841,0.15432598833441347,12344
W,1906,1.7380055611636134,0.15440699935191185,12344
W,1907,1.738338173067958,0.15448801036941023,12344
W,1908,1.7594799547358722,0.15456902138690862,12344
W,1909,1.7619677922221613,0.154650032404407,12344
W,1910,1.774743983435004,0.15473104342190538,12344
W,1911,1.774743983435004,0.15481205443940377,12344
W,1912,1.774743983435004,0.15489306545690215,12344
W,1913,1.774743983435004,0.1549740764744005,12344
W,1914,1.774743983435004,0.1550550874918989,12344
W,1915,1.774743983435004,0.15513609850939727,12344
W,1916,1.774743983435004,0.15521710952689566,12344
W,1917,1.774743983435004,0.15529812054439404,12344
W,1918,1.774743983435004,0.15537913156189243,12344
W,1919,1.774743983435004,0.1554601425793908,12344
W,1920,1.774743983435004,0.15554115359688916,12344
W,1921,1.774743983435004,0.15562216461438755,12344
W,1922,1.774743983435004,0.15570317563188593,12344
W,1923,1.774743983435004,0.15578418664938432,12344
W,1924,1.774743983435004,0.1558651976668827,12344
W,1925,1.774743983435004,0.15594620868438108,12344
W,1926,1.774743983435004,0.15602721970187947,12344
W,1927,1.774743983435004,0.15610823071937782,12344
W,1928,1.774743983435004,0.1561892417368762,12344
W,1929,1.774743983435004,0.1562702527543746,12344
W,1930,1.774743983435004,0.15635126377187297,12344
W,1931,1.7819648196088729,0.15643227478937136,12344
W,1932,1.7819648196088729,0.15651328580686974,12344
W,1933,1.7819648196088729,0.15659429682436812,12344
W,1934,1.7819648196088729,0.1566753078418665,12344
W,1935,1.7819648196088729,0.15675631885936486,12344
W,1936,1.7912673033166113,0.15683732987686325,12344
W,1937,1.7915906068122274,0.15691834089436163,12344
W,1938,1.8043952593121912,0.15699935191186,12344
W,1939,1.804595577519817,0.1570803629293584,12344
W,1940,1.804595577519817,0.15716137394685678,12344
W,1941,1.804595577519817,0.15724238496435516,12344
W,1942,1.804595577519817,0.15732339598185352,12344
W,1943,1.804595577519817,0.1574044069993519,12344
W,1944,1.804595577519817,0.1574854180168503,12344
W,1945,1.804595577519817,0.15756642903434867,12344
W,1946,1.8127063339077811,0.15764744005184705,12344
W,1947,1.813963270521068,0.15772845106934544,12344
W,1948,1.8152931417825648,0.15780946208684382,12344
W,1949,1.8152931417825648,0.15789047310434218,12344
W,1950,1.8187101050829353,0.15797148412184056,12344
W,1951,1.818810386230082,0.15805249513933894,12344
W,1952,1.818810386230082,0.15813350615683733,12344
W,1953,1.818810386230082,0.1582145171743357,12344
W,1954,1.818810386230082,0.1582955281918341,12344
W,1955,1.8235636318495791,0.15837653920933248,12344
W,1956,1.8235636318495791,0.15845755022683086,12344
W,1957,1.837332397948631,0.15853856124432922,12344
W,1958,1.837332397948631,0.1586195722618276,12344
W,1959,1.8407202082412117,0.15870058327932599,12344
W,1960,1.8487895468111968,0.15878159429682437,12344
W,1961,1.8487895468111968,0.15886260531432275,12344
W,1962,1.8487895468111968,0.15894361633182114,12344
W,1963,1.8487895468111968,0.15902462734931952,12344
W,1964,1.8487895468111968,0.15910563836681788,12344
W,1965,1.8487895468111968,0.15918664938431626,12344
W,1966,1.8487895468111968,0.15926766040181464,12344
W,1967,1.8487895468111968,0.15934867141931303,12344
W,1968,1.8487895468111968,0.1594296824368114,12344
W,1969,1.8487895468111968,0.1595106934543098,12344
W,1970,1.8487895468111968,0.15959170447180818,12344
W,1971,1.8540878684308255,0.15967271548930653,12344
W,1972,1.8540878684308255,0.15975372650680492,12344
W,1973,1.8540878684308255,0.1598347375243033,12344
W,1974,1.8540878684308255,0.15991574854180168,12344
W,1975,1.8547176615224,0.15999675955930007,12344
W,1976,1.866950343124568,0.16007777057679845,12344
W,1977,1.866950343124568,0.16015878159429683,12344
W,1978,1.8712218396819704,0.16023979261179522,12344
W,1979,1.8712218396819704,0.16032080362929357,12344
W,1980,1.8712218396819704,0.16040181464679196,12344
W,1981,1.8712218396819704,0.16048282566429034,12344
W,1982,1.8712218396819704,0.16056383668178872,12344
W,1983,1.8712218396819704,0.1606448476992871,12344
W,1984,1.8712218396819704,0.1607258587167855,12344
W,1985,1.8712218396819704,0.16080686973428387,12344
W,1986,1.8712218396819704,0.16088788075178223,12344
W,1987,1.8712218396819704,0.16096889176928061,12344
W,1988,1.8712218396819704,0.161049902786779,12344
W,1989,1.8712218396819704,0.16113091380427738,12344
W,1990,1.8712218396819704,0.16121192482177576,12344
W,1991,1.8712218396819704,0.16129293583927415,12344
W,1992,1.8712218396819704,0.16137394685677253,12344
W,1993,1.8712218396819704,0.1614549578742709,12344
W,1994,1.8712218396819704,0.16153596889176927,12344
W,1995,1.8712218396819704,0.16161697990926766,12344
W,1996,1.8712218396819704,0.16169799092676604,12344
W,1997,1.8712218396819704,0.16177900194426442,12344
W,1998,1.8712218396819704,0.1618600129617628,12344
W,1999,1.8733317441623036,0.1619410239792612,12344
W,2000,1.8779480290767947,0.16202203499675957,12344
W,2001,1.8808654241432903,0.16210304601425793,12344
W,2002,1.8808654241432903,0.1621840570317563,12344
W,2003,1.8808654241432903,0.1622650680492547,12344
W,2004,1.8808654241432903,0.16234607906675308,12344
W,2005,1.8808654241432903,0.16242709008425146,12344
W,2006,1.8818315512770265,0.16250810110174985,12344
W,2007,1.8818315512770265,0.16258911211924823,12344
W,2008,1.8818315512770265,0.16267012313674659,12344
W,2009,1.8818315512770265,0.16275113415424497,12344
W,2010,1.8818315512770265,0.16283214517174335,12344
W,2011,1.8818315512770265,0.16291315618924174,12344
W,2012,1.8818315512770265,0.16299416720674012,12344
W,2013,1.8818315512770265,0.1630751782242385,12344
W,2014,1.8818315512770265,0.1631561892417369,12344
W,2015,1.8818315512770265,0.16323720025923524,12344
W,2016,1.8818315512770265,0.16331821127673363,12344
W,2017,1.8818315512770265,0.163399222294232,12344
W,2018,1.8818315512770265,0.1634802333117304,12344
W,2019,1.8818315512770265,0.16356124432922878,12344
W,2020,1.8818315512770265,0.16364225534672716,12344
W,2021,1.8818315512770265,0.16372326636422554,12344
W,2022,1.8818315512770265,0.1638042773817239,12344
W,2023,1.882689255624973,0.16388528839922228,12344
W,2024,1.882689255624973,0.16396629941672067,12344
W,2025,1.882689255624973,0.16404731043421905,12344
W,2026,1.882689255624973,0.16412832145171743,12344
W,2027,1.885272605316035,0.16420933246921582,12344
W,2028,1.891056322502371,0.1642903434867142,12344
W,2029,1.891056322502371,0.16437135450421259,12344
W,2030,1.9114944907027287,0.16445236552171094,12344
W,2031,1.9114944907027287,0.16453337653920933,12344
W,2032,1.9114944907027287,0.1646143875567077,12344
W,2033,1.9114944907027287,0.1646953985742061,12344
W,2034,1.9114944907027287,0.16477640959170448,12344
W,2035,1.9127450665014323,0.16485742060920286,12344
W,2036,1.9127450665014323,0.16493843162670124,12344
W,2037,1.9127450665014323,0.1650194426441996,12344
W,2038,1.9127450665014323,0.16510045366169798,12344
W,2039,1.9127450665014323,0.16518146467919637,12344
W,2040,1.9127450665014323,0.16526247569669475,12344
W,2041,1.9127450665014323,0.16534348671419313,12344
W,2042,1.9127450665014323,0.16542449773169152,12344
W,2043,1.9127450665014323,0.1655055087491899,12344
W,2044,1.9127450665014323,0.16558651976668826,12344
W,2045,1.9127450665014323,0.16566753078418664,12344
W,2046,1.9127450665014323,0.16574854180168502,12344
W,2047,1.9127450665014323,0.1658295528191834,12344
W,2048,1.9127450665014323,0.1659105638366818,12344
W,2049,1.9127450665014323,0.16599157485418017,12344
W,2050,1.9127450665014323,0.16607258587167856,12344
W,2051,1.9127450665014323,0.16615359688917694,12344
W,2052,1.9127450665014323,0.1662346079066753,12344
W,2053,1.9127450665014323,0.16631561892417368,12344
W,2054,1.917233778940985,0.16639662994167206,12344
W,2055,1.9216406980363945,0.16647764095917045,12344
W,2056,1.9264952328859666,0.16655865197666883,12344
W,2057,1.9359522834978293,0.16663966299416721,12344
W,2058,1.943416764398504,0.1667206740116656,12344
W,2059,1.943416764398504,0.16680168502916395,12344
W,2060,1.943416764398504,0.16688269604666234,12344
W,2061,1.943416764398504,0.16696370706416072,12344
W,2062,1.943416764398504,0.1670447180816591,12344
W,2063,1.943416764398504,0.1671257290991575,12344
W,2064,1.9440830025795548,0.16720674011665587,12344
W,2065,1.9440830025795548,0.16728775113415426,12344
W,2066,1.9440830025795548,0.1673687621516526,12344
W,2067,1.9493746196825892,0.167449773169151,12344
W,2068,1.953001581505273,0.16753078418664938,12344
W,2069,1.9624967820042811,0.16761179520414776,12344
W,2070,1.9681567433440108,0.16769280622164615,12344
W,2071,1.9681567433440108,0.16777381723914453,12344
W,2072,1.9681567433440108,0.1678548282566429,12344
W,2073,1.9681567433440108,0.1679358392741413,12344
W,2074,1.9681567433440108,0.16801685029163965,12344
W,2075,1.9681567433440108,0.16809786130913804,12344
W,2076,1.9681567433440108,0.16817887232663642,12344
W,2077,1.9681567433440108,0.1682598833441348,12344
W,2078,1.9681567433440108,0.1683408943616332,12344
W,2079,1.9722839132950964,0.16842190537913157,12344
W,2080,1.9763438316450053,0.16850291639662995,12344
W,2081,1.9763438316450053,0.1685839274141283,12344
W,2082,1.9763438316450053,0.1686649384316267,12344
W,2083,1.9763438316450053,0.16874594944912508,12344
W,2084,1.9763438316450053,0.16882696046662346,12344
W,2085,1.9763438316450053,0.16890797148412184,12344
W,2086,1.9763438316450053,0.16898898250162023,12344
W,2087,1.9763438316450053,0.1690699935191186,12344
W,2088,1.9763438316450053,0.16915100453661697,12344
W,2089,1.9780045578734717,0.16923201555411535,12344
W,2090,1.9780045578734717,0.16931302657161373,12344
W,2091,1.9808757416862204,0.16939403758911212,12344
W,2092,1.9808757416862204,0.1694750486066105,12344
W,2093,1.9808757416862204,0.16955605962410888,12344
W,2094,1.9808757416862204,0.16963707064160727,12344
W,2095,1.9808757416862204,0.16971808165910565,12344
W,2096,1.9835797596169136,0.169799092676604,12344
W,2097,1.9835797596169136,0.1698801036941024,12344
W,2098,1.9835797596169136,0.16996111471160077,12344
W,2099,1.9835797596169136,0.17004212572909916,12344
W,2100,1.9835797596169136,0.17012313674659754,12344
W,2101,1.9835797596169136,0.17020414776409593,12344
W,2102,1.9835797596169136,0.1702851587815943,12344
W,2103,1.9835797596169136,0.17036616979909266,12344
W,2104,1.9835797596169136,0.17044718081659105,12344
W,2105,1.9835797596169136,0.17052819183408943,12344
W,2106,1.9835797596169136,0.17060920285158782,12344
W,2107,1.9835797596169136,0.1706902138690862,12344
W,2108,1.9835797596169136,0.17077122488658458,12344
W,2109,1.9835797596169136,0.17085223590408297,12344
W,2110,1.9835797596169136,0.17093324692158132,12344
W,2111,1.9835797596169136,0.1710142579390797,12344
W,2112,1.9835797596169136,0.1710952689565781,12344
W,2113,1.9835797596169136,0.17117627997407647,12344
W,2114,1.9835797596169136,0.17125729099157486,12344
W,2115,1.993496498624583,0.17133830200907324,12344
W,2116,1.9950402247919456,0.17141931302657162,12344
W,2117,1.9950402247919456,0.17150032404407,12344
W,2118,2.005665159204106,0.17158133506156836,12344
W,2119,2.0148815106679088,0.17166234607906675,12344
W,2120,2.0208090291580243,0.17174335709656513,12344
W,2121,2.0234820902096717,0.1718243681140635,12344
W,2122,2.0237120820276164,0.1719053791315619,12344
W,2123,2.0237120820276164,0.17198639014906028,12344
W,2124,2.0373755255553205,0.17206740116655866,12344
W,2125,2.0373755255553205,0.17214841218405702,12344
W,2126,2.0373755255553205,0.1722294232015554,12344
W,2127,2.0373755255553205,0.1723104342190538,12344
W,2128,2.038231812938851,0.17239144523655217,12344
W,2129,2.038231812938851,0.17247245625405055,12344
W,2130,2.038231812938851,0.17255346727154894,12344
W,2131,2.038231812938851,0.17263447828904732,12344
W,2132,2.038231812938851,0.17271548930654568,12344
W,2133,2.038231812938851,0.17279650032404406,12344
W,2134,2.038231812938851,0.17287751134154244,12344
W,2135,2.038231812938851,0.17295852235904083,12344
W,2136,2.038231812938851,0.1730395333765392,12344
W,2137,2.038231812938851,0.1731205443940376,12344
W,2138,2.038231812938851,0.17320155541153598,12344
W,2139,2.038231812938851,0.17328256642903433,12344
W,2140,2.038231812938851,0.17336357744653272,12344
W,2141,2.038231812938851,0.1734445884640311,12344
W,2142,2.038231812938851,0.17352559948152949,12344
W,2143,2.0387427705445402,0.17360661049902787,12344
W,2144,2.0387427705445402,0.17368762151652625,12344
W,2145,2.0387427705445402,0.17376863253402464,12344
W,2146,2.0387427705445402,0.17384964355152302,12344
W,2147,2.0387427705445402,0.17393065456902138,12344
W,2148,2.0387427705445402,0.17401166558651976,12344
W,2149,2.0387427705445402,0.17409267660401814,12344
W,2150,2.0387427705445402,0.17417368762151653,12344
W,2151,2.0387427705445402,0.1742546986390149,12344
W,2152,2.0387427705445402,0.1743357096565133,12344
W,2153,2.0387427705445402,0.17441672067401168,12344
W,2154,2.0387427705445402,0.17449773169151003,12344
W,2155,2.0387427705445402,0.17457874270900842,12344
W,2156,2.0387427705445402,0.1746597537265068,12344
W,2157,2.0387427705445402,0.17474076474400518,12344
W,2158,2.0387427705445402,0.17482177576150357,12344
W,2159,2.0387427705445402,0.17490278677900195,12344
W,2160,2.040440210098361,0.17498379779650033,12344
W,2161,2.040440210098361,0.1750648088139987,12344
W,2162,2.040440210098361,0.17514581983149707,12344
W,2163,2.040440210098361,0.17522683084899546,12344
W,2164,2.040440210098361,0.17530784186649384,12344
W,2165,2.040440210098361,0.17538885288399222,12344
W,2166,2.040440210098361,0.1754698639014906,12344
W,2167,2.040440210098361,0.175550874918989,12344
W,2168,2.057720504585728,0.17563188593648738,12344
W,2169,2.077851923086824,0.17571289695398573,12344
W,2170,2.0787819940485823,0.17579390797148411,12344
W,2171,2.0787819940485823,0.1758749189889825,12344
W,2172,2.0787819940485823,0.17595593000648088,12344
W,2173,2.0787819940485823,0.17603694102397927,12344
W,2174,2.0787819940485823,0.17611795204147765,12344
W,2175,2.0787819940485823,0.17619896305897603,12344
W,2176,2.0787819940485823,0.1762799740764744,12344
W,2177,2.0787819940485823,0.17636098509397277,12344
W,2178,2.0787819940485823,0.17644199611147116,12344
W,2179,2.0787819940485823,0.17652300712896954,12344
W,2180,2.0787819940485823,0.17660401814646792,12344
W,2181,2.0787819940485823,0.1766850291639663,12344
W,2182,2.0787819940485823,0.1767660401814647,12344
W,2183,2.0787819940485823,0.17684705119896305,12344
W,2184,2.0787819940485823,0.17692806221646143,12344
W,2185,2.0787819940485823,0.1770090732339598,12344
W,2186,2.0787819940485823,0.1770900842514582,12344
W,2187,2.0787819940485823,0.17717109526895658,12344
W,2188,2.0787819940485823,0.17725210628645496,12344
W,2189,2.0787819940485823,0.17733311730395335,12344
W,2190,2.0787819940485823,0.17741412832145173,12344
W,2191,2.08000634164158,0.1774951393389501,12344
W,2192,2.08000634164158,0.17757615035644847,12344
W,2193,2.08000634164158,0.17765716137394685,12344
W,2194,2.08000634164158,0.17773817239144524,12344
W,2195,2.08000634164158,0.17781918340894362,12344
W,2196,2.08000634164158,0.177900194426442,12344
W,2197,2.08000634164158,0.1779812054439404,12344
W,2198,2.08000634164158,0.17806221646143874,12344
W,2199,2.08000634164158,0.17814322747893713,12344
W,2200,2.08000634164158,0.1782242384964355,12344
W,2201,2.08000634164158,0.1783052495139339,12344
W,2202,2.08000634164158,0.17838626053143228,12344
W,2203,2.08000634164158,0.17846727154893066,12344
W,2204,2.08000634164158,0.17854828256642905,12344
W,2205,2.08000634164158,0.1786292935839274,12344
W,2206,2.08000634164158,0.17871030460142578,12344
W,2207,2.08000634164158,0.17879131561892417,12344
W,2208,2.080506948798889,0.17887232663642255,12344
W,2209,2.080506948798889,0.17895333765392094,12344
W,2210,2.080506948798889,0.17903434867141932,12344
W,2211,2.0920027289502943,0.1791153596889177,12344
W,2212,2.0988836449757864,0.17919637070641609,12344
W,2213,2.0988836449757864,0.17927738172391444,12344
W,2214,2.0988836449757864,0.17935839274141283,12344
W,2215,2.0988836449757864,0.1794394037589112,12344
W,2216,2.0988836449757864,0.1795204147764096,12344
W,2217,2.0988836449757864,0.17960142579390798,12344
W,2218,2.0988836449757864,0.17968243681140636,12344
W,2219,2.0988836449757864,0.17976344782890474,12344
W,2220,2.0988836449757864,0.1798444588464031,12344
W,2221,2.0988836449757864,0.17992546986390148,12344
W,2222,2.0988836449757864,0.18000648088139987,12344
W,2223,2.0988836449757864,0.18008749189889825,12344
W,2224,2.0988836449757864,0.18016850291639663,12344
W,2225,2.0988836449757864,0.18024951393389502,12344
W,2226,2.0988836449757864,0.1803305249513934,12344
W,2227,2.0988836449757864,0.18041153596889176,12344
W,2228,2.101338112351258,0.18049254698639014,12344
W,2229,2.101338112351258,0.18057355800388852,12344
W,2230,2.1064264100515633,0.1806545690213869,12344
W,2231,2.109475734050609,0.1807355800388853,12344
W,2232,2.109475734050609,0.18081659105638367,12344
W,2233,2.109475734050609,0.18089760207388206,12344
W,2234,2.109475734050609,0.18097861309138044,12344
W,2235,2.109475734050609,0.1810596241088788,12344
W,2236,2.109475734050609,0.18114063512637718,12344
W,2237,2.109475734050609,0.18122164614387556,12344
W,2238,2.109475734050609,0.18130265716137395,12344
W,2239,2.1099566152011713,0.18138366817887233,12344
W,2240,2.110114349440242,0.18146467919637072,12344
W,2241,2.1106911733874494,0.1815456902138691,12344
W,2242,2.1106911733874494,0.18162670123136745,12344
W,2243,2.1106911733874494,0.18170771224886584,12344
W,2244,2.1106911733874494,0.18178872326636422,12344
W,2245,2.1106911733874494,0.1818697342838626,12344
W,2246,2.1106911733874494,0.181950745301361,12344
W,2247,2.1106911733874494,0.18203175631885937,12344
W,2248,2.1106911733874494,0.18211276733635776,12344
W,2249,2.1106911733874494,0.1821937783538561,12344
W,2250,2.1106911733874494,0.1822747893713545,12344
W,2251,2.1106911733874494,0.18235580038885288,12344
W,2252,2.1106911733874494,0.18243681140635126,12344
W,2253,2.1106911733874494,0.18251782242384965,12344
W,2254,2.1106911733874494,0.18259883344134803,12344
W,2255,2.1106911733874494,0.1826798444588464,12344
W,2256,2.110917835123195,0.18276085547634477,12344
W,2257,2.111747004491711,0.18284186649384315,12344
W,2258,2.113489943076519,0.18292287751134154,12344
W,2259,2.113489943076519,0.18300388852883992,12344
W,2260,2.113489943076519,0.1830848995463383,12344
W,2261,2.113489943076519,0.1831659105638367,12344
W,2262,2.113489943076519,0.18324692158133507,12344
W,2263,2.113489943076519,0.18332793259883345,12344
W,2264,2.1138288817781135,0.1834089436163318,12344
W,2265,2.1138288817781135,0.1834899546338302,12344
W,2266,2.1138288817781135,0.18357096565132858,12344
W,2267,2.116434035350494,0.18365197666882696,12344
W,2268,2.116434035350494,0.18373298768632534,12344
W,2269,2.116434035350494,0.18381399870382373,12344
W,2270,2.1170957653150917,0.1838950097213221,12344
W,2271,2.1170957653150917,0.18397602073882047,12344
W,2272,2.1170957653150917,0.18405703175631885,12344
W,2273,2.1170957653150917,0.18413804277381723,12344
W,2274,2.118616567611978,0.18421905379131562,12344
W,2275,2.118616567611978,0.184300064808814,12344
W,2276,2.118616567611978,0.18438107582631239,12344
W,2277,2.1230334316451303,0.18446208684381077,12344
W,2278,2.1230334316451303,0.18454309786130912,12344
W,2279,2.1230334316451303,0.1846241088788075,12344
W,2280,2.1230334316451303,0.1847051198963059,12344
W,2281,2.1230334316451303,0.18478613091380428,12344
W,2282,2.1230334316451303,0.18486714193130266,12344
W,2283,2.1230334316451303,0.18494815294880104,12344
W,2284,2.1230334316451303,0.18502916396629943,12344
W,2285,2.1230334316451303,0.1851101749837978,12344
W,2286,2.1230334316451303,0.18519118600129617,12344
W,2287,2.1230334316451303,0.18527219701879455,12344
W,2288,2.1230334316451303,0.18535320803629293,12344
W,2289,2.1230334316451303,0.18543421905379132,12344
W,2290,2.1230334316451303,0.1855152300712897,12344
W,2291,2.1230334316451303,0.18559624108878808,12344
W,2292,2.1230334316451303,0.18567725210628647,12344
W,2293,2.1230334316451303,0.18575826312378482,12344
W,2294,2.1230334316451303,0.1858392741412832,12344
W,2295,2.1230334316451303,0.1859202851587816,12344
W,2296,2.1230334316451303,0.18600129617627997,12344
W,2297,2.1230334316451303,0.18608230719377836,12344
W,2298,2.1307387596832323,0.18616331821127674,12344
W,2299,2.1322508329964673,0.18624432922877512,12344
W,2300,2.134963368958778,0.18632534024627348,12344
W,2301,2.134963368958778,0.18640635126377186,12344
W,2302,2.1364707283345914,0.18648736228127025,12344
W,2303,2.1388278546207413,0.18656837329876863,12344
W,2304,2.1388278546207413,0.18664938431626701,12344
W,2305,2.1388278546207413,0.1867303953337654,12344
W,2306,2.1388278546207413,0.18681140635126378,12344
W,2307,2.1388278546207413,0.18689241736876216,12344
W,2308,2.1388278546207413,0.18697342838626052,12344
W,2309,2.1388278546207413,0.1870544394037589,12344
W,2310,2.1388278546207413,0.1871354504212573,12344
W,2311,2.1388278546207413,0.18721646143875567,12344
W,2312,2.1388278546207413,0.18729747245625405,12344
W,2313,2.1388278546207413,0.18737848347375244,12344
W,2314,2.1388278546207413,0.18745949449125082,12344
W,2315,2.1388278546207413,0.18754050550874918,12344
W,2316,2.1388278546207413,0.18762151652624756,12344
W,2317,2.1388278546207413,0.18770252754374595,12344
W,2318,2.1388278546207413,0.18778353856124433,12344
W,2319,2.1388278546207413,0.1878645495787427,12344
W,2320,2.1388278546207413,0.1879455605962411,12344
W,2321,2.1388278546207413,0.18802657161373948,12344
W,2322,2.1388278546207413,0.18810758263123784,12344
W,2323,2.1388278546207413,0.18818859364873622,12344
W,2324,2.1388278546207413,0.1882696046662346,12344
W,2325,2.150890656967037,0.18835061568373299,12344
W,2326,2.152075254260591,0.18843162670123137,12344
W,2327,2.152075254260591,0.18851263771872975,12344
W,2328,2.152075254260591,0.18859364873622814,12344
W,2329,2.152075254260591,0.18867465975372652,12344
W,2330,2.152075254260591,0.18875567077122488,12344
W,2331,2.152075254260591,0.18883668178872326,12344
W,2332,2.15314594028812,0.18891769280622164,12344
W,2333,2.15314594028812,0.18899870382372003,12344
W,2334,2.1543069243679125,0.1890797148412184,12344
W,2335,2.1543069243679125,0.1891607258587168,12344
W,2336,2.1543069243679125,0.18924173687621518,12344
W,2337,2.1643858586599465,0.18932274789371353,12344
W,2338,2.1643858586599465,0.18940375891121192,12344
W,2339,2.1711854695308985,0.1894847699287103,12344
W,2340,2.1711854695308985,0.18956578094620868,12344
W,2341,2.1787807982873533,0.18964679196370707,12344
W,2342,2.1807586275026396,0.18972780298120545,12344
W,2343,2.183100426183318,0.18980881399870383,12344
W,2344,2.183100426183318,0.1898898250162022,12344
W,2345,2.183100426183318,0.18997083603370057,12344
W,2346,2.183100426183318,0.19005184705119896,12344
W,2347,2.183100426183318,0.19013285806869734,12344
W,2348,2.183100426183318,0.19021386908619572,12344
W,2349,2.183100426183318,0.1902948801036941,12344
W,2350,2.183100426183318,0.1903758911211925,12344
W,2351,2.183100426183318,0.19045690213869088,12344
W,2352,2.183100426183318,0.19053791315618923,12344
W,2353,2.183100426183318,0.19061892417368761,12344
W,2354,2.183100426183318,0.190699935191186,12344
W,2355,2.183100426183318,0.19078094620868438,12344
W,2356,2.183100426183318,0.19086195722618277,12344
W,2357,2.186083481343297,0.19094296824368115,12344
W,2358,2.1897779220026576,0.19102397926117953,12344
W,2359,2.1934064373636004,0.1911049902786779,12344
W,2360,2.1934064373636004,0.19118600129617627,12344
W,2361,2.1934064373636004,0.19126701231367466,12344
W,2362,2.1934064373636004,0.19134802333117304,12344
W,2363,2.1934064373636004,0.19142903434867142,12344
W,2364,2.1934064373636004,0.1915100453661698,12344
W,2365,2.1960285303642118,0.1915910563836682,12344
W,2366,2.1960285303642118,0.19167206740116655,12344
W,2367,2.1960285303642118,0.19175307841866493,12344
W,2368,2.2090175196971957,0.1918340894361633,12344
W,2369,2.2090175196971957,0.1919151004536617,12344
W,2370,2.2090175196971957,0.19199611147116008,12344
W,2371,2.2090175196971957,0.19207712248865846,12344
W,2372,2.2090175196971957,0.19215813350615685,12344
W,2373,2.2090175196971957,0.19223914452365523,12344
W,2374,2.2090175196971957,0.1923201555411536,12344
W,2375,2.2090175196971957,0.19240116655865197,12344
W,2376,2.209152810702155,0.19248217757615035,12344
W,2377,2.209152810702155,0.19256318859364874,12344
W,2378,2.209152810702155,0.19264419961114712,12344
W,2379,2.209152810702155,0.1927252106286455,12344
W,2380,2.209152810702155,0.1928062216461439,12344
W,2381,2.209152810702155,0.19288723266364224,12344
W,2382,2.209152810702155,0.19296824368114063,12344
W,2383,2.209152810702155,0.193049254698639,12344
W,2384,2.209152810702155,0.1931302657161374,12344
W,2385,2.209152810702155,0.19321127673363578,12344
W,2386,2.209152810702155,0.19329228775113416,12344
W,2387,2.209152810702155,0.19337329876863255,12344
W,2388,2.209152810702155,0.1934543097861309,12344
W,2389,2.209152810702155,0.19353532080362928,12344
W,2390,2.209152810702155,0.19361633182112767,12344
W,2391,2.209152810702155,0.19369734283862605,12344
W,2392,2.209152810702155,0.19377835385612444,12344
W,2393,2.209152810702155,0.19385936487362282,12344
W,2394,2.209152810702155,0.1939403758911212,12344
W,2395,2.209152810702155,0.19402138690861956,12344
W,2396,2.209152810702155,0.19410239792611794,12344
W,2397,2.209152810702155,0.19418340894361633,12344
W,2398,2.209152810702155,0.1942644199611147,12344
W,2399,2.209152810702155,0.1943454309786131,12344
W,2400,2.209152810702155,0.19442644199611148,12344
W,2401,2.209152810702155,0.19450745301360986,12344
W,2402,2.215665212706959,0.19458846403110824,12344
W,2403,2.2157319483005007,0.1946694750486066,12344
W,2404,2.2157319483005007,0.19475048606610498,12344
W,2405,2.2157319483005007,0.19483149708360337,12344
W,2406,2.2157319483005007,0.19491250810110175,12344
W,2407,2.2157319483005007,0.19499351911860013,12344
W,2408,2.2157319483005007,0.19507453013609852,12344
W,2409,2.2157319483005007,0.1951555411535969,12344
W,2410,2.2157319483005007,0.19523655217109526,12344
W,2411,2.2157319483005007,0.19531756318859364,12344
W,2412,2.2157319483005007,0.19539857420609202,12344
W,2413,2.2157319483005007,0.1954795852235904,12344
W,2414,2.216715940652284,0.1955605962410888,12344
W,2415,2.216715940652284,0.19564160725858717,12344
W,2416,2.216715940652284,0.19572261827608556,12344
W,2417,2.216715940652284,0.19580362929358391,12344
W,2418,2.216715940652284,0.1958846403110823,12344
W,2419,2.216715940652284,0.19596565132858068,12344
W,2420,2.216715940652284,0.19604666234607906,12344
W,2421,2.216715940652284,0.19612767336357745,12344
W,2422,2.216715940652284,0.19620868438107583,12344
W,2423,2.220689283140481,0.19628969539857422,12344
W,2424,2.220689283140481,0.1963707064160726,12344
W,2425,2.220689283140481,0.19645171743357095,12344
W,2426,2.220689283140481,0.19653272845106934,12344
W,2427,2.220689283140481,0.19661373946856772,12344
W,2428,2.220689283140481,0.1966947504860661,12344
W,2429,2.220689283140481,0.1967757615035645,12344
W,2430,2.220689283140481,0.19685677252106287,12344
W,2431,2.220689283140481,0.19693778353856126,12344
W,2432,2.22311019838286,0.1970187945560596,12344
W,2433,2.2350111438910862,0.197099805573558,12344
W,2434,2.2350111438910862,0.19718081659105638,12344
W,2435,2.2382757492120637,0.19726182760855476,12344
W,2436,2.249197120047548,0.19734283862605315,12344
W,2437,2.249197120047548,0.19742384964355153,12344
W,2438,2.249197120047548,0.1975048606610499,12344
W,2439,2.249197120047548,0.19758587167854827,12344
W,2440,2.249197120047548,0.19766688269604665,12344
W,2441,2.249197120047548,0.19774789371354504,12344
W,2442,2.249197120047548,0.19782890473104342,12344
W,2443,2.250097630920044,0.1979099157485418,12344
W,2444,2.250097630920044,0.1979909267660402,12344
W,2445,2.251691361463641,0.19807193778353857,12344
W,2446,2.251691361463641,0.19815294880103695,12344
W,2447,2.251691361463641,0.1982339598185353,12344
W,2448,2.251691361463641,0.1983149708360337,12344
W,2449,2.251691361463641,0.19839598185353208,12344
W,2450,2.251691361463641,0.19847699287103046,12344
W,2451,2.251691361463641,0.19855800388852884,12344
W,2452,2.251691361463641,0.19863901490602723,12344
W,2453,2.251691361463641,0.1987200259235256,12344
W,2454,2.251691361463641,0.19880103694102397,12344
W,2455,2.251691361463641,0.19888204795852235,12344
W,2456,2.252875050987969,0.19896305897602073,12344
W,2457,2.2561961192029822,0.19904406999351912,12344
W,2458,2.2561961192029822,0.1991250810110175,12344
W,2459,2.2586914818991346,0.19920609202851589,12344
W,2460,2.2586914818991346,0.19928710304601427,12344
W,2461,2.2586914818991346,0.19936811406351262,12344
W,2462,2.2586914818991346,0.199449125081011,12344
W,2463,2.2586914818991346,0.1995301360985094,12344
W,2464,2.2586914818991346,0.19961114711600778,12344
W,2465,2.2586914818991346,0.19969215813350616,12344
W,2466,2.2586914818991346,0.19977316915100454,12344
W,2467,2.2586914818991346,0.19985418016850293,12344
W,2468,2.2586914818991346,0.1999351911860013,12344
W,2469,2.2586914818991346,0.20001620220349967,12344
W,2470,2.2586914818991346,0.20009721322099805,12344
W,2471,2.2586914818991346,0.20017822423849643,12344
W,2472,2.2586914818991346,0.20025923525599482,12344
W,2473,2.2586914818991346,0.2003402462734932,12344
W,2474,2.2586914818991346,0.20042125729099158,12344
W,2475,2.2586914818991346,0.20050226830848997,12344
W,2476,2.2586914818991346,0.20058327932598832,12344
W,2477,2.2586914818991346,0.2006642903434867,12344
W,2478,2.27633974590917,0.2007453013609851,12344
W,2479,2.27633974590917,0.20082631237848347,12344
W,2480,2.278818712638184,0.20090732339598186,12344
W,2481,2.282110430636557,0.20098833441348024,12344
W,2482,2.282110430636557,0.20106934543097862,12344
W,2483,2.282110430636557,0.20115035644847698,12344
W,2484,2.2857160305292674,0.20123136746597536,12344
W,2485,2.2857160305292674,0.20131237848347375,12344
W,2486,2.2935621421851247,0.20139338950097213,12344
W,2487,2.2935621421851247,0.20147440051847051,12344
W,2488,2.2945272412003392,0.2015554115359689,12344
W,2489,2.3000726057823258,0.20163642255346728,12344
W,2490,2.3000726057823258,0.20171743357096567,12344
W,2491,2.3000726057823258,0.20179844458846402,12344
W,2492,2.3000726057823258,0.2018794556059624,12344
W,2493,2.3000726057823258,0.2019604666234608,12344
W,2494,2.3000726057823258,0.20204147764095917,12344
W,2495,2.3000726057823258,0.20212248865845756,12344
W,2496,2.3000726057823258,0.20220349967595594,12344
W,2497,2.3000726057823258,0.20228451069345432,12344
W,2498,2.3000726057823258,0.20236552171095268,12344
W,2499,2.3000726057823258,0.20244653272845106,12344
W,2500,2.3000726057823258,0.20252754374594945,12344
W,2501,2.3000726057823258,0.20260855476344783,12344
W,2502,2.3000726057823258,0.2026895657809462,12344
W,2503,2.3000726057823258,0.2027705767984446,12344
W,2504,2.3000726057823258,0.20285158781594298,12344
W,2505,2.3000726057823258,0.20293259883344134,12344
W,2506,2.3000726057823258,0.20301360985093972,12344
W,2507,2.3000726057823258,0.2030946208684381,12344
W,2508,2.3000726057823258,0.2031756318859365,12344
W,2509,2.3000726057823258,0.20325664290343487,12344
W,2510,2.3000726057823258,0.20333765392093325,12344
W,2511,2.300953033576039,0.20341866493843164,12344
W,2512,2.300953033576039,0.20349967595593,12344
W,2513,2.300953033576039,0.20358068697342838,12344
W,2514,2.309663840369725,0.20366169799092676,12344
W,2515,2.3159658420033593,0.20374270900842514,12344
W,2516,2.3249210730245546,0.20382372002592353,12344
W,2517,2.3249210730245546,0.2039047310434219,12344
W,2518,2.327143169294838,0.2039857420609203,12344
W,2519,2.3309988142711857,0.20406675307841868,12344
W,2520,2.3368060659899386,0.20414776409591703,12344
W,2521,2.347643299909128,0.20422877511341542,12344
W,2522,2.347643299909128,0.2043097861309138,12344
W,2523,2.347643299909128,0.20439079714841218,12344
W,2524,2.347643299909128,0.20447180816591057,12344
W,2525,2.3580715922072573,0.20455281918340895,12344
W,2526,2.3625800045998244,0.20463383020090734,12344
W,2527,2.3625800045998244,0.2047148412184057,12344
W,2528,2.3625800045998244,0.20479585223590407,12344
W,2529,2.3634706274707713,0.20487686325340246,12344
W,2530,2.364242612580621,0.20495787427090084,12344
W,2531,2.365276144172335,0.20503888528839923,12344
W,2532,2.365276144172335,0.2051198963058976,12344
W,2533,2.366859012742427,0.205200907323396,12344
W,2534,2.366859012742427,0.20528191834089435,12344
W,2535,2.367227231328961,0.20536292935839273,12344
W,2536,2.373268280102964,0.20544394037589112,12344
W,2537,2.373268280102964,0.2055249513933895,12344
W,2538,2.373268280102964,0.20560596241088788,12344
W,2539,2.373268280102964,0.20568697342838627,12344
W,2540,2.373268280102964,0.20576798444588465,12344
W,2541,2.373268280102964,0.20584899546338303,12344
W,2542,2.373268280102964,0.2059300064808814,12344
W,2543,2.373268280102964,0.20601101749837977,12344
W,2544,2.373268280102964,0.20609202851587816,12344
W,2545,2.373268280102964,0.20617303953337654,12344
W,2546,2.373268280102964,0.20625405055087492,12344
W,2547,2.373268280102964,0.2063350615683733,12344
W,2548,2.373268280102964,0.2064160725858717,12344
W,2549,2.373268280102964,0.20649708360337005,12344
W,2550,2.373268280102964,0.20657809462086843,12344
W,2551,2.373268280102964,0.2066591056383668,12344
W,2552,2.373268280102964,0.2067401166558652,12344
W,2553,2.373268280102964,0.20682112767336358,12344
W,2554,2.373268280102964,0.20690213869086196,12344
W,2555,2.373268280102964,0.20698314970836035,12344
W,2556,2.373268280102964,0.2070641607258587,12344
W,2557,2.373268280102964,0.2071451717433571,12344
W,2558,2.373268280102964,0.20722618276085547,12344
W,2559,2.373268280102964,0.20730719377835385,12344
W,2560,2.373268280102964,0.20738820479585224,12344
W,2561,2.373268280102964,0.20746921581335062,12344
W,2562,2.373268280102964,0.207550226830849,12344
W,2563,2.3826527956145616,0.2076312378483474,12344
W,2564,2.3826527956145616,0.20771224886584574,12344
W,2565,2.3826527956145616,0.20779325988334413,12344
W,2566,2.3855497393805316,0.2078742709008425,12344
W,2567,2.391031302898003,0.2079552819183409,12344
W,2568,2.3952040147096167,0.20803629293583928,12344
W,2569,2.3952040147096167,0.20811730395333766,12344
W,2570,2.3952040147096167,0.20819831497083605,12344
W,2571,2.3952040147096167,0.2082793259883344,12344
W,2572,2.3952040147096167,0.20836033700583279,12344
W,2573,2.3952040147096167,0.20844134802333117,12344
W,2574,2.3952040147096167,0.20852235904082955,12344
W,2575,2.3952040147096167,0.20860337005832794,12344
W,2576,2.3952040147096167,0.20868438107582632,12344
W,2577,2.3952040147096167,0.2087653920933247,12344
W,2578,2.3952040147096167,0.20884640311082306,12344
W,2579,2.3952040147096167,0.20892741412832144,12344
W,2580,2.3952040147096167,0.20900842514581983,12344
W,2581,2.3952040147096167,0.2090894361633182,12344
W,2582,2.3952040147096167,0.2091704471808166,12344
W,2583,2.4047994900261784,0.20925145819831498,12344
W,2584,2.414250264894705,0.20933246921581336,12344
W,2585,2.414250264894705,0.20941348023331174,12344
W,2586,2.414250264894705,0.2094944912508101,12344
W,2587,2.414250264894705,0.20957550226830848,12344
W,2588,2.414250264894705,0.20965651328580687,12344
W,2589,2.414250264894705,0.20973752430330525,12344
W,2590,2.4190766753086153,0.20981853532080363,12344
W,2591,2.4190766753086153,0.20989954633830202,12344
W,2592,2.4190766753086153,0.2099805573558004,12344
W,2593,2.4190766753086153,0.21006156837329876,12344
W,2594,2.4190766753086153,0.21014257939079714,12344
W,2595,2.4190766753086153,0.21022359040829552,12344
W,2596,2.4190766753086153,0.2103046014257939,12344
W,2597,2.4190766753086153,0.2103856124432923,12344
W,2598,2.4190766753086153,0.21046662346079067,12344
W,2599,2.4190766753086153,0.21054763447828906,12344
W,2600,2.4190766753086153,0.21062864549578741,12344
W,2601,2.4190766753086153,0.2107096565132858,12344
W,2602,2.4190766753086153,0.21079066753078418,12344
W,2603,2.4190766753086153,0.21087167854828257,12344
W,2604,2.4190766753086153,0.21095268956578095,12344
W,2605,2.4190766753086153,0.21103370058327933,12344
W,2606,2.4190766753086153,0.21111471160077772,12344
W,2607,2.4190766753086153,0.2111957226182761,12344
W,2608,2.4190766753086153,0.21127673363577446,12344
W,2609,2.4226350575248636,0.21135774465327284,12344
W,2610,2.42547472021948,0.21143875567077122,12344
W,2611,2.42547472021948,0.2115197666882696,12344
W,2612,2.42547472021948,0.211600777705768,12344
W,2613,2.42547472021948,0.21168178872326637,12344
W,2614,2.42547472021948,0.21176279974076476,12344
W,2615,2.42547472021948,0.2118438107582631,12344
W,2616,2.4281819861457214,0.2119248217757615,12344
W,2617,2.4281819861457214,0.21200583279325988,12344
W,2618,2.4281819861457214,0.21208684381075826,12344
W,2619,2.4281819861457214,0.21216785482825665,12344
W,2620,2.4281819861457214,0.21224886584575503,12344
W,2621,2.4332829727078638,0.21232987686325341,12344
W,2622,2.4332829727078638,0.21241088788075177,12344
W,2623,2.4440600742114538,0.21249189889825015,12344
W,2624,2.4440600742114538,0.21257290991574854,12344
W,2625,2.4440600742114538,0.21265392093324692,12344
W,2626,2.4440600742114538,0.2127349319507453,12344
W,2627,2.4440600742114538,0.2128159429682437,12344
W,2628,2.4440600742114538,0.21289695398574207,12344
W,2629,2.4440600742114538,0.21297796500324043,12344
W,2630,2.4440600742114538,0.2130589760207388,12344
W,2631,2.4440600742114538,0.2131399870382372,12344
W,2632,2.4455337331837064,0.21322099805573558,12344
W,2633,2.4455337331837064,0.21330200907323396,12344
W,2634,2.4455337331837064,0.21338302009073234,12344
W,2635,2.4480696764338044,0.21346403110823073,12344
W,2636,2.4480696764338044,0.2135450421257291,12344
W,2637,2.4480696764338044,0.21362605314322747,12344
W,2638,2.4480696764338044,0.21370706416072585,12344
W,2639,2.4480696764338044,0.21378807517822424,12344
W,2640,2.4527156426641135,0.21386908619572262,12344
W,2641,2.4666374441136973,0.213950097213221,12344
W,2642,2.4666374441136973,0.21403110823071939,12344
W,2643,2.4666374441136973,0.21411211924821777,12344
W,2644,2.4666374441136973,0.21419313026571613,12344
W,2645,2.4666374441136973,0.2142741412832145,12344
W,2646,2.4666374441136973,0.2143551523007129,12344
W,2647,2.4666374441136973,0.21443616331821128,12344
W,2648,2.4666374441136973,0.21451717433570966,12344
W,2649,2.4666374441136973,0.21459818535320804,12344
W,2650,2.4666374441136973,0.21467919637070643,12344
W,2651,2.4666374441136973,0.21476020738820478,12344
W,2652,2.4666374441136973,0.21484121840570317,12344
W,2653,2.4666374441136973,0.21492222942320155,12344
W,2654,2.4666374441136973,0.21500324044069993,12344
W,2655,2.4666374441136973,0.21508425145819832,12344
W,2656,2.4666374441136973,0.2151652624756967,12344
W,2657,2.4666374441136973,0.21524627349319508,12344
W,2658,2.4666374441136973,0.21532728451069347,12344
W,2659,2.4666374441136973,0.21540829552819182,12344
W,2660,2.4666374441136973,0.2154893065456902,12344
W,2661,2.4666374441136973,0.2155703175631886,12344
W,2662,2.4666374441136973,0.21565132858068697,12344
W,2663,2.4666374441136973,0.21573233959818536,12344
W,2664,2.4666374441136973,0.21581335061568374,12344
W,2665,2.4666374441136973,0.21589436163318212,12344
W,2666,2.4666374441136973,0.21597537265068048,12344
W,2667,2.4666374441136973,0.21605638366817886,12344
W,2668,2.4666374441136973,0.21613739468567725,12344
W,2669,2.4666374441136973,0.21621840570317563,12344
W,2670,2.4666374441136973,0.21629941672067401,12344
W,2671,2.4666374441136973,0.2163804277381724,12344
W,2672,2.4676507502522735,0.21646143875567078,12344
W,2673,2.4747322746324247,0.21654244977316914,12344
W,2674,2.4747322746324247,0.21662346079066752,12344
W,2675,2.4793306543489497,0.2167044718081659,12344
W,2676,2.4793306543489497,0.2167854828256643,12344
W,2677,2.4793306543489497,0.21686649384316267,12344
W,2678,2.4793306543489497,0.21694750486066106,12344
W,2679,2.485754995022847,0.21702851587815944,12344
W,2680,2.485754995022847,0.21710952689565782,12344
W,2681,2.492796593142398,0.21719053791315618,12344
W,2682,2.493966502166587,0.21727154893065456,12344
W,2683,2.4970089002018274,0.21735255994815295,12344
W,2684,2.4970089002018274,0.21743357096565133,12344
W,2685,2.4970089002018274,0.2175145819831497,12344
W,2686,2.4970089002018274,0.2175955930006481,12344
W,2687,2.4970089002018274,0.21767660401814648,12344
W,2688,2.4970089002018274,0.21775761503564484,12344
W,2689,2.4987565552683684,0.21783862605314322,12344
W,2690,2.4987565552683684,0.2179196370706416,12344
W,2691,2.4987565552683684,0.21800064808814,12344
W,2692,2.4987565552683684,0.21808165910563837,12344
W,2693,2.4987565552683684,0.21816267012313675,12344
W,2694,2.4996476095576967,0.21824368114063514,12344
W,2695,2.4996476095576967,0.2183246921581335,12344
W,2696,2.5194583380797004,0.21840570317563188,12344
W,2697,2.523482457217113,0.21848671419313026,12344
W,2698,2.523482457217113,0.21856772521062864,12344
W,2699,2.523482457217113,0.21864873622812703,12344
W,2700,2.523482457217113,0.2187297472456254,12344
W,2701,2.523482457217113,0.2188107582631238,12344
W,2702,2.523482457217113,0.21889176928062218,12344
W,2703,2.525933445678608,0.21897278029812053,12344
W,2704,2.525933445678608,0.21905379131561892,12344
W,2705,2.5282369208469277,0.2191348023331173,12344
W,2706,2.5282369208469277,0.21921581335061568,12344
W,2707,2.5282369208469277,0.21929682436811407,12344
W,2708,2.5282369208469277,0.21937783538561245,12344
W,2709,2.5282369208469277,0.21945884640311084,12344
W,2710,2.5282369208469277,0.2195398574206092,12344
W,2711,2.5282369208469277,0.21962086843810757,12344
W,2712,2.5296225491316213,0.21970187945560596,12344
W,2713,2.536952361685154,0.21978289047310434,12344
W,2714,2.536952361685154,0.21986390149060273,12344
W,2715,2.5379507766322655,0.2199449125081011,12344
W,2716,2.5384483535591453,0.2200259235255995,12344
W,2717,2.54473278621258,0.22010693454309785,12344
W,2718,2.545369248045101,0.22018794556059623,12344
W,2719,2.548761359554129,0.22026895657809462,12344
W,2720,2.5510707773958567,0.220349967595593,12344
W,2721,2.5510707773958567,0.22043097861309138,12344
W,2722,2.5510707773958567,0.22051198963058977,12344
W,2723,2.5522447590366597,0.22059300064808815,12344
W,2724,2.5604347942379087,0.22067401166558653,12344
W,2725,2.5610113230198976,0.2207550226830849,12344
W,2726,2.5610113230198976,0.22083603370058327,12344
W,2727,2.5610113230198976,0.22091704471808166,12344
W,2728,2.5610113230198976,0.22099805573558004,12344
W,2729,2.5610113230198976,0.22107906675307842,12344
W,2730,2.5610113230198976,0.2211600777705768,12344
W,2731,2.5610113230198976,0.2212410887880752,12344
W,2732,2.5610113230198976,0.22132209980557355,12344
W,2733,2.5610113230198976,0.22140311082307193,12344
W,2734,2.5610113230198976,0.2214841218405703,12344
W,2735,2.5610113230198976,0.2215651328580687,12344
W,2736,2.567304290267583,0.22164614387556708,12344
W,2737,2.567304290267583,0.22172715489306546,12344
W,2738,2.5674841156088384,0.22180816591056385,12344
W,2739,2.570144327514725,0.2218891769280622,12344
W,2740,2.573151989928647,0.2219701879455606,12344
W,2741,2.573151989928647,0.22205119896305897,12344
W,2742,2.5754391066689655,0.22213220998055735,12344
W,2743,2.5754391066689655,0.22221322099805574,12344
W,2744,2.5758246718598627,0.22229423201555412,12344
W,2745,2.5758246718598627,0.2223752430330525,12344
W,2746,2.5936625028411875,0.22245625405055086,12344
W,2747,2.5936625028411875,0.22253726506804924,12344
W,2748,2.5936625028411875,0.22261827608554763,12344
W,2749,2.5936625028411875,0.222699287103046,12344
W,2750,2.5936625028411875,0.2227802981205444,12344
W,2751,2.5936625028411875,0.22286130913804278,12344
W,2752,2.5936625028411875,0.22294232015554116,12344
W,2753,2.5936625028411875,0.22302333117303955,12344
W,2754,2.5936625028411875,0.2231043421905379,12344
W,2755,2.5936625028411875,0.22318535320803629,12344
W,2756,2.5936625028411875,0.22326636422553467,12344
W,2757,2.5936625028411875,0.22334737524303305,12344
W,2758,2.5936625028411875,0.22342838626053144,12344
W,2759,2.5936625028411875,0.22350939727802982,12344
W,2760,2.5936625028411875,0.2235904082955282,12344
W,2761,2.5936625028411875,0.22367141931302656,12344
W,2762,2.5936625028411875,0.22375243033052494,12344
W,2763,2.6023182422026916,0.22383344134802333,12344
W,2764,2.6023182422026916,0.2239144523655217,12344
W,2765,2.6023182422026916,0.2239954633830201,12344
W,2766,2.6023182422026916,0.22407647440051848,12344
W,2767,2.6023182422026916,0.22415748541801686,12344
W,2768,2.6023182422026916,0.22423849643551522,12344
W,2769,2.6023182422026916,0.2243195074530136,12344
W,2770,2.6023182422026916,0.22440051847051198,12344
W,2771,2.6023182422026916,0.22448152948801037,12344
W,2772,2.6023182422026916,0.22456254050550875,12344
W,2773,2.6023182422026916,0.22464355152300713,12344
W,2774,2.6023182422026916,0.22472456254050552,12344
W,2775,2.6023182422026916,0.2248055735580039,12344
W,2776,2.6023182422026916,0.22488658457550226,12344
W,2777,2.6023182422026916,0.22496759559300064,12344
W,2778,2.6023182422026916,0.22504860661049902,12344
W,2779,2.6023182422026916,0.2251296176279974,12344
W,2780,2.6023182422026916,0.2252106286454958,12344
W,2781,2.6023182422026916,0.22529163966299418,12344
W,2782,2.6023182422026916,0.22537265068049256,12344
W,2783,2.6079125733788255,0.22545366169799091,12344
W,2784,2.6079125733788255,0.2255346727154893,12344
W,2785,2.6171871617440816,0.22561568373298768,12344
W,2786,2.6171871617440816,0.22569669475048607,12344
W,2787,2.6171871617440816,0.22577770576798445,12344
W,2788,2.6171871617440816,0.22585871678548283,12344
W,2789,2.6171871617440816,0.22593972780298122,12344
W,2790,2.6171871617440816,0.22602073882047957,12344
W,2791,2.6171871617440816,0.22610174983797796,12344
W,2792,2.6171871617440816,0.22618276085547634,12344
W,2793,2.621221175786074,0.22626377187297472,12344
W,2794,2.621221175786074,0.2263447828904731,12344
W,2795,2.621221175786074,0.2264257939079715,12344
W,2796,2.621221175786074,0.22650680492546987,12344
W,2797,2.621221175786074,0.22658781594296826,12344
W,2798,2.621221175786074,0.2266688269604666,12344
W,2799,2.621221175786074,0.226749837977965,12344
W,2800,2.621221175786074,0.22683084899546338,12344
W,2801,2.621221175786074,0.22691186001296176,12344
W,2802,2.621221175786074,0.22699287103046015,12344
W,2803,2.621221175786074,0.22707388204795853,12344
W,2804,2.621221175786074,0.22715489306545691,12344
W,2805,2.621221175786074,0.22723590408295527,12344
W,2806,2.621221175786074,0.22731691510045365,12344
W,2807,2.621221175786074,0.22739792611795204,12344
W,2808,2.621221175786074,0.22747893713545042,12344
W,2809,2.6355456313831644,0.2275599481529488,12344
W,2810,2.6381598529037062,0.2276409591704472,12344
W,2811,2.6381598529037062,0.22772197018794557,12344
W,2812,2.6381598529037062,0.22780298120544393,12344
W,2813,2.6381598529037062,0.2278839922229423,12344
W,2814,2.6381598529037062,0.2279650032404407,12344
W,2815,2.641713485533857,0.22804601425793908,12344
W,2816,2.641713485533857,0.22812702527543746,12344
W,2817,2.6496656941045775,0.22820803629293585,12344
W,2818,2.6541612499798424,0.22828904731043423,12344
W,2819,2.6541612499798424,0.2283700583279326,12344
W,2820,2.656628293136222,0.22845106934543097,12344
W,2821,2.657134552493556,0.22853208036292935,12344
W,2822,2.666928633653957,0.22861309138042774,12344
W,2823,2.667438882313903,0.22869410239792612,12344
W,2824,2.671588868296089,0.2287751134154245,12344
W,2825,2.671588868296089,0.22885612443292289,12344
W,2826,2.6736117104193013,0.22893713545042127,12344
W,2827,2.6736117104193013,0.22901814646791963,12344
W,2828,2.6848300025002816,0.229099157485418,12344
W,2829,2.692363651708546,0.2291801685029164,12344
W,2830,2.692363651708546,0.22926117952041478,12344
W,2831,2.692363651708546,0.22934219053791316,12344
W,2832,2.692363651708546,0.22942320155541154,12344
W,2833,2.692363651708546,0.22950421257290993,12344
W,2834,2.6948267827272137,0.22958522359040828,12344
W,2835,2.695872911123699,0.22966623460790667,12344
W,2836,2.695872911123699,0.22974724562540505,12344
W,2837,2.695872911123699,0.22982825664290343,12344
W,2838,2.695872911123699,0.22990926766040182,12344
W,2839,2.698221110511432,0.2299902786779002,12344
W,2840,2.698221110511432,0.23007128969539858,12344
W,2841,2.7013546434882296,0.23015230071289697,12344
W,2842,2.7013546434882296,0.23023331173039532,12344
W,2843,2.7013546434882296,0.2303143227478937,12344
W,2844,2.7013546434882296,0.2303953337653921,12344
W,2845,2.7013546434882296,0.23047634478289047,12344
W,2846,2.7013546434882296,0.23055735580038886,12344
W,2847,2.7013546434882296,0.23063836681788724,12344
W,2848,2.7013546434882296,0.23071937783538563,12344
W,2849,2.7013546434882296,0.23080038885288398,12344
W,2850,2.7013546434882296,0.23088139987038236,12344
W,2851,2.7013546434882296,0.23096241088788075,12344
W,2852,2.7013546434882296,0.23104342190537913,12344
W,2853,2.7013546434882296,0.23112443292287752,12344
W,2854,2.7013546434882296,0.2312054439403759,12344
W,2855,2.70302408095686,0.23128645495787428,12344
W,2856,2.70302408095686,0.23136746597537264,12344
W,2857,2.70302408095686,0.23144847699287102,12344
W,2858,2.705396906574985,0.2315294880103694,12344
W,2859,2.705396906574985,0.2316104990278678,12344
W,2860,2.705396906574985,0.23169151004536617,12344
W,2861,2.7091903833224253,0.23177252106286456,12344
W,2862,2.714337940333659,0.23185353208036294,12344
W,2863,2.714337940333659,0.2319345430978613,12344
W,2864,2.7211365334124715,0.23201555411535968,12344
W,2865,2.7211365334124715,0.23209656513285806,12344
W,2866,2.7229991640383204,0.23217757615035645,12344
W,2867,2.7229991640383204,0.23225858716785483,12344
W,2868,2.7229991640383204,0.2323395981853532,12344
W,2869,2.7229991640383204,0.2324206092028516,12344
W,2870,2.7229991640383204,0.23250162022034998,12344
W,2871,2.7229991640383204,0.23258263123784834,12344
W,2872,2.7229991640383204,0.23266364225534672,12344
W,2873,2.7229991640383204,0.2327446532728451,12344
W,2874,2.7243924287739745,0.2328256642903435,12344
W,2875,2.7272350580002303,0.23290667530784187,12344
W,2876,2.74016730785732,0.23298768632534025,12344
W,2877,2.74016730785732,0.23306869734283864,12344
W,2878,2.74492764020272,0.233149708360337,12344
W,2879,2.74492764020272,0.23323071937783538,12344
W,2880,2.74492764020272,0.23331173039533376,12344
W,2881,2.74492764020272,0.23339274141283214,12344
W,2882,2.74492764020272,0.23347375243033053,12344
W,2883,2.74492764020272,0.2335547634478289,12344
W,2884,2.74492764020272,0.2336357744653273,12344
W,2885,2.750251357837457,0.23371678548282565,12344
W,2886,2.750251357837457,0.23379779650032403,12344
W,2887,2.761406815515539,0.23387880751782242,12344
W,2888,2.761406815515539,0.2339598185353208,12344
W,2889,2.761406815515539,0.23404082955281919,12344
W,2890,2.767134285617245,0.23412184057031757,12344
W,2891,2.767134285617245,0.23420285158781595,12344
W,2892,2.767134285617245,0.23428386260531434,12344
W,2893,2.767134285617245,0.2343648736228127,12344
W,2894,2.767134285617245,0.23444588464031108,12344
W,2895,2.767134285617245,0.23452689565780946,12344
W,2896,2.767134285617245,0.23460790667530784,12344
W,2897,2.767134285617245,0.23468891769280623,12344
W,2898,2.767134285617245,0.2347699287103046,12344
W,2899,2.767134285617245,0.234850939727803,12344
W,2900,2.767134285617245,0.23493195074530135,12344
W,2901,2.767134285617245,0.23501296176279973,12344
W,2902,2.767134285617245,0.23509397278029812,12344
W,2903,2.767134285617245,0.2351749837977965,12344
W,2904,2.7806666505688997,0.23525599481529488,12344
W,2905,2.7892389009556458,0.23533700583279327,12344
W,2906,2.7892389009556458,0.23541801685029165,12344
W,2907,2.7892389009556458,0.23549902786779,12344
W,2908,2.7892389009556458,0.2355800388852884,12344
W,2909,2.7892389009556458,0.23566104990278677,12344
W,2910,2.7892389009556458,0.23574206092028516,12344
W,2911,2.7892389009556458,0.23582307193778354,12344
W,2912,2.7892389009556458,0.23590408295528192,12344
W,2913,2.7892389009556458,0.2359850939727803,12344
W,2914,2.7892389009556458,0.2360661049902787,12344
W,2915,2.7892389009556458,0.23614711600777705,12344
W,2916,2.7892389009556458,0.23622812702527543,12344
W,2917,2.7892389009556458,0.23630913804277381,12344
W,2918,2.7892389009556458,0.2363901490602722,12344
W,2919,2.7892389009556458,0.23647116007777058,12344
W,2920,2.7892389009556458,0.23655217109526896,12344
W,2921,2.7892389009556458,0.23663318211276735,12344
W,2922,2.7892389009556458,0.2367141931302657,12344
W,2923,2.7892389009556458,0.2367952041477641,12344
W,2924,2.7892389009556458,0.23687621516526247,12344
W,2925,2.7892389009556458,0.23695722618276086,12344
W,2926,2.7892389009556458,0.23703823720025924,12344
W,2927,2.7892389009556458,0.23711924821775762,12344
W,2928,2.7892389009556458,0.237200259235256,12344
W,2929,2.7892389009556458,0.23728127025275436,12344
W,2930,2.7899826181227962,0.23736228127025275,12344
W,2931,2.7899826181227962,0.23744329228775113,12344
W,2932,2.7899826181227962,0.2375243033052495,12344
W,2933,2.7899826181227962,0.2376053143227479,12344
W,2934,2.7899826181227962,0.23768632534024628,12344
W,2935,2.7899826181227962,0.23776733635774466,12344
W,2936,2.7957316817063114,0.23784834737524305,12344
W,2937,2.7957316817063114,0.2379293583927414,12344
W,2938,2.7957316817063114,0.23801036941023979,12344
W,2939,2.7957316817063114,0.23809138042773817,12344
W,2940,2.7957316817063114,0.23817239144523655,12344
W,2941,2.7957316817063114,0.23825340246273494,12344
W,2942,2.7970696858350816,0.23833441348023332,12344
W,2943,2.7970696858350816,0.2384154244977317,12344
W,2944,2.7970696858350816,0.23849643551523006,12344
W,2945,2.7970696858350816,0.23857744653272844,12344
W,2946,2.7970696858350816,0.23865845755022683,12344
W,2947,2.7970696858350816,0.2387394685677252,12344
W,2948,2.7970696858350816,0.2388204795852236,12344
W,2949,2.7977920109232133,0.23890149060272198,12344
W,2950,2.7977920109232133,0.23898250162022036,12344
W,2951,2.7977920109232133,0.23906351263771872,12344
W,2952,2.7977920109232133,0.2391445236552171,12344
W,2953,2.7977920109232133,0.23922553467271548,12344
W,2954,2.7977920109232133,0.23930654569021387,12344
W,2955,2.7977920109232133,0.23938755670771225,12344
W,2956,2.7977920109232133,0.23946856772521063,12344
W,2957,2.7977920109232133,0.23954957874270902,12344
W,2958,2.7977920109232133,0.2396305897602074,12344
W,2959,2.7977920109232133,0.23971160077770576,12344
W,2960,2.7977920109232133,0.23979261179520414,12344
W,2961,2.7977920109232133,0.23987362281270252,12344
W,2962,2.7977920109232133,0.2399546338302009,12344
W,2963,2.8043228528201896,0.2400356448476993,12344
W,2964,2.8043228528201896,0.24011665586519768,12344
W,2965,2.8043228528201896,0.24019766688269606,12344
W,2966,2.8043228528201896,0.24027867790019442,12344
W,2967,2.8043228528201896,0.2403596889176928,12344
W,2968,2.8053352700379337,0.24044069993519118,12344
W,2969,2.811069221092241,0.24052171095268957,12344
W,2970,2.814304833323215,0.24060272197018795,12344
W,2971,2.8199035925055096,0.24068373298768633,12344
W,2972,2.8199035925055096,0.24076474400518472,12344
W,2973,2.8199035925055096,0.24084575502268307,12344
W,2974,2.8199035925055096,0.24092676604018146,12344
W,2975,2.8199035925055096,0.24100777705767984,12344
W,2976,2.8199035925055096,0.24108878807517822,12344
W,2977,2.8199035925055096,0.2411697990926766,12344
W,2978,2.8199035925055096,0.241250810110175,12344
W,2979,2.8199035925055096,0.24133182112767337,12344
W,2980,2.8199035925055096,0.24141283214517173,12344
W,2981,2.8199035925055096,0.2414938431626701,12344
W,2982,2.8199035925055096,0.2415748541801685,12344
W,2983,2.8199035925055096,0.24165586519766688,12344
W,2984,2.8213538288536846,0.24173687621516526,12344
W,2985,2.8213538288536846,0.24181788723266365,12344
W,2986,2.8213538288536846,0.24189889825016203,12344
W,2987,2.852066192870459,0.24197990926766041,12344
W,2988,2.853617081143456,0.24206092028515877,12344
W,2989,2.8588182790161847,0.24214193130265715,12344
W,2990,2.8648731760271846,0.24222294232015554,12344
W,2991,2.8648731760271846,0.24230395333765392,12344
W,2992,2.8648731760271846,0.2423849643551523,12344
W,2993,2.8648731760271846,0.2424659753726507,12344
W,2994,2.8648731760271846,0.24254698639014907,12344
W,2995,2.8648731760271846,0.24262799740764743,12344
W,2996,2.8648731760271846,0.2427090084251458,12344
W,2997,2.8648731760271846,0.2427900194426442,12344
W,2998,2.8648731760271846,0.24287103046014258,12344
W,2999,2.8652740285802296,0.24295204147764096,12344
W,3000,2.8652740285802296,0.24303305249513935,12344
W,3001,2.8730223274975457,0.24311406351263773,12344
W,3002,2.8730223274975457,0.24319507453013609,12344
W,3003,2.8730223274975457,0.24327608554763447,12344
W,3004,2.8730223274975457,0.24335709656513285,12344
W,3005,2.8730223274975457,0.24343810758263124,12344
W,3006,2.8730223274975457,0.24351911860012962,12344
W,3007,2.8841018932870925,0.243600129617628,12344
W,3008,2.8841018932870925,0.2436811406351264,12344
W,3009,2.8866264756515885,0.24376215165262477,12344
W,3010,2.8866264756515885,0.24384316267012313,12344
W,3011,2.8866264756515885,0.2439241736876215,12344
W,3012,2.8866264756515885,0.2440051847051199,12344
W,3013,2.8866264756515885,0.24408619572261828,12344
W,3014,2.8866264756515885,0.24416720674011666,12344
W,3015,2.8866264756515885,0.24424821775761504,12344
W,3016,2.8866264756515885,0.24432922877511343,12344
W,3017,2.8866264756515885,0.24441023979261178,12344
W,3018,2.8866264756515885,0.24449125081011017,12344
W,3019,2.8866264756515885,0.24457226182760855,12344
W,3020,2.8866264756515885,0.24465327284510693,12344
W,3021,2.8866264756515885,0.24473428386260532,12344
W,3022,2.8866264756515885,0.2448152948801037,12344
W,3023,2.889209878549,0.24489630589760208,12344
W,3024,2.889209878549,0.24497731691510044,12344
W,3025,2.889209878549,0.24505832793259882,12344
W,3026,2.889209878549,0.2451393389500972,12344
W,3027,2.9071808747363965,0.2452203499675956,12344
W,3028,2.909538761484536,0.24530136098509397,12344
W,3029,2.9096867683307823,0.24538237200259236,12344
W,3030,2.9126100689849035,0.24546338302009074,12344
W,3031,2.9126100689849035,0.24554439403758913,12344
W,3032,2.9126100689849035,0.24562540505508748,12344
W,3033,2.9126100689849035,0.24570641607258586,12344
W,3034,2.9215289616062137,0.24578742709008425,12344
W,3035,2.9328028237967647,0.24586843810758263,12344
W,3036,2.9471726617513583,0.24594944912508102,12344
W,3037,2.949354167051445,0.2460304601425794,12344
W,3038,2.949354167051445,0.24611147116007778,12344
W,3039,2.949354167051445,0.24619248217757614,12344
W,3040,2.949354167051445,0.24627349319507452,12344
W,3041,2.949354167051445,0.2463545042125729,12344
W,3042,2.949354167051445,0.2464355152300713,12344
W,3043,2.949354167051445,0.24651652624756967,12344
W,3044,2.949354167051445,0.24659753726506806,12344
W,3045,2.949354167051445,0.24667854828256644,12344
W,3046,2.949354167051445,0.2467595593000648,12344
W,3047,2.949354167051445,0.24684057031756318,12344
W,3048,2.949354167051445,0.24692158133506156,12344
W,3049,2.949354167051445,0.24700259235255995,12344
W,3050,2.949354167051445,0.24708360337005833,12344
W,3051,2.949354167051445,0.2471646143875567,12344
W,3052,2.949354167051445,0.2472456254050551,12344
W,3053,2.949354167051445,0.24732663642255348,12344
W,3054,2.951502565409298,0.24740764744005184,12344
W,3055,2.9572969291120432,0.24748865845755022,12344
W,3056,2.9572969291120432,0.2475696694750486,12344
W,3057,2.9572969291120432,0.247650680492547,12344
W,3058,2.9572969291120432,0.24773169151004537,12344
W,3059,2.9572969291120432,0.24781270252754375,12344
W,3060,2.9572969291120432,0.24789371354504214,12344
W,3061,2.959638141449795,0.2479747245625405,12344
W,3062,2.9703854703774404,0.24805573558003888,12344
W,3063,2.9703854703774404,0.24813674659753726,12344
W,3064,2.9703854703774404,0.24821775761503564,12344
W,3065,2.9726777397265547,0.24829876863253403,12344
W,3066,2.9726777397265547,0.2483797796500324,12344
W,3067,2.9726777397265547,0.2484607906675308,12344
W,3068,2.9726777397265547,0.24854180168502915,12344
W,3069,2.9844114551882015,0.24862281270252753,12344
W,3070,2.991108699603503,0.24870382372002592,12344
W,3071,2.991108699603503,0.2487848347375243,12344
W,3072,2.991108699603503,0.24886584575502269,12344
W,3073,2.991108699603503,0.24894685677252107,12344
W,3074,2.991108699603503,0.24902786779001945,12344
W,3075,2.991108699603503,0.24910887880751784,12344
W,3076,2.991108699603503,0.2491898898250162,12344
W,3077,2.991108699603503,0.24927090084251458,12344
W,3078,2.991108699603503,0.24935191186001296,12344
W,3079,2.991108699603503,0.24943292287751134,12344
W,3080,2.991108699603503,0.24951393389500973,12344
W,3081,2.991108699603503,0.2495949449125081,12344
W,3082,2.991108699603503,0.2496759559300065,12344
W,3083,2.991108699603503,0.24975696694750485,12344
W,3084,2.991108699603503,0.24983797796500323,12344
W,3085,2.991108699603503,0.24991898898250162,12344
W,3086,2.992221586869074,0.25,12344
W,3087,2.992221586869074,0.25008101101749836,12344
W,3088,2.992221586869074,0.25016202203499677,12344
W,3089,2.992221586869074,0.2502430330524951,12344
W,3090,2.9979084404551335,0.25032404406999353,12344
W,3091,2.9979084404551335,0.2504050550874919,12344
W,3092,3.003050056204531,0.2504860661049903,12344
W,3093,3.003050056204531,0.25056707712248866,12344
W,3094,3.0035763777549733,0.250648088139987,12344
W,3095,3.0035763777549733,0.2507290991574854,12344
W,3096,3.0035763777549733,0.2508101101749838,12344
W,3097,3.0035763777549733,0.2508911211924822,12344
W,3098,3.0035763777549733,0.25097213220998055,12344
W,3099,3.0035763777549733,0.25105314322747896,12344
W,3100,3.0035763777549733,0.2511341542449773,12344
W,3101,3.0035763777549733,0.25121516526247567,12344
W,3102,3.0035763777549733,0.2512961762799741,12344
W,3103,3.006877597177127,0.25137718729747244,12344
W,3104,3.006877597177127,0.25145819831497085,12344
W,3105,3.006877597177127,0.2515392093324692,12344
W,3106,3.006877597177127,0.2516202203499676,12344
W,3107,3.006877597177127,0.25170123136746597,12344
W,3108,3.006877597177127,0.2517822423849643,12344
W,3109,3.006877597177127,0.25186325340246274,12344
W,3110,3.0136830418651206,0.2519442644199611,12344
W,3111,3.0136830418651206,0.2520252754374595,12344
W,3112,3.0136830418651206,0.25210628645495786,12344
W,3113,3.0136830418651206,0.2521872974724563,12344
W,3114,3.0136830418651206,0.25226830848995463,12344
W,3115,3.0136830418651206,0.25234931950745304,12344
W,3116,3.0136830418651206,0.2524303305249514,12344
W,3117,3.0136830418651206,0.25251134154244975,12344
W,3118,3.0136830418651206,0.25259235255994816,12344
W,3119,3.0136830418651206,0.2526733635774465,12344
W,3120,3.0136830418651206,0.25275437459494493,12344
W,3121,3.0136830418651206,0.2528353856124433,12344
W,3122,3.0136830418651206,0.2529163966299417,12344
W,3123,3.0136830418651206,0.25299740764744005,12344
W,3124,3.0149737650774884,0.2530784186649384,12344
W,3125,3.0149737650774884,0.2531594296824368,12344
W,3126,3.0149737650774884,0.2532404406999352,12344
W,3127,3.0149737650774884,0.2533214517174336,12344
W,3128,3.0149737650774884,0.25340246273493194,12344
W,3129,3.0149737650774884,0.25348347375243035,12344
W,3130,3.0149737650774884,0.2535644847699287,12344
W,3131,3.0149737650774884,0.25364549578742707,12344
W,3132,3.0149737650774884,0.2537265068049255,12344
W,3133,3.0149737650774884,0.25380751782242383,12344
W,3134,3.018026501242243,0.25388852883992225,12344
W,3135,3.0220827298284867,0.2539695398574206,12344
W,3136,3.0230617734616527,0.254050550874919,12344
W,3137,3.0230617734616527,0.25413156189241737,12344
W,3138,3.0230617734616527,0.2542125729099157,12344
W,3139,3.0230617734616527,0.25429358392741414,12344
W,3140,3.0230617734616527,0.2543745949449125,12344
W,3141,3.0230617734616527,0.2544556059624109,12344
W,3142,3.0230617734616527,0.25453661697990926,12344
W,3143,3.0230617734616527,0.25461762799740767,12344
W,3144,3.027378217395996,0.254698639014906,12344
W,3145,3.027378217395996,0.2547796500324044,12344
W,3146,3.027378217395996,0.2548606610499028,12344
W,3147,3.027378217395996,0.25494167206740115,12344
W,3148,3.027378217395996,0.25502268308489956,12344
W,3149,3.027378217395996,0.2551036941023979,12344
W,3150,3.027378217395996,0.2551847051198963,12344
W,3151,3.027378217395996,0.2552657161373947,12344
W,3152,3.027378217395996,0.25534672715489304,12344
W,3153,3.027378217395996,0.25542773817239145,12344
W,3154,3.027378217395996,0.2555087491898898,12344
W,3155,3.027378217395996,0.2555897602073882,12344
W,3156,3.027378217395996,0.2556707712248866,12344
W,3157,3.027378217395996,0.255751782242385,12344
W,3158,3.027378217395996,0.25583279325988334,12344
W,3159,3.027378217395996,0.25591380427738175,12344
W,3160,3.027378217395996,0.2559948152948801,12344
W,3161,3.027378217395996,0.25607582631237846,12344
W,3162,3.027378217395996,0.2561568373298769,12344
W,3163,3.027378217395996,0.25623784834737523,12344
W,3164,3.027378217395996,0.25631885936487364,12344
W,3165,3.027378217395996,0.256399870382372,12344
W,3166,3.039253995796844,0.2564808813998704,12344
W,3167,3.039253995796844,0.25656189241736876,12344
W,3168,3.0497774897938235,0.2566429034348671,12344
W,3169,3.054100451474007,0.25672391445236553,12344
W,3170,3.0583531564847166,0.2568049254698639,12344
W,3171,3.0583531564847166,0.2568859364873623,12344
W,3172,3.058547450954977,0.25696694750486065,12344
W,3173,3.058547450954977,0.25704795852235907,12344
W,3174,3.0690397971263277,0.2571289695398574,12344
W,3175,3.0690397971263277,0.2572099805573558,12344
W,3176,3.0690397971263277,0.2572909915748542,12344
W,3177,3.076092326613995,0.25737200259235254,12344
W,3178,3.076092326613995,0.25745301360985096,12344
W,3179,3.076092326613995,0.2575340246273493,12344
W,3180,3.076092326613995,0.2576150356448477,12344
W,3181,3.076092326613995,0.2576960466623461,12344
W,3182,3.076092326613995,0.25777705767984443,12344
W,3183,3.076092326613995,0.25785806869734285,12344
W,3184,3.076092326613995,0.2579390797148412,12344
W,3185,3.076092326613995,0.2580200907323396,12344
W,3186,3.076092326613995,0.25810110174983797,12344
W,3187,3.076092326613995,0.2581821127673364,12344
W,3188,3.076092326613995,0.25826312378483474,12344
W,3189,3.076092326613995,0.2583441348023331,12344
W,3190,3.076092326613995,0.2584251458198315,12344
W,3191,3.076092326613995,0.25850615683732986,12344
W,3192,3.076092326613995,0.25858716785482827,12344
W,3193,3.076092326613995,0.2586681788723266,12344
W,3194,3.076092326613995,0.25874918988982504,12344
W,3195,3.076092326613995,0.2588302009073234,12344
W,3196,3.076092326613995,0.25891121192482175,12344
W,3197,3.0767918944832715,0.25899222294232016,12344
W,3198,3.0767918944832715,0.2590732339598185,12344
W,3199,3.0767918944832715,0.2591542449773169,12344
W,3200,3.0767918944832715,0.2592352559948153,12344
W,3201,3.0767918944832715,0.2593162670123137,12344
W,3202,3.0767918944832715,0.25939727802981205,12344
W,3203,3.079205247409323,0.25947828904731046,12344
W,3204,3.083452972416047,0.2595593000648088,12344
W,3205,3.0902810321303305,0.2596403110823072,12344
W,3206,3.1105927294060307,0.2597213220998056,12344
W,3207,3.117449455394769,0.25980233311730394,12344
W,3208,3.118070097733204,0.25988334413480235,12344
W,3209,3.118070097733204,0.2599643551523007,12344
W,3210,3.118070097733204,0.2600453661697991,12344
W,3211,3.118070097733204,0.2601263771872975,12344
W,3212,3.118070097733204,0.26020738820479583,12344
W,3213,3.118070097733204,0.26028839922229424,12344
W,3214,3.118070097733204,0.2603694102397926,12344
W,3215,3.118070097733204,0.260450421257291,12344
W,3216,3.118070097733204,0.26053143227478937,12344
W,3217,3.118070097733204,0.2606124432922878,12344
W,3218,3.118070097733204,0.26069345430978613,12344
W,3219,3.118239462129877,0.2607744653272845,12344
W,3220,3.1220014954765136,0.2608554763447829,12344
W,3221,3.1220820228325348,0.26093648736228126,12344
W,3222,3.1220820228325348,0.26101749837977967,12344
W,3223,3.1220820228325348,0.261098509397278,12344
W,3224,3.1220820228325348,0.26117952041477643,12344
W,3225,3.1229434770753635,0.2612605314322748,12344
W,3226,3.1229434770753635,0.26134154244977315,12344
W,3227,3.1229434770753635,0.26142255346727156,12344
W,3228,3.1269835475444974,0.2615035644847699,12344
W,3229,3.1269835475444974,0.2615845755022683,12344
W,3230,3.1269835475444974,0.2616655865197667,12344
W,3231,3.1269835475444974,0.2617465975372651,12344
W,3232,3.1269835475444974,0.26182760855476345,12344
W,3233,3.1269835475444974,0.2619086195722618,12344
W,3234,3.1269835475444974,0.2619896305897602,12344
W,3235,3.1269835475444974,0.26207064160725857,12344
W,3236,3.1269835475444974,0.262151652624757,12344
W,3237,3.1269835475444974,0.26223266364225534,12344
W,3238,3.1269835475444974,0.26231367465975375,12344
W,3239,3.1269835475444974,0.2623946856772521,12344
W,3240,3.1269835475444974,0.26247569669475046,12344
W,3241,3.1269835475444974,0.26255670771224887,12344
W,3242,3.1269835475444974,0.2626377187297472,12344
W,3243,3.1269835475444974,0.26271872974724564,12344
W,3244,3.1269835475444974,0.262799740764744,12344
W,3245,3.1269835475444974,0.2628807517822424,12344
W,3246,3.1269835475444974,0.26296176279974076,12344
W,3247,3.1269835475444974,0.2630427738172391,12344
W,3248,3.1269835475444974,0.26312378483473753,12344
W,3249,3.1269835475444974,0.2632047958522359,12344
W,3250,3.1269835475444974,0.2632858068697343,12344
W,3251,3.1269835475444974,0.26336681788723265,12344
W,3252,3.1269835475444974,0.26344782890473106,12344
W,3253,3.1279616287496204,0.2635288399222294,12344
W,3254,3.1279616287496204,0.26360985093972783,12344
W,3255,3.1279616287496204,0.2636908619572262,12344
W,3256,3.1279616287496204,0.26377187297472454,12344
W,3257,3.1279616287496204,0.26385288399222295,12344
W,3258,3.1279616287496204,0.2639338950097213,12344
W,3259,3.1279616287496204,0.2640149060272197,12344
W,3260,3.1279616287496204,0.2640959170447181,12344
W,3261,3.1279616287496204,0.2641769280622165,12344
W,3262,3.1279616287496204,0.26425793907971484,12344
W,3263,3.1279616287496204,0.2643389500972132,12344
W,3264,3.1279616287496204,0.2644199611147116,12344
W,3265,3.1279616287496204,0.26450097213220997,12344
W,3266,3.1279616287496204,0.2645819831497084,12344
W,3267,3.131373099040452,0.26466299416720673,12344
W,3268,3.1365729576496566,0.26474400518470514,12344
W,3269,3.137426715958429,0.2648250162022035,12344
W,3270,3.137426715958429,0.26490602721970186,12344
W,3271,3.137426715958429,0.26498703823720027,12344
W,3272,3.137426715958429,0.2650680492546986,12344
W,3273,3.138075886152031,0.26514906027219703,12344
W,3274,3.1445276734078464,0.2652300712896954,12344
W,3275,3.1506784090274316,0.2653110823071938,12344
W,3276,3.1540391198517543,0.26539209332469216,12344
W,3277,3.1540391198517543,0.2654731043421905,12344
W,3278,3.1540391198517543,0.2655541153596889,12344
W,3279,3.1540391198517543,0.2656351263771873,12344
W,3280,3.1540391198517543,0.2657161373946857,12344
W,3281,3.1540391198517543,0.26579714841218405,12344
W,3282,3.1540391198517543,0.26587815942968246,12344
W,3283,3.1540391198517543,0.2659591704471808,12344
W,3284,3.1540391198517543,0.26604018146467917,12344
W,3285,3.1540391198517543,0.2661211924821776,12344
W,3286,3.1540391198517543,0.26620220349967594,12344
W,3287,3.1540391198517543,0.26628321451717435,12344
W,3288,3.1540391198517543,0.2663642255346727,12344
W,3289,3.1540391198517543,0.2664452365521711,12344
W,3290,3.1540391198517543,0.26652624756966947,12344
W,3291,3.1540391198517543,0.26660725858716783,12344
W,3292,3.1540391198517543,0.26668826960466624,12344
W,3293,3.1540391198517543,0.2667692806221646,12344
W,3294,3.1540391198517543,0.266850291639663,12344
W,3295,3.1540391198517543,0.26693130265716136,12344
W,3296,3.1540391198517543,0.2670123136746598,12344
W,3297,3.1540391198517543,0.26709332469215813,12344
W,3298,3.1540391198517543,0.26717433570965654,12344
W,3299,3.1540391198517543,0.2672553467271549,12344
W,3300,3.1540391198517543,0.26733635774465325,12344
W,3301,3.1540391198517543,0.26741736876215166,12344
W,3302,3.1540391198517543,0.26749837977965,12344
W,3303,3.1540391198517543,0.26757939079714843,12344
W,3304,3.1540391198517543,0.2676604018146468,12344
W,3305,3.1540391198517543,0.2677414128321452,12344
W,3306,3.1603285319573344,0.26782242384964355,12344
W,3307,3.1603285319573344,0.2679034348671419,12344
W,3308,3.168552288607366,0.2679844458846403,12344
W,3309,3.168552288607366,0.2680654569021387,12344
W,3310,3.168552288607366,0.2681464679196371,12344
W,3311,3.168552288607366,0.26822747893713544,12344
W,3312,3.168552288607366,0.26830848995463386,12344
W,3313,3.1687047963715913,0.2683895009721322,12344
W,3314,3.1687047963715913,0.26847051198963057,12344
W,3315,3.1687047963715913,0.268551523007129,12344
W,3316,3.1687047963715913,0.26863253402462733,12344
W,3317,3.1687047963715913,0.26871354504212575,12344
W,3318,3.1687047963715913,0.2687945560596241,12344
W,3319,3.1687047963715913,0.2688755670771225,12344
W,3320,3.1687047963715913,0.26895657809462087,12344
W,3321,3.1687047963715913,0.2690375891121192,12344
W,3322,3.1687047963715913,0.26911860012961764,12344
W,3323,3.1687047963715913,0.269199611147116,12344
W,3324,3.1687047963715913,0.2692806221646144,12344
W,3325,3.1687047963715913,0.26936163318211276,12344
W,3326,3.1687047963715913,0.26944264419961117,12344
W,3327,3.1687047963715913,0.2695236552171095,12344
W,3328,3.1687047963715913,0.2696046662346079,12344
W,3329,3.1703891990196724,0.2696856772521063,12344
W,3330,3.1703891990196724,0.26976668826960465,12344
W,3331,3.1703891990196724,0.26984769928710306,12344
W,3332,3.1703891990196724,0.2699287103046014,12344
W,3333,3.1703891990196724,0.2700097213220998,12344
W,3334,3.1711693660956337,0.2700907323395982,12344
W,3335,3.1850774122441834,0.27017174335709654,12344
W,3336,3.1850774122441834,0.27025275437459495,12344
W,3337,3.194478235349948,0.2703337653920933,12344
W,3338,3.194478235349948,0.2704147764095917,12344
W,3339,3.195441018823257,0.2704957874270901,12344
W,3340,3.2160144716233576,0.2705767984445885,12344
W,3341,3.2160144716233576,0.27065780946208684,12344
W,3342,3.2160144716233576,0.2707388204795852,12344
W,3343,3.2199107033013745,0.2708198314970836,12344
W,3344,3.2199107033013745,0.27090084251458196,12344
W,3345,3.2199107033013745,0.2709818535320804,12344
W,3346,3.2329577544958816,0.27106286454957873,12344
W,3347,3.2329577544958816,0.27114387556707714,12344
W,3348,3.2329577544958816,0.2712248865845755,12344
W,3349,3.2329577544958816,0.2713058976020739,12344
W,3350,3.2329577544958816,0.27138690861957226,12344
W,3351,3.2357766649238826,0.2714679196370706,12344
W,3352,3.2357766649238826,0.27154893065456903,12344
W,3353,3.2357766649238826,0.2716299416720674,12344
W,3354,3.2357766649238826,0.2717109526895658,12344
W,3355,3.2357766649238826,0.27179196370706415,12344
W,3356,3.2357766649238826,0.27187297472456257,12344
W,3357,3.2357766649238826,0.2719539857420609,12344
W,3358,3.2357766649238826,0.2720349967595593,12344
W,3359,3.2357766649238826,0.2721160077770577,12344
W,3360,3.243994115309311,0.27219701879455604,12344
W,3361,3.2481358690885025,0.27227802981205446,12344
W,3362,3.2485031505238147,0.2723590408295528,12344
W,3363,3.2485031505238147,0.2724400518470512,12344
W,3364,3.2485031505238147,0.2725210628645496,12344
W,3365,3.2485031505238147,0.27260207388204793,12344
W,3366,3.2485031505238147,0.27268308489954635,12344
W,3367,3.2485031505238147,0.2727640959170447,12344
W,3368,3.2485031505238147,0.2728451069345431,12344
W,3369,3.2485031505238147,0.27292611795204147,12344
W,3370,3.2485031505238147,0.2730071289695399,12344
W,3371,3.2485031505238147,0.27308813998703824,12344
W,3372,3.2485031505238147,0.2731691510045366,12344
W,3373,3.2485031505238147,0.273250162022035,12344
W,3374,3.2485031505238147,0.27333117303953336,12344
W,3375,3.2485031505238147,0.27341218405703177,12344
W,3376,3.2485031505238147,0.2734931950745301,12344
W,3377,3.2485031505238147,0.27357420609202854,12344
W,3378,3.2485031505238147,0.2736552171095269,12344
W,3379,3.2485031505238147,0.27373622812702525,12344
W,3380,3.2618099607316395,0.27381723914452366,12344
W,3381,3.2654328816075657,0.273898250162022,12344
W,3382,3.2654328816075657,0.27397926117952043,12344
W,3383,3.271050265127408,0.2740602721970188,12344
W,3384,3.271050265127408,0.2741412832145172,12344
W,3385,3.271050265127408,0.27422229423201555,12344
W,3386,3.271050265127408,0.2743033052495139,12344
W,3387,3.271050265127408,0.2743843162670123,12344
W,3388,3.271050265127408,0.2744653272845107,12344
W,3389,3.271050265127408,0.2745463383020091,12344
W,3390,3.271050265127408,0.27462734931950744,12344
W,3391,3.271050265127408,0.27470836033700585,12344
W,3392,3.271050265127408,0.2747893713545042,12344
W,3393,3.271050265127408,0.2748703823720026,12344
W,3394,3.271050265127408,0.274951393389501,12344
W,3395,3.271050265127408,0.27503240440699933,12344
W,3396,3.271050265127408,0.27511341542449774,12344
W,3397,3.271050265127408,0.2751944264419961,12344
W,3398,3.271050265127408,0.2752754374594945,12344
W,3399,3.275841263688187,0.27535644847699287,12344
W,3400,3.275841263688187,0.2754374594944913,12344
W,3401,3.275841263688187,0.27551847051198963,12344
W,3402,3.275841263688187,0.275599481529488,12344
W,3403,3.275841263688187,0.2756804925469864,12344
W,3404,3.275841263688187,0.27576150356448476,12344
W,3405,3.275841263688187,0.27584251458198317,12344
W,3406,3.275841263688187,0.2759235255994815,12344
W,3407,3.275841263688187,0.27600453661697993,12344
W,3408,3.275841263688187,0.2760855476344783,12344
W,3409,3.275841263688187,0.27616655865197665,12344
W,3410,3.275841263688187,0.27624756966947506,12344
W,3411,3.275841263688187,0.2763285806869734,12344
W,3412,3.275841263688187,0.2764095917044718,12344
W,3413,3.275841263688187,0.2764906027219702,12344
W,3414,3.275841263688187,0.2765716137394686,12344
W,3415,3.275841263688187,0.27665262475696695,12344
W,3416,3.275841263688187,0.2767336357744653,12344
W,3417,3.275841263688187,0.2768146467919637,12344
W,3418,3.275841263688187,0.27689565780946207,12344
W,3419,3.276773962710625,0.2769766688269605,12344
W,3420,3.27721616249379,0.27705767984445884,12344
W,3421,3.2868830822521145,0.27713869086195725,12344
W,3422,3.2868830822521145,0.2772197018794556,12344
W,3423,3.2868830822521145,0.27730071289695396,12344
W,3424,3.2868830822521145,0.27738172391445237,12344
W,3425,3.2941976275104037,0.2774627349319507,12344
W,3426,3.2946690644380667,0.27754374594944914,12344
W,3427,3.2962023039457033,0.2776247569669475,12344
W,3428,3.3165563974318384,0.2777057679844459,12344
W,3429,3.318067036259676,0.27778677900194426,12344
W,3430,3.318067036259676,0.2778677900194426,12344
W,3431,3.318067036259676,0.27794880103694103,12344
W,3432,3.318067036259676,0.2780298120544394,12344
W,3433,3.318067036259676,0.2781108230719378,12344
W,3434,3.318067036259676,0.27819183408943615,12344
W,3435,3.318067036259676,0.27827284510693456,12344
W,3436,3.318067036259676,0.2783538561244329,12344
W,3437,3.318067036259676,0.27843486714193133,12344
W,3438,3.3190949655321873,0.2785158781594297,12344
W,3439,3.3190949655321873,0.27859688917692804,12344
W,3440,3.3190949655321873,0.27867790019442645,12344
W,3441,3.3190949655321873,0.2787589112119248,12344
W,3442,3.3190949655321873,0.2788399222294232,12344
W,3443,3.3190949655321873,0.2789209332469216,12344
W,3444,3.3190949655321873,0.27900194426442,12344
W,3445,3.3190949655321873,0.27908295528191834,12344
W,3446,3.3190949655321873,0.2791639662994167,12344
W,3447,3.3190949655321873,0.2792449773169151,12344
W,3448,3.3190949655321873,0.27932598833441347,12344
W,3449,3.3190949655321873,0.2794069993519119,12344
W,3450,3.3190949655321873,0.27948801036941023,12344
W,3451,3.3190949655321873,0.27956902138690864,12344
W,3452,3.3190949655321873,0.279650032404407,12344
W,3453,3.3190949655321873,0.27973104342190536,12344
W,3454,3.3190949655321873,0.27981205443940377,12344
W,3455,3.3190949655321873,0.2798930654569021,12344
W,3456,3.3190949655321873,0.27997407647440054,12344
W,3457,3.3190949655321873,0.2800550874918989,12344
W,3458,3.3190949655321873,0.2801360985093973,12344
W,3459,3.3299189552688633,0.28021710952689566,12344
W,3460,3.3299189552688633,0.280298120544394,12344
W,3461,3.3371544121348884,0.2803791315618924,12344
W,3462,3.3371544121348884,0.2804601425793908,12344
W,3463,3.3422408320752712,0.2805411535968892,12344
W,3464,3.3422408320752712,0.28062216461438755,12344
W,3465,3.3422408320752712,0.28070317563188596,12344
W,3466,3.3548193792010004,0.2807841866493843,12344
W,3467,3.3548193792010004,0.28086519766688267,12344
W,3468,3.3549523703349124,0.2809462086843811,12344
W,3469,3.36256646321245,0.28102721970187944,12344
W,3470,3.36256646321245,0.28110823071937785,12344
W,3471,3.36256646321245,0.2811892417368762,12344
W,3472,3.36256646321245,0.2812702527543746,12344
W,3473,3.36256646321245,0.281351263771873,12344
W,3474,3.36256646321245,0.28143227478937133,12344
W,3475,3.36256646321245,0.28151328580686974,12344
W,3476,3.363082991286212,0.2815942968243681,12344
W,3477,3.363082991286212,0.2816753078418665,12344
W,3478,3.363082991286212,0.28175631885936486,12344
W,3479,3.363082991286212,0.2818373298768633,12344
W,3480,3.363082991286212,0.28191834089436163,12344
W,3481,3.363082991286212,0.28199935191186,12344
W,3482,3.363082991286212,0.2820803629293584,12344
W,3483,3.363082991286212,0.28216137394685675,12344
W,3484,3.363082991286212,0.28224238496435516,12344
W,3485,3.363082991286212,0.2823233959818535,12344
W,3486,3.363082991286212,0.28240440699935193,12344
W,3487,3.3652952409640697,0.2824854180168503,12344
W,3488,3.3674203697011595,0.2825664290343487,12344
W,3489,3.369475784232039,0.28264744005184705,12344
W,3490,3.369475784232039,0.2827284510693454,12344
W,3491,3.3726071761022136,0.2828094620868438,12344
W,3492,3.374288366257619,0.2828904731043422,12344
W,3493,3.374288366257619,0.2829714841218406,12344
W,3494,3.374288366257619,0.28305249513933894,12344
W,3495,3.374288366257619,0.28313350615683736,12344
W,3496,3.374288366257619,0.2832145171743357,12344
W,3497,3.374288366257619,0.28329552819183407,12344
W,3498,3.374288366257619,0.2833765392093325,12344
W,3499,3.374288366257619,0.28345755022683083,12344
W,3500,3.374288366257619,0.28353856124432925,12344
W,3501,3.374288366257619,0.2836195722618276,12344
W,3502,3.374288366257619,0.283700583279326,12344
W,3503,3.374288366257619,0.28378159429682437,12344
W,3504,3.374288366257619,0.2838626053143227,12344
W,3505,3.374288366257619,0.28394361633182114,12344
W,3506,3.374288366257619,0.2840246273493195,12344
W,3507,3.374288366257619,0.2841056383668179,12344
W,3508,3.374288366257619,0.28418664938431626,12344
W,3509,3.374288366257619,0.28426766040181467,12344
W,3510,3.378370798793187,0.284348671419313,12344
W,3511,3.378370798793187,0.2844296824368114,12344
W,3512,3.382099101854317,0.2845106934543098,12344
W,3513,3.391776779926616,0.28459170447180815,12344
W,3514,3.391776779926616,0.28467271548930656,12344
W,3515,3.391776779926616,0.2847537265068049,12344
W,3516,3.391776779926616,0.2848347375243033,12344
W,3517,3.391776779926616,0.2849157485418017,12344
W,3518,3.391776779926616,0.28499675955930004,12344
W,3519,3.391776779926616,0.28507777057679845,12344
W,3520,3.391776779926616,0.2851587815942968,12344
W,3521,3.391776779926616,0.2852397926117952,12344
W,3522,3.391776779926616,0.2853208036292936,12344
W,3523,3.391776779926616,0.285401814646792,12344
W,3524,3.391776779926616,0.28548282566429034,12344
W,3525,3.391776779926616,0.2855638366817887,12344
W,3526,3.391776779926616,0.2856448476992871,12344
W,3527,3.391776779926616,0.28572585871678546,12344
W,3528,3.391776779926616,0.2858068697342839,12344
W,3529,3.391776779926616,0.28588788075178223,12344
W,3530,3.391776779926616,0.28596889176928064,12344
W,3531,3.391776779926616,0.286049902786779,12344
W,3532,3.391776779926616,0.2861309138042774,12344
W,3533,3.3938713857431377,0.28621192482177576,12344
W,3534,3.3980131169073218,0.2862929358392741,12344
W,3535,3.3980131169073218,0.28637394685677253,12344
W,3536,3.3980131169073218,0.2864549578742709,12344
W,3537,3.3980131169073218,0.2865359688917693,12344
W,3538,3.4001392711213057,0.28661697990926766,12344
W,3539,3.4002891280777625,0.28669799092676607,12344
W,3540,3.4008571357948627,0.2867790019442644,12344
W,3541,3.4008571357948627,0.2868600129617628,12344
W,3542,3.419444018966976,0.2869410239792612,12344
W,3543,3.419444018966976,0.28702203499675955,12344
W,3544,3.419444018966976,0.28710304601425796,12344
W,3545,3.419766237583944,0.2871840570317563,12344
W,3546,3.421563452230887,0.2872650680492547,12344
W,3547,3.423799422679414,0.2873460790667531,12344
W,3548,3.4309239379405967,0.28742709008425144,12344
W,3549,3.4309239379405967,0.28750810110174985,12344
W,3550,3.4309239379405967,0.2875891121192482,12344
W,3551,3.4309239379405967,0.2876701231367466,12344
W,3552,3.4309239379405967,0.28775113415424497,12344
W,3553,3.4309239379405967,0.2878321451717434,12344
W,3554,3.4309239379405967,0.28791315618924174,12344
W,3555,3.4309239379405967,0.2879941672067401,12344
W,3556,3.4309239379405967,0.2880751782242385,12344
W,3557,3.4309239379405967,0.28815618924173686,12344
W,3558,3.431378809451051,0.28823720025923527,12344
W,3559,3.431378809451051,0.2883182112767336,12344
W,3560,3.431378809451051,0.28839922229423204,12344
W,3561,3.4349821333482495,0.2884802333117304,12344
W,3562,3.4349821333482495,0.28856124432922875,12344
W,3563,3.4393299877065733,0.28864225534672716,12344
W,3564,3.442178086038644,0.2887232663642255,12344
W,3565,3.442178086038644,0.28880427738172393,12344
W,3566,3.442178086038644,0.2888852883992223,12344
W,3567,3.443572919285154,0.2889662994167207,12344
W,3568,3.443572919285154,0.28904731043421905,12344
W,3569,3.443572919285154,0.2891283214517174,12344
W,3570,3.443572919285154,0.2892093324692158,12344
W,3571,3.443572919285154,0.2892903434867142,12344
W,3572,3.4436713010076763,0.2893713545042126,12344
W,3573,3.4436713010076763,0.28945236552171094,12344
W,3574,3.4442758098888073,0.28953337653920935,12344
W,3575,3.4442758098888073,0.2896143875567077,12344
W,3576,3.4603612377150337,0.28969539857420606,12344
W,3577,3.4603612377150337,0.2897764095917045,12344
W,3578,3.4603612377150337,0.28985742060920283,12344
W,3579,3.4603612377150337,0.28993843162670124,12344
W,3580,3.4603612377150337,0.2900194426441996,12344
W,3581,3.4603612377150337,0.290100453661698,12344
W,3582,3.4603612377150337,0.29018146467919637,12344
W,3583,3.4603612377150337,0.2902624756966948,12344
W,3584,3.4603612377150337,0.29034348671419313,12344
W,3585,3.4603612377150337,0.2904244977316915,12344
W,3586,3.4603612377150337,0.2905055087491899,12344
W,3587,3.4603612377150337,0.29058651976668826,12344
W,3588,3.4603612377150337,0.29066753078418667,12344
W,3589,3.4603612377150337,0.290748541801685,12344
W,3590,3.4603612377150337,0.29082955281918343,12344
W,3591,3.4603612377150337,0.2909105638366818,12344
W,3592,3.4603612377150337,0.29099157485418015,12344
W,3593,3.4603612377150337,0.29107258587167856,12344
W,3594,3.4603612377150337,0.2911535968891769,12344
W,3595,3.4603612377150337,0.2912346079066753,12344
W,3596,3.4603612377150337,0.2913156189241737,12344
W,3597,3.4603612377150337,0.2913966299416721,12344
W,3598,3.4603612377150337,0.29147764095917045,12344
W,3599,3.4603612377150337,0.2915586519766688,12344
W,3600,3.4603612377150337,0.2916396629941672,12344
W,3601,3.4603612377150337,0.29172067401166557,12344
W,3602,3.4603612377150337,0.291801685029164,12344
W,3603,3.4603612377150337,0.29188269604666234,12344
W,3604,3.4653377476210783,0.29196370706416075,12344
W,3605,3.4653377476210783,0.2920447180816591,12344
W,3606,3.4653377476210783,0.29212572909915746,12344
W,3607,3.4653377476210783,0.29220674011665587,12344
W,3608,3.4653377476210783,0.29228775113415423,12344
W,3609,3.4814461758386908,0.29236876215165264,12344
W,3610,3.4824478984253613,0.292449773169151,12344
W,3611,3.4824478984253613,0.2925307841866494,12344
W,3612,3.4824478984253613,0.29261179520414776,12344
W,3613,3.4824478984253613,0.2926928062216461,12344
W,3614,3.4824478984253613,0.29277381723914453,12344
W,3615,3.4824478984253613,0.2928548282566429,12344
W,3616,3.4824478984253613,0.2929358392741413,12344
W,3617,3.4824478984253613,0.29301685029163965,12344
W,3618,3.4824478984253613,0.29309786130913806,12344
W,3619,3.4824478984253613,0.2931788723266364,12344
W,3620,3.4824478984253613,0.2932598833441348,12344
W,3621,3.4824478984253613,0.2933408943616332,12344
W,3622,3.4824478984253613,0.29342190537913154,12344
W,3623,3.4824478984253613,0.29350291639662995,12344
W,3624,3.4824478984253613,0.2935839274141283,12344
W,3625,3.4824478984253613,0.2936649384316267,12344
W,3626,3.4824478984253613,0.2937459494491251,12344
W,3627,3.4824478984253613,0.2938269604666235,12344
W,3628,3.4824478984253613,0.29390797148412184,12344
W,3629,3.4824478984253613,0.2939889825016202,12344
W,3630,3.4824478984253613,0.2940699935191186,12344
W,3631,3.4824478984253613,0.29415100453661697,12344
W,3632,3.4824478984253613,0.2942320155541154,12344
W,3633,3.487382056632371,0.29431302657161373,12344
W,3634,3.487382056632371,0.29439403758911215,12344
W,3635,3.487382056632371,0.2944750486066105,12344
W,3636,3.491600093492627,0.29455605962410886,12344
W,3637,3.491600093492627,0.29463707064160727,12344
W,3638,3.491600093492627,0.2947180816591056,12344
W,3639,3.4924463138145954,0.29479909267660404,12344
W,3640,3.4924463138145954,0.2948801036941024,12344
W,3641,3.4924463138145954,0.2949611147116008,12344
W,3642,3.4924463138145954,0.29504212572909916,12344
W,3643,3.4924463138145954,0.2951231367465975,12344
W,3644,3.4924463138145954,0.2952041477640959,12344
W,3645,3.4924463138145954,0.2952851587815943,12344
W,3646,3.4924463138145954,0.2953661697990927,12344
W,3647,3.4924463138145954,0.29544718081659105,12344
W,3648,3.4924463138145954,0.29552819183408946,12344
W,3649,3.4924463138145954,0.2956092028515878,12344
W,3650,3.4924463138145954,0.29569021386908617,12344
W,3651,3.4924463138145954,0.2957712248865846,12344
W,3652,3.4924463138145954,0.29585223590408294,12344
W,3653,3.4924463138145954,0.29593324692158135,12344
W,3654,3.4924463138145954,0.2960142579390797,12344
W,3655,3.4930233394382295,0.2960952689565781,12344
W,3656,3.4930233394382295,0.2961762799740765,12344
W,3657,3.4930233394382295,0.29625729099157483,12344
W,3658,3.4930233394382295,0.29633830200907324,12344
W,3659,3.4930233394382295,0.2964193130265716,12344
W,3660,3.4987569083979717,0.29650032404407,12344
W,3661,3.4987569083979717,0.29658133506156836,12344
W,3662,3.5001303787816407,0.2966623460790668,12344
W,3663,3.5001303787816407,0.29674335709656513,12344
W,3664,3.5001303787816407,0.2968243681140635,12344
W,3665,3.5001303787816407,0.2969053791315619,12344
W,3666,3.507863974437644,0.29698639014906025,12344
W,3667,3.507863974437644,0.29706740116655866,12344
W,3668,3.507863974437644,0.297148412184057,12344
W,3669,3.507863974437644,0.29722942320155543,12344
W,3670,3.507863974437644,0.2973104342190538,12344
W,3671,3.507863974437644,0.2973914452365522,12344
W,3672,3.5090939738913427,0.29747245625405055,12344
W,3673,3.5090939738913427,0.2975534672715489,12344
W,3674,3.5090939738913427,0.2976344782890473,12344
W,3675,3.5090939738913427,0.2977154893065457,12344
W,3676,3.5090939738913427,0.2977965003240441,12344
W,3677,3.5090939738913427,0.29787751134154244,12344
W,3678,3.5090939738913427,0.29795852235904086,12344
W,3679,3.5090939738913427,0.2980395333765392,12344
W,3680,3.5090939738913427,0.29812054439403757,12344
W,3681,3.5090939738913427,0.298201555411536,12344
W,3682,3.5090939738913427,0.29828256642903433,12344
W,3683,3.5090939738913427,0.29836357744653275,12344
W,3684,3.5090939738913427,0.2984445884640311,12344
W,3685,3.5090939738913427,0.2985255994815295,12344
W,3686,3.5090939738913427,0.29860661049902787,12344
W,3687,3.5090939738913427,0.2986876215165262,12344
W,3688,3.5090939738913427,0.29876863253402464,12344
W,3689,3.509706234751103,0.298849643551523,12344
W,3690,3.509706234751103,0.2989306545690214,12344
W,3691,3.511914934627635,0.29901166558651976,12344
W,3692,3.5174625942287303,0.29909267660401817,12344
W,3693,3.5174625942287303,0.2991736876215165,12344
W,3694,3.5174625942287303,0.2992546986390149,12344
W,3695,3.5174625942287303,0.2993357096565133,12344
W,3696,3.5174625942287303,0.29941672067401165,12344
W,3697,3.5234589412546446,0.29949773169151006,12344
W,3698,3.5234589412546446,0.2995787427090084,12344
W,3699,3.5234589412546446,0.29965975372650683,12344
W,3700,3.5234589412546446,0.2997407647440052,12344
W,3701,3.5234589412546446,0.29982177576150354,12344
W,3702,3.5234589412546446,0.29990278677900195,12344
W,3703,3.5234589412546446,0.2999837977965003,12344
W,3704,3.5234589412546446,0.3000648088139987,12344
W,3705,3.5234589412546446,0.3001458198314971,12344
W,3706,3.5235050658799274,0.3002268308489955,12344
W,3707,3.5235050658799274,0.30030784186649384,12344
W,3708,3.5235050658799274,0.3003888528839922,12344
W,3709,3.526946928568503,0.3004698639014906,12344
W,3710,3.527383010570846,0.30055087491898896,12344
W,3711,3.527383010570846,0.3006318859364874,12344
W,3712,3.527383010570846,0.30071289695398573,12344
W,3713,3.527383010570846,0.30079390797148414,12344
W,3714,3.527383010570846,0.3008749189889825,12344
W,3715,3.527383010570846,0.30095593000648085,12344
W,3716,3.527383010570846,0.30103694102397927,12344
W,3717,3.527383010570846,0.3011179520414776,12344
W,3718,3.527383010570846,0.30119896305897603,12344
W,3719,3.527383010570846,0.3012799740764744,12344
W,3720,3.527383010570846,0.3013609850939728,12344
W,3721,3.527383010570846,0.30144199611147116,12344
W,3722,3.527383010570846,0.30152300712896957,12344
W,3723,3.527383010570846,0.3016040181464679,12344
W,3724,3.5387243122695597,0.3016850291639663,12344
W,3725,3.5423452579218355,0.3017660401814647,12344
W,3726,3.5423452579218355,0.30184705119896305,12344
W,3727,3.5423452579218355,0.30192806221646146,12344
W,3728,3.5423452579218355,0.3020090732339598,12344
W,3729,3.5423452579218355,0.3020900842514582,12344
W,3730,3.5423452579218355,0.3021710952689566,12344
W,3731,3.5423452579218355,0.30225210628645494,12344
W,3732,3.5423452579218355,0.30233311730395335,12344
W,3733,3.5423452579218355,0.3024141283214517,12344
W,3734,3.5423452579218355,0.3024951393389501,12344
W,3735,3.5423452579218355,0.30257615035644847,12344
W,3736,3.5423452579218355,0.3026571613739469,12344
W,3737,3.5423452579218355,0.30273817239144524,12344
W,3738,3.5423452579218355,0.3028191834089436,12344
W,3739,3.5423452579218355,0.302900194426442,12344
W,3740,3.5423452579218355,0.30298120544394036,12344
W,3741,3.5423452579218355,0.30306221646143877,12344
W,3742,3.5423452579218355,0.3031432274789371,12344
W,3743,3.5423452579218355,0.30322423849643554,12344
W,3744,3.5423452579218355,0.3033052495139339,12344
W,3745,3.547034773734237,0.30338626053143225,12344
W,3746,3.5479698856464257,0.30346727154893066,12344
W,3747,3.5479698856464257,0.303548282566429,12344
W,3748,3.5485258477400086,0.30362929358392743,12344
W,3749,3.5498759714955774,0.3037103046014258,12344
W,3750,3.5498759714955774,0.3037913156189242,12344
W,3751,3.56049158029799,0.30387232663642255,12344
W,3752,3.56049158029799,0.3039533376539209,12344
W,3753,3.56049158029799,0.3040343486714193,12344
W,3754,3.56049158029799,0.3041153596889177,12344
W,3755,3.56049158029799,0.3041963707064161,12344
W,3756,3.56049158029799,0.30427738172391444,12344
W,3757,3.56049158029799,0.30435839274141285,12344
W,3758,3.56049158029799,0.3044394037589112,12344
W,3759,3.5622164252296113,0.30452041477640956,12344
W,3760,3.5658279723323436,0.304601425793908,12344
W,3761,3.5658279723323436,0.30468243681140633,12344
W,3762,3.5658279723323436,0.30476344782890474,12344
W,3763,3.5733756696248236,0.3048444588464031,12344
W,3764,3.5738017696989757,0.3049254698639015,12344
W,3765,3.5803620400586156,0.30500648088139987,12344
W,3766,3.5803620400586156,0.3050874918988983,12344
W,3767,3.5803620400586156,0.30516850291639663,12344
W,3768,3.5803620400586156,0.305249513933895,12344
W,3769,3.5803620400586156,0.3053305249513934,12344
W,3770,3.5803620400586156,0.30541153596889176,12344
W,3771,3.5803620400586156,0.30549254698639017,12344
W,3772,3.5803620400586156,0.3055735580038885,12344
W,3773,3.5803620400586156,0.30565456902138693,12344
W,3774,3.5839753622835735,0.3057355800388853,12344
W,3775,3.5839753622835735,0.30581659105638365,12344
W,3776,3.586894818090153,0.30589760207388206,12344
W,3777,3.586894818090153,0.3059786130913804,12344
W,3778,3.586894818090153,0.3060596241088788,12344
W,3779,3.586894818090153,0.3061406351263772,12344
W,3780,3.586894818090153,0.3062216461438756,12344
W,3781,3.5951486884799744,0.30630265716137395,12344
W,3782,3.605877997898129,0.3063836681788723,12344
W,3783,3.610536808627137,0.3064646791963707,12344
W,3784,3.610536808627137,0.30654569021386907,12344
W,3785,3.6144906630152365,0.3066267012313675,12344
W,3786,3.6144906630152365,0.30670771224886584,12344
W,3787,3.6151271534930784,0.30678872326636425,12344
W,3788,3.6151271534930784,0.3068697342838626,12344
W,3789,3.6151271534930784,0.30695074530136096,12344
W,3790,3.6233837518440963,0.3070317563188594,12344
W,3791,3.6233837518440963,0.30711276733635773,12344
W,3792,3.6254189424219727,0.30719377835385614,12344
W,3793,3.6254189424219727,0.3072747893713545,12344
W,3794,3.6254189424219727,0.3073558003888529,12344
W,3795,3.6254189424219727,0.30743681140635126,12344
W,3796,3.6254189424219727,0.3075178224238496,12344
W,3797,3.6254189424219727,0.30759883344134803,12344
W,3798,3.6254189424219727,0.3076798444588464,12344
W,3799,3.6254189424219727,0.3077608554763448,12344
W,3800,3.6254189424219727,0.30784186649384315,12344
W,3801,3.6254189424219727,0.30792287751134156,12344
W,3802,3.628158325787226,0.3080038885288399,12344
W,3803,3.628158325787226,0.3080848995463383,12344
W,3804,3.628158325787226,0.3081659105638367,12344
W,3805,3.628158325787226,0.30824692158133504,12344
W,3806,3.628158325787226,0.30832793259883345,12344
W,3807,3.628158325787226,0.3084089436163318,12344
W,3808,3.628158325787226,0.3084899546338302,12344
W,3809,3.628158325787226,0.3085709656513286,12344
W,3810,3.628158325787226,0.30865197666882693,12344
W,3811,3.628158325787226,0.30873298768632534,12344
W,3812,3.628158325787226,0.3088139987038237,12344
W,3813,3.628158325787226,0.3088950097213221,12344
W,3814,3.628158325787226,0.30897602073882047,12344
W,3815,3.628158325787226,0.3090570317563189,12344
W,3816,3.628158325787226,0.30913804277381723,12344
W,3817,3.628158325787226,0.30921905379131565,12344
W,3818,3.628158325787226,0.309300064808814,12344
W,3819,3.628158325787226,0.30938107582631236,12344
W,3820,3.628158325787226,0.30946208684381077,12344
W,3821,3.628158325787226,0.3095430978613091,12344
W,3822,3.628158325787226,0.30962410887880754,12344
W,3823,3.628158325787226,0.3097051198963059,12344
W,3824,3.628158325787226,0.3097861309138043,12344
W,3825,3.628365632892547,0.30986714193130266,12344
W,3826,3.636347926978172,0.309948152948801,12344
W,3827,3.636347926978172,0.3100291639662994,12344
W,3828,3.636347926978172,0.3101101749837978,12344
W,3829,3.636347926978172,0.3101911860012962,12344
W,3830,3.636347926978172,0.31027219701879455,12344
W,3831,3.6391146355115884,0.31035320803629296,12344
W,3832,3.6474571942924565,0.3104342190537913,12344
W,3833,3.6474571942924565,0.31051523007128967,12344
W,3834,3.6474571942924565,0.3105962410887881,12344
W,3835,3.6474571942924565,0.31067725210628644,12344
W,3836,3.6474571942924565,0.31075826312378485,12344
W,3837,3.671862572997753,0.3108392741412832,12344
W,3838,3.6723393582009995,0.3109202851587816,12344
W,3839,3.6723393582009995,0.31100129617628,12344
W,3840,3.6723393582009995,0.31108230719377833,12344
W,3841,3.6723393582009995,0.31116331821127674,12344
W,3842,3.6723393582009995,0.3112443292287751,12344
W,3843,3.6723393582009995,0.3113253402462735,12344
W,3844,3.675280681513415,0.31140635126377186,12344
W,3845,3.675280681513415,0.3114873622812703,12344
W,3846,3.675280681513415,0.31156837329876863,12344
W,3847,3.675280681513415,0.311649384316267,12344
W,3848,3.675280681513415,0.3117303953337654,12344
W,3849,3.675280681513415,0.31181140635126375,12344
W,3850,3.675280681513415,0.31189241736876216,12344
W,3851,3.675280681513415,0.3119734283862605,12344
W,3852,3.675280681513415,0.31205443940375893,12344
W,3853,3.675280681513415,0.3121354504212573,12344
W,3854,3.675280681513415,0.31221646143875564,12344
W,3855,3.675280681513415,0.31229747245625405,12344
W,3856,3.675280681513415,0.3123784834737524,12344
W,3857,3.675280681513415,0.3124594944912508,12344
W,3858,3.675280681513415,0.3125405055087492,12344
W,3859,3.675280681513415,0.3126215165262476,12344
W,3860,3.675280681513415,0.31270252754374595,12344
W,3861,3.675280681513415,0.31278353856124436,12344
W,3862,3.675280681513415,0.3128645495787427,12344
W,3863,3.675280681513415,0.31294556059624107,12344
W,3864,3.675280681513415,0.3130265716137395,12344
W,3865,3.675280681513415,0.31310758263123784,12344
W,3866,3.675280681513415,0.31318859364873625,12344
W,3867,3.675280681513415,0.3132696046662346,12344
W,3868,3.6844631588868806,0.313350615683733,12344
W,3869,3.6844631588868806,0.31343162670123137,12344
W,3870,3.6844631588868806,0.3135126377187297,12344
W,3871,3.6844631588868806,0.31359364873622814,12344
W,3872,3.6844631588868806,0.3136746597537265,12344
W,3873,3.6844631588868806,0.3137556707712249,12344
W,3874,3.6844631588868806,0.31383668178872326,12344
W,3875,3.6844631588868806,0.31391769280622167,12344
W,3876,3.6844631588868806,0.31399870382372,12344
W,3877,3.6844631588868806,0.3140797148412184,12344
W,3878,3.6844631588868806,0.3141607258587168,12344
W,3879,3.6844631588868806,0.31424173687621515,12344
W,3880,3.6844631588868806,0.31432274789371356,12344
W,3881,3.6889087564424825,0.3144037589112119,12344
W,3882,3.6889087564424825,0.31448476992871033,12344
W,3883,3.6889087564424825,0.3145657809462087,12344
W,3884,3.690381161527061,0.31464679196370704,12344
W,3885,3.7014296766409345,0.31472780298120545,12344
W,3886,3.7014296766409345,0.3148088139987038,12344
W,3887,3.7014296766409345,0.3148898250162022,12344
W,3888,3.7014296766409345,0.3149708360337006,12344
W,3889,3.7014296766409345,0.315051847051199,12344
W,3890,3.7014296766409345,0.31513285806869734,12344
W,3891,3.7014296766409345,0.3152138690861957,12344
W,3892,3.701896082833271,0.3152948801036941,12344
W,3893,3.701896082833271,0.31537589112119246,12344
W,3894,3.701896082833271,0.3154569021386909,12344
W,3895,3.701896082833271,0.31553791315618923,12344
W,3896,3.701896082833271,0.31561892417368764,12344
W,3897,3.701896082833271,0.315699935191186,12344
W,3898,3.701896082833271,0.31578094620868435,12344
W,3899,3.701896082833271,0.31586195722618277,12344
W,3900,3.701896082833271,0.3159429682436811,12344
W,3901,3.701896082833271,0.31602397926117953,12344
W,3902,3.701896082833271,0.3161049902786779,12344
W,3903,3.703800899271607,0.3161860012961763,12344
W,3904,3.7115726806694185,0.31626701231367466,12344
W,3905,3.7115726806694185,0.31634802333117307,12344
W,3906,3.7115726806694185,0.3164290343486714,12344
W,3907,3.7115726806694185,0.3165100453661698,12344
W,3908,3.7115726806694185,0.3165910563836682,12344
W,3909,3.7115726806694185,0.31667206740116655,12344
W,3910,3.7115726806694185,0.31675307841866496,12344
W,3911,3.7115726806694185,0.3168340894361633,12344
W,3912,3.7115726806694185,0.3169151004536617,12344
W,3913,3.7140413493988262,0.3169961114711601,12344
W,3914,3.714401629592946,0.31707712248865844,12344
W,3915,3.714401629592946,0.31715813350615685,12344
W,3916,3.714401629592946,0.3172391445236552,12344
W,3917,3.714401629592946,0.3173201555411536,12344
W,3918,3.7272413295037823,0.31740116655865197,12344
W,3919,3.7272413295037823,0.3174821775761504,12344
W,3920,3.7272413295037823,0.31756318859364874,12344
W,3921,3.7272413295037823,0.3176441996111471,12344
W,3922,3.7272413295037823,0.3177252106286455,12344
W,3923,3.7272413295037823,0.31780622164614386,12344
W,3924,3.7272413295037823,0.31788723266364227,12344
W,3925,3.7272413295037823,0.3179682436811406,12344
W,3926,3.7272413295037823,0.31804925469863904,12344
W,3927,3.7272413295037823,0.3181302657161374,12344
W,3928,3.7272413295037823,0.31821127673363575,12344
W,3929,3.7286227582159808,0.31829228775113416,12344
W,3930,3.7286227582159808,0.3183732987686325,12344
W,3931,3.7286227582159808,0.31845430978613093,12344
W,3932,3.7286227582159808,0.3185353208036293,12344
W,3933,3.730005861342635,0.3186163318211277,12344
W,3934,3.730856013460284,0.31869734283862605,12344
W,3935,3.730856013460284,0.3187783538561244,12344
W,3936,3.730856013460284,0.3188593648736228,12344
W,3937,3.730856013460284,0.3189403758911212,12344
W,3938,3.733936854319847,0.3190213869086196,12344
W,3939,3.733936854319847,0.31910239792611794,12344
W,3940,3.733936854319847,0.31918340894361635,12344
W,3941,3.733936854319847,0.3192644199611147,12344
W,3942,3.733936854319847,0.31934543097861307,12344
W,3943,3.733936854319847,0.3194264419961115,12344
W,3944,3.733936854319847,0.31950745301360983,12344
W,3945,3.733936854319847,0.31958846403110824,12344
W,3946,3.733936854319847,0.3196694750486066,12344
W,3947,3.733936854319847,0.319750486066105,12344
W,3948,3.733936854319847,0.31983149708360337,12344
W,3949,3.733936854319847,0.3199125081011017,12344
W,3950,3.733936854319847,0.31999351911860013,12344
W,3951,3.733936854319847,0.3200745301360985,12344
W,3952,3.733936854319847,0.3201555411535969,12344
W,3953,3.733936854319847,0.32023655217109526,12344
W,3954,3.733936854319847,0.32031756318859367,12344
W,3955,3.733936854319847,0.320398574206092,12344
W,3956,3.733936854319847,0.32047958522359044,12344
W,3957,3.733936854319847,0.3205605962410888,12344
W,3958,3.733936854319847,0.32064160725858715,12344
W,3959,3.733936854319847,0.32072261827608556,12344
W,3960,3.733936854319847,0.3208036292935839,12344
W,3961,3.734491115420067,0.3208846403110823,12344
W,3962,3.734491115420067,0.3209656513285807,12344
W,3963,3.734491115420067,0.3210466623460791,12344
W,3964,3.734491115420067,0.32112767336357745,12344
W,3965,3.734491115420067,0.3212086843810758,12344
W,3966,3.734491115420067,0.3212896953985742,12344
W,3967,3.734491115420067,0.32137070641607257,12344
W,3968,3.734491115420067,0.321451717433571,12344
W,3969,3.734491115420067,0.32153272845106934,12344
W,3970,3.734491115420067,0.32161373946856775,12344
W,3971,3.734491115420067,0.3216947504860661,12344
W,3972,3.734491115420067,0.32177576150356446,12344
W,3973,3.734491115420067,0.3218567725210629,12344
W,3974,3.734491115420067,0.32193778353856123,12344
W,3975,3.734491115420067,0.32201879455605964,12344
W,3976,3.734491115420067,0.322099805573558,12344
W,3977,3.734491115420067,0.3221808165910564,12344
W,3978,3.734491115420067,0.32226182760855476,12344
W,3979,3.734491115420067,0.3223428386260531,12344
W,3980,3.7402040460491772,0.32242384964355153,12344
W,3981,3.7402040460491772,0.3225048606610499,12344
W,3982,3.7402040460491772,0.3225858716785483,12344
W,3983,3.7402040460491772,0.32266688269604665,12344
W,3984,3.7402040460491772,0.32274789371354506,12344
W,3985,3.7402040460491772,0.3228289047310434,12344
W,3986,3.742418387552065,0.3229099157485418,12344
W,3987,3.742418387552065,0.3229909267660402,12344
W,3988,3.742418387552065,0.32307193778353854,12344
W,3989,3.7440032911961016,0.32315294880103695,12344
W,3990,3.7440032911961016,0.3232339598185353,12344
W,3991,3.7440032911961016,0.3233149708360337,12344
W,3992,3.7440032911961016,0.3233959818535321,12344
W,3993,3.7440032911961016,0.32347699287103043,12344
W,3994,3.7440032911961016,0.32355800388852884,12344
W,3995,3.7440032911961016,0.3236390149060272,12344
W,3996,3.7440032911961016,0.3237200259235256,12344
W,3997,3.7440032911961016,0.32380103694102397,12344
W,3998,3.7440032911961016,0.3238820479585224,12344
W,3999,3.7440032911961016,0.32396305897602073,12344
W,4000,3.7440032911961016,0.32404406999351915,12344
W,4001,3.7448148500611835,0.3241250810110175,12344
W,4002,3.7448148500611835,0.32420609202851586,12344
W,4003,3.7448148500611835,0.32428710304601427,12344
W,4004,3.7448148500611835,0.3243681140635126,12344
W,4005,3.7457655371304894,0.32444912508101104,12344
W,4006,3.7472610334015077,0.3245301360985094,12344
W,4007,3.7472610334015077,0.3246111471160078,12344
W,4008,3.7472610334015077,0.32469215813350616,12344
W,4009,3.747563192265482,0.3247731691510045,12344
W,4010,3.747776771758475,0.3248541801685029,12344
W,4011,3.747776771758475,0.3249351911860013,12344
W,4012,3.747776771758475,0.3250162022034997,12344
W,4013,3.747776771758475,0.32509721322099805,12344
W,4014,3.747776771758475,0.32517822423849646,12344
W,4015,3.747776771758475,0.3252592352559948,12344
W,4016,3.747776771758475,0.32534024627349317,12344
W,4017,3.747776771758475,0.3254212572909916,12344
W,4018,3.747776771758475,0.32550226830848994,12344
W,4019,3.7491526291466433,0.32558327932598835,12344
W,4020,3.7491526291466433,0.3256642903434867,12344
W,4021,3.7491526291466433,0.3257453013609851,12344
W,4022,3.7491526291466433,0.3258263123784835,12344
W,4023,3.7491526291466433,0.32590732339598183,12344
W,4024,3.7497436874551995,0.32598833441348024,12344
W,4025,3.7623317762879713,0.3260693454309786,12344
W,4026,3.76352723640974,0.326150356448477,12344
W,4027,3.76352723640974,0.32623136746597536,12344
W,4028,3.764886440684139,0.3263123784834738,12344
W,4029,3.764886440684139,0.32639338950097213,12344
W,4030,3.764886440684139,0.3264744005184705,12344
W,4031,3.764886440684139,0.3265554115359689,12344
W,4032,3.764886440684139,0.32663642255346725,12344
W,4033,3.764886440684139,0.32671743357096567,12344
W,4034,3.764886440684139,0.326798444588464,12344
W,4035,3.764886440684139,0.32687945560596243,12344
W,4036,3.764886440684139,0.3269604666234608,12344
W,4037,3.764886440684139,0.32704147764095914,12344
W,4038,3.764886440684139,0.32712248865845756,12344
W,4039,3.764886440684139,0.3272034996759559,12344
W,4040,3.764886440684139,0.3272845106934543,12344
W,4041,3.764886440684139,0.3273655217109527,12344
W,4042,3.764886440684139,0.3274465327284511,12344
W,4043,3.764886440684139,0.32752754374594945,12344
W,4044,3.764886440684139,0.3276085547634478,12344
W,4045,3.764886440684139,0.3276895657809462,12344
W,4046,3.7661901076499458,0.32777057679844457,12344
W,4047,3.769456610066144,0.327851587815943,12344
W,4048,3.769456610066144,0.32793259883344134,12344
W,4049,3.769456610066144,0.32801360985093975,12344
W,4050,3.769456610066144,0.3280946208684381,12344
W,4051,3.769456610066144,0.3281756318859365,12344
W,4052,3.769456610066144,0.32825664290343487,12344
W,4053,3.769456610066144,0.3283376539209332,12344
W,4054,3.769456610066144,0.32841866493843164,12344
W,4055,3.769456610066144,0.32849967595593,12344
W,4056,3.769456610066144,0.3285806869734284,12344
W,4057,3.769456610066144,0.32866169799092676,12344
W,4058,3.769456610066144,0.32874270900842517,12344
W,4059,3.769456610066144,0.3288237200259235,12344
W,4060,3.769456610066144,0.3289047310434219,12344
W,4061,3.769456610066144,0.3289857420609203,12344
W,4062,3.769456610066144,0.32906675307841865,12344
W,4063,3.769456610066144,0.32914776409591706,12344
W,4064,3.769456610066144,0.3292287751134154,12344
W,4065,3.769456610066144,0.32930978613091383,12344
W,4066,3.769456610066144,0.3293907971484122,12344
W,4067,3.769456610066144,0.32947180816591054,12344
W,4068,3.769456610066144,0.32955281918340895,12344
W,4069,3.769456610066144,0.3296338302009073,12344
W,4070,3.769456610066144,0.3297148412184057,12344
W,4071,3.769456610066144,0.3297958522359041,12344
W,4072,3.769456610066144,0.3298768632534025,12344
W,4073,3.769456610066144,0.32995787427090084,12344
W,4074,3.769456610066144,0.3300388852883992,12344
W,4075,3.769456610066144,0.3301198963058976,12344
W,4076,3.770676486209537,0.33020090732339596,12344
W,4077,3.770676486209537,0.3302819183408944,12344
W,4078,3.770676486209537,0.33036292935839273,12344
W,4079,3.770676486209537,0.33044394037589114,12344
W,4080,3.770676486209537,0.3305249513933895,12344
W,4081,3.770676486209537,0.33060596241088785,12344
W,4082,3.770676486209537,0.33068697342838627,12344
W,4083,3.770676486209537,0.3307679844458846,12344
W,4084,3.770676486209537,0.33084899546338303,12344
W,4085,3.770676486209537,0.3309300064808814,12344
W,4086,3.770676486209537,0.3310110174983798,12344
W,4087,3.779904381451675,0.33109202851587816,12344
W,4088,3.779904381451675,0.3311730395333765,12344
W,4089,3.786804526845035,0.3312540505508749,12344
W,4090,3.7950172905463817,0.3313350615683733,12344
W,4091,3.7950172905463817,0.3314160725858717,12344
W,4092,3.7950172905463817,0.33149708360337005,12344
W,4093,3.7950172905463817,0.33157809462086846,12344
W,4094,3.7950172905463817,0.3316591056383668,12344
W,4095,3.7950172905463817,0.3317401166558652,12344
W,4096,3.7950172905463817,0.3318211276733636,12344
W,4097,3.7950172905463817,0.33190213869086194,12344
W,4098,3.7950172905463817,0.33198314970836035,12344
W,4099,3.7950172905463817,0.3320641607258587,12344
W,4100,3.7950172905463817,0.3321451717433571,12344
W,4101,3.7950172905463817,0.33222618276085547,12344
W,4102,3.797745585902373,0.3323071937783539,12344
W,4103,3.7986311365920233,0.33238820479585224,12344
W,4104,3.7986311365920233,0.3324692158133506,12344
W,4105,3.7986311365920233,0.332550226830849,12344
W,4106,3.7986311365920233,0.33263123784834736,12344
W,4107,3.7986311365920233,0.33271224886584577,12344
W,4108,3.7986311365920233,0.33279325988334413,12344
W,4109,3.7986311365920233,0.33287427090084254,12344
W,4110,3.7986311365920233,0.3329552819183409,12344
W,4111,3.7986311365920233,0.33303629293583925,12344
W,4112,3.7986311365920233,0.33311730395333766,12344
W,4113,3.7986311365920233,0.333198314970836,12344
W,4114,3.7986311365920233,0.33327932598833443,12344
W,4115,3.7986311365920233,0.3333603370058328,12344
W,4116,3.7986311365920233,0.3334413480233312,12344
W,4117,3.7986311365920233,0.33352235904082955,12344
W,4118,3.7986311365920233,0.3336033700583279,12344
W,4119,3.7986311365920233,0.3336843810758263,12344
W,4120,3.7986311365920233,0.3337653920933247,12344
W,4121,3.7986311365920233,0.3338464031108231,12344
W,4122,3.803031978751287,0.33392741412832144,12344
W,4123,3.803031978751287,0.33400842514581985,12344
W,4124,3.803031978751287,0.3340894361633182,12344
W,4125,3.803031978751287,0.33417044718081657,12344
W,4126,3.803031978751287,0.334251458198315,12344
W,4127,3.803031978751287,0.33433246921581333,12344
W,4128,3.803031978751287,0.33441348023331174,12344
W,4129,3.803031978751287,0.3344944912508101,12344
W,4130,3.803031978751287,0.3345755022683085,12344
W,4131,3.803031978751287,0.33465651328580687,12344
W,4132,3.803031978751287,0.3347375243033052,12344
W,4133,3.803031978751287,0.33481853532080363,12344
W,4134,3.803031978751287,0.334899546338302,12344
W,4135,3.803031978751287,0.3349805573558004,12344
W,4136,3.8113368073162532,0.33506156837329876,12344
W,4137,3.8143414297480804,0.33514257939079717,12344
W,4138,3.8143414297480804,0.3352235904082955,12344
W,4139,3.8143414297480804,0.33530460142579394,12344
W,4140,3.8143414297480804,0.3353856124432923,12344
W,4141,3.8143414297480804,0.33546662346079065,12344
W,4142,3.8143414297480804,0.33554763447828906,12344
W,4143,3.8143414297480804,0.3356286454957874,12344
W,4144,3.8143414297480804,0.3357096565132858,12344
W,4145,3.8143414297480804,0.3357906675307842,12344
W,4146,3.8143414297480804,0.3358716785482826,12344
W,4147,3.8143414297480804,0.33595268956578095,12344
W,4148,3.8143414297480804,0.3360337005832793,12344
W,4149,3.8143414297480804,0.3361147116007777,12344
W,4150,3.8143414297480804,0.33619572261827607,12344
W,4151,3.8143414297480804,0.3362767336357745,12344
W,4152,3.8143414297480804,0.33635774465327284,12344
W,4153,3.8143414297480804,0.33643875567077125,12344
W,4154,3.8143414297480804,0.3365197666882696,12344
W,4155,3.8143414297480804,0.33660077770576796,12344
W,4156,3.8143414297480804,0.3366817887232664,12344
W,4157,3.8143414297480804,0.33676279974076473,12344
W,4158,3.8143414297480804,0.33684381075826314,12344
W,4159,3.814954819988091,0.3369248217757615,12344
W,4160,3.81976331744757,0.3370058327932599,12344
W,4161,3.81976331744757,0.33708684381075826,12344
W,4162,3.81976331744757,0.3371678548282566,12344
W,4163,3.81976331744757,0.33724886584575503,12344
W,4164,3.81976331744757,0.3373298768632534,12344
W,4165,3.81976331744757,0.3374108878807518,12344
W,4166,3.81976331744757,0.33749189889825015,12344
W,4167,3.81976331744757,0.33757290991574856,12344
W,4168,3.8206937304423123,0.3376539209332469,12344
W,4169,3.8206937304423123,0.3377349319507453,12344
W,4170,3.8224598628705544,0.3378159429682437,12344
W,4171,3.823625073644803,0.33789695398574204,12344
W,4172,3.8237182073891156,0.33797796500324045,12344
W,4173,3.8237182073891156,0.3380589760207388,12344
W,4174,3.824865317832579,0.3381399870382372,12344
W,4175,3.824865317832579,0.3382209980557356,12344
W,4176,3.8258106624929784,0.33830200907323393,12344
W,4177,3.8258106624929784,0.33838302009073234,12344
W,4178,3.8258106624929784,0.3384640311082307,12344
W,4179,3.8262291843171976,0.3385450421257291,12344
W,4180,3.8262291843171976,0.33862605314322747,12344
W,4181,3.8262291843171976,0.3387070641607259,12344
W,4182,3.8262291843171976,0.33878807517822424,12344
W,4183,3.8262291843171976,0.3388690861957226,12344
W,4184,3.8262291843171976,0.338950097213221,12344
W,4185,3.8262291843171976,0.33903110823071936,12344
W,4186,3.8262291843171976,0.33911211924821777,12344
W,4187,3.8262291843171976,0.3391931302657161,12344
W,4188,3.8262291843171976,0.33927414128321454,12344
W,4189,3.8262291843171976,0.3393551523007129,12344
W,4190,3.8262291843171976,0.3394361633182113,12344
W,4191,3.8262291843171976,0.33951717433570966,12344
W,4192,3.8262291843171976,0.339598185353208,12344
W,4193,3.8262291843171976,0.3396791963707064,12344
W,4194,3.8262291843171976,0.3397602073882048,12344
W,4195,3.8262291843171976,0.3398412184057032,12344
W,4196,3.8262291843171976,0.33992222942320155,12344
W,4197,3.8262291843171976,0.34000324044069996,12344
W,4198,3.8262291843171976,0.3400842514581983,12344
W,4199,3.8262291843171976,0.3401652624756967,12344
W,4200,3.8262291843171976,0.3402462734931951,12344
W,4201,3.8262291843171976,0.34032728451069344,12344
W,4202,3.8262291843171976,0.34040829552819185,12344
W,4203,3.8262291843171976,0.3404893065456902,12344
W,4204,3.8262291843171976,0.3405703175631886,12344
W,4205,3.8262291843171976,0.340651328580687,12344
W,4206,3.826990521137978,0.34073233959818533,12344
W,4207,3.8323758700849653,0.34081335061568374,12344
W,4208,3.8323758700849653,0.3408943616331821,12344
W,4209,3.8323758700849653,0.3409753726506805,12344
W,4210,3.8323758700849653,0.34105638366817886,12344
W,4211,3.8323758700849653,0.3411373946856773,12344
W,4212,3.8323758700849653,0.34121840570317563,12344
W,4213,3.8323758700849653,0.341299416720674,12344
W,4214,3.8323758700849653,0.3413804277381724,12344
W,4215,3.8323758700849653,0.34146143875567075,12344
W,4216,3.8323758700849653,0.34154244977316917,12344
W,4217,3.8323758700849653,0.3416234607906675,12344
W,4218,3.8323758700849653,0.34170447180816593,12344
W,4219,3.8323758700849653,0.3417854828256643,12344
W,4220,3.8323758700849653,0.34186649384316264,12344
W,4221,3.8323758700849653,0.34194750486066106,12344
W,4222,3.8323758700849653,0.3420285158781594,12344
W,4223,3.8323758700849653,0.3421095268956578,12344
W,4224,3.8323758700849653,0.3421905379131562,12344
W,4225,3.8323758700849653,0.3422715489306546,12344
W,4226,3.8323758700849653,0.34235255994815295,12344
W,4227,3.8323758700849653,0.3424335709656513,12344
W,4228,3.8323758700849653,0.3425145819831497,12344
W,4229,3.8323758700849653,0.34259559300064807,12344
W,4230,3.8323758700849653,0.3426766040181465,12344
W,4231,3.8323758700849653,0.34275761503564484,12344
W,4232,3.8323758700849653,0.34283862605314325,12344
W,4233,3.838794725281586,0.3429196370706416,12344
W,4234,3.838794725281586,0.34300064808814,12344
W,4235,3.838794725281586,0.34308165910563837,12344
W,4236,3.8412802699137787,0.3431626701231367,12344
W,4237,3.8516728966693385,0.34324368114063514,12344
W,4238,3.8516728966693385,0.3433246921581335,12344
W,4239,3.8516728966693385,0.3434057031756319,12344
W,4240,3.8516728966693385,0.34348671419313026,12344
W,4241,3.8516728966693385,0.34356772521062867,12344
W,4242,3.8516728966693385,0.343648736228127,12344
W,4243,3.853837486986565,0.3437297472456254,12344
W,4244,3.853837486986565,0.3438107582631238,12344
W,4245,3.853837486986565,0.34389176928062215,12344
W,4246,3.853837486986565,0.34397278029812056,12344
W,4247,3.853837486986565,0.3440537913156189,12344
W,4248,3.853837486986565,0.34413480233311733,12344
W,4249,3.8603362787528535,0.3442158133506157,12344
W,4250,3.8603362787528535,0.34429682436811404,12344
W,4251,3.8603362787528535,0.34437783538561245,12344
W,4252,3.8603362787528535,0.3444588464031108,12344
W,4253,3.863380462361929,0.3445398574206092,12344
W,4254,3.863380462361929,0.3446208684381076,12344
W,4255,3.863380462361929,0.344701879455606,12344
W,4256,3.863380462361929,0.34478289047310434,12344
W,4257,3.865289220456978,0.3448639014906027,12344
W,4258,3.8745525408830095,0.3449449125081011,12344
W,4259,3.8819476393743115,0.34502592352559946,12344
W,4260,3.8819476393743115,0.3451069345430979,12344
W,4261,3.885595192504017,0.34518794556059623,12344
W,4262,3.886849881143542,0.34526895657809464,12344
W,4263,3.886849881143542,0.345349967595593,12344
W,4264,3.886849881143542,0.34543097861309136,12344
W,4265,3.886849881143542,0.34551198963058977,12344
W,4266,3.886849881143542,0.3455930006480881,12344
W,4267,3.886849881143542,0.34567401166558653,12344
W,4268,3.886849881143542,0.3457550226830849,12344
W,4269,3.886849881143542,0.3458360337005833,12344
W,4270,3.886849881143542,0.34591704471808166,12344
W,4271,3.886849881143542,0.34599805573558,12344
W,4272,3.886849881143542,0.3460790667530784,12344
W,4273,3.886849881143542,0.3461600777705768,12344
W,4274,3.886849881143542,0.3462410887880752,12344
W,4275,3.886849881143542,0.34632209980557355,12344
W,4276,3.886849881143542,0.34640311082307196,12344
W,4277,3.886849881143542,0.3464841218405703,12344
W,4278,3.886849881143542,0.34656513285806867,12344
W,4279,3.886849881143542,0.3466461438755671,12344
W,4280,3.886849881143542,0.34672715489306544,12344
W,4281,3.8942421987471407,0.34680816591056385,12344
W,4282,3.8950804314053813,0.3468891769280622,12344
W,4283,3.8950804314053813,0.3469701879455606,12344
W,4284,3.8950804314053813,0.34705119896305897,12344
W,4285,3.8950804314053813,0.3471322099805574,12344
W,4286,3.8950804314053813,0.34721322099805574,12344
W,4287,3.8950804314053813,0.3472942320155541,12344
W,4288,3.8950804314053813,0.3473752430330525,12344
W,4289,3.8950804314053813,0.34745625405055086,12344
W,4290,3.8950804314053813,0.3475372650680493,12344
W,4291,3.8950804314053813,0.34761827608554763,12344
W,4292,3.8950804314053813,0.34769928710304604,12344
W,4293,3.8950804314053813,0.3477802981205444,12344
W,4294,3.8950804314053813,0.34786130913804275,12344
W,4295,3.8950804314053813,0.34794232015554116,12344
W,4296,3.8950804314053813,0.3480233311730395,12344
W,4297,3.8950804314053813,0.34810434219053793,12344
W,4298,3.8950804314053813,0.3481853532080363,12344
W,4299,3.8950804314053813,0.3482663642255347,12344
W,4300,3.8950804314053813,0.34834737524303305,12344
W,4301,3.8950804314053813,0.3484283862605314,12344
W,4302,3.8950804314053813,0.3485093972780298,12344
W,4303,3.8950804314053813,0.3485904082955282,12344
W,4304,3.8950804314053813,0.3486714193130266,12344
W,4305,3.8950804314053813,0.34875243033052494,12344
W,4306,3.8950804314053813,0.34883344134802335,12344
W,4307,3.8950804314053813,0.3489144523655217,12344
W,4308,3.8950804314053813,0.34899546338302007,12344
W,4309,3.8957133140713065,0.3490764744005185,12344
W,4310,3.897912292440348,0.34915748541801683,12344
W,4311,3.897912292440348,0.34923849643551524,12344
W,4312,3.897912292440348,0.3493195074530136,12344
W,4313,3.897912292440348,0.349400518470512,12344
W,4314,3.8991147966683735,0.34948152948801037,12344
W,4315,3.8991147966683735,0.3495625405055087,12344
W,4316,3.8991147966683735,0.34964355152300713,12344
W,4317,3.8991147966683735,0.3497245625405055,12344
W,4318,3.8991147966683735,0.3498055735580039,12344
W,4319,3.8991147966683735,0.34988658457550226,12344
W,4320,3.8991147966683735,0.34996759559300067,12344
W,4321,3.903479292833555,0.350048606610499,12344
W,4322,3.9081490982378613,0.3501296176279974,12344
W,4323,3.9081490982378613,0.3502106286454958,12344
W,4324,3.9081490982378613,0.35029163966299415,12344
W,4325,3.9081490982378613,0.35037265068049256,12344
W,4326,3.9081490982378613,0.3504536616979909,12344
W,4327,3.9081490982378613,0.3505346727154893,12344
W,4328,3.9081490982378613,0.3506156837329877,12344
W,4329,3.9119284179885594,0.3506966947504861,12344
W,4330,3.916911421144566,0.35077770576798445,12344
W,4331,3.916911421144566,0.3508587167854828,12344
W,4332,3.916911421144566,0.3509397278029812,12344
W,4333,3.916911421144566,0.35102073882047957,12344
W,4334,3.916911421144566,0.351101749837978,12344
W,4335,3.916911421144566,0.35118276085547634,12344
W,4336,3.9175747092352675,0.35126377187297475,12344
W,4337,3.9247571380836352,0.3513447828904731,12344
W,4338,3.9310605757174306,0.35142579390797146,12344
W,4339,3.934177583449851,0.3515068049254699,12344
W,4340,3.934177583449851,0.35158781594296823,12344
W,4341,3.934177583449851,0.35166882696046664,12344
W,4342,3.934177583449851,0.351749837977965,12344
W,4343,3.934590297166553,0.3518308489954634,12344
W,4344,3.934590297166553,0.35191186001296176,12344
W,4345,3.934590297166553,0.3519928710304601,12344
W,4346,3.934590297166553,0.35207388204795853,12344
W,4347,3.934590297166553,0.3521548930654569,12344
W,4348,3.934590297166553,0.3522359040829553,12344
W,4349,3.934590297166553,0.35231691510045365,12344
W,4350,3.937142633637231,0.35239792611795207,12344
W,4351,3.93772210977746,0.3524789371354504,12344
W,4352,3.93772210977746,0.3525599481529488,12344
W,4353,3.9380945541450045,0.3526409591704472,12344
W,4354,3.9454436332415215,0.35272197018794554,12344
W,4355,3.9454436332415215,0.35280298120544396,12344
W,4356,3.9454436332415215,0.3528839922229423,12344
W,4357,3.9454436332415215,0.3529650032404407,12344
W,4358,3.9508057762275777,0.3530460142579391,12344
W,4359,3.9525190247448796,0.35312702527543743,12344
W,4360,3.9525190247448796,0.35320803629293585,12344
W,4361,3.9525190247448796,0.3532890473104342,12344
W,4362,3.9525190247448796,0.3533700583279326,12344
W,4363,3.9525190247448796,0.35345106934543097,12344
W,4364,3.9525190247448796,0.3535320803629294,12344
W,4365,3.9525190247448796,0.35361309138042774,12344
W,4366,3.9525190247448796,0.3536941023979261,12344
W,4367,3.9525190247448796,0.3537751134154245,12344
W,4368,3.9525190247448796,0.35385612443292286,12344
W,4369,3.9525190247448796,0.35393713545042127,12344
W,4370,3.9525190247448796,0.3540181464679196,12344
W,4371,3.9525190247448796,0.35409915748541804,12344
W,4372,3.9525190247448796,0.3541801685029164,12344
W,4373,3.9525190247448796,0.3542611795204148,12344
W,4374,3.9525190247448796,0.35434219053791316,12344
W,4375,3.9525190247448796,0.3544232015554115,12344
W,4376,3.9525190247448796,0.3545042125729099,12344
W,4377,3.9525190247448796,0.3545852235904083,12344
W,4378,3.9525190247448796,0.3546662346079067,12344
W,4379,3.9525190247448796,0.35474724562540505,12344
W,4380,3.9525190247448796,0.35482825664290346,12344
W,4381,3.9525190247448796,0.3549092676604018,12344
W,4382,3.9525190247448796,0.3549902786779002,12344
W,4383,3.9525190247448796,0.3550712896953986,12344
W,4384,3.9525190247448796,0.35515230071289694,12344
W,4385,3.9525190247448796,0.35523331173039535,12344
W,4386,3.9525190247448796,0.3553143227478937,12344
W,4387,3.9544809922650264,0.3553953337653921,12344
W,4388,3.9544809922650264,0.3554763447828905,12344
W,4389,3.9544809922650264,0.35555735580038883,12344
W,4390,3.9544809922650264,0.35563836681788724,12344
W,4391,3.964223774939948,0.3557193778353856,12344
W,4392,3.964223774939948,0.355800388852884,12344
W,4393,3.964223774939948,0.35588139987038236,12344
W,4394,3.964223774939948,0.3559624108878808,12344
W,4395,3.964223774939948,0.35604342190537913,12344
W,4396,3.964223774939948,0.3561244329228775,12344
W,4397,3.964223774939948,0.3562054439403759,12344
W,4398,3.964223774939948,0.35628645495787425,12344
W,4399,3.964223774939948,0.35636746597537267,12344
W,4400,3.964223774939948,0.356448476992871,12344
W,4401,3.964223774939948,0.35652948801036943,12344
W,4402,3.964223774939948,0.3566104990278678,12344
W,4403,3.964223774939948,0.35669151004536614,12344
W,4404,3.964223774939948,0.35677252106286456,12344
W,4405,3.964223774939948,0.3568535320803629,12344
W,4406,3.964223774939948,0.3569345430978613,12344
W,4407,3.9652619525881634,0.3570155541153597,12344
W,4408,3.9652619525881634,0.3570965651328581,12344
W,4409,3.9652619525881634,0.35717757615035645,12344
W,4410,3.9652619525881634,0.3572585871678548,12344
W,4411,3.9652619525881634,0.3573395981853532,12344
W,4412,3.9652619525881634,0.35742060920285157,12344
W,4413,3.9652619525881634,0.35750162022035,12344
W,4414,3.9652619525881634,0.35758263123784834,12344
W,4415,3.9652619525881634,0.35766364225534675,12344
W,4416,3.9704467048129586,0.3577446532728451,12344
W,4417,3.9763879931515307,0.35782566429034346,12344
W,4418,3.9763879931515307,0.35790667530784187,12344
W,4419,3.9763879931515307,0.3579876863253402,12344
W,4420,3.9763879931515307,0.35806869734283864,12344
W,4421,3.9763879931515307,0.358149708360337,12344
W,4422,3.9763879931515307,0.3582307193778354,12344
W,4423,3.9763879931515307,0.35831173039533376,12344
W,4424,3.9763879931515307,0.35839274141283217,12344
W,4425,3.9763879931515307,0.35847375243033053,12344
W,4426,3.9763879931515307,0.3585547634478289,12344
W,4427,3.9763879931515307,0.3586357744653273,12344
W,4428,3.9763879931515307,0.35871678548282565,12344
W,4429,3.9763879931515307,0.35879779650032406,12344
W,4430,3.9763879931515307,0.3588788075178224,12344
W,4431,3.9763879931515307,0.35895981853532083,12344
W,4432,3.9763879931515307,0.3590408295528192,12344
W,4433,3.9763879931515307,0.35912184057031754,12344
W,4434,3.9763879931515307,0.35920285158781595,12344
W,4435,3.9763879931515307,0.3592838626053143,12344
W,4436,3.976736985513529,0.3593648736228127,12344
W,4437,3.976736985513529,0.3594458846403111,12344
W,4438,3.976736985513529,0.3595268956578095,12344
W,4439,3.976736985513529,0.35960790667530784,12344
W,4440,3.976736985513529,0.3596889176928062,12344
W,4441,3.976736985513529,0.3597699287103046,12344
W,4442,3.976736985513529,0.35985093972780297,12344
W,4443,3.976736985513529,0.3599319507453014,12344
W,4444,3.976736985513529,0.36001296176279973,12344
W,4445,3.976736985513529,0.36009397278029814,12344
W,4446,3.976736985513529,0.3601749837977965,12344
W,4447,3.976736985513529,0.36025599481529486,12344
W,4448,3.976736985513529,0.36033700583279327,12344
W,4449,3.976736985513529,0.3604180168502916,12344
W,4450,3.976736985513529,0.36049902786779003,12344
W,4451,3.976736985513529,0.3605800388852884,12344
W,4452,3.976736985513529,0.3606610499027868,12344
W,4453,3.976736985513529,0.36074206092028516,12344
W,4454,3.976736985513529,0.3608230719377835,12344
W,4455,3.976736985513529,0.3609040829552819,12344
W,4456,3.976736985513529,0.3609850939727803,12344
W,4457,3.9809260901215997,0.3610661049902787,12344
W,4458,3.9849210561927086,0.36114711600777705,12344
W,4459,3.9849210561927086,0.36122812702527546,12344
W,4460,3.9849210561927086,0.3613091380427738,12344
W,4461,3.9849210561927086,0.36139014906027217,12344
W,4462,3.9943211900606705,0.3614711600777706,12344
W,4463,3.9943211900606705,0.36155217109526894,12344
W,4464,3.9943211900606705,0.36163318211276735,12344
W,4465,3.9943211900606705,0.3617141931302657,12344
W,4466,3.9943211900606705,0.3617952041477641,12344
W,4467,3.999262125853867,0.36187621516526247,12344
W,4468,3.999262125853867,0.3619572261827609,12344
W,4469,4.002727345433777,0.36203823720025924,12344
W,4470,4.013547698244046,0.3621192482177576,12344
W,4471,4.013547698244046,0.362200259235256,12344
W,4472,4.013547698244046,0.36228127025275436,12344
W,4473,4.013547698244046,0.3623622812702528,12344
W,4474,4.013547698244046,0.36244329228775113,12344
W,4475,4.013547698244046,0.36252430330524954,12344
W,4476,4.013547698244046,0.3626053143227479,12344
W,4477,4.013547698244046,0.36268632534024625,12344
W,4478,4.013547698244046,0.36276733635774466,12344
W,4479,4.013547698244046,0.362848347375243,12344
W,4480,4.013547698244046,0.36292935839274143,12344
W,4481,4.013547698244046,0.3630103694102398,12344
W,4482,4.013547698244046,0.3630913804277382,12344
W,4483,4.013547698244046,0.36317239144523655,12344
W,4484,4.013547698244046,0.3632534024627349,12344
W,4485,4.013547698244046,0.3633344134802333,12344
W,4486,4.013547698244046,0.3634154244977317,12344
W,4487,4.013547698244046,0.3634964355152301,12344
W,4488,4.013547698244046,0.36357744653272844,12344
W,4489,4.013547698244046,0.36365845755022685,12344
W,4490,4.013547698244046,0.3637394685677252,12344
W,4491,4.013547698244046,0.36382047958522357,12344
W,4492,4.013547698244046,0.363901490602722,12344
W,4493,4.013547698244046,0.36398250162022033,12344
W,4494,4.013547698244046,0.36406351263771874,12344
W,4495,4.013547698244046,0.3641445236552171,12344
W,4496,4.013547698244046,0.3642255346727155,12344
W,4497,4.013547698244046,0.36430654569021387,12344
W,4498,4.013547698244046,0.3643875567077122,12344
W,4499,4.013547698244046,0.36446856772521063,12344
W,4500,4.014048626780079,0.364549578742709,12344
W,4501,4.014048626780079,0.3646305897602074,12344
W,4502,4.014048626780079,0.36471160077770576,12344
W,4503,4.014048626780079,0.36479261179520417,12344
W,4504,4.014048626780079,0.3648736228127025,12344
W,4505,4.014048626780079,0.3649546338302009,12344
W,4506,4.015648932046005,0.3650356448476993,12344
W,4507,4.015648932046005,0.36511665586519765,12344
W,4508,4.015648932046005,0.36519766688269606,12344
W,4509,4.015648932046005,0.3652786779001944,12344
W,4510,4.015648932046005,0.3653596889176928,12344
W,4511,4.015648932046005,0.3654406999351912,12344
W,4512,4.015648932046005,0.36552171095268954,12344
W,4513,4.015648932046005,0.36560272197018795,12344
W,4514,4.015648932046005,0.3656837329876863,12344
W,4515,4.015648932046005,0.3657647440051847,12344
W,4516,4.015648932046005,0.3658457550226831,12344
W,4517,4.019825541121859,0.3659267660401815,12344
W,4518,4.019825541121859,0.36600777705767984,12344
W,4519,4.019825541121859,0.36608878807517825,12344
W,4520,4.019825541121859,0.3661697990926766,12344
W,4521,4.019825541121859,0.36625081011017496,12344
W,4522,4.019825541121859,0.3663318211276734,12344
W,4523,4.019825541121859,0.36641283214517173,12344
W,4524,4.019825541121859,0.36649384316267014,12344
W,4525,4.019825541121859,0.3665748541801685,12344
W,4526,4.019825541121859,0.3666558651976669,12344
W,4527,4.019825541121859,0.36673687621516526,12344
W,4528,4.019825541121859,0.3668178872326636,12344
W,4529,4.019825541121859,0.36689889825016203,12344
W,4530,4.023627101946367,0.3669799092676604,12344
W,4531,4.023627101946367,0.3670609202851588,12344
W,4532,4.024434399996295,0.36714193130265715,12344
W,4533,4.024434399996295,0.36722294232015557,12344
W,4534,4.024434399996295,0.3673039533376539,12344
W,4535,4.024434399996295,0.3673849643551523,12344
W,4536,4.024434399996295,0.3674659753726507,12344
W,4537,4.024434399996295,0.36754698639014904,12344
W,4538,4.024434399996295,0.36762799740764746,12344
W,4539,4.024434399996295,0.3677090084251458,12344
W,4540,4.024434399996295,0.3677900194426442,12344
W,4541,4.024434399996295,0.3678710304601426,12344
W,4542,4.024434399996295,0.36795204147764093,12344
W,4543,4.024434399996295,0.36803305249513935,12344
W,4544,4.024434399996295,0.3681140635126377,12344
W,4545,4.024434399996295,0.3681950745301361,12344
W,4546,4.024434399996295,0.36827608554763447,12344
W,4547,4.024434399996295,0.3683570965651329,12344
W,4548,4.024434399996295,0.36843810758263124,12344
W,4549,4.024434399996295,0.3685191186001296,12344
W,4550,4.024434399996295,0.368600129617628,12344
W,4551,4.024434399996295,0.36868114063512636,12344
W,4552,4.024434399996295,0.36876215165262477,12344
W,4553,4.024434399996295,0.3688431626701231,12344
W,4554,4.024434399996295,0.36892417368762154,12344
W,4555,4.024434399996295,0.3690051847051199,12344
W,4556,4.024434399996295,0.36908619572261825,12344
W,4557,4.024434399996295,0.36916720674011666,12344
W,4558,4.0311104611992885,0.369248217757615,12344
W,4559,4.0311104611992885,0.3693292287751134,12344
W,4560,4.0384488426984575,0.3694102397926118,12344
W,4561,4.056192241943911,0.3694912508101102,12344
W,4562,4.056192241943911,0.36957226182760855,12344
W,4563,4.061410199497081,0.36965327284510696,12344
W,4564,4.061410199497081,0.3697342838626053,12344
W,4565,4.061410199497081,0.3698152948801037,12344
W,4566,4.061410199497081,0.3698963058976021,12344
W,4567,4.062959893974493,0.36997731691510044,12344
W,4568,4.062959893974493,0.37005832793259885,12344
W,4569,4.062959893974493,0.3701393389500972,12344
W,4570,4.062959893974493,0.3702203499675956,12344
W,4571,4.062959893974493,0.370301360985094,12344
W,4572,4.062959893974493,0.37038237200259233,12344
W,4573,4.062959893974493,0.37046338302009074,12344
W,4574,4.062959893974493,0.3705443940375891,12344
W,4575,4.062959893974493,0.3706254050550875,12344
W,4576,4.062959893974493,0.37070641607258586,12344
W,4577,4.062959893974493,0.3707874270900843,12344
W,4578,4.062959893974493,0.37086843810758263,12344
W,4579,4.0663713807978,0.370949449125081,12344
W,4580,4.0663713807978,0.3710304601425794,12344
W,4581,4.0663713807978,0.37111147116007775,12344
W,4582,4.0663713807978,0.37119248217757617,12344
W,4583,4.0663713807978,0.3712734931950745,12344
W,4584,4.0663713807978,0.37135450421257293,12344
W,4585,4.0663713807978,0.3714355152300713,12344
W,4586,4.0663713807978,0.37151652624756965,12344
W,4587,4.0663713807978,0.37159753726506806,12344
W,4588,4.0663713807978,0.3716785482825664,12344
W,4589,4.0663713807978,0.3717595593000648,12344
W,4590,4.0663713807978,0.3718405703175632,12344
W,4591,4.0663713807978,0.3719215813350616,12344
W,4592,4.0663713807978,0.37200259235255995,12344
W,4593,4.0663713807978,0.3720836033700583,12344
W,4594,4.0663713807978,0.3721646143875567,12344
W,4595,4.082119710069294,0.37224562540505507,12344
W,4596,4.082119710069294,0.3723266364225535,12344
W,4597,4.082119710069294,0.37240764744005184,12344
W,4598,4.082119710069294,0.37248865845755025,12344
W,4599,4.082119710069294,0.3725696694750486,12344
W,4600,4.082119710069294,0.37265068049254696,12344
W,4601,4.082119710069294,0.37273169151004537,12344
W,4602,4.084551109944433,0.3728127025275437,12344
W,4603,4.09414539208419,0.37289371354504214,12344
W,4604,4.09414539208419,0.3729747245625405,12344
W,4605,4.09414539208419,0.3730557355800389,12344
W,4606,4.09414539208419,0.37313674659753726,12344
W,4607,4.09414539208419,0.3732177576150357,12344
W,4608,4.09414539208419,0.37329876863253403,12344
W,4609,4.099581209152785,0.3733797796500324,12344
W,4610,4.099581209152785,0.3734607906675308,12344
W,4611,4.099581209152785,0.37354180168502915,12344
W,4612,4.099581209152785,0.37362281270252756,12344
W,4613,4.099581209152785,0.3737038237200259,12344
W,4614,4.099581209152785,0.37378483473752433,12344
W,4615,4.099581209152785,0.3738658457550227,12344
W,4616,4.099581209152785,0.37394685677252104,12344
W,4617,4.099581209152785,0.37402786779001945,12344
W,4618,4.099581209152785,0.3741088788075178,12344
W,4619,4.106409025906425,0.3741898898250162,12344
W,4620,4.106409025906425,0.3742709008425146,12344
W,4621,4.106409025906425,0.374351911860013,12344
W,4622,4.106409025906425,0.37443292287751134,12344
W,4623,4.106409025906425,0.3745139338950097,12344
W,4624,4.106409025906425,0.3745949449125081,12344
W,4625,4.106409025906425,0.37467595593000647,12344
W,4626,4.106409025906425,0.3747569669475049,12344
W,4627,4.109472454863137,0.37483797796500323,12344
W,4628,4.109472454863137,0.37491898898250164,12344
W,4629,4.109472454863137,0.375,12344
W,4630,4.109472454863137,0.37508101101749836,12344
W,4631,4.109472454863137,0.37516202203499677,12344
W,4632,4.109472454863137,0.3752430330524951,12344
W,4633,4.109472454863137,0.37532404406999353,12344
W,4634,4.109472454863137,0.3754050550874919,12344
W,4635,4.109472454863137,0.3754860661049903,12344
W,4636,4.109472454863137,0.37556707712248866,12344
W,4637,4.109472454863137,0.375648088139987,12344
W,4638,4.109472454863137,0.3757290991574854,12344
W,4639,4.110000915110661,0.3758101101749838,12344
W,4640,4.110000915110661,0.3758911211924822,12344
W,4641,4.110000915110661,0.37597213220998055,12344
W,4642,4.110000915110661,0.37605314322747896,12344
W,4643,4.110000915110661,0.3761341542449773,12344
W,4644,4.110000915110661,0.37621516526247567,12344
W,4645,4.110000915110661,0.3762961762799741,12344
W,4646,4.110000915110661,0.37637718729747244,12344
W,4647,4.110000915110661,0.37645819831497085,12344
W,4648,4.110000915110661,0.3765392093324692,12344
W,4649,4.110000915110661,0.3766202203499676,12344
W,4650,4.110000915110661,0.37670123136746597,12344
W,4651,4.110000915110661,0.3767822423849643,12344
W,4652,4.110000915110661,0.37686325340246274,12344
W,4653,4.110000915110661,0.3769442644199611,12344
W,4654,4.110000915110661,0.3770252754374595,12344
W,4655,4.110000915110661,0.37710628645495786,12344
W,4656,4.110000915110661,0.3771872974724563,12344
W,4657,4.110000915110661,0.37726830848995463,12344
W,4658,4.110000915110661,0.37734931950745304,12344
W,4659,4.110000915110661,0.3774303305249514,12344
W,4660,4.110000915110661,0.37751134154244975,12344
W,4661,4.110000915110661,0.37759235255994816,12344
W,4662,4.110000915110661,0.3776733635774465,12344
W,4663,4.110000915110661,0.37775437459494493,12344
W,4664,4.110000915110661,0.3778353856124433,12344
W,4665,4.110000915110661,0.3779163966299417,12344
W,4666,4.110000915110661,0.37799740764744005,12344
W,4667,4.11296525863577,0.3780784186649384,12344
W,4668,4.11296525863577,0.3781594296824368,12344
W,4669,4.11296525863577,0.3782404406999352,12344
W,4670,4.11296525863577,0.3783214517174336,12344
W,4671,4.11296525863577,0.37840246273493194,12344
W,4672,4.11296525863577,0.37848347375243035,12344
W,4673,4.11296525863577,0.3785644847699287,12344
W,4674,4.11296525863577,0.37864549578742707,12344
W,4675,4.11296525863577,0.3787265068049255,12344
W,4676,4.11296525863577,0.37880751782242383,12344
W,4677,4.11296525863577,0.37888852883992225,12344
W,4678,4.11296525863577,0.3789695398574206,12344
W,4679,4.11296525863577,0.379050550874919,12344
W,4680,4.11296525863577,0.37913156189241737,12344
W,4681,4.11296525863577,0.3792125729099157,12344
W,4682,4.11296525863577,0.37929358392741414,12344
W,4683,4.11296525863577,0.3793745949449125,12344
W,4684,4.11296525863577,0.3794556059624109,12344
W,4685,4.11296525863577,0.37953661697990926,12344
W,4686,4.11296525863577,0.37961762799740767,12344
W,4687,4.11296525863577,0.379698639014906,12344
W,4688,4.127884246571216,0.3797796500324044,12344
W,4689,4.127884246571216,0.3798606610499028,12344
W,4690,4.129538295461542,0.37994167206740115,12344
W,4691,4.129538295461542,0.38002268308489956,12344
W,4692,4.129538295461542,0.3801036941023979,12344
W,4693,4.129538295461542,0.3801847051198963,12344
W,4694,4.130064491905995,0.3802657161373947,12344
W,4695,4.130064491905995,0.38034672715489304,12344
W,4696,4.132618304985608,0.38042773817239145,12344
W,4697,4.132618304985608,0.3805087491898898,12344
W,4698,4.132618304985608,0.3805897602073882,12344
W,4699,4.132618304985608,0.3806707712248866,12344
W,4700,4.132618304985608,0.380751782242385,12344
W,4701,4.132618304985608,0.38083279325988334,12344
W,4702,4.132618304985608,0.38091380427738175,12344
W,4703,4.132618304985608,0.3809948152948801,12344
W,4704,4.132618304985608,0.38107582631237846,12344
W,4705,4.132618304985608,0.3811568373298769,12344
W,4706,4.132618304985608,0.38123784834737523,12344
W,4707,4.132618304985608,0.38131885936487364,12344
W,4708,4.132618304985608,0.381399870382372,12344
W,4709,4.133557505399337,0.3814808813998704,12344
W,4710,4.133692228879616,0.38156189241736876,12344
W,4711,4.133692228879616,0.3816429034348671,12344
W,4712,4.133692228879616,0.38172391445236553,12344
W,4713,4.133692228879616,0.3818049254698639,12344
W,4714,4.133692228879616,0.3818859364873623,12344
W,4715,4.133692228879616,0.38196694750486065,12344
W,4716,4.133692228879616,0.38204795852235907,12344
W,4717,4.133692228879616,0.3821289695398574,12344
W,4718,4.133692228879616,0.3822099805573558,12344
W,4719,4.133692228879616,0.3822909915748542,12344
W,4720,4.138035093484087,0.38237200259235254,12344
W,4721,4.138035093484087,0.38245301360985096,12344
W,4722,4.138035093484087,0.3825340246273493,12344
W,4723,4.142001934987654,0.3826150356448477,12344
W,4724,4.142001934987654,0.3826960466623461,12344
W,4725,4.142572400046338,0.38277705767984443,12344
W,4726,4.142572400046338,0.38285806869734285,12344
W,4727,4.142572400046338,0.3829390797148412,12344
W,4728,4.142572400046338,0.3830200907323396,12344
W,4729,4.142572400046338,0.38310110174983797,12344
W,4730,4.142572400046338,0.3831821127673364,12344
W,4731,4.142572400046338,0.38326312378483474,12344
W,4732,4.142572400046338,0.3833441348023331,12344
W,4733,4.142572400046338,0.3834251458198315,12344
W,4734,4.158749624330411,0.38350615683732986,12344
W,4735,4.158749624330411,0.38358716785482827,12344
W,4736,4.158749624330411,0.3836681788723266,12344
W,4737,4.158749624330411,0.38374918988982504,12344
W,4738,4.158749624330411,0.3838302009073234,12344
W,4739,4.166407856287713,0.38391121192482175,12344
W,4740,4.166407856287713,0.38399222294232016,12344
W,4741,4.166407856287713,0.3840732339598185,12344
W,4742,4.166407856287713,0.3841542449773169,12344
W,4743,4.166407856287713,0.3842352559948153,12344
W,4744,4.166407856287713,0.3843162670123137,12344
W,4745,4.168205807503904,0.38439727802981205,12344
W,4746,4.168205807503904,0.38447828904731046,12344
W,4747,4.168205807503904,0.3845593000648088,12344
W,4748,4.168205807503904,0.3846403110823072,12344
W,4749,4.168205807503904,0.3847213220998056,12344
W,4750,4.168205807503904,0.38480233311730394,12344
W,4751,4.168205807503904,0.38488334413480235,12344
W,4752,4.168205807503904,0.3849643551523007,12344
W,4753,4.168205807503904,0.3850453661697991,12344
W,4754,4.168205807503904,0.3851263771872975,12344
W,4755,4.168205807503904,0.38520738820479583,12344
W,4756,4.168205807503904,0.38528839922229424,12344
W,4757,4.168205807503904,0.3853694102397926,12344
W,4758,4.168205807503904,0.385450421257291,12344
W,4759,4.176192480797147,0.38553143227478937,12344
W,4760,4.176192480797147,0.3856124432922878,12344
W,4761,4.1814496162974315,0.38569345430978613,12344
W,4762,4.1814496162974315,0.3857744653272845,12344
W,4763,4.1814496162974315,0.3858554763447829,12344
W,4764,4.1814496162974315,0.38593648736228126,12344
W,4765,4.1814496162974315,0.38601749837977967,12344
W,4766,4.1814496162974315,0.386098509397278,12344
W,4767,4.1814496162974315,0.38617952041477643,12344
W,4768,4.1814496162974315,0.3862605314322748,12344
W,4769,4.1814496162974315,0.38634154244977315,12344
W,4770,4.1814496162974315,0.38642255346727156,12344
W,4771,4.1814496162974315,0.3865035644847699,12344
W,4772,4.1814496162974315,0.3865845755022683,12344
W,4773,4.1814496162974315,0.3866655865197667,12344
W,4774,4.1814496162974315,0.3867465975372651,12344
W,4775,4.1814496162974315,0.38682760855476345,12344
W,4776,4.1814496162974315,0.3869086195722618,12344
W,4777,4.1814496162974315,0.3869896305897602,12344
W,4778,4.1814496162974315,0.38707064160725857,12344
W,4779,4.1814496162974315,0.387151652624757,12344
W,4780,4.1814496162974315,0.38723266364225534,12344
W,4781,4.1814496162974315,0.38731367465975375,12344
W,4782,4.1814496162974315,0.3873946856772521,12344
W,4783,4.1814496162974315,0.38747569669475046,12344
W,4784,4.1814496162974315,0.38755670771224887,12344
W,4785,4.1814496162974315,0.3876377187297472,12344
W,4786,4.1857580216590495,0.38771872974724564,12344
W,4787,4.187823354325374,0.387799740764744,12344
W,4788,4.187823354325374,0.3878807517822424,12344
W,4789,4.191440401158136,0.38796176279974076,12344
W,4790,4.191440401158136,0.3880427738172391,12344
W,4791,4.191440401158136,0.38812378483473753,12344
W,4792,4.191440401158136,0.3882047958522359,12344
W,4793,4.191440401158136,0.3882858068697343,12344
W,4794,4.191440401158136,0.38836681788723265,12344
W,4795,4.191440401158136,0.38844782890473106,12344
W,4796,4.191440401158136,0.3885288399222294,12344
W,4797,4.191440401158136,0.38860985093972783,12344
W,4798,4.191440401158136,0.3886908619572262,12344
W,4799,4.191440401158136,0.38877187297472454,12344
W,4800,4.199373983351819,0.38885288399222295,12344
W,4801,4.199373983351819,0.3889338950097213,12344
W,4802,4.213897004163039,0.3890149060272197,12344
W,4803,4.213897004163039,0.3890959170447181,12344
W,4804,4.219176860625079,0.3891769280622165,12344
W,4805,4.219176860625079,0.38925793907971484,12344
W,4806,4.2195995162190645,0.3893389500972132,12344
W,4807,4.2195995162190645,0.3894199611147116,12344
W,4808,4.2195995162190645,0.38950097213220997,12344
W,4809,4.2195995162190645,0.3895819831497084,12344
W,4810,4.2195995162190645,0.38966299416720673,12344
W,4811,4.2195995162190645,0.38974400518470514,12344
W,4812,4.2195995162190645,0.3898250162022035,12344
W,4813,4.2195995162190645,0.38990602721970186,12344
W,4814,4.2195995162190645,0.38998703823720027,12344
W,4815,4.222739589316134,0.3900680492546986,12344
W,4816,4.222739589316134,0.39014906027219703,12344
W,4817,4.222739589316134,0.3902300712896954,12344
W,4818,4.222739589316134,0.3903110823071938,12344
W,4819,4.222739589316134,0.39039209332469216,12344
W,4820,4.222739589316134,0.3904731043421905,12344
W,4821,4.222739589316134,0.3905541153596889,12344
W,4822,4.22359973247404,0.3906351263771873,12344
W,4823,4.22359973247404,0.3907161373946857,12344
W,4824,4.22359973247404,0.39079714841218405,12344
W,4825,4.22359973247404,0.39087815942968246,12344
W,4826,4.22359973247404,0.3909591704471808,12344
W,4827,4.22359973247404,0.39104018146467917,12344
W,4828,4.22359973247404,0.3911211924821776,12344
W,4829,4.22359973247404,0.39120220349967594,12344
W,4830,4.22359973247404,0.39128321451717435,12344
W,4831,4.22359973247404,0.3913642255346727,12344
W,4832,4.22359973247404,0.3914452365521711,12344
W,4833,4.22359973247404,0.39152624756966947,12344
W,4834,4.22359973247404,0.39160725858716783,12344
W,4835,4.22359973247404,0.39168826960466624,12344
W,4836,4.22359973247404,0.3917692806221646,12344
W,4837,4.22359973247404,0.391850291639663,12344
W,4838,4.22359973247404,0.39193130265716136,12344
W,4839,4.22359973247404,0.3920123136746598,12344
W,4840,4.22359973247404,0.39209332469215813,12344
W,4841,4.22359973247404,0.39217433570965654,12344
W,4842,4.22359973247404,0.3922553467271549,12344
W,4843,4.22359973247404,0.39233635774465325,12344
W,4844,4.22359973247404,0.39241736876215166,12344
W,4845,4.22359973247404,0.39249837977965,12344
W,4846,4.225977809755725,0.39257939079714843,12344
W,4847,4.225977809755725,0.3926604018146468,12344
W,4848,4.225977809755725,0.3927414128321452,12344
W,4849,4.225977809755725,0.39282242384964355,12344
W,4850,4.225977809755725,0.3929034348671419,12344
W,4851,4.225977809755725,0.3929844458846403,12344
W,4852,4.225977809755725,0.3930654569021387,12344
W,4853,4.225977809755725,0.3931464679196371,12344
W,4854,4.225977809755725,0.39322747893713544,12344
W,4855,4.226206855038507,0.39330848995463386,12344
W,4856,4.226206855038507,0.3933895009721322,12344
W,4857,4.226206855038507,0.39347051198963057,12344
W,4858,4.229952046526115,0.393551523007129,12344
W,4859,4.229952046526115,0.39363253402462733,12344
W,4860,4.229952046526115,0.39371354504212575,12344
W,4861,4.230527478500262,0.3937945560596241,12344
W,4862,4.230527478500262,0.3938755670771225,12344
W,4863,4.23289776153565,0.39395657809462087,12344
W,4864,4.23289776153565,0.3940375891121192,12344
W,4865,4.2401937262805625,0.39411860012961764,12344
W,4866,4.2401937262805625,0.394199611147116,12344
W,4867,4.2401937262805625,0.3942806221646144,12344
W,4868,4.246318228992198,0.39436163318211276,12344
W,4869,4.246318228992198,0.39444264419961117,12344
W,4870,4.246318228992198,0.3945236552171095,12344
W,4871,4.246318228992198,0.3946046662346079,12344
W,4872,4.246318228992198,0.3946856772521063,12344
W,4873,4.246318228992198,0.39476668826960465,12344
W,4874,4.246318228992198,0.39484769928710306,12344
W,4875,4.246318228992198,0.3949287103046014,12344
W,4876,4.246318228992198,0.3950097213220998,12344
W,4877,4.246318228992198,0.3950907323395982,12344
W,4878,4.246318228992198,0.39517174335709654,12344
W,4879,4.246617308253443,0.39525275437459495,12344
W,4880,4.246617308253443,0.3953337653920933,12344
W,4881,4.251527893027495,0.3954147764095917,12344
W,4882,4.251527893027495,0.3954957874270901,12344
W,4883,4.251527893027495,0.3955767984445885,12344
W,4884,4.251527893027495,0.39565780946208684,12344
W,4885,4.251527893027495,0.3957388204795852,12344
W,4886,4.251527893027495,0.3958198314970836,12344
W,4887,4.2607599570223815,0.39590084251458196,12344
W,4888,4.2607599570223815,0.3959818535320804,12344
W,4889,4.261883646086142,0.39606286454957873,12344
W,4890,4.261883646086142,0.39614387556707714,12344
W,4891,4.261883646086142,0.3962248865845755,12344
W,4892,4.261883646086142,0.3963058976020739,12344
W,4893,4.2627512639175755,0.39638690861957226,12344
W,4894,4.2627512639175755,0.3964679196370706,12344
W,4895,4.2627512639175755,0.39654893065456903,12344
W,4896,4.2627512639175755,0.3966299416720674,12344
W,4897,4.2627512639175755,0.3967109526895658,12344
W,4898,4.2627512639175755,0.39679196370706415,12344
W,4899,4.2627512639175755,0.39687297472456257,12344
W,4900,4.263937034217777,0.3969539857420609,12344
W,4901,4.264187363129776,0.3970349967595593,12344
W,4902,4.264187363129776,0.3971160077770577,12344
W,4903,4.264187363129776,0.39719701879455604,12344
W,4904,4.264187363129776,0.39727802981205446,12344
W,4905,4.292047817701549,0.3973590408295528,12344
W,4906,4.296209645719384,0.3974400518470512,12344
W,4907,4.296209645719384,0.3975210628645496,12344
W,4908,4.296209645719384,0.39760207388204793,12344
W,4909,4.296209645719384,0.39768308489954635,12344
W,4910,4.296209645719384,0.3977640959170447,12344
W,4911,4.296209645719384,0.3978451069345431,12344
W,4912,4.296209645719384,0.39792611795204147,12344
W,4913,4.296209645719384,0.3980071289695399,12344
W,4914,4.296209645719384,0.39808813998703824,12344
W,4915,4.296209645719384,0.3981691510045366,12344
W,4916,4.296209645719384,0.398250162022035,12344
W,4917,4.296209645719384,0.39833117303953336,12344
W,4918,4.296209645719384,0.39841218405703177,12344
W,4919,4.296209645719384,0.3984931950745301,12344
W,4920,4.296209645719384,0.39857420609202854,12344
W,4921,4.296209645719384,0.3986552171095269,12344
W,4922,4.29665664977489,0.39873622812702525,12344
W,4923,4.298001175665109,0.39881723914452366,12344
W,4924,4.298001175665109,0.398898250162022,12344
W,4925,4.298001175665109,0.39897926117952043,12344
W,4926,4.298001175665109,0.3990602721970188,12344
W,4927,4.298001175665109,0.3991412832145172,12344
W,4928,4.298001175665109,0.39922229423201555,12344
W,4929,4.298001175665109,0.3993033052495139,12344
W,4930,4.298001175665109,0.3993843162670123,12344
W,4931,4.298001175665109,0.3994653272845107,12344
W,4932,4.298001175665109,0.3995463383020091,12344
W,4933,4.298001175665109,0.39962734931950744,12344
W,4934,4.298001175665109,0.39970836033700585,12344
W,4935,4.298001175665109,0.3997893713545042,12344
W,4936,4.298001175665109,0.3998703823720026,12344
W,4937,4.298001175665109,0.399951393389501,12344
W,4938,4.298001175665109,0.40003240440699933,12344
W,4939,4.298001175665109,0.40011341542449774,12344
W,4940,4.298001175665109,0.4001944264419961,12344
W,4941,4.298001175665109,0.4002754374594945,12344
W,4942,4.298001175665109,0.40035644847699287,12344
W,4943,4.298001175665109,0.4004374594944913,12344
W,4944,4.298001175665109,0.40051847051198963,12344
W,4945,4.298001175665109,0.400599481529488,12344
W,4946,4.298001175665109,0.4006804925469864,12344
W,4947,4.298001175665109,0.40076150356448476,12344
W,4948,4.298001175665109,0.40084251458198317,12344
W,4949,4.299757643844233,0.4009235255994815,12344
W,4950,4.300230706417129,0.40100453661697993,12344
W,4951,4.300230706417129,0.4010855476344783,12344
W,4952,4.300230706417129,0.40116655865197665,12344
W,4953,4.300230706417129,0.40124756966947506,12344
W,4954,4.300230706417129,0.4013285806869734,12344
W,4955,4.300230706417129,0.4014095917044718,12344
W,4956,4.300230706417129,0.4014906027219702,12344
W,4957,4.300230706417129,0.4015716137394686,12344
W,4958,4.300230706417129,0.40165262475696695,12344
W,4959,4.300230706417129,0.4017336357744653,12344
W,4960,4.300230706417129,0.4018146467919637,12344
W,4961,4.300230706417129,0.40189565780946207,12344
W,4962,4.302266391717558,0.4019766688269605,12344
W,4963,4.302266391717558,0.40205767984445884,12344
W,4964,4.303594614172709,0.40213869086195725,12344
W,4965,4.303594614172709,0.4022197018794556,12344
W,4966,4.303594614172709,0.40230071289695396,12344
W,4967,4.313788375219672,0.40238172391445237,12344
W,4968,4.313788375219672,0.4024627349319507,12344
W,4969,4.313788375219672,0.40254374594944914,12344
W,4970,4.313788375219672,0.4026247569669475,12344
W,4971,4.313788375219672,0.4027057679844459,12344
W,4972,4.323729836167835,0.40278677900194426,12344
W,4973,4.323729836167835,0.4028677900194426,12344
W,4974,4.329730277623004,0.40294880103694103,12344
W,4975,4.329730277623004,0.4030298120544394,12344
W,4976,4.329730277623004,0.4031108230719378,12344
W,4977,4.336607643923876,0.40319183408943615,12344
W,4978,4.336607643923876,0.40327284510693456,12344
W,4979,4.336607643923876,0.4033538561244329,12344
W,4980,4.336607643923876,0.40343486714193133,12344
W,4981,4.336607643923876,0.4035158781594297,12344
W,4982,4.336607643923876,0.40359688917692804,12344
W,4983,4.336607643923876,0.40367790019442645,12344
W,4984,4.336607643923876,0.4037589112119248,12344
W,4985,4.336607643923876,0.4038399222294232,12344
W,4986,4.336607643923876,0.4039209332469216,12344
W,4987,4.336607643923876,0.40400194426442,12344
W,4988,4.336607643923876,0.40408295528191834,12344
W,4989,4.336607643923876,0.4041639662994167,12344
W,4990,4.336607643923876,0.4042449773169151,12344
W,4991,4.336607643923876,0.40432598833441347,12344
W,4992,4.336607643923876,0.4044069993519119,12344
W,4993,4.336607643923876,0.40448801036941023,12344
W,4994,4.336607643923876,0.40456902138690864,12344
W,4995,4.337792377471229,0.404650032404407,12344
W,4996,4.337792377471229,0.40473104342190536,12344
W,4997,4.337792377471229,0.40481205443940377,12344
W,4998,4.337792377471229,0.4048930654569021,12344
W,4999,4.337792377471229,0.40497407647440054,12344
W,5000,4.337792377471229,0.4050550874918989,12344
W,5001,4.337792377471229,0.4051360985093973,12344
W,5002,4.337792377471229,0.40521710952689566,12344
W,5003,4.337792377471229,0.405298120544394,12344
W,5004,4.343339695829647,0.4053791315618924,12344
W,5005,4.347192412593037,0.4054601425793908,12344
W,5006,4.347192412593037,0.4055411535968892,12344
W,5007,4.347192412593037,0.40562216461438755,12344
W,5008,4.347776705515252,0.40570317563188596,12344
W,5009,4.348067858693264,0.4057841866493843,12344
W,5010,4.348067858693264,0.40586519766688267,12344
W,5011,4.348067858693264,0.4059462086843811,12344
W,5012,4.348067858693264,0.40602721970187944,12344
W,5013,4.348067858693264,0.40610823071937785,12344
W,5014,4.348067858693264,0.4061892417368762,12344
W,5015,4.348067858693264,0.4062702527543746,12344
W,5016,4.348067858693264,0.406351263771873,12344
W,5017,4.348067858693264,0.40643227478937133,12344
W,5018,4.348067858693264,0.40651328580686974,12344
W,5019,4.348067858693264,0.4065942968243681,12344
W,5020,4.348067858693264,0.4066753078418665,12344
W,5021,4.348067858693264,0.40675631885936486,12344
W,5022,4.348067858693264,0.4068373298768633,12344
W,5023,4.354814239779009,0.40691834089436163,12344
W,5024,4.354814239779009,0.40699935191186,12344
W,5025,4.354814239779009,0.4070803629293584,12344
W,5026,4.354814239779009,0.40716137394685675,12344
W,5027,4.354814239779009,0.40724238496435516,12344
W,5028,4.359017355240118,0.4073233959818535,12344
W,5029,4.359017355240118,0.40740440699935193,12344
W,5030,4.359017355240118,0.4074854180168503,12344
W,5031,4.359017355240118,0.4075664290343487,12344
W,5032,4.359017355240118,0.40764744005184705,12344
W,5033,4.359017355240118,0.4077284510693454,12344
W,5034,4.359017355240118,0.4078094620868438,12344
W,5035,4.359017355240118,0.4078904731043422,12344
W,5036,4.359017355240118,0.4079714841218406,12344
W,5037,4.359017355240118,0.40805249513933894,12344
W,5038,4.359017355240118,0.40813350615683736,12344
W,5039,4.359017355240118,0.4082145171743357,12344
W,5040,4.359017355240118,0.40829552819183407,12344
W,5041,4.359017355240118,0.4083765392093325,12344
W,5042,4.359017355240118,0.40845755022683083,12344
W,5043,4.359017355240118,0.40853856124432925,12344
W,5044,4.359017355240118,0.4086195722618276,12344
W,5045,4.359017355240118,0.408700583279326,12344
W,5046,4.359017355240118,0.40878159429682437,12344
W,5047,4.359017355240118,0.4088626053143227,12344
W,5048,4.359017355240118,0.40894361633182114,12344
W,5049,4.359017355240118,0.4090246273493195,12344
W,5050,4.359017355240118,0.4091056383668179,12344
W,5051,4.359017355240118,0.40918664938431626,12344
W,5052,4.359017355240118,0.40926766040181467,12344
W,5053,4.359017355240118,0.409348671419313,12344
W,5054,4.359017355240118,0.4094296824368114,12344
W,5055,4.359017355240118,0.4095106934543098,12344
W,5056,4.359989259479923,0.40959170447180815,12344
W,5057,4.361599849428535,0.40967271548930656,12344
W,5058,4.361599849428535,0.4097537265068049,12344
W,5059,4.363798543931995,0.4098347375243033,12344
W,5060,4.363798543931995,0.4099157485418017,12344
W,5061,4.363798543931995,0.40999675955930004,12344
W,5062,4.3699499458868285,0.41007777057679845,12344
W,5063,4.383740735946832,0.4101587815942968,12344
W,5064,4.383740735946832,0.4102397926117952,12344
W,5065,4.383740735946832,0.4103208036292936,12344
W,5066,4.383740735946832,0.410401814646792,12344
W,5067,4.383740735946832,0.41048282566429034,12344
W,5068,4.383740735946832,0.4105638366817887,12344
W,5069,4.383740735946832,0.4106448476992871,12344
W,5070,4.383740735946832,0.41072585871678546,12344
W,5071,4.383740735946832,0.4108068697342839,12344
W,5072,4.383740735946832,0.41088788075178223,12344
W,5073,4.383740735946832,0.41096889176928064,12344
W,5074,4.383740735946832,0.411049902786779,12344
W,5075,4.383740735946832,0.4111309138042774,12344
W,5076,4.3873074371076815,0.41121192482177576,12344
W,5077,4.3873074371076815,0.4112929358392741,12344
W,5078,4.3873074371076815,0.41137394685677253,12344
W,5079,4.3873074371076815,0.4114549578742709,12344
W,5080,4.3873074371076815,0.4115359688917693,12344
W,5081,4.3873074371076815,0.41161697990926766,12344
W,5082,4.3873074371076815,0.41169799092676607,12344
W,5083,4.3873074371076815,0.4117790019442644,12344
W,5084,4.392287035189432,0.4118600129617628,12344
W,5085,4.392287035189432,0.4119410239792612,12344
W,5086,4.392287035189432,0.41202203499675955,12344
W,5087,4.392287035189432,0.41210304601425796,12344
W,5088,4.392287035189432,0.4121840570317563,12344
W,5089,4.392287035189432,0.4122650680492547,12344
W,5090,4.392287035189432,0.4123460790667531,12344
W,5091,4.392287035189432,0.41242709008425144,12344
W,5092,4.403639610544861,0.41250810110174985,12344
W,5093,4.40367311132285,0.4125891121192482,12344
W,5094,4.40367311132285,0.4126701231367466,12344
W,5095,4.40367311132285,0.41275113415424497,12344
W,5096,4.406615931039837,0.4128321451717434,12344
W,5097,4.406615931039837,0.41291315618924174,12344
W,5098,4.406615931039837,0.4129941672067401,12344
W,5099,4.406615931039837,0.4130751782242385,12344
W,5100,4.406615931039837,0.41315618924173686,12344
W,5101,4.406615931039837,0.41323720025923527,12344
W,5102,4.4068938586824515,0.4133182112767336,12344
W,5103,4.4068938586824515,0.41339922229423204,12344
W,5104,4.4068938586824515,0.4134802333117304,12344
W,5105,4.4068938586824515,0.41356124432922875,12344
W,5106,4.4068938586824515,0.41364225534672716,12344
W,5107,4.4068938586824515,0.4137232663642255,12344
W,5108,4.4068938586824515,0.41380427738172393,12344
W,5109,4.4068938586824515,0.4138852883992223,12344
W,5110,4.410160017845362,0.4139662994167207,12344
W,5111,4.413126682598152,0.41404731043421905,12344
W,5112,4.413126682598152,0.4141283214517174,12344
W,5113,4.413126682598152,0.4142093324692158,12344
W,5114,4.413126682598152,0.4142903434867142,12344
W,5115,4.413126682598152,0.4143713545042126,12344
W,5116,4.413126682598152,0.41445236552171094,12344
W,5117,4.413126682598152,0.41453337653920935,12344
W,5118,4.413126682598152,0.4146143875567077,12344
W,5119,4.413126682598152,0.41469539857420606,12344
W,5120,4.413126682598152,0.4147764095917045,12344
W,5121,4.413126682598152,0.41485742060920283,12344
W,5122,4.413126682598152,0.41493843162670124,12344
W,5123,4.413126682598152,0.4150194426441996,12344
W,5124,4.413126682598152,0.415100453661698,12344
W,5125,4.413126682598152,0.41518146467919637,12344
W,5126,4.413126682598152,0.4152624756966948,12344
W,5127,4.413126682598152,0.41534348671419313,12344
W,5128,4.413126682598152,0.4154244977316915,12344
W,5129,4.413126682598152,0.4155055087491899,12344
W,5130,4.413126682598152,0.41558651976668826,12344
W,5131,4.413126682598152,0.41566753078418667,12344
W,5132,4.413126682598152,0.415748541801685,12344
W,5133,4.413126682598152,0.41582955281918343,12344
W,5134,4.413126682598152,0.4159105638366818,12344
W,5135,4.413126682598152,0.41599157485418015,12344
W,5136,4.413126682598152,0.41607258587167856,12344
W,5137,4.413126682598152,0.4161535968891769,12344
W,5138,4.413126682598152,0.4162346079066753,12344
W,5139,4.413126682598152,0.4163156189241737,12344
W,5140,4.413126682598152,0.4163966299416721,12344
W,5141,4.4195559960379045,0.41647764095917045,12344
W,5142,4.4195559960379045,0.4165586519766688,12344
W,5143,4.4195559960379045,0.4166396629941672,12344
W,5144,4.4195559960379045,0.41672067401166557,12344
W,5145,4.4195559960379045,0.416801685029164,12344
W,5146,4.4195559960379045,0.41688269604666234,12344
W,5147,4.420231264251478,0.41696370706416075,12344
W,5148,4.420231264251478,0.4170447180816591,12344
W,5149,4.420231264251478,0.41712572909915746,12344
W,5150,4.424263943501054,0.41720674011665587,12344
W,5151,4.424263943501054,0.41728775113415423,12344
W,5152,4.424263943501054,0.41736876215165264,12344
W,5153,4.424263943501054,0.417449773169151,12344
W,5154,4.424263943501054,0.4175307841866494,12344
W,5155,4.424263943501054,0.41761179520414776,12344
W,5156,4.424263943501054,0.4176928062216461,12344
W,5157,4.424263943501054,0.41777381723914453,12344
W,5158,4.424263943501054,0.4178548282566429,12344
W,5159,4.424263943501054,0.4179358392741413,12344
W,5160,4.424263943501054,0.41801685029163965,12344
W,5161,4.424263943501054,0.41809786130913806,12344
W,5162,4.424263943501054,0.4181788723266364,12344
W,5163,4.424263943501054,0.4182598833441348,12344
W,5164,4.428006293172776,0.4183408943616332,12344
W,5165,4.428006293172776,0.41842190537913154,12344
W,5166,4.428006293172776,0.41850291639662995,12344
W,5167,4.428006293172776,0.4185839274141283,12344
W,5168,4.428006293172776,0.4186649384316267,12344
W,5169,4.428006293172776,0.4187459494491251,12344
W,5170,4.428006293172776,0.4188269604666235,12344
W,5171,4.428006293172776,0.41890797148412184,12344
W,5172,4.428006293172776,0.4189889825016202,12344
W,5173,4.428006293172776,0.4190699935191186,12344
W,5174,4.428006293172776,0.41915100453661697,12344
W,5175,4.428006293172776,0.4192320155541154,12344
W,5176,4.428006293172776,0.41931302657161373,12344
W,5177,4.428006293172776,0.41939403758911215,12344
W,5178,4.428006293172776,0.4194750486066105,12344
W,5179,4.428006293172776,0.41955605962410886,12344
W,5180,4.428006293172776,0.41963707064160727,12344
W,5181,4.428006293172776,0.4197180816591056,12344
W,5182,4.428006293172776,0.41979909267660404,12344
W,5183,4.428006293172776,0.4198801036941024,12344
W,5184,4.428006293172776,0.4199611147116008,12344
W,5185,4.43161035927612,0.42004212572909916,12344
W,5186,4.43161035927612,0.4201231367465975,12344
W,5187,4.43161035927612,0.4202041477640959,12344
W,5188,4.43575397891823,0.4202851587815943,12344
W,5189,4.439417062183043,0.4203661697990927,12344
W,5190,4.443187480314692,0.42044718081659105,12344
W,5191,4.448658218283997,0.42052819183408946,12344
W,5192,4.448658218283997,0.4206092028515878,12344
W,5193,4.448658218283997,0.42069021386908617,12344
W,5194,4.448658218283997,0.4207712248865846,12344
W,5195,4.448658218283997,0.42085223590408294,12344
W,5196,4.448658218283997,0.42093324692158135,12344
W,5197,4.448658218283997,0.4210142579390797,12344
W,5198,4.448658218283997,0.4210952689565781,12344
W,5199,4.448658218283997,0.4211762799740765,12344
W,5200,4.448658218283997,0.42125729099157483,12344
W,5201,4.448658218283997,0.42133830200907324,12344
W,5202,4.448658218283997,0.4214193130265716,12344
W,5203,4.448658218283997,0.42150032404407,12344
W,5204,4.448658218283997,0.42158133506156836,12344
W,5205,4.448658218283997,0.4216623460790668,12344
W,5206,4.4490128593999065,0.42174335709656513,12344
W,5207,4.4490128593999065,0.4218243681140635,12344
W,5208,4.4490128593999065,0.4219053791315619,12344
W,5209,4.4490128593999065,0.42198639014906025,12344
W,5210,4.4490128593999065,0.42206740116655866,12344
W,5211,4.4490128593999065,0.422148412184057,12344
W,5212,4.4490128593999065,0.42222942320155543,12344
W,5213,4.4490128593999065,0.4223104342190538,12344
W,5214,4.4490128593999065,0.4223914452365522,12344
W,5215,4.4490128593999065,0.42247245625405055,12344
W,5216,4.4490128593999065,0.4225534672715489,12344
W,5217,4.4490128593999065,0.4226344782890473,12344
W,5218,4.4490128593999065,0.4227154893065457,12344
W,5219,4.4490128593999065,0.4227965003240441,12344
W,5220,4.450476501129456,0.42287751134154244,12344
W,5221,4.4536468751338125,0.42295852235904086,12344
W,5222,4.4536468751338125,0.4230395333765392,12344
W,5223,4.4536468751338125,0.42312054439403757,12344
W,5224,4.4536468751338125,0.423201555411536,12344
W,5225,4.4536468751338125,0.42328256642903433,12344
W,5226,4.472700011113045,0.42336357744653275,12344
W,5227,4.472700011113045,0.4234445884640311,12344
W,5228,4.472700011113045,0.4235255994815295,12344
W,5229,4.472700011113045,0.42360661049902787,12344
W,5230,4.472700011113045,0.4236876215165262,12344
W,5231,4.472700011113045,0.42376863253402464,12344
W,5232,4.472700011113045,0.423849643551523,12344
W,5233,4.472700011113045,0.4239306545690214,12344
W,5234,4.472700011113045,0.42401166558651976,12344
W,5235,4.472700011113045,0.42409267660401817,12344
W,5236,4.472700011113045,0.4241736876215165,12344
W,5237,4.472700011113045,0.4242546986390149,12344
W,5238,4.472700011113045,0.4243357096565133,12344
W,5239,4.472700011113045,0.42441672067401165,12344
W,5240,4.474025703541085,0.42449773169151006,12344
W,5241,4.474025703541085,0.4245787427090084,12344
W,5242,4.474025703541085,0.42465975372650683,12344
W,5243,4.474025703541085,0.4247407647440052,12344
W,5244,4.479986023458011,0.42482177576150354,12344
W,5245,4.479986023458011,0.42490278677900195,12344
W,5246,4.479986023458011,0.4249837977965003,12344
W,5247,4.479986023458011,0.4250648088139987,12344
W,5248,4.479986023458011,0.4251458198314971,12344
W,5249,4.479986023458011,0.4252268308489955,12344
W,5250,4.479986023458011,0.42530784186649384,12344
W,5251,4.479986023458011,0.4253888528839922,12344
W,5252,4.479986023458011,0.4254698639014906,12344
W,5253,4.479986023458011,0.42555087491898896,12344
W,5254,4.479986023458011,0.4256318859364874,12344
W,5255,4.479986023458011,0.42571289695398573,12344
W,5256,4.4866731989737625,0.42579390797148414,12344
W,5257,4.4866731989737625,0.4258749189889825,12344
W,5258,4.4866731989737625,0.42595593000648085,12344
W,5259,4.4866731989737625,0.42603694102397927,12344
W,5260,4.4866731989737625,0.4261179520414776,12344
W,5261,4.488040596514385,0.42619896305897603,12344
W,5262,4.488040596514385,0.4262799740764744,12344
W,5263,4.488040596514385,0.4263609850939728,12344
W,5264,4.488040596514385,0.42644199611147116,12344
W,5265,4.488040596514385,0.42652300712896957,12344
W,5266,4.488040596514385,0.4266040181464679,12344
W,5267,4.488040596514385,0.4266850291639663,12344
W,5268,4.488040596514385,0.4267660401814647,12344
W,5269,4.498314289752327,0.42684705119896305,12344
W,5270,4.500063412496187,0.42692806221646146,12344
W,5271,4.505845405022713,0.4270090732339598,12344
W,5272,4.505845405022713,0.4270900842514582,12344
W,5273,4.513592260628923,0.4271710952689566,12344
W,5274,4.513592260628923,0.42725210628645494,12344
W,5275,4.516589026131069,0.42733311730395335,12344
W,5276,4.516589026131069,0.4274141283214517,12344
W,5277,4.516589026131069,0.4274951393389501,12344
W,5278,4.516589026131069,0.42757615035644847,12344
W,5279,4.516589026131069,0.4276571613739469,12344
W,5280,4.516589026131069,0.42773817239144524,12344
W,5281,4.516589026131069,0.4278191834089436,12344
W,5282,4.516589026131069,0.427900194426442,12344
W,5283,4.516589026131069,0.42798120544394036,12344
W,5284,4.516589026131069,0.42806221646143877,12344
W,5285,4.517077284388659,0.4281432274789371,12344
W,5286,4.519396129760814,0.42822423849643554,12344
W,5287,4.519396129760814,0.4283052495139339,12344
W,5288,4.519396129760814,0.42838626053143225,12344
W,5289,4.519396129760814,0.42846727154893066,12344
W,5290,4.519396129760814,0.428548282566429,12344
W,5291,4.519396129760814,0.42862929358392743,12344
W,5292,4.523092082462277,0.4287103046014258,12344
W,5293,4.523092082462277,0.4287913156189242,12344
W,5294,4.523092082462277,0.42887232663642255,12344
W,5295,4.523092082462277,0.4289533376539209,12344
W,5296,4.523092082462277,0.4290343486714193,12344
W,5297,4.523092082462277,0.4291153596889177,12344
W,5298,4.523092082462277,0.4291963707064161,12344
W,5299,4.523092082462277,0.42927738172391444,12344
W,5300,4.523092082462277,0.42935839274141285,12344
W,5301,4.523092082462277,0.4294394037589112,12344
W,5302,4.523092082462277,0.42952041477640956,12344
W,5303,4.525227991336257,0.429601425793908,12344
W,5304,4.525227991336257,0.42968243681140633,12344
W,5305,4.525227991336257,0.42976344782890474,12344
W,5306,4.525227991336257,0.4298444588464031,12344
W,5307,4.525227991336257,0.4299254698639015,12344
W,5308,4.525227991336257,0.43000648088139987,12344
W,5309,4.525227991336257,0.4300874918988983,12344
W,5310,4.525227991336257,0.43016850291639663,12344
W,5311,4.5273327091935185,0.430249513933895,12344
W,5312,4.5273327091935185,0.4303305249513934,12344
W,5313,4.528233760098226,0.43041153596889176,12344
W,5314,4.528233760098226,0.43049254698639017,12344
W,5315,4.528233760098226,0.4305735580038885,12344
W,5316,4.528233760098226,0.43065456902138693,12344
W,5317,4.528233760098226,0.4307355800388853,12344
W,5318,4.528233760098226,0.43081659105638365,12344
W,5319,4.528233760098226,0.43089760207388206,12344
W,5320,4.528918128947543,0.4309786130913804,12344
W,5321,4.528918128947543,0.4310596241088788,12344
W,5322,4.528918128947543,0.4311406351263772,12344
W,5323,4.528918128947543,0.4312216461438756,12344
W,5324,4.528918128947543,0.43130265716137395,12344
W,5325,4.528918128947543,0.4313836681788723,12344
W,5326,4.528918128947543,0.4314646791963707,12344
W,5327,4.528918128947543,0.43154569021386907,12344
W,5328,4.528918128947543,0.4316267012313675,12344
W,5329,4.528918128947543,0.43170771224886584,12344
W,5330,4.528918128947543,0.43178872326636425,12344
W,5331,4.528918128947543,0.4318697342838626,12344
W,5332,4.528918128947543,0.43195074530136096,12344
W,5333,4.528918128947543,0.4320317563188594,12344
W,5334,4.528918128947543,0.43211276733635773,12344
W,5335,4.528918128947543,0.43219377835385614,12344
W,5336,4.5347786970454775,0.4322747893713545,12344
W,5337,4.5347786970454775,0.4323558003888529,12344
W,5338,4.5347786970454775,0.43243681140635126,12344
W,5339,4.537174347324458,0.4325178224238496,12344
W,5340,4.537174347324458,0.43259883344134803,12344
W,5341,4.537174347324458,0.4326798444588464,12344
W,5342,4.537174347324458,0.4327608554763448,12344
W,5343,4.537174347324458,0.43284186649384315,12344
W,5344,4.537174347324458,0.43292287751134156,12344
W,5345,4.537174347324458,0.4330038885288399,12344
W,5346,4.537174347324458,0.4330848995463383,12344
W,5347,4.537174347324458,0.4331659105638367,12344
W,5348,4.537174347324458,0.43324692158133504,12344
W,5349,4.537174347324458,0.43332793259883345,12344
W,5350,4.537174347324458,0.4334089436163318,12344
W,5351,4.537174347324458,0.4334899546338302,12344
W,5352,4.537174347324458,0.4335709656513286,12344
W,5353,4.537174347324458,0.43365197666882693,12344
W,5354,4.537174347324458,0.43373298768632534,12344
W,5355,4.537174347324458,0.4338139987038237,12344
W,5356,4.537174347324458,0.4338950097213221,12344
W,5357,4.537174347324458,0.43397602073882047,12344
W,5358,4.537174347324458,0.4340570317563189,12344
W,5359,4.537174347324458,0.43413804277381723,12344
W,5360,4.537174347324458,0.43421905379131565,12344
W,5361,4.537174347324458,0.434300064808814,12344
W,5362,4.540739680270917,0.43438107582631236,12344
W,5363,4.540739680270917,0.43446208684381077,12344
W,5364,4.540739680270917,0.4345430978613091,12344
W,5365,4.540739680270917,0.43462410887880754,12344
W,5366,4.540739680270917,0.4347051198963059,12344
W,5367,4.540739680270917,0.4347861309138043,12344
W,5368,4.540739680270917,0.43486714193130266,12344
W,5369,4.540739680270917,0.434948152948801,12344
W,5370,4.545412529993119,0.4350291639662994,12344
W,5371,4.545412529993119,0.4351101749837978,12344
W,5372,4.545412529993119,0.4351911860012962,12344
W,5373,4.545412529993119,0.43527219701879455,12344
W,5374,4.545412529993119,0.43535320803629296,12344
W,5375,4.545412529993119,0.4354342190537913,12344
W,5376,4.545412529993119,0.43551523007128967,12344
W,5377,4.545412529993119,0.4355962410887881,12344
W,5378,4.545412529993119,0.43567725210628644,12344
W,5379,4.545412529993119,0.43575826312378485,12344
W,5380,4.545412529993119,0.4358392741412832,12344
W,5381,4.545412529993119,0.4359202851587816,12344
W,5382,4.545412529993119,0.43600129617628,12344
W,5383,4.545412529993119,0.43608230719377833,12344
W,5384,4.545412529993119,0.43616331821127674,12344
W,5385,4.545412529993119,0.4362443292287751,12344
W,5386,4.548145379683022,0.4363253402462735,12344
W,5387,4.548145379683022,0.43640635126377186,12344
W,5388,4.548145379683022,0.4364873622812703,12344
W,5389,4.548145379683022,0.43656837329876863,12344
W,5390,4.548145379683022,0.436649384316267,12344
W,5391,4.548145379683022,0.4367303953337654,12344
W,5392,4.5536387478147775,0.43681140635126375,12344
W,5393,4.5536387478147775,0.43689241736876216,12344
W,5394,4.5536387478147775,0.4369734283862605,12344
W,5395,4.5536387478147775,0.43705443940375893,12344
W,5396,4.5536387478147775,0.4371354504212573,12344
W,5397,4.5536387478147775,0.43721646143875564,12344
W,5398,4.558645780231198,0.43729747245625405,12344
W,5399,4.558645780231198,0.4373784834737524,12344
W,5400,4.558645780231198,0.4374594944912508,12344
W,5401,4.558645780231198,0.4375405055087492,12344
W,5402,4.558645780231198,0.4376215165262476,12344
W,5403,4.558645780231198,0.43770252754374595,12344
W,5404,4.558645780231198,0.43778353856124436,12344
W,5405,4.558645780231198,0.4378645495787427,12344
W,5406,4.558645780231198,0.43794556059624107,12344
W,5407,4.558645780231198,0.4380265716137395,12344
W,5408,4.558645780231198,0.43810758263123784,12344
W,5409,4.558645780231198,0.43818859364873625,12344
W,5410,4.558645780231198,0.4382696046662346,12344
W,5411,4.558645780231198,0.438350615683733,12344
W,5412,4.558645780231198,0.43843162670123137,12344
W,5413,4.558645780231198,0.4385126377187297,12344
W,5414,4.558645780231198,0.43859364873622814,12344
W,5415,4.558645780231198,0.4386746597537265,12344
W,5416,4.558645780231198,0.4387556707712249,12344
W,5417,4.558645780231198,0.43883668178872326,12344
W,5418,4.558645780231198,0.43891769280622167,12344
W,5419,4.558645780231198,0.43899870382372,12344
W,5420,4.558645780231198,0.4390797148412184,12344
W,5421,4.558645780231198,0.4391607258587168,12344
W,5422,4.558645780231198,0.43924173687621515,12344
W,5423,4.559722405049804,0.43932274789371356,12344
W,5424,4.559722405049804,0.4394037589112119,12344
W,5425,4.559722405049804,0.43948476992871033,12344
W,5426,4.559722405049804,0.4395657809462087,12344
W,5427,4.559722405049804,0.43964679196370704,12344
W,5428,4.559722405049804,0.43972780298120545,12344
W,5429,4.559722405049804,0.4398088139987038,12344
W,5430,4.559722405049804,0.4398898250162022,12344
W,5431,4.559722405049804,0.4399708360337006,12344
W,5432,4.559722405049804,0.440051847051199,12344
W,5433,4.559722405049804,0.44013285806869734,12344
W,5434,4.559722405049804,0.4402138690861957,12344
W,5435,4.559722405049804,0.4402948801036941,12344
W,5436,4.559722405049804,0.44037589112119246,12344
W,5437,4.559722405049804,0.4404569021386909,12344
W,5438,4.559722405049804,0.44053791315618923,12344
W,5439,4.559722405049804,0.44061892417368764,12344
W,5440,4.559722405049804,0.440699935191186,12344
W,5441,4.559722405049804,0.44078094620868435,12344
W,5442,4.559722405049804,0.44086195722618277,12344
W,5443,4.559722405049804,0.4409429682436811,12344
W,5444,4.56665404281551,0.44102397926117953,12344
W,5445,4.56665404281551,0.4411049902786779,12344
W,5446,4.56665404281551,0.4411860012961763,12344
W,5447,4.56665404281551,0.44126701231367466,12344
W,5448,4.56665404281551,0.44134802333117307,12344
W,5449,4.580640561375709,0.4414290343486714,12344
W,5450,4.580640561375709,0.4415100453661698,12344
W,5451,4.583481349153702,0.4415910563836682,12344
W,5452,4.583481349153702,0.44167206740116655,12344
W,5453,4.583481349153702,0.44175307841866496,12344
W,5454,4.583481349153702,0.4418340894361633,12344
W,5455,4.583481349153702,0.4419151004536617,12344
W,5456,4.583481349153702,0.4419961114711601,12344
W,5457,4.583481349153702,0.44207712248865844,12344
W,5458,4.5834886060949325,0.44215813350615685,12344
W,5459,4.58421644719088,0.4422391445236552,12344
W,5460,4.58421644719088,0.4423201555411536,12344
W,5461,4.58421644719088,0.44240116655865197,12344
W,5462,4.58421644719088,0.4424821775761504,12344
W,5463,4.58421644719088,0.44256318859364874,12344
W,5464,4.58421644719088,0.4426441996111471,12344
W,5465,4.58421644719088,0.4427252106286455,12344
W,5466,4.58421644719088,0.44280622164614386,12344
W,5467,4.58421644719088,0.44288723266364227,12344
W,5468,4.58421644719088,0.4429682436811406,12344
W,5469,4.58421644719088,0.44304925469863904,12344
W,5470,4.58421644719088,0.4431302657161374,12344
W,5471,4.58421644719088,0.44321127673363575,12344
W,5472,4.58421644719088,0.44329228775113416,12344
W,5473,4.584641150484219,0.4433732987686325,12344
W,5474,4.584641150484219,0.44345430978613093,12344
W,5475,4.584641150484219,0.4435353208036293,12344
W,5476,4.584641150484219,0.4436163318211277,12344
W,5477,4.584641150484219,0.44369734283862605,12344
W,5478,4.585439057400619,0.4437783538561244,12344
W,5479,4.588595322482568,0.4438593648736228,12344
W,5480,4.588595322482568,0.4439403758911212,12344
W,5481,4.588595322482568,0.4440213869086196,12344
W,5482,4.588595322482568,0.44410239792611794,12344
W,5483,4.588595322482568,0.44418340894361635,12344
W,5484,4.588595322482568,0.4442644199611147,12344
W,5485,4.588595322482568,0.44434543097861307,12344
W,5486,4.588595322482568,0.4444264419961115,12344
W,5487,4.588595322482568,0.44450745301360983,12344
W,5488,4.588595322482568,0.44458846403110824,12344
W,5489,4.588595322482568,0.4446694750486066,12344
W,5490,4.588595322482568,0.444750486066105,12344
W,5491,4.588595322482568,0.44483149708360337,12344
W,5492,4.588595322482568,0.4449125081011017,12344
W,5493,4.588595322482568,0.44499351911860013,12344
W,5494,4.588595322482568,0.4450745301360985,12344
W,5495,4.588595322482568,0.4451555411535969,12344
W,5496,4.588595322482568,0.44523655217109526,12344
W,5497,4.588595322482568,0.44531756318859367,12344
W,5498,4.594521444152422,0.445398574206092,12344
W,5499,4.594521444152422,0.44547958522359044,12344
W,5500,4.594521444152422,0.4455605962410888,12344
W,5501,4.6014472604071015,0.44564160725858715,12344
W,5502,4.6014472604071015,0.44572261827608556,12344
W,5503,4.6014472604071015,0.4458036292935839,12344
W,5504,4.606248498619734,0.4458846403110823,12344
W,5505,4.609269311995318,0.4459656513285807,12344
W,5506,4.609421830833718,0.4460466623460791,12344
W,5507,4.609421830833718,0.44612767336357745,12344
W,5508,4.610079609214614,0.4462086843810758,12344
W,5509,4.610079609214614,0.4462896953985742,12344
W,5510,4.610079609214614,0.44637070641607257,12344
W,5511,4.610079609214614,0.446451717433571,12344
W,5512,4.610444169960297,0.44653272845106934,12344
W,5513,4.610444169960297,0.44661373946856775,12344
W,5514,4.610444169960297,0.4466947504860661,12344
W,5515,4.610444169960297,0.44677576150356446,12344
W,5516,4.610919272164739,0.4468567725210629,12344
W,5517,4.6118662343732515,0.44693778353856123,12344
W,5518,4.612733333008981,0.44701879455605964,12344
W,5519,4.613645296192419,0.447099805573558,12344
W,5520,4.613645296192419,0.4471808165910564,12344
W,5521,4.613645296192419,0.44726182760855476,12344
W,5522,4.615443571266916,0.4473428386260531,12344
W,5523,4.615443571266916,0.44742384964355153,12344
W,5524,4.615443571266916,0.4475048606610499,12344
W,5525,4.615443571266916,0.4475858716785483,12344
W,5526,4.615443571266916,0.44766688269604665,12344
W,5527,4.615443571266916,0.44774789371354506,12344
W,5528,4.615443571266916,0.4478289047310434,12344
W,5529,4.615443571266916,0.4479099157485418,12344
W,5530,4.615443571266916,0.4479909267660402,12344
W,5531,4.615443571266916,0.44807193778353854,12344
W,5532,4.615443571266916,0.44815294880103695,12344
W,5533,4.615443571266916,0.4482339598185353,12344
W,5534,4.615443571266916,0.4483149708360337,12344
W,5535,4.615443571266916,0.4483959818535321,12344
W,5536,4.615443571266916,0.44847699287103043,12344
W,5537,4.615443571266916,0.44855800388852884,12344
W,5538,4.615443571266916,0.4486390149060272,12344
W,5539,4.615443571266916,0.4487200259235256,12344
W,5540,4.615443571266916,0.44880103694102397,12344
W,5541,4.615443571266916,0.4488820479585224,12344
W,5542,4.615443571266916,0.44896305897602073,12344
W,5543,4.615443571266916,0.44904406999351915,12344
W,5544,4.615443571266916,0.4491250810110175,12344
W,5545,4.615443571266916,0.44920609202851586,12344
W,5546,4.615443571266916,0.44928710304601427,12344
W,5547,4.615443571266916,0.4493681140635126,12344
W,5548,4.615443571266916,0.44944912508101104,12344
W,5549,4.615443571266916,0.4495301360985094,12344
W,5550,4.620116273998787,0.4496111471160078,12344
W,5551,4.6206870282441965,0.44969215813350616,12344
W,5552,4.6206870282441965,0.4497731691510045,12344
W,5553,4.6206870282441965,0.4498541801685029,12344
W,5554,4.6206870282441965,0.4499351911860013,12344
W,5555,4.6206870282441965,0.4500162022034997,12344
W,5556,4.6206870282441965,0.45009721322099805,12344
W,5557,4.6206870282441965,0.45017822423849646,12344
W,5558,4.6206870282441965,0.4502592352559948,12344
W,5559,4.6206870282441965,0.45034024627349317,12344
W,5560,4.6206870282441965,0.4504212572909916,12344
W,5561,4.6206870282441965,0.45050226830848994,12344
W,5562,4.62749257824758,0.45058327932598835,12344
W,5563,4.62749257824758,0.4506642903434867,12344
W,5564,4.6285272302592,0.4507453013609851,12344
W,5565,4.6285272302592,0.4508263123784835,12344
W,5566,4.6285272302592,0.45090732339598183,12344
W,5567,4.6293742402080085,0.45098833441348024,12344
W,5568,4.6293742402080085,0.4510693454309786,12344
W,5569,4.6293742402080085,0.451150356448477,12344
W,5570,4.6293742402080085,0.45123136746597536,12344
W,5571,4.6293742402080085,0.4513123784834738,12344
W,5572,4.6293742402080085,0.45139338950097213,12344
W,5573,4.639214360168793,0.4514744005184705,12344
W,5574,4.642878134059373,0.4515554115359689,12344
W,5575,4.643165271764688,0.45163642255346725,12344
W,5576,4.643165271764688,0.45171743357096567,12344
W,5577,4.643165271764688,0.451798444588464,12344
W,5578,4.643165271764688,0.45187945560596243,12344
W,5579,4.643165271764688,0.4519604666234608,12344
W,5580,4.643165271764688,0.45204147764095914,12344
W,5581,4.643165271764688,0.45212248865845756,12344
W,5582,4.643165271764688,0.4522034996759559,12344
W,5583,4.643165271764688,0.4522845106934543,12344
W,5584,4.643165271764688,0.4523655217109527,12344
W,5585,4.645488583507097,0.4524465327284511,12344
W,5586,4.645488583507097,0.45252754374594945,12344
W,5587,4.645488583507097,0.4526085547634478,12344
W,5588,4.654122176107728,0.4526895657809462,12344
W,5589,4.654122176107728,0.45277057679844457,12344
W,5590,4.6725509198248885,0.452851587815943,12344
W,5591,4.679109156134479,0.45293259883344134,12344
W,5592,4.6798542201397515,0.45301360985093975,12344
W,5593,4.6798542201397515,0.4530946208684381,12344
W,5594,4.6798542201397515,0.4531756318859365,12344
W,5595,4.6798542201397515,0.45325664290343487,12344
W,5596,4.6798542201397515,0.4533376539209332,12344
W,5597,4.6798542201397515,0.45341866493843164,12344
W,5598,4.6798542201397515,0.45349967595593,12344
W,5599,4.6798542201397515,0.4535806869734284,12344
W,5600,4.6798542201397515,0.45366169799092676,12344
W,5601,4.6798542201397515,0.45374270900842517,12344
W,5602,4.6798542201397515,0.4538237200259235,12344
W,5603,4.6798542201397515,0.4539047310434219,12344
W,5604,4.6798542201397515,0.4539857420609203,12344
W,5605,4.6798542201397515,0.45406675307841865,12344
W,5606,4.6798542201397515,0.45414776409591706,12344
W,5607,4.6798542201397515,0.4542287751134154,12344
W,5608,4.6798542201397515,0.45430978613091383,12344
W,5609,4.6798542201397515,0.4543907971484122,12344
W,5610,4.6798542201397515,0.45447180816591054,12344
W,5611,4.6798542201397515,0.45455281918340895,12344
W,5612,4.6798542201397515,0.4546338302009073,12344
W,5613,4.6798542201397515,0.4547148412184057,12344
W,5614,4.681476569139321,0.4547958522359041,12344
W,5615,4.681476569139321,0.4548768632534025,12344
W,5616,4.68494663591847,0.45495787427090084,12344
W,5617,4.685361092087831,0.4550388852883992,12344
W,5618,4.685361092087831,0.4551198963058976,12344
W,5619,4.685361092087831,0.45520090732339596,12344
W,5620,4.685361092087831,0.4552819183408944,12344
W,5621,4.685361092087831,0.45536292935839273,12344
W,5622,4.685361092087831,0.45544394037589114,12344
W,5623,4.685361092087831,0.4555249513933895,12344
W,5624,4.707096325092913,0.45560596241088785,12344
W,5625,4.707096325092913,0.45568697342838627,12344
W,5626,4.707096325092913,0.4557679844458846,12344
W,5627,4.707096325092913,0.45584899546338303,12344
W,5628,4.707096325092913,0.4559300064808814,12344
W,5629,4.707096325092913,0.4560110174983798,12344
W,5630,4.709779699164069,0.45609202851587816,12344
W,5631,4.709779699164069,0.4561730395333765,12344
W,5632,4.709779699164069,0.4562540505508749,12344
W,5633,4.709779699164069,0.4563350615683733,12344
W,5634,4.709779699164069,0.4564160725858717,12344
W,5635,4.709779699164069,0.45649708360337005,12344
W,5636,4.716372982831677,0.45657809462086846,12344
W,5637,4.716372982831677,0.4566591056383668,12344
W,5638,4.716372982831677,0.4567401166558652,12344
W,5639,4.716372982831677,0.4568211276733636,12344
W,5640,4.716372982831677,0.45690213869086194,12344
W,5641,4.716372982831677,0.45698314970836035,12344
W,5642,4.719756812938264,0.4570641607258587,12344
W,5643,4.724097313803865,0.4571451717433571,12344
W,5644,4.724097313803865,0.45722618276085547,12344
W,5645,4.724097313803865,0.4573071937783539,12344
W,5646,4.724097313803865,0.45738820479585224,12344
W,5647,4.724097313803865,0.4574692158133506,12344
W,5648,4.724097313803865,0.457550226830849,12344
W,5649,4.724097313803865,0.45763123784834736,12344
W,5650,4.724097313803865,0.45771224886584577,12344
W,5651,4.724097313803865,0.45779325988334413,12344
W,5652,4.724097313803865,0.45787427090084254,12344
W,5653,4.724097313803865,0.4579552819183409,12344
W,5654,4.724430625394578,0.45803629293583925,12344
W,5655,4.724430625394578,0.45811730395333766,12344
W,5656,4.72504878609248,0.458198314970836,12344
W,5657,4.72504878609248,0.45827932598833443,12344
W,5658,4.72504878609248,0.4583603370058328,12344
W,5659,4.727810082641036,0.4584413480233312,12344
W,5660,4.727810082641036,0.45852235904082955,12344
W,5661,4.730162140525958,0.4586033700583279,12344
W,5662,4.730162140525958,0.4586843810758263,12344
W,5663,4.730162140525958,0.4587653920933247,12344
W,5664,4.730162140525958,0.4588464031108231,12344
W,5665,4.730162140525958,0.45892741412832144,12344
W,5666,4.730162140525958,0.45900842514581985,12344
W,5667,4.730162140525958,0.4590894361633182,12344
W,5668,4.730162140525958,0.45917044718081657,12344
W,5669,4.730162140525958,0.459251458198315,12344
W,5670,4.730162140525958,0.45933246921581333,12344
W,5671,4.730162140525958,0.45941348023331174,12344
W,5672,4.730162140525958,0.4594944912508101,12344
W,5673,4.730162140525958,0.4595755022683085,12344
W,5674,4.730162140525958,0.45965651328580687,12344
W,5675,4.730162140525958,0.4597375243033052,12344
W,5676,4.730162140525958,0.45981853532080363,12344
W,5677,4.730162140525958,0.459899546338302,12344
W,5678,4.730162140525958,0.4599805573558004,12344
W,5679,4.730162140525958,0.46006156837329876,12344
W,5680,4.730162140525958,0.46014257939079717,12344
W,5681,4.730162140525958,0.4602235904082955,12344
W,5682,4.730162140525958,0.46030460142579394,12344
W,5683,4.730162140525958,0.4603856124432923,12344
W,5684,4.744297507118218,0.46046662346079065,12344
W,5685,4.749997766845687,0.46054763447828906,12344
W,5686,4.7542311818293745,0.4606286454957874,12344
W,5687,4.7542311818293745,0.4607096565132858,12344
W,5688,4.7542311818293745,0.4607906675307842,12344
W,5689,4.7542311818293745,0.4608716785482826,12344
W,5690,4.7542311818293745,0.46095268956578095,12344
W,5691,4.7542311818293745,0.4610337005832793,12344
W,5692,4.7542311818293745,0.4611147116007777,12344
W,5693,4.7542311818293745,0.46119572261827607,12344
W,5694,4.7542311818293745,0.4612767336357745,12344
W,5695,4.7542311818293745,0.46135774465327284,12344
W,5696,4.755434043823743,0.46143875567077125,12344
W,5697,4.755434043823743,0.4615197666882696,12344
W,5698,4.757454693897264,0.46160077770576796,12344
W,5699,4.766984530225063,0.4616817887232664,12344
W,5700,4.766984530225063,0.46176279974076473,12344
W,5701,4.766984530225063,0.46184381075826314,12344
W,5702,4.766984530225063,0.4619248217757615,12344
W,5703,4.766984530225063,0.4620058327932599,12344
W,5704,4.766984530225063,0.46208684381075826,12344
W,5705,4.766984530225063,0.4621678548282566,12344
W,5706,4.766984530225063,0.46224886584575503,12344
W,5707,4.766984530225063,0.4623298768632534,12344
W,5708,4.766984530225063,0.4624108878807518,12344
W,5709,4.766984530225063,0.46249189889825015,12344
W,5710,4.766984530225063,0.46257290991574856,12344
W,5711,4.766984530225063,0.4626539209332469,12344
W,5712,4.766984530225063,0.4627349319507453,12344
W,5713,4.769849320245098,0.4628159429682437,12344
W,5714,4.769849320245098,0.46289695398574204,12344
W,5715,4.776892512566453,0.46297796500324045,12344
W,5716,4.776892512566453,0.4630589760207388,12344
W,5717,4.776892512566453,0.4631399870382372,12344
W,5718,4.776892512566453,0.4632209980557356,12344
W,5719,4.776892512566453,0.46330200907323393,12344
W,5720,4.781867356179656,0.46338302009073234,12344
W,5721,4.781867356179656,0.4634640311082307,12344
W,5722,4.781867356179656,0.4635450421257291,12344
W,5723,4.781867356179656,0.46362605314322747,12344
W,5724,4.781867356179656,0.4637070641607259,12344
W,5725,4.781867356179656,0.46378807517822424,12344
W,5726,4.78200474422767,0.4638690861957226,12344
W,5727,4.78200474422767,0.463950097213221,12344
W,5728,4.783015420114782,0.46403110823071936,12344
W,5729,4.783015420114782,0.46411211924821777,12344
W,5730,4.78452010443356,0.4641931302657161,12344
W,5731,4.785324128438182,0.46427414128321454,12344
W,5732,4.785324128438182,0.4643551523007129,12344
W,5733,4.785324128438182,0.4644361633182113,12344
W,5734,4.785324128438182,0.46451717433570966,12344
W,5735,4.785324128438182,0.464598185353208,12344
W,5736,4.785324128438182,0.4646791963707064,12344
W,5737,4.785324128438182,0.4647602073882048,12344
W,5738,4.785324128438182,0.4648412184057032,12344
W,5739,4.803919135107392,0.46492222942320155,12344
W,5740,4.803919135107392,0.46500324044069996,12344
W,5741,4.803919135107392,0.4650842514581983,12344
W,5742,4.803919135107392,0.4651652624756967,12344
W,5743,4.804115653817794,0.4652462734931951,12344
W,5744,4.804115653817794,0.46532728451069344,12344
W,5745,4.804115653817794,0.46540829552819185,12344
W,5746,4.804115653817794,0.4654893065456902,12344
W,5747,4.805077625306447,0.4655703175631886,12344
W,5748,4.8065189027500885,0.465651328580687,12344
W,5749,4.8065189027500885,0.46573233959818533,12344
W,5750,4.808171230621874,0.46581335061568374,12344
W,5751,4.815842412850417,0.4658943616331821,12344
W,5752,4.822934806464296,0.4659753726506805,12344
W,5753,4.822934806464296,0.46605638366817886,12344
W,5754,4.828729965315028,0.4661373946856773,12344
W,5755,4.828729965315028,0.46621840570317563,12344
W,5756,4.830249554176253,0.466299416720674,12344
W,5757,4.830249554176253,0.4663804277381724,12344
W,5758,4.830249554176253,0.46646143875567075,12344
W,5759,4.830249554176253,0.46654244977316917,12344
W,5760,4.830249554176253,0.4666234607906675,12344
W,5761,4.832373575384865,0.46670447180816593,12344
W,5762,4.832373575384865,0.4667854828256643,12344
W,5763,4.832373575384865,0.46686649384316264,12344
W,5764,4.832373575384865,0.46694750486066106,12344
W,5765,4.832373575384865,0.4670285158781594,12344
W,5766,4.832373575384865,0.4671095268956578,12344
W,5767,4.832373575384865,0.4671905379131562,12344
W,5768,4.832373575384865,0.4672715489306546,12344
W,5769,4.832373575384865,0.46735255994815295,12344
W,5770,4.832373575384865,0.4674335709656513,12344
W,5771,4.832373575384865,0.4675145819831497,12344
W,5772,4.832373575384865,0.46759559300064807,12344
W,5773,4.832373575384865,0.4676766040181465,12344
W,5774,4.832373575384865,0.46775761503564484,12344
W,5775,4.832373575384865,0.46783862605314325,12344
W,5776,4.832373575384865,0.4679196370706416,12344
W,5777,4.832373575384865,0.46800064808814,12344
W,5778,4.832373575384865,0.46808165910563837,12344
W,5779,4.832373575384865,0.4681626701231367,12344
W,5780,4.832373575384865,0.46824368114063514,12344
W,5781,4.832373575384865,0.4683246921581335,12344
W,5782,4.832373575384865,0.4684057031756319,12344
W,5783,4.832373575384865,0.46848671419313026,12344
W,5784,4.832373575384865,0.46856772521062867,12344
W,5785,4.833611762644189,0.468648736228127,12344
W,5786,4.833611762644189,0.4687297472456254,12344
W,5787,4.833611762644189,0.4688107582631238,12344
W,5788,4.843333289304024,0.46889176928062215,12344
W,5789,4.846990442445777,0.46897278029812056,12344
W,5790,4.846990442445777,0.4690537913156189,12344
W,5791,4.846990442445777,0.46913480233311733,12344
W,5792,4.846990442445777,0.4692158133506157,12344
W,5793,4.846990442445777,0.46929682436811404,12344
W,5794,4.856734243574132,0.46937783538561245,12344
W,5795,4.861768203155949,0.4694588464031108,12344
W,5796,4.861768203155949,0.4695398574206092,12344
W,5797,4.861768203155949,0.4696208684381076,12344
W,5798,4.861768203155949,0.469701879455606,12344
W,5799,4.861768203155949,0.46978289047310434,12344
W,5800,4.864105889470633,0.4698639014906027,12344
W,5801,4.87314563757825,0.4699449125081011,12344
W,5802,4.8773154871450215,0.47002592352559946,12344
W,5803,4.87820845540663,0.4701069345430979,12344
W,5804,4.878408837020635,0.47018794556059623,12344
W,5805,4.878408837020635,0.47026895657809464,12344
W,5806,4.879936097725683,0.470349967595593,12344
W,5807,4.879936097725683,0.47043097861309136,12344
W,5808,4.879936097725683,0.47051198963058977,12344
W,5809,4.879936097725683,0.4705930006480881,12344
W,5810,4.879936097725683,0.47067401166558653,12344
W,5811,4.879936097725683,0.4707550226830849,12344
W,5812,4.895959057057936,0.4708360337005833,12344
W,5813,4.895959057057936,0.47091704471808166,12344
W,5814,4.895959057057936,0.47099805573558,12344
W,5815,4.897893380308062,0.4710790667530784,12344
W,5816,4.9133353696613336,0.4711600777705768,12344
W,5817,4.9133353696613336,0.4712410887880752,12344
W,5818,4.9133353696613336,0.47132209980557355,12344
W,5819,4.9133353696613336,0.47140311082307196,12344
W,5820,4.9133353696613336,0.4714841218405703,12344
W,5821,4.9133353696613336,0.47156513285806867,12344
W,5822,4.9133353696613336,0.4716461438755671,12344
W,5823,4.9133353696613336,0.47172715489306544,12344
W,5824,4.9133353696613336,0.47180816591056385,12344
W,5825,4.9133353696613336,0.4718891769280622,12344
W,5826,4.9133353696613336,0.4719701879455606,12344
W,5827,4.9133353696613336,0.47205119896305897,12344
W,5828,4.9133353696613336,0.4721322099805574,12344
W,5829,4.9133353696613336,0.47221322099805574,12344
W,5830,4.9133353696613336,0.4722942320155541,12344
W,5831,4.9133353696613336,0.4723752430330525,12344
W,5832,4.914322089571753,0.47245625405055086,12344
W,5833,4.914322089571753,0.4725372650680493,12344
W,5834,4.914322089571753,0.47261827608554763,12344
W,5835,4.914322089571753,0.47269928710304604,12344
W,5836,4.914322089571753,0.4727802981205444,12344
W,5837,4.914322089571753,0.47286130913804275,12344
W,5838,4.914322089571753,0.47294232015554116,12344
W,5839,4.914322089571753,0.4730233311730395,12344
W,5840,4.914322089571753,0.47310434219053793,12344
W,5841,4.940152906457332,0.4731853532080363,12344
W,5842,4.940152906457332,0.4732663642255347,12344
W,5843,4.940152906457332,0.47334737524303305,12344
W,5844,4.940152906457332,0.4734283862605314,12344
W,5845,4.940152906457332,0.4735093972780298,12344
W,5846,4.940152906457332,0.4735904082955282,12344
W,5847,4.940152906457332,0.4736714193130266,12344
W,5848,4.944494783353412,0.47375243033052494,12344
W,5849,4.9628695007308785,0.47383344134802335,12344
W,5850,4.9638691604532825,0.4739144523655217,12344
W,5851,4.9638691604532825,0.47399546338302007,12344
W,5852,4.9638691604532825,0.4740764744005185,12344
W,5853,4.9638691604532825,0.47415748541801683,12344
W,5854,4.9661265346491,0.47423849643551524,12344
W,5855,4.9661265346491,0.4743195074530136,12344
W,5856,4.9661265346491,0.474400518470512,12344
W,5857,4.9661265346491,0.47448152948801037,12344
W,5858,4.9664431383859835,0.4745625405055087,12344
W,5859,4.9664431383859835,0.47464355152300713,12344
W,5860,4.97395201454342,0.4747245625405055,12344
W,5861,4.97395201454342,0.4748055735580039,12344
W,5862,4.97395201454342,0.47488658457550226,12344
W,5863,4.97395201454342,0.47496759559300067,12344
W,5864,4.97395201454342,0.475048606610499,12344
W,5865,4.97395201454342,0.4751296176279974,12344
W,5866,4.97395201454342,0.4752106286454958,12344
W,5867,4.97395201454342,0.47529163966299415,12344
W,5868,4.97395201454342,0.47537265068049256,12344
W,5869,4.9857796811654875,0.4754536616979909,12344
W,5870,4.98864479354036,0.4755346727154893,12344
W,5871,4.98864479354036,0.4756156837329877,12344
W,5872,4.98864479354036,0.4756966947504861,12344
W,5873,4.994833555150468,0.47577770576798445,12344
W,5874,4.994833555150468,0.4758587167854828,12344
W,5875,5.000023253179919,0.4759397278029812,12344
W,5876,5.002370832161248,0.47602073882047957,12344
W,5877,5.002370832161248,0.476101749837978,12344
W,5878,5.002370832161248,0.47618276085547634,12344
W,5879,5.00432876307037,0.47626377187297475,12344
W,5880,5.00432876307037,0.4763447828904731,12344
W,5881,5.005627354054762,0.47642579390797146,12344
W,5882,5.005627354054762,0.4765068049254699,12344
W,5883,5.005627354054762,0.47658781594296823,12344
W,5884,5.005627354054762,0.47666882696046664,12344
W,5885,5.005627354054762,0.476749837977965,12344
W,5886,5.005627354054762,0.4768308489954634,12344
W,5887,5.005627354054762,0.47691186001296176,12344
W,5888,5.005627354054762,0.4769928710304601,12344
W,5889,5.005627354054762,0.47707388204795853,12344
W,5890,5.005627354054762,0.4771548930654569,12344
W,5891,5.005627354054762,0.4772359040829553,12344
W,5892,5.005627354054762,0.47731691510045365,12344
W,5893,5.013876381105696,0.47739792611795207,12344
W,5894,5.017812276295478,0.4774789371354504,12344
W,5895,5.0230663489502705,0.4775599481529488,12344
W,5896,5.0265780439096295,0.4776409591704472,12344
W,5897,5.0265780439096295,0.47772197018794554,12344
W,5898,5.0265780439096295,0.47780298120544396,12344
W,5899,5.0265780439096295,0.4778839922229423,12344
W,5900,5.0265780439096295,0.4779650032404407,12344
W,5901,5.0265780439096295,0.4780460142579391,12344
W,5902,5.0265780439096295,0.47812702527543743,12344
W,5903,5.0265780439096295,0.47820803629293585,12344
W,5904,5.0265780439096295,0.4782890473104342,12344
W,5905,5.031208034819193,0.4783700583279326,12344
W,5906,5.044731074194036,0.47845106934543097,12344
W,5907,5.044731074194036,0.4785320803629294,12344
W,5908,5.049012343980507,0.47861309138042774,12344
W,5909,5.049458259503829,0.4786941023979261,12344
W,5910,5.049458259503829,0.4787751134154245,12344
W,5911,5.049458259503829,0.47885612443292286,12344
W,5912,5.049458259503829,0.47893713545042127,12344
W,5913,5.049458259503829,0.4790181464679196,12344
W,5914,5.049458259503829,0.47909915748541804,12344
W,5915,5.049458259503829,0.4791801685029164,12344
W,5916,5.049458259503829,0.4792611795204148,12344
W,5917,5.049458259503829,0.47934219053791316,12344
W,5918,5.049458259503829,0.4794232015554115,12344
W,5919,5.049458259503829,0.4795042125729099,12344
W,5920,5.049458259503829,0.4795852235904083,12344
W,5921,5.0529169050498695,0.4796662346079067,12344
W,5922,5.0529169050498695,0.47974724562540505,12344
W,5923,5.0529169050498695,0.47982825664290346,12344
W,5924,5.0529169050498695,0.4799092676604018,12344
W,5925,5.0529169050498695,0.4799902786779002,12344
W,5926,5.0529169050498695,0.4800712896953986,12344
W,5927,5.0529169050498695,0.48015230071289694,12344
W,5928,5.0529169050498695,0.48023331173039535,12344
W,5929,5.0529169050498695,0.4803143227478937,12344
W,5930,5.0529169050498695,0.4803953337653921,12344
W,5931,5.0529169050498695,0.4804763447828905,12344
W,5932,5.0529169050498695,0.48055735580038883,12344
W,5933,5.0529169050498695,0.48063836681788724,12344
W,5934,5.0529169050498695,0.4807193778353856,12344
W,5935,5.0529169050498695,0.480800388852884,12344
W,5936,5.0529169050498695,0.48088139987038236,12344
W,5937,5.0529169050498695,0.4809624108878808,12344
W,5938,5.0529169050498695,0.48104342190537913,12344
W,5939,5.0529169050498695,0.4811244329228775,12344
W,5940,5.056536676987299,0.4812054439403759,12344
W,5941,5.056536676987299,0.48128645495787425,12344
W,5942,5.071766150689226,0.48136746597537267,12344
W,5943,5.0848192323148576,0.481448476992871,12344
W,5944,5.0848192323148576,0.48152948801036943,12344
W,5945,5.0848192323148576,0.4816104990278678,12344
W,5946,5.0848192323148576,0.48169151004536614,12344
W,5947,5.0848192323148576,0.48177252106286456,12344
W,5948,5.0848192323148576,0.4818535320803629,12344
W,5949,5.0848192323148576,0.4819345430978613,12344
W,5950,5.0864750210360095,0.4820155541153597,12344
W,5951,5.110952432900512,0.4820965651328581,12344
W,5952,5.110952432900512,0.48217757615035645,12344
W,5953,5.110952432900512,0.4822585871678548,12344
W,5954,5.110952432900512,0.4823395981853532,12344
W,5955,5.110952432900512,0.48242060920285157,12344
W,5956,5.110952432900512,0.48250162022035,12344
W,5957,5.110952432900512,0.48258263123784834,12344
W,5958,5.110952432900512,0.48266364225534675,12344
W,5959,5.110952432900512,0.4827446532728451,12344
W,5960,5.110952432900512,0.48282566429034346,12344
W,5961,5.110952432900512,0.48290667530784187,12344
W,5962,5.110952432900512,0.4829876863253402,12344
W,5963,5.110952432900512,0.48306869734283864,12344
W,5964,5.110952432900512,0.483149708360337,12344
W,5965,5.115981780502161,0.4832307193778354,12344
W,5966,5.115981780502161,0.48331173039533376,12344
W,5967,5.124571890106872,0.48339274141283217,12344
W,5968,5.132045285569445,0.48347375243033053,12344
W,5969,5.143015600222028,0.4835547634478289,12344
W,5970,5.144980180879627,0.4836357744653273,12344
W,5971,5.144980180879627,0.48371678548282565,12344
W,5972,5.144980180879627,0.48379779650032406,12344
W,5973,5.150264934387056,0.4838788075178224,12344
W,5974,5.160817247954767,0.48395981853532083,12344
W,5975,5.160817247954767,0.4840408295528192,12344
W,5976,5.160817247954767,0.48412184057031754,12344
W,5977,5.160817247954767,0.48420285158781595,12344
W,5978,5.1609131967112285,0.4842838626053143,12344
W,5979,5.17334537428498,0.4843648736228127,12344
W,5980,5.17334537428498,0.4844458846403111,12344
W,5981,5.17334537428498,0.4845268956578095,12344
W,5982,5.17334537428498,0.48460790667530784,12344
W,5983,5.17334537428498,0.4846889176928062,12344
W,5984,5.17334537428498,0.4847699287103046,12344
W,5985,5.1791964200709115,0.48485093972780297,12344
W,5986,5.1791964200709115,0.4849319507453014,12344
W,5987,5.1791964200709115,0.48501296176279973,12344
W,5988,5.1791964200709115,0.48509397278029814,12344
W,5989,5.186852048635873,0.4851749837977965,12344
W,5990,5.186852048635873,0.48525599481529486,12344
W,5991,5.186852048635873,0.48533700583279327,12344
W,5992,5.186852048635873,0.4854180168502916,12344
W,5993,5.186852048635873,0.48549902786779003,12344
W,5994,5.189079857754492,0.4855800388852884,12344
W,5995,5.197876651835567,0.4856610499027868,12344
W,5996,5.197876651835567,0.48574206092028516,12344
W,5997,5.1988300106454925,0.4858230719377835,12344
W,5998,5.1988300106454925,0.4859040829552819,12344
W,5999,5.1988300106454925,0.4859850939727803,12344
W,6000,5.1988300106454925,0.4860661049902787,12344
W,6001,5.1988300106454925,0.48614711600777705,12344
W,6002,5.1988300106454925,0.48622812702527546,12344
W,6003,5.1988300106454925,0.4863091380427738,12344
W,6004,5.1988300106454925,0.48639014906027217,12344
W,6005,5.1988300106454925,0.4864711600777706,12344
W,6006,5.1988300106454925,0.48655217109526894,12344
W,6007,5.1988300106454925,0.48663318211276735,12344
W,6008,5.209642163322047,0.4867141931302657,12344
W,6009,5.209642163322047,0.4867952041477641,12344
W,6010,5.209642163322047,0.48687621516526247,12344
W,6011,5.209642163322047,0.4869572261827609,12344
W,6012,5.209642163322047,0.48703823720025924,12344
W,6013,5.209642163322047,0.4871192482177576,12344
W,6014,5.209642163322047,0.487200259235256,12344
W,6015,5.209642163322047,0.48728127025275436,12344
W,6016,5.209642163322047,0.4873622812702528,12344
W,6017,5.209642163322047,0.48744329228775113,12344
W,6018,5.209642163322047,0.48752430330524954,12344
W,6019,5.209642163322047,0.4876053143227479,12344
W,6020,5.209642163322047,0.48768632534024625,12344
W,6021,5.209642163322047,0.48776733635774466,12344
W,6022,5.209642163322047,0.487848347375243,12344
W,6023,5.209642163322047,0.48792935839274143,12344
W,6024,5.212917528037427,0.4880103694102398,12344
W,6025,5.212917528037427,0.4880913804277382,12344
W,6026,5.212917528037427,0.48817239144523655,12344
W,6027,5.212917528037427,0.4882534024627349,12344
W,6028,5.214453862699993,0.4883344134802333,12344
W,6029,5.214453862699993,0.4884154244977317,12344
W,6030,5.220320748501704,0.4884964355152301,12344
W,6031,5.223767402130401,0.48857744653272844,12344
W,6032,5.235081550616609,0.48865845755022685,12344
W,6033,5.235081550616609,0.4887394685677252,12344
W,6034,5.235081550616609,0.48882047958522357,12344
W,6035,5.250108349082898,0.488901490602722,12344
W,6036,5.25066724541124,0.48898250162022033,12344
W,6037,5.25066724541124,0.48906351263771874,12344
W,6038,5.25066724541124,0.4891445236552171,12344
W,6039,5.25066724541124,0.4892255346727155,12344
W,6040,5.25066724541124,0.48930654569021387,12344
W,6041,5.25066724541124,0.4893875567077122,12344
W,6042,5.25066724541124,0.48946856772521063,12344
W,6043,5.25066724541124,0.489549578742709,12344
W,6044,5.25066724541124,0.4896305897602074,12344
W,6045,5.25066724541124,0.48971160077770576,12344
W,6046,5.25066724541124,0.48979261179520417,12344
W,6047,5.25066724541124,0.4898736228127025,12344
W,6048,5.25066724541124,0.4899546338302009,12344
W,6049,5.25066724541124,0.4900356448476993,12344
W,6050,5.25066724541124,0.49011665586519765,12344
W,6051,5.25066724541124,0.49019766688269606,12344
W,6052,5.25066724541124,0.4902786779001944,12344
W,6053,5.25066724541124,0.4903596889176928,12344
W,6054,5.25066724541124,0.4904406999351912,12344
W,6055,5.25066724541124,0.49052171095268954,12344
W,6056,5.252110836905103,0.49060272197018795,12344
W,6057,5.254182908050581,0.4906837329876863,12344
W,6058,5.254182908050581,0.4907647440051847,12344
W,6059,5.257804006785421,0.4908457550226831,12344
W,6060,5.257804006785421,0.4909267660401815,12344
W,6061,5.257804006785421,0.49100777705767984,12344
W,6062,5.257804006785421,0.49108878807517825,12344
W,6063,5.257804006785421,0.4911697990926766,12344
W,6064,5.257804006785421,0.49125081011017496,12344
W,6065,5.257804006785421,0.4913318211276734,12344
W,6066,5.257804006785421,0.49141283214517173,12344
W,6067,5.257804006785421,0.49149384316267014,12344
W,6068,5.257804006785421,0.4915748541801685,12344
W,6069,5.257804006785421,0.4916558651976669,12344
W,6070,5.257804006785421,0.49173687621516526,12344
W,6071,5.257804006785421,0.4918178872326636,12344
W,6072,5.257804006785421,0.49189889825016203,12344
W,6073,5.257804006785421,0.4919799092676604,12344
W,6074,5.257804006785421,0.4920609202851588,12344
W,6075,5.257804006785421,0.49214193130265715,12344
W,6076,5.257804006785421,0.49222294232015557,12344
W,6077,5.257804006785421,0.4923039533376539,12344
W,6078,5.263639115518776,0.4923849643551523,12344
W,6079,5.263639115518776,0.4924659753726507,12344
W,6080,5.263639115518776,0.49254698639014904,12344
W,6081,5.263639115518776,0.49262799740764746,12344
W,6082,5.263639115518776,0.4927090084251458,12344
W,6083,5.263639115518776,0.4927900194426442,12344
W,6084,5.263639115518776,0.4928710304601426,12344
W,6085,5.263639115518776,0.49295204147764093,12344
W,6086,5.263639115518776,0.49303305249513935,12344
W,6087,5.263639115518776,0.4931140635126377,12344
W,6088,5.263639115518776,0.4931950745301361,12344
W,6089,5.263639115518776,0.49327608554763447,12344
W,6090,5.263639115518776,0.4933570965651329,12344
W,6091,5.263639115518776,0.49343810758263124,12344
W,6092,5.263639115518776,0.4935191186001296,12344
W,6093,5.263639115518776,0.493600129617628,12344
W,6094,5.263639115518776,0.49368114063512636,12344
W,6095,5.263639115518776,0.49376215165262477,12344
W,6096,5.263639115518776,0.4938431626701231,12344
W,6097,5.263639115518776,0.49392417368762154,12344
W,6098,5.265895766692527,0.4940051847051199,12344
W,6099,5.265895766692527,0.49408619572261825,12344
W,6100,5.265895766692527,0.49416720674011666,12344
W,6101,5.265895766692527,0.494248217757615,12344
W,6102,5.265895766692527,0.4943292287751134,12344
W,6103,5.265895766692527,0.4944102397926118,12344
W,6104,5.265895766692527,0.4944912508101102,12344
W,6105,5.265895766692527,0.49457226182760855,12344
W,6106,5.265895766692527,0.49465327284510696,12344
W,6107,5.265895766692527,0.4947342838626053,12344
W,6108,5.287298420925109,0.4948152948801037,12344
W,6109,5.287298420925109,0.4948963058976021,12344
W,6110,5.289143481652597,0.49497731691510044,12344
W,6111,5.289143481652597,0.49505832793259885,12344
W,6112,5.289143481652597,0.4951393389500972,12344
W,6113,5.289143481652597,0.4952203499675956,12344
W,6114,5.289143481652597,0.495301360985094,12344
W,6115,5.289143481652597,0.49538237200259233,12344
W,6116,5.289143481652597,0.49546338302009074,12344
W,6117,5.289143481652597,0.4955443940375891,12344
W,6118,5.289143481652597,0.4956254050550875,12344
W,6119,5.303893361793611,0.49570641607258586,12344
W,6120,5.303893361793611,0.4957874270900843,12344
W,6121,5.303893361793611,0.49586843810758263,12344
W,6122,5.303893361793611,0.495949449125081,12344
W,6123,5.303893361793611,0.4960304601425794,12344
W,6124,5.303893361793611,0.49611147116007775,12344
W,6125,5.303893361793611,0.49619248217757617,12344
W,6126,5.303893361793611,0.4962734931950745,12344
W,6127,5.303893361793611,0.49635450421257293,12344
W,6128,5.303893361793611,0.4964355152300713,12344
W,6129,5.303893361793611,0.49651652624756965,12344
W,6130,5.303893361793611,0.49659753726506806,12344
W,6131,5.303893361793611,0.4966785482825664,12344
W,6132,5.317150508580648,0.4967595593000648,12344
W,6133,5.317150508580648,0.4968405703175632,12344
W,6134,5.317150508580648,0.4969215813350616,12344
W,6135,5.317150508580648,0.49700259235255995,12344
W,6136,5.318876836449829,0.4970836033700583,12344
W,6137,5.3236611728062115,0.4971646143875567,12344
W,6138,5.3236611728062115,0.49724562540505507,12344
W,6139,5.3236611728062115,0.4973266364225535,12344
W,6140,5.3236611728062115,0.49740764744005184,12344
W,6141,5.3236611728062115,0.49748865845755025,12344
W,6142,5.3278989180902885,0.4975696694750486,12344
W,6143,5.3278989180902885,0.49765068049254696,12344
W,6144,5.3278989180902885,0.49773169151004537,12344
W,6145,5.3278989180902885,0.4978127025275437,12344
W,6146,5.3278989180902885,0.49789371354504214,12344
W,6147,5.332634361548096,0.4979747245625405,12344
W,6148,5.332984727935173,0.4980557355800389,12344
W,6149,5.332984727935173,0.49813674659753726,12344
W,6150,5.332984727935173,0.4982177576150357,12344
W,6151,5.332984727935173,0.49829876863253403,12344
W,6152,5.332984727935173,0.4983797796500324,12344
W,6153,5.332984727935173,0.4984607906675308,12344
W,6154,5.332984727935173,0.49854180168502915,12344
W,6155,5.332984727935173,0.49862281270252756,12344
W,6156,5.332984727935173,0.4987038237200259,12344
W,6157,5.332984727935173,0.49878483473752433,12344
W,6158,5.332984727935173,0.4988658457550227,12344
W,6159,5.332984727935173,0.49894685677252104,12344
W,6160,5.332984727935173,0.49902786779001945,12344
W,6161,5.332984727935173,0.4991088788075178,12344
W,6162,5.332984727935173,0.4991898898250162,12344
W,6163,5.344751640971604,0.4992709008425146,12344
W,6164,5.344751640971604,0.499351911860013,12344
W,6165,5.344751640971604,0.49943292287751134,12344
W,6166,5.3510092907146305,0.4995139338950097,12344
W,6167,5.355640695163753,0.4995949449125081,12344
W,6168,5.35760374196053,0.49967595593000647,12344
W,6169,5.357839404854225,0.4997569669475049,12344
W,6170,5.357839404854225,0.49983797796500323,12344
W,6171,5.372796207297551,0.49991898898250164,12344
W,6172,5.372796207297551,0.5,12344
W,6173,5.37402295358202,0.5000810110174984,12344
W,6174,5.3780209883262895,0.5001620220349967,12344
W,6175,5.3780209883262895,0.5002430330524952,12344
W,6176,5.381702751174612,0.5003240440699935,12344
W,6177,5.383445045074153,0.5004050550874919,12344
W,6178,5.383445045074153,0.5004860661049902,12344
W,6179,5.383445045074153,0.5005670771224887,12344
W,6180,5.383445045074153,0.5006480881399871,12344
W,6181,5.383445045074153,0.5007290991574854,12344
W,6182,5.383445045074153,0.5008101101749838,12344
W,6183,5.383445045074153,0.5008911211924821,12344
W,6184,5.383445045074153,0.5009721322099806,12344
W,6185,5.383445045074153,0.501053143227479,12344
W,6186,5.383445045074153,0.5011341542449773,12344
W,6187,5.383445045074153,0.5012151652624757,12344
W,6188,5.383445045074153,0.501296176279974,12344
W,6189,5.383445045074153,0.5013771872974725,12344
W,6190,5.383445045074153,0.5014581983149708,12344
W,6191,5.383445045074153,0.5015392093324692,12344
W,6192,5.386488264856184,0.5016202203499676,12344
W,6193,5.400011959446957,0.501701231367466,12344
W,6194,5.400011959446957,0.5017822423849644,12344
W,6195,5.400533935839701,0.5018632534024627,12344
W,6196,5.400533935839701,0.5019442644199611,12344
W,6197,5.400533935839701,0.5020252754374595,12344
W,6198,5.400533935839701,0.5021062864549579,12344
W,6199,5.400533935839701,0.5021872974724563,12344
W,6200,5.400533935839701,0.5022683084899546,12344
W,6201,5.40313664824062,0.502349319507453,12344
W,6202,5.412930497771562,0.5024303305249513,12344
W,6203,5.412930497771562,0.5025113415424498,12344
W,6204,5.412930497771562,0.5025923525599482,12344
W,6205,5.412930497771562,0.5026733635774465,12344
W,6206,5.412930497771562,0.5027543745949449,12344
W,6207,5.412930497771562,0.5028353856124433,12344
W,6208,5.412930497771562,0.5029163966299417,12344
W,6209,5.412930497771562,0.50299740764744,12344
W,6210,5.412930497771562,0.5030784186649384,12344
W,6211,5.412930497771562,0.5031594296824368,12344
W,6212,5.412930497771562,0.5032404406999352,12344
W,6213,5.412930497771562,0.5033214517174336,12344
W,6214,5.412930497771562,0.5034024627349319,12344
W,6215,5.412930497771562,0.5034834737524303,12344
W,6216,5.412930497771562,0.5035644847699287,12344
W,6217,5.412930497771562,0.5036454957874271,12344
W,6218,5.412930497771562,0.5037265068049255,12344
W,6219,5.420109970056157,0.5038075178224238,12344
W,6220,5.429780594406908,0.5038885288399222,12344
W,6221,5.429780594406908,0.5039695398574207,12344
W,6222,5.429780594406908,0.504050550874919,12344
W,6223,5.429780594406908,0.5041315618924174,12344
W,6224,5.429780594406908,0.5042125729099157,12344
W,6225,5.429780594406908,0.5042935839274141,12344
W,6226,5.429780594406908,0.5043745949449125,12344
W,6227,5.4376238236689405,0.5044556059624109,12344
W,6228,5.4376238236689405,0.5045366169799093,12344
W,6229,5.4376238236689405,0.5046176279974076,12344
W,6230,5.4376238236689405,0.5046986390149061,12344
W,6231,5.4376238236689405,0.5047796500324044,12344
W,6232,5.4376238236689405,0.5048606610499028,12344
W,6233,5.4376238236689405,0.5049416720674011,12344
W,6234,5.4376238236689405,0.5050226830848995,12344
W,6235,5.449936784760716,0.505103694102398,12344
W,6236,5.449936784760716,0.5051847051198963,12344
W,6237,5.449936784760716,0.5052657161373947,12344
W,6238,5.449936784760716,0.505346727154893,12344
W,6239,5.449936784760716,0.5054277381723914,12344
W,6240,5.449936784760716,0.5055087491898899,12344
W,6241,5.449936784760716,0.5055897602073882,12344
W,6242,5.449936784760716,0.5056707712248866,12344
W,6243,5.451368646012774,0.5057517822423849,12344
W,6244,5.451368646012774,0.5058327932598834,12344
W,6245,5.451368646012774,0.5059138042773818,12344
W,6246,5.451368646012774,0.5059948152948801,12344
W,6247,5.451368646012774,0.5060758263123785,12344
W,6248,5.451368646012774,0.5061568373298768,12344
W,6249,5.451368646012774,0.5062378483473753,12344
W,6250,5.451368646012774,0.5063188593648736,12344
W,6251,5.451368646012774,0.506399870382372,12344
W,6252,5.451368646012774,0.5064808813998704,12344
W,6253,5.451368646012774,0.5065618924173687,12344
W,6254,5.451368646012774,0.5066429034348672,12344
W,6255,5.451368646012774,0.5067239144523655,12344
W,6256,5.462237421279966,0.5068049254698639,12344
W,6257,5.463395889930875,0.5068859364873622,12344
W,6258,5.463395889930875,0.5069669475048607,12344
W,6259,5.463395889930875,0.5070479585223591,12344
W,6260,5.466911334274168,0.5071289695398574,12344
W,6261,5.472742540253058,0.5072099805573558,12344
W,6262,5.48380954969907,0.5072909915748541,12344
W,6263,5.48380954969907,0.5073720025923526,12344
W,6264,5.48380954969907,0.507453013609851,12344
W,6265,5.48380954969907,0.5075340246273493,12344
W,6266,5.48380954969907,0.5076150356448477,12344
W,6267,5.48380954969907,0.5076960466623461,12344
W,6268,5.48380954969907,0.5077770576798445,12344
W,6269,5.48380954969907,0.5078580686973428,12344
W,6270,5.48380954969907,0.5079390797148412,12344
W,6271,5.48380954969907,0.5080200907323396,12344
W,6272,5.48380954969907,0.508101101749838,12344
W,6273,5.48380954969907,0.5081821127673364,12344
W,6274,5.48380954969907,0.5082631237848347,12344
W,6275,5.48380954969907,0.5083441348023331,12344
W,6276,5.48380954969907,0.5084251458198314,12344
W,6277,5.48380954969907,0.5085061568373299,12344
W,6278,5.48380954969907,0.5085871678548283,12344
W,6279,5.48380954969907,0.5086681788723266,12344
W,6280,5.48380954969907,0.508749189889825,12344
W,6281,5.48380954969907,0.5088302009073234,12344
W,6282,5.48380954969907,0.5089112119248218,12344
W,6283,5.48380954969907,0.5089922229423202,12344
W,6284,5.48380954969907,0.5090732339598185,12344
W,6285,5.48380954969907,0.5091542449773169,12344
W,6286,5.48380954969907,0.5092352559948153,12344
W,6287,5.48380954969907,0.5093162670123137,12344
W,6288,5.48380954969907,0.509397278029812,12344
W,6289,5.48380954969907,0.5094782890473104,12344
W,6290,5.48380954969907,0.5095593000648088,12344
W,6291,5.48380954969907,0.5096403110823072,12344
W,6292,5.487498708484159,0.5097213220998056,12344
W,6293,5.4888034010806805,0.5098023331173039,12344
W,6294,5.4888034010806805,0.5098833441348023,12344
W,6295,5.4888034010806805,0.5099643551523008,12344
W,6296,5.4888034010806805,0.5100453661697991,12344
W,6297,5.48918448824593,0.5101263771872975,12344
W,6298,5.48918448824593,0.5102073882047958,12344
W,6299,5.48918448824593,0.5102883992222942,12344
W,6300,5.48918448824593,0.5103694102397927,12344
W,6301,5.48918448824593,0.510450421257291,12344
W,6302,5.48918448824593,0.5105314322747894,12344
W,6303,5.48918448824593,0.5106124432922877,12344
W,6304,5.48918448824593,0.5106934543097861,12344
W,6305,5.48918448824593,0.5107744653272845,12344
W,6306,5.489639875510569,0.5108554763447829,12344
W,6307,5.489639875510569,0.5109364873622813,12344
W,6308,5.489639875510569,0.5110174983797796,12344
W,6309,5.489639875510569,0.5110985093972781,12344
W,6310,5.489639875510569,0.5111795204147764,12344
W,6311,5.489639875510569,0.5112605314322748,12344
W,6312,5.489639875510569,0.5113415424497731,12344
W,6313,5.489639875510569,0.5114225534672715,12344
W,6314,5.489639875510569,0.51150356448477,12344
W,6315,5.489639875510569,0.5115845755022683,12344
W,6316,5.495296119229432,0.5116655865197667,12344
W,6317,5.495296119229432,0.511746597537265,12344
W,6318,5.499509630237262,0.5118276085547635,12344
W,6319,5.502487133224465,0.5119086195722619,12344
W,6320,5.503846396462957,0.5119896305897602,12344
W,6321,5.503846396462957,0.5120706416072586,12344
W,6322,5.503846396462957,0.5121516526247569,12344
W,6323,5.503846396462957,0.5122326636422554,12344
W,6324,5.527749563024387,0.5123136746597537,12344
W,6325,5.527749563024387,0.5123946856772521,12344
W,6326,5.527749563024387,0.5124756966947505,12344
W,6327,5.527749563024387,0.5125567077122488,12344
W,6328,5.527749563024387,0.5126377187297473,12344
W,6329,5.527749563024387,0.5127187297472456,12344
W,6330,5.527749563024387,0.512799740764744,12344
W,6331,5.527749563024387,0.5128807517822424,12344
W,6332,5.527749563024387,0.5129617627997408,12344
W,6333,5.527749563024387,0.5130427738172392,12344
W,6334,5.527749563024387,0.5131237848347375,12344
W,6335,5.527749563024387,0.5132047958522359,12344
W,6336,5.527749563024387,0.5132858068697342,12344
W,6337,5.527749563024387,0.5133668178872327,12344
W,6338,5.527749563024387,0.5134478289047311,12344
W,6339,5.527749563024387,0.5135288399222294,12344
W,6340,5.527749563024387,0.5136098509397278,12344
W,6341,5.527749563024387,0.5136908619572261,12344
W,6342,5.530249511209537,0.5137718729747246,12344
W,6343,5.530249511209537,0.513852883992223,12344
W,6344,5.530249511209537,0.5139338950097213,12344
W,6345,5.530249511209537,0.5140149060272197,12344
W,6346,5.5410149776306135,0.5140959170447181,12344
W,6347,5.554337654641415,0.5141769280622165,12344
W,6348,5.55702987471436,0.5142579390797148,12344
W,6349,5.55702987471436,0.5143389500972132,12344
W,6350,5.560899935952981,0.5144199611147116,12344
W,6351,5.563286123290345,0.51450097213221,12344
W,6352,5.563286123290345,0.5145819831497084,12344
W,6353,5.563286123290345,0.5146629941672067,12344
W,6354,5.563286123290345,0.5147440051847051,12344
W,6355,5.563286123290345,0.5148250162022034,12344
W,6356,5.563286123290345,0.5149060272197019,12344
W,6357,5.563286123290345,0.5149870382372003,12344
W,6358,5.563286123290345,0.5150680492546986,12344
W,6359,5.563286123290345,0.515149060272197,12344
W,6360,5.563286123290345,0.5152300712896954,12344
W,6361,5.563286123290345,0.5153110823071938,12344
W,6362,5.564729023295534,0.5153920933246922,12344
W,6363,5.566144856904391,0.5154731043421905,12344
W,6364,5.566144856904391,0.5155541153596889,12344
W,6365,5.566144856904391,0.5156351263771873,12344
W,6366,5.566144856904391,0.5157161373946857,12344
W,6367,5.566144856904391,0.515797148412184,12344
W,6368,5.566144856904391,0.5158781594296824,12344
W,6369,5.566144856904391,0.5159591704471809,12344
W,6370,5.566144856904391,0.5160401814646792,12344
W,6371,5.566144856904391,0.5161211924821776,12344
W,6372,5.586974038341887,0.5162022034996759,12344
W,6373,5.586974038341887,0.5162832145171743,12344
W,6374,5.59314760143013,0.5163642255346728,12344
W,6375,5.59314760143013,0.5164452365521711,12344
W,6376,5.596356977207512,0.5165262475696695,12344
W,6377,5.596356977207512,0.5166072585871678,12344
W,6378,5.596356977207512,0.5166882696046662,12344
W,6379,5.59687879527623,0.5167692806221647,12344
W,6380,5.59963772233696,0.516850291639663,12344
W,6381,5.59963772233696,0.5169313026571614,12344
W,6382,5.59963772233696,0.5170123136746597,12344
W,6383,5.59963772233696,0.5170933246921582,12344
W,6384,5.59963772233696,0.5171743357096565,12344
W,6385,5.59963772233696,0.5172553467271549,12344
W,6386,5.59963772233696,0.5173363577446533,12344
W,6387,5.59963772233696,0.5174173687621516,12344
W,6388,5.59963772233696,0.5174983797796501,12344
W,6389,5.59963772233696,0.5175793907971484,12344
W,6390,5.59963772233696,0.5176604018146468,12344
W,6391,5.59963772233696,0.5177414128321451,12344
W,6392,5.59963772233696,0.5178224238496435,12344
W,6393,5.59963772233696,0.517903434867142,12344
W,6394,5.59963772233696,0.5179844458846403,12344
W,6395,5.59963772233696,0.5180654569021387,12344
W,6396,5.59963772233696,0.518146467919637,12344
W,6397,5.59963772233696,0.5182274789371355,12344
W,6398,5.59963772233696,0.5183084899546339,12344
W,6399,5.600796602339142,0.5183895009721322,12344
W,6400,5.600796602339142,0.5184705119896306,12344
W,6401,5.600796602339142,0.5185515230071289,12344
W,6402,5.600796602339142,0.5186325340246274,12344
W,6403,5.600796602339142,0.5187135450421257,12344
W,6404,5.600796602339142,0.5187945560596241,12344
W,6405,5.600796602339142,0.5188755670771225,12344
W,6406,5.600796602339142,0.5189565780946209,12344
W,6407,5.600796602339142,0.5190375891121193,12344
W,6408,5.603625724927489,0.5191186001296176,12344
W,6409,5.603625724927489,0.519199611147116,12344
W,6410,5.603625724927489,0.5192806221646143,12344
W,6411,5.603625724927489,0.5193616331821128,12344
W,6412,5.603809208556866,0.5194426441996112,12344
W,6413,5.603809208556866,0.5195236552171095,12344
W,6414,5.603809208556866,0.5196046662346079,12344
W,6415,5.603809208556866,0.5196856772521062,12344
W,6416,5.603809208556866,0.5197666882696047,12344
W,6417,5.603809208556866,0.5198476992871031,12344
W,6418,5.603809208556866,0.5199287103046014,12344
W,6419,5.603809208556866,0.5200097213220998,12344
W,6420,5.603809208556866,0.5200907323395982,12344
W,6421,5.603809208556866,0.5201717433570966,12344
W,6422,5.603809208556866,0.520252754374595,12344
W,6423,5.603809208556866,0.5203337653920933,12344
W,6424,5.603809208556866,0.5204147764095917,12344
W,6425,5.61469527069805,0.5204957874270901,12344
W,6426,5.61469527069805,0.5205767984445885,12344
W,6427,5.6196207309500315,0.5206578094620868,12344
W,6428,5.623264880922918,0.5207388204795852,12344
W,6429,5.623264880922918,0.5208198314970836,12344
W,6430,5.623264880922918,0.520900842514582,12344
W,6431,5.623264880922918,0.5209818535320804,12344
W,6432,5.623264880922918,0.5210628645495787,12344
W,6433,5.623264880922918,0.5211438755670771,12344
W,6434,5.623264880922918,0.5212248865845756,12344
W,6435,5.623264880922918,0.5213058976020739,12344
W,6436,5.623264880922918,0.5213869086195723,12344
W,6437,5.623264880922918,0.5214679196370706,12344
W,6438,5.623264880922918,0.521548930654569,12344
W,6439,5.623264880922918,0.5216299416720674,12344
W,6440,5.623264880922918,0.5217109526895658,12344
W,6441,5.623264880922918,0.5217919637070642,12344
W,6442,5.623264880922918,0.5218729747245625,12344
W,6443,5.623264880922918,0.5219539857420609,12344
W,6444,5.623264880922918,0.5220349967595593,12344
W,6445,5.623264880922918,0.5221160077770577,12344
W,6446,5.623264880922918,0.522197018794556,12344
W,6447,5.623264880922918,0.5222780298120544,12344
W,6448,5.623264880922918,0.5223590408295529,12344
W,6449,5.623264880922918,0.5224400518470512,12344
W,6450,5.623264880922918,0.5225210628645496,12344
W,6451,5.623264880922918,0.5226020738820479,12344
W,6452,5.623264880922918,0.5226830848995463,12344
W,6453,5.623264880922918,0.5227640959170448,12344
W,6454,5.623264880922918,0.5228451069345431,12344
W,6455,5.623264880922918,0.5229261179520415,12344
W,6456,5.623264880922918,0.5230071289695398,12344
W,6457,5.623264880922918,0.5230881399870383,12344
W,6458,5.629921078669879,0.5231691510045366,12344
W,6459,5.629921078669879,0.523250162022035,12344
W,6460,5.629921078669879,0.5233311730395334,12344
W,6461,5.629921078669879,0.5234121840570317,12344
W,6462,5.629921078669879,0.5234931950745302,12344
W,6463,5.629921078669879,0.5235742060920285,12344
W,6464,5.629921078669879,0.5236552171095269,12344
W,6465,5.629921078669879,0.5237362281270252,12344
W,6466,5.629921078669879,0.5238172391445236,12344
W,6467,5.629921078669879,0.5238982501620221,12344
W,6468,5.629921078669879,0.5239792611795204,12344
W,6469,5.629921078669879,0.5240602721970188,12344
W,6470,5.629921078669879,0.5241412832145171,12344
W,6471,5.629921078669879,0.5242222942320156,12344
W,6472,5.63992091417419,0.524303305249514,12344
W,6473,5.64735008362749,0.5243843162670123,12344
W,6474,5.655381443577582,0.5244653272845107,12344
W,6475,5.657872845677113,0.524546338302009,12344
W,6476,5.657872845677113,0.5246273493195075,12344
W,6477,5.657872845677113,0.5247083603370059,12344
W,6478,5.657872845677113,0.5247893713545042,12344
W,6479,5.657872845677113,0.5248703823720026,12344
W,6480,5.657872845677113,0.5249513933895009,12344
W,6481,5.657872845677113,0.5250324044069994,12344
W,6482,5.657872845677113,0.5251134154244977,12344
W,6483,5.673736237847492,0.5251944264419961,12344
W,6484,5.673736237847492,0.5252754374594945,12344
W,6485,5.6750658704683845,0.5253564484769929,12344
W,6486,5.6750658704683845,0.5254374594944913,12344
W,6487,5.6750658704683845,0.5255184705119896,12344
W,6488,5.6750658704683845,0.525599481529488,12344
W,6489,5.6750658704683845,0.5256804925469863,12344
W,6490,5.682008869075247,0.5257615035644848,12344
W,6491,5.682008869075247,0.5258425145819832,12344
W,6492,5.682008869075247,0.5259235255994815,12344
W,6493,5.682008869075247,0.5260045366169799,12344
W,6494,5.682008869075247,0.5260855476344782,12344
W,6495,5.682008869075247,0.5261665586519767,12344
W,6496,5.683810857563582,0.5262475696694751,12344
W,6497,5.689414373282377,0.5263285806869734,12344
W,6498,5.689414373282377,0.5264095917044718,12344
W,6499,5.689414373282377,0.5264906027219702,12344
W,6500,5.689414373282377,0.5265716137394686,12344
W,6501,5.689414373282377,0.526652624756967,12344
W,6502,5.689414373282377,0.5267336357744653,12344
W,6503,5.689414373282377,0.5268146467919637,12344
W,6504,5.689414373282377,0.5268956578094621,12344
W,6505,5.6947374897965135,0.5269766688269605,12344
W,6506,5.6947374897965135,0.5270576798444588,12344
W,6507,5.708935098024078,0.5271386908619572,12344
W,6508,5.708935098024078,0.5272197018794557,12344
W,6509,5.708935098024078,0.527300712896954,12344
W,6510,5.708935098024078,0.5273817239144524,12344
W,6511,5.708935098024078,0.5274627349319507,12344
W,6512,5.708935098024078,0.5275437459494491,12344
W,6513,5.708935098024078,0.5276247569669476,12344
W,6514,5.708935098024078,0.5277057679844459,12344
W,6515,5.708935098024078,0.5277867790019443,12344
W,6516,5.708935098024078,0.5278677900194426,12344
W,6517,5.708935098024078,0.527948801036941,12344
W,6518,5.715603921859609,0.5280298120544394,12344
W,6519,5.715675930846404,0.5281108230719378,12344
W,6520,5.715675930846404,0.5281918340894362,12344
W,6521,5.715675930846404,0.5282728451069345,12344
W,6522,5.715675930846404,0.528353856124433,12344
W,6523,5.71718083810064,0.5284348671419313,12344
W,6524,5.723639721267264,0.5285158781594297,12344
W,6525,5.723639721267264,0.528596889176928,12344
W,6526,5.723639721267264,0.5286779001944264,12344
W,6527,5.726897446287053,0.5287589112119249,12344
W,6528,5.726897446287053,0.5288399222294232,12344
W,6529,5.726897446287053,0.5289209332469216,12344
W,6530,5.726897446287053,0.5290019442644199,12344
W,6531,5.726897446287053,0.5290829552819183,12344
W,6532,5.726897446287053,0.5291639662994168,12344
W,6533,5.726897446287053,0.5292449773169151,12344
W,6534,5.726897446287053,0.5293259883344135,12344
W,6535,5.726897446287053,0.5294069993519118,12344
W,6536,5.726897446287053,0.5294880103694103,12344
W,6537,5.726897446287053,0.5295690213869086,12344
W,6538,5.726897446287053,0.529650032404407,12344
W,6539,5.726897446287053,0.5297310434219054,12344
W,6540,5.726897446287053,0.5298120544394037,12344
W,6541,5.730283457031942,0.5298930654569022,12344
W,6542,5.730283457031942,0.5299740764744005,12344
W,6543,5.730283457031942,0.5300550874918989,12344
W,6544,5.730283457031942,0.5301360985093972,12344
W,6545,5.730283457031942,0.5302171095268956,12344
W,6546,5.730283457031942,0.5302981205443941,12344
W,6547,5.730283457031942,0.5303791315618924,12344
W,6548,5.730283457031942,0.5304601425793908,12344
W,6549,5.730283457031942,0.5305411535968891,12344
W,6550,5.730283457031942,0.5306221646143876,12344
W,6551,5.731836049747052,0.530703175631886,12344
W,6552,5.734520597842452,0.5307841866493843,12344
W,6553,5.734520597842452,0.5308651976668827,12344
W,6554,5.734953855315558,0.530946208684381,12344
W,6555,5.734953855315558,0.5310272197018795,12344
W,6556,5.734953855315558,0.5311082307193778,12344
W,6557,5.734953855315558,0.5311892417368762,12344
W,6558,5.734953855315558,0.5312702527543746,12344
W,6559,5.734953855315558,0.531351263771873,12344
W,6560,5.734953855315558,0.5314322747893714,12344
W,6561,5.747158551493105,0.5315132858068697,12344
W,6562,5.747158551493105,0.5315942968243681,12344
W,6563,5.747158551493105,0.5316753078418665,12344
W,6564,5.748196746913128,0.5317563188593649,12344
W,6565,5.748196746913128,0.5318373298768633,12344
W,6566,5.75213077677215,0.5319183408943616,12344
W,6567,5.755487361752826,0.53199935191186,12344
W,6568,5.757440959155745,0.5320803629293583,12344
W,6569,5.7617451166160185,0.5321613739468568,12344
W,6570,5.76339971289888,0.5322423849643552,12344
W,6571,5.76339971289888,0.5323233959818535,12344
W,6572,5.76339971289888,0.5324044069993519,12344
W,6573,5.768746889834086,0.5324854180168503,12344
W,6574,5.768746889834086,0.5325664290343487,12344
W,6575,5.768746889834086,0.532647440051847,12344
W,6576,5.768746889834086,0.5327284510693454,12344
W,6577,5.768746889834086,0.5328094620868438,12344
W,6578,5.768746889834086,0.5328904731043422,12344
W,6579,5.768746889834086,0.5329714841218406,12344
W,6580,5.768746889834086,0.5330524951393389,12344
W,6581,5.768746889834086,0.5331335061568373,12344
W,6582,5.768746889834086,0.5332145171743357,12344
W,6583,5.768746889834086,0.5332955281918341,12344
W,6584,5.768746889834086,0.5333765392093325,12344
W,6585,5.768746889834086,0.5334575502268308,12344
W,6586,5.777961299782292,0.5335385612443292,12344
W,6587,5.777961299782292,0.5336195722618277,12344
W,6588,5.777961299782292,0.533700583279326,12344
W,6589,5.777961299782292,0.5337815942968244,12344
W,6590,5.777961299782292,0.5338626053143227,12344
W,6591,5.777961299782292,0.5339436163318211,12344
W,6592,5.777961299782292,0.5340246273493195,12344
W,6593,5.777961299782292,0.5341056383668179,12344
W,6594,5.777961299782292,0.5341866493843163,12344
W,6595,5.777961299782292,0.5342676604018146,12344
W,6596,5.777961299782292,0.5343486714193131,12344
W,6597,5.777961299782292,0.5344296824368114,12344
W,6598,5.777961299782292,0.5345106934543098,12344
W,6599,5.777961299782292,0.5345917044718081,12344
W,6600,5.777961299782292,0.5346727154893065,12344
W,6601,5.777961299782292,0.534753726506805,12344
W,6602,5.777961299782292,0.5348347375243033,12344
W,6603,5.78009854508539,0.5349157485418017,12344
W,6604,5.78009854508539,0.5349967595593,12344
W,6605,5.78009854508539,0.5350777705767984,12344
W,6606,5.78009854508539,0.5351587815942969,12344
W,6607,5.78009854508539,0.5352397926117952,12344
W,6608,5.78009854508539,0.5353208036292936,12344
W,6609,5.78009854508539,0.5354018146467919,12344
W,6610,5.78009854508539,0.5354828256642904,12344
W,6611,5.78009854508539,0.5355638366817888,12344
W,6612,5.78009854508539,0.5356448476992871,12344
W,6613,5.78009854508539,0.5357258587167855,12344
W,6614,5.78009854508539,0.5358068697342838,12344
W,6615,5.78009854508539,0.5358878807517823,12344
W,6616,5.78009854508539,0.5359688917692806,12344
W,6617,5.797347192182765,0.536049902786779,12344
W,6618,5.802361025596935,0.5361309138042774,12344
W,6619,5.802361025596935,0.5362119248217757,12344
W,6620,5.802361025596935,0.5362929358392742,12344
W,6621,5.802361025596935,0.5363739468567725,12344
W,6622,5.802361025596935,0.5364549578742709,12344
W,6623,5.802361025596935,0.5365359688917692,12344
W,6624,5.802361025596935,0.5366169799092677,12344
W,6625,5.802361025596935,0.5366979909267661,12344
W,6626,5.802361025596935,0.5367790019442644,12344
W,6627,5.802361025596935,0.5368600129617628,12344
W,6628,5.802361025596935,0.5369410239792611,12344
W,6629,5.802361025596935,0.5370220349967596,12344
W,6630,5.802361025596935,0.537103046014258,12344
W,6631,5.802361025596935,0.5371840570317563,12344
W,6632,5.802361025596935,0.5372650680492547,12344
W,6633,5.802361025596935,0.537346079066753,12344
W,6634,5.802361025596935,0.5374270900842515,12344
W,6635,5.802361025596935,0.5375081011017498,12344
W,6636,5.802361025596935,0.5375891121192482,12344
W,6637,5.802361025596935,0.5376701231367466,12344
W,6638,5.802361025596935,0.537751134154245,12344
W,6639,5.802361025596935,0.5378321451717434,12344
W,6640,5.802361025596935,0.5379131561892417,12344
W,6641,5.802361025596935,0.5379941672067401,12344
W,6642,5.802361025596935,0.5380751782242384,12344
W,6643,5.802361025596935,0.5381561892417369,12344
W,6644,5.809063656852378,0.5382372002592353,12344
W,6645,5.826652795237871,0.5383182112767336,12344
W,6646,5.826652795237871,0.538399222294232,12344
W,6647,5.826652795237871,0.5384802333117304,12344
W,6648,5.827401912360756,0.5385612443292288,12344
W,6649,5.827401912360756,0.5386422553467272,12344
W,6650,5.827401912360756,0.5387232663642255,12344
W,6651,5.827401912360756,0.5388042773817239,12344
W,6652,5.833298416828257,0.5388852883992223,12344
W,6653,5.833298416828257,0.5389662994167207,12344
W,6654,5.833298416828257,0.539047310434219,12344
W,6655,5.833298416828257,0.5391283214517174,12344
W,6656,5.833298416828257,0.5392093324692158,12344
W,6657,5.839429603117666,0.5392903434867142,12344
W,6658,5.8438835379783205,0.5393713545042126,12344
W,6659,5.853923175473797,0.5394523655217109,12344
W,6660,5.853923175473797,0.5395333765392093,12344
W,6661,5.853923175473797,0.5396143875567078,12344
W,6662,5.853923175473797,0.5396953985742061,12344
W,6663,5.853923175473797,0.5397764095917045,12344
W,6664,5.853923175473797,0.5398574206092028,12344
W,6665,5.853923175473797,0.5399384316267012,12344
W,6666,5.870471570771901,0.5400194426441997,12344
W,6667,5.870471570771901,0.540100453661698,12344
W,6668,5.870471570771901,0.5401814646791964,12344
W,6669,5.870471570771901,0.5402624756966947,12344
W,6670,5.879137318835889,0.5403434867141931,12344
W,6671,5.879137318835889,0.5404244977316915,12344
W,6672,5.879137318835889,0.5405055087491899,12344
W,6673,5.879137318835889,0.5405865197666883,12344
W,6674,5.879137318835889,0.5406675307841866,12344
W,6675,5.879137318835889,0.5407485418016851,12344
W,6676,5.879137318835889,0.5408295528191834,12344
W,6677,5.879137318835889,0.5409105638366818,12344
W,6678,5.879137318835889,0.5409915748541801,12344
W,6679,5.879137318835889,0.5410725858716785,12344
W,6680,5.879137318835889,0.541153596889177,12344
W,6681,5.879137318835889,0.5412346079066753,12344
W,6682,5.879137318835889,0.5413156189241737,12344
W,6683,5.885118940583885,0.541396629941672,12344
W,6684,5.888302091820414,0.5414776409591704,12344
W,6685,5.888302091820414,0.5415586519766689,12344
W,6686,5.888302091820414,0.5416396629941672,12344
W,6687,5.888302091820414,0.5417206740116656,12344
W,6688,5.895821626732786,0.5418016850291639,12344
W,6689,5.898710676893467,0.5418826960466624,12344
W,6690,5.898710676893467,0.5419637070641607,12344
W,6691,5.902113172801053,0.5420447180816591,12344
W,6692,5.902113172801053,0.5421257290991575,12344
W,6693,5.902113172801053,0.5422067401166558,12344
W,6694,5.902113172801053,0.5422877511341543,12344
W,6695,5.902113172801053,0.5423687621516526,12344
W,6696,5.902113172801053,0.542449773169151,12344
W,6697,5.902113172801053,0.5425307841866494,12344
W,6698,5.902113172801053,0.5426117952041478,12344
W,6699,5.902113172801053,0.5426928062216462,12344
W,6700,5.902113172801053,0.5427738172391445,12344
W,6701,5.902113172801053,0.5428548282566429,12344
W,6702,5.902113172801053,0.5429358392741412,12344
W,6703,5.902113172801053,0.5430168502916397,12344
W,6704,5.902113172801053,0.5430978613091381,12344
W,6705,5.902113172801053,0.5431788723266364,12344
W,6706,5.902113172801053,0.5432598833441348,12344
W,6707,5.903667412399389,0.5433408943616331,12344
W,6708,5.903667412399389,0.5434219053791316,12344
W,6709,5.903667412399389,0.54350291639663,12344
W,6710,5.903667412399389,0.5435839274141283,12344
W,6711,5.903667412399389,0.5436649384316267,12344
W,6712,5.903667412399389,0.5437459494491251,12344
W,6713,5.903667412399389,0.5438269604666235,12344
W,6714,5.9322156880577355,0.5439079714841218,12344
W,6715,5.9322156880577355,0.5439889825016202,12344
W,6716,5.9322156880577355,0.5440699935191186,12344
W,6717,5.9322156880577355,0.544151004536617,12344
W,6718,5.9322156880577355,0.5442320155541154,12344
W,6719,5.9322156880577355,0.5443130265716137,12344
W,6720,5.9322156880577355,0.5443940375891121,12344
W,6721,5.9322156880577355,0.5444750486066104,12344
W,6722,5.9322156880577355,0.5445560596241089,12344
W,6723,5.939002904419035,0.5446370706416073,12344
W,6724,5.939002904419035,0.5447180816591056,12344
W,6725,5.939002904419035,0.544799092676604,12344
W,6726,5.939002904419035,0.5448801036941024,12344
W,6727,5.939002904419035,0.5449611147116008,12344
W,6728,5.939002904419035,0.5450421257290992,12344
W,6729,5.939002904419035,0.5451231367465975,12344
W,6730,5.939002904419035,0.5452041477640959,12344
W,6731,5.939002904419035,0.5452851587815943,12344
W,6732,5.939002904419035,0.5453661697990927,12344
W,6733,5.939002904419035,0.545447180816591,12344
W,6734,5.939002904419035,0.5455281918340894,12344
W,6735,5.939002904419035,0.5456092028515879,12344
W,6736,5.939002904419035,0.5456902138690862,12344
W,6737,5.939002904419035,0.5457712248865846,12344
W,6738,5.939002904419035,0.5458522359040829,12344
W,6739,5.939002904419035,0.5459332469215813,12344
W,6740,5.939002904419035,0.5460142579390798,12344
W,6741,5.939002904419035,0.5460952689565781,12344
W,6742,5.939002904419035,0.5461762799740765,12344
W,6743,5.939002904419035,0.5462572909915748,12344
W,6744,5.939002904419035,0.5463383020090732,12344
W,6745,5.939002904419035,0.5464193130265717,12344
W,6746,5.941561397366835,0.54650032404407,12344
W,6747,5.947139567211959,0.5465813350615684,12344
W,6748,5.950250224812997,0.5466623460790667,12344
W,6749,5.950250224812997,0.5467433570965652,12344
W,6750,5.950250224812997,0.5468243681140635,12344
W,6751,5.955310781363475,0.5469053791315619,12344
W,6752,5.955310781363475,0.5469863901490603,12344
W,6753,5.955310781363475,0.5470674011665586,12344
W,6754,5.955310781363475,0.5471484121840571,12344
W,6755,5.955310781363475,0.5472294232015554,12344
W,6756,5.955310781363475,0.5473104342190538,12344
W,6757,5.955310781363475,0.5473914452365521,12344
W,6758,5.955310781363475,0.5474724562540505,12344
W,6759,5.955310781363475,0.547553467271549,12344
W,6760,5.955310781363475,0.5476344782890473,12344
W,6761,5.955310781363475,0.5477154893065457,12344
W,6762,5.955310781363475,0.547796500324044,12344
W,6763,5.955310781363475,0.5478775113415425,12344
W,6764,5.955310781363475,0.5479585223590409,12344
W,6765,5.955310781363475,0.5480395333765392,12344
W,6766,5.959823744344847,0.5481205443940376,12344
W,6767,5.960880094834488,0.5482015554115359,12344
W,6768,5.960880094834488,0.5482825664290344,12344
W,6769,5.960880094834488,0.5483635774465327,12344
W,6770,5.960880094834488,0.5484445884640311,12344
W,6771,5.960880094834488,0.5485255994815295,12344
W,6772,5.9611773130853045,0.5486066104990278,12344
W,6773,5.962156110336546,0.5486876215165263,12344
W,6774,5.964119643952052,0.5487686325340246,12344
W,6775,5.966450498599119,0.548849643551523,12344
W,6776,5.966450498599119,0.5489306545690213,12344
W,6777,5.966564133973454,0.5490116655865198,12344
W,6778,5.966564133973454,0.5490926766040182,12344
W,6779,5.974916739200447,0.5491736876215165,12344
W,6780,5.974916739200447,0.5492546986390149,12344
W,6781,5.974916739200447,0.5493357096565132,12344
W,6782,5.9819329126857435,0.5494167206740117,12344
W,6783,5.981973285573019,0.5494977316915101,12344
W,6784,5.981973285573019,0.5495787427090084,12344
W,6785,5.981973285573019,0.5496597537265068,12344
W,6786,5.981973285573019,0.5497407647440052,12344
W,6787,5.981973285573019,0.5498217757615036,12344
W,6788,5.981973285573019,0.549902786779002,12344
W,6789,5.981973285573019,0.5499837977965003,12344
W,6790,5.981973285573019,0.5500648088139987,12344
W,6791,5.981973285573019,0.5501458198314971,12344
W,6792,5.981973285573019,0.5502268308489955,12344
W,6793,6.035664700701462,0.5503078418664938,12344
W,6794,6.035664700701462,0.5503888528839922,12344
W,6795,6.035664700701462,0.5504698639014906,12344
W,6796,6.035664700701462,0.550550874918989,12344
W,6797,6.035664700701462,0.5506318859364874,12344
W,6798,6.035664700701462,0.5507128969539857,12344
W,6799,6.035664700701462,0.5507939079714841,12344
W,6800,6.035664700701462,0.5508749189889826,12344
W,6801,6.035664700701462,0.5509559300064809,12344
W,6802,6.035664700701462,0.5510369410239793,12344
W,6803,6.035664700701462,0.5511179520414776,12344
W,6804,6.035664700701462,0.551198963058976,12344
W,6805,6.035664700701462,0.5512799740764744,12344
W,6806,6.042407112380574,0.5513609850939728,12344
W,6807,6.042407112380574,0.5514419961114712,12344
W,6808,6.042407112380574,0.5515230071289695,12344
W,6809,6.042407112380574,0.5516040181464679,12344
W,6810,6.042407112380574,0.5516850291639663,12344
W,6811,6.045188436285779,0.5517660401814647,12344
W,6812,6.045188436285779,0.551847051198963,12344
W,6813,6.0476160330413,0.5519280622164614,12344
W,6814,6.073380504651392,0.5520090732339599,12344
W,6815,6.073380504651392,0.5520900842514582,12344
W,6816,6.073380504651392,0.5521710952689566,12344
W,6817,6.073380504651392,0.5522521062864549,12344
W,6818,6.073380504651392,0.5523331173039533,12344
W,6819,6.073380504651392,0.5524141283214518,12344
W,6820,6.073380504651392,0.5524951393389501,12344
W,6821,6.073380504651392,0.5525761503564485,12344
W,6822,6.073380504651392,0.5526571613739468,12344
W,6823,6.073380504651392,0.5527381723914452,12344
W,6824,6.080729949864116,0.5528191834089436,12344
W,6825,6.080729949864116,0.552900194426442,12344
W,6826,6.080729949864116,0.5529812054439404,12344
W,6827,6.080729949864116,0.5530622164614387,12344
W,6828,6.080729949864116,0.5531432274789372,12344
W,6829,6.080729949864116,0.5532242384964355,12344
W,6830,6.083623433861991,0.5533052495139339,12344
W,6831,6.083623433861991,0.5533862605314323,12344
W,6832,6.083623433861991,0.5534672715489306,12344
W,6833,6.083623433861991,0.5535482825664291,12344
W,6834,6.083623433861991,0.5536292935839274,12344
W,6835,6.083623433861991,0.5537103046014258,12344
W,6836,6.083623433861991,0.5537913156189241,12344
W,6837,6.084484706221198,0.5538723266364226,12344
W,6838,6.084484706221198,0.553953337653921,12344
W,6839,6.084484706221198,0.5540343486714193,12344
W,6840,6.084484706221198,0.5541153596889177,12344
W,6841,6.08506519513089,0.554196370706416,12344
W,6842,6.08506519513089,0.5542773817239145,12344
W,6843,6.08506519513089,0.5543583927414129,12344
W,6844,6.08506519513089,0.5544394037589112,12344
W,6845,6.08506519513089,0.5545204147764096,12344
W,6846,6.08506519513089,0.5546014257939079,12344
W,6847,6.08506519513089,0.5546824368114064,12344
W,6848,6.08506519513089,0.5547634478289047,12344
W,6849,6.089818644791649,0.5548444588464031,12344
W,6850,6.089818644791649,0.5549254698639015,12344
W,6851,6.091986896589949,0.5550064808813999,12344
W,6852,6.093705261888898,0.5550874918988983,12344
W,6853,6.093705261888898,0.5551685029163966,12344
W,6854,6.093705261888898,0.555249513933895,12344
W,6855,6.0940450930597585,0.5553305249513933,12344
W,6856,6.0949989146268875,0.5554115359688918,12344
W,6857,6.0949989146268875,0.5554925469863902,12344
W,6858,6.0949989146268875,0.5555735580038885,12344
W,6859,6.0949989146268875,0.5556545690213869,12344
W,6860,6.0949989146268875,0.5557355800388852,12344
W,6861,6.0949989146268875,0.5558165910563837,12344
W,6862,6.0949989146268875,0.5558976020738821,12344
W,6863,6.0949989146268875,0.5559786130913804,12344
W,6864,6.0949989146268875,0.5560596241088788,12344
W,6865,6.0949989146268875,0.5561406351263772,12344
W,6866,6.0949989146268875,0.5562216461438756,12344
W,6867,6.0949989146268875,0.556302657161374,12344
W,6868,6.0949989146268875,0.5563836681788723,12344
W,6869,6.0949989146268875,0.5564646791963707,12344
W,6870,6.0949989146268875,0.5565456902138691,12344
W,6871,6.0949989146268875,0.5566267012313675,12344
W,6872,6.0949989146268875,0.5567077122488658,12344
W,6873,6.0949989146268875,0.5567887232663642,12344
W,6874,6.0949989146268875,0.5568697342838627,12344
W,6875,6.102340406843803,0.556950745301361,12344
W,6876,6.112901687186869,0.5570317563188594,12344
W,6877,6.1173894370690025,0.5571127673363577,12344
W,6878,6.1173894370690025,0.5571937783538561,12344
W,6879,6.1173894370690025,0.5572747893713546,12344
W,6880,6.1173894370690025,0.5573558003888529,12344
W,6881,6.122609368140579,0.5574368114063513,12344
W,6882,6.122609368140579,0.5575178224238496,12344
W,6883,6.122609368140579,0.557598833441348,12344
W,6884,6.122609368140579,0.5576798444588464,12344
W,6885,6.122609368140579,0.5577608554763448,12344
W,6886,6.122609368140579,0.5578418664938432,12344
W,6887,6.122609368140579,0.5579228775113415,12344
W,6888,6.122609368140579,0.55800388852884,12344
W,6889,6.122609368140579,0.5580848995463383,12344
W,6890,6.122609368140579,0.5581659105638367,12344
W,6891,6.122609368140579,0.558246921581335,12344
W,6892,6.122609368140579,0.5583279325988334,12344
W,6893,6.122609368140579,0.5584089436163319,12344
W,6894,6.122609368140579,0.5584899546338302,12344
W,6895,6.122609368140579,0.5585709656513286,12344
W,6896,6.122609368140579,0.5586519766688269,12344
W,6897,6.122609368140579,0.5587329876863253,12344
W,6898,6.122609368140579,0.5588139987038238,12344
W,6899,6.122609368140579,0.5588950097213221,12344
W,6900,6.122609368140579,0.5589760207388205,12344
W,6901,6.122609368140579,0.5590570317563188,12344
W,6902,6.122609368140579,0.5591380427738173,12344
W,6903,6.122609368140579,0.5592190537913156,12344
W,6904,6.122609368140579,0.559300064808814,12344
W,6905,6.12365020934277,0.5593810758263124,12344
W,6906,6.12365020934277,0.5594620868438107,12344
W,6907,6.12365020934277,0.5595430978613092,12344
W,6908,6.12365020934277,0.5596241088788075,12344
W,6909,6.12365020934277,0.5597051198963059,12344
W,6910,6.12365020934277,0.5597861309138042,12344
W,6911,6.12365020934277,0.5598671419313026,12344
W,6912,6.12365020934277,0.5599481529488011,12344
W,6913,6.12365020934277,0.5600291639662994,12344
W,6914,6.12365020934277,0.5601101749837978,12344
W,6915,6.12365020934277,0.5601911860012961,12344
W,6916,6.12365020934277,0.5602721970187946,12344
W,6917,6.12365020934277,0.560353208036293,12344
W,6918,6.124211496027839,0.5604342190537913,12344
W,6919,6.124211496027839,0.5605152300712897,12344
W,6920,6.124211496027839,0.560596241088788,12344
W,6921,6.126482017605474,0.5606772521062865,12344
W,6922,6.127909293224533,0.5607582631237849,12344
W,6923,6.127909293224533,0.5608392741412832,12344
W,6924,6.127909293224533,0.5609202851587816,12344
W,6925,6.127909293224533,0.56100129617628,12344
W,6926,6.127909293224533,0.5610823071937784,12344
W,6927,6.133984818651293,0.5611633182112767,12344
W,6928,6.133984818651293,0.5612443292287751,12344
W,6929,6.133984818651293,0.5613253402462735,12344
W,6930,6.133984818651293,0.5614063512637719,12344
W,6931,6.133984818651293,0.5614873622812703,12344
W,6932,6.133984818651293,0.5615683732987686,12344
W,6933,6.133984818651293,0.561649384316267,12344
W,6934,6.133984818651293,0.5617303953337653,12344
W,6935,6.133984818651293,0.5618114063512638,12344
W,6936,6.133984818651293,0.5618924173687622,12344
W,6937,6.133984818651293,0.5619734283862605,12344
W,6938,6.135052505257668,0.5620544394037589,12344
W,6939,6.139014277277548,0.5621354504212573,12344
W,6940,6.139014277277548,0.5622164614387557,12344
W,6941,6.139014277277548,0.562297472456254,12344
W,6942,6.139014277277548,0.5623784834737524,12344
W,6943,6.139014277277548,0.5624594944912508,12344
W,6944,6.139014277277548,0.5625405055087492,12344
W,6945,6.139014277277548,0.5626215165262476,12344
W,6946,6.139014277277548,0.562702527543746,12344
W,6947,6.139014277277548,0.5627835385612443,12344
W,6948,6.139014277277548,0.5628645495787427,12344
W,6949,6.139014277277548,0.5629455605962411,12344
W,6950,6.139014277277548,0.5630265716137395,12344
W,6951,6.139014277277548,0.5631075826312378,12344
W,6952,6.145771315479087,0.5631885936487362,12344
W,6953,6.145771315479087,0.5632696046662347,12344
W,6954,6.146331332168891,0.563350615683733,12344
W,6955,6.146331332168891,0.5634316267012314,12344
W,6956,6.146331332168891,0.5635126377187297,12344
W,6957,6.146331332168891,0.5635936487362281,12344
W,6958,6.146331332168891,0.5636746597537265,12344
W,6959,6.146331332168891,0.5637556707712249,12344
W,6960,6.146331332168891,0.5638366817887233,12344
W,6961,6.146331332168891,0.5639176928062216,12344
W,6962,6.146331332168891,0.56399870382372,12344
W,6963,6.146331332168891,0.5640797148412184,12344
W,6964,6.146331332168891,0.5641607258587168,12344
W,6965,6.146331332168891,0.5642417368762151,12344
W,6966,6.146331332168891,0.5643227478937135,12344
W,6967,6.146331332168891,0.564403758911212,12344
W,6968,6.146331332168891,0.5644847699287103,12344
W,6969,6.146331332168891,0.5645657809462087,12344
W,6970,6.146331332168891,0.564646791963707,12344
W,6971,6.146331332168891,0.5647278029812054,12344
W,6972,6.146331332168891,0.5648088139987039,12344
W,6973,6.146331332168891,0.5648898250162022,12344
W,6974,6.146331332168891,0.5649708360337006,12344
W,6975,6.1465576922404175,0.5650518470511989,12344
W,6976,6.1465576922404175,0.5651328580686974,12344
W,6977,6.1465576922404175,0.5652138690861958,12344
W,6978,6.1465576922404175,0.5652948801036941,12344
W,6979,6.154875366002507,0.5653758911211925,12344
W,6980,6.154875366002507,0.5654569021386908,12344
W,6981,6.162877355211302,0.5655379131561893,12344
W,6982,6.183431202156099,0.5656189241736876,12344
W,6983,6.187223692946339,0.565699935191186,12344
W,6984,6.187223692946339,0.5657809462086844,12344
W,6985,6.2009384037395145,0.5658619572261827,12344
W,6986,6.2145951252834415,0.5659429682436812,12344
W,6987,6.217896078336934,0.5660239792611795,12344
W,6988,6.225603229406723,0.5661049902786779,12344
W,6989,6.225603229406723,0.5661860012961762,12344
W,6990,6.225603229406723,0.5662670123136747,12344
W,6991,6.225603229406723,0.5663480233311731,12344
W,6992,6.225603229406723,0.5664290343486714,12344
W,6993,6.232206895072127,0.5665100453661698,12344
W,6994,6.232206895072127,0.5665910563836681,12344
W,6995,6.242092907766471,0.5666720674011666,12344
W,6996,6.242092907766471,0.566753078418665,12344
W,6997,6.248013433803708,0.5668340894361633,12344
W,6998,6.248013433803708,0.5669151004536617,12344
W,6999,6.248013433803708,0.56699611147116,12344
W,7000,6.248013433803708,0.5670771224886585,12344
W,7001,6.248013433803708,0.5671581335061568,12344
W,7002,6.248013433803708,0.5672391445236552,12344
W,7003,6.248013433803708,0.5673201555411536,12344
W,7004,6.248013433803708,0.567401166558652,12344
W,7005,6.248013433803708,0.5674821775761504,12344
W,7006,6.248013433803708,0.5675631885936487,12344
W,7007,6.248013433803708,0.5676441996111471,12344
W,7008,6.267372622829699,0.5677252106286454,12344
W,7009,6.267372622829699,0.5678062216461439,12344
W,7010,6.291646470054831,0.5678872326636423,12344
W,7011,6.291646470054831,0.5679682436811406,12344
W,7012,6.291646470054831,0.568049254698639,12344
W,7013,6.291646470054831,0.5681302657161373,12344
W,7014,6.291646470054831,0.5682112767336358,12344
W,7015,6.291646470054831,0.5682922877511342,12344
W,7016,6.291646470054831,0.5683732987686325,12344
W,7017,6.291646470054831,0.5684543097861309,12344
W,7018,6.291646470054831,0.5685353208036293,12344
W,7019,6.291646470054831,0.5686163318211277,12344
W,7020,6.319778501732077,0.568697342838626,12344
W,7021,6.321547377278865,0.5687783538561244,12344
W,7022,6.321547377278865,0.5688593648736228,12344
W,7023,6.321547377278865,0.5689403758911212,12344
W,7024,6.321547377278865,0.5690213869086196,12344
W,7025,6.321547377278865,0.5691023979261179,12344
W,7026,6.321547377278865,0.5691834089436163,12344
W,7027,6.321547377278865,0.5692644199611148,12344
W,7028,6.321547377278865,0.5693454309786131,12344
W,7029,6.321547377278865,0.5694264419961115,12344
W,7030,6.321547377278865,0.5695074530136098,12344
W,7031,6.321547377278865,0.5695884640311082,12344
W,7032,6.321547377278865,0.5696694750486067,12344
W,7033,6.321547377278865,0.569750486066105,12344
W,7034,6.321547377278865,0.5698314970836034,12344
W,7035,6.321547377278865,0.5699125081011017,12344
W,7036,6.321547377278865,0.5699935191186001,12344
W,7037,6.321547377278865,0.5700745301360985,12344
W,7038,6.326456367367829,0.5701555411535969,12344
W,7039,6.326456367367829,0.5702365521710953,12344
W,7040,6.326456367367829,0.5703175631885936,12344
W,7041,6.326456367367829,0.5703985742060921,12344
W,7042,6.326456367367829,0.5704795852235904,12344
W,7043,6.326456367367829,0.5705605962410888,12344
W,7044,6.338658246333816,0.5706416072585871,12344
W,7045,6.338658246333816,0.5707226182760855,12344
W,7046,6.338658246333816,0.570803629293584,12344
W,7047,6.338658246333816,0.5708846403110823,12344
W,7048,6.338658246333816,0.5709656513285807,12344
W,7049,6.347016051749401,0.571046662346079,12344
W,7050,6.3663855104478975,0.5711276733635774,12344
W,7051,6.372358899872197,0.5712086843810759,12344
W,7052,6.378990076012515,0.5712896953985742,12344
W,7053,6.385214302612913,0.5713707064160726,12344
W,7054,6.385214302612913,0.5714517174335709,12344
W,7055,6.385214302612913,0.5715327284510694,12344
W,7056,6.385214302612913,0.5716137394685677,12344
W,7057,6.385214302612913,0.5716947504860661,12344
W,7058,6.385214302612913,0.5717757615035645,12344
W,7059,6.385214302612913,0.5718567725210628,12344
W,7060,6.385214302612913,0.5719377835385613,12344
W,7061,6.385214302612913,0.5720187945560596,12344
W,7062,6.385214302612913,0.572099805573558,12344
W,7063,6.385214302612913,0.5721808165910564,12344
W,7064,6.385214302612913,0.5722618276085548,12344
W,7065,6.385214302612913,0.5723428386260532,12344
W,7066,6.385214302612913,0.5724238496435515,12344
W,7067,6.385214302612913,0.5725048606610499,12344
W,7068,6.385214302612913,0.5725858716785482,12344
W,7069,6.385214302612913,0.5726668826960467,12344
W,7070,6.385214302612913,0.5727478937135451,12344
W,7071,6.385214302612913,0.5728289047310434,12344
W,7072,6.385214302612913,0.5729099157485418,12344
W,7073,6.385214302612913,0.5729909267660401,12344
W,7074,6.385214302612913,0.5730719377835386,12344
W,7075,6.385214302612913,0.573152948801037,12344
W,7076,6.385214302612913,0.5732339598185353,12344
W,7077,6.385214302612913,0.5733149708360337,12344
W,7078,6.385214302612913,0.5733959818535321,12344
W,7079,6.385214302612913,0.5734769928710305,12344
W,7080,6.38634290225271,0.5735580038885288,12344
W,7081,6.392514401221491,0.5736390149060272,12344
W,7082,6.392514401221491,0.5737200259235256,12344
W,7083,6.447633537437337,0.573801036941024,12344
W,7084,6.450437019291527,0.5738820479585224,12344
W,7085,6.450437019291527,0.5739630589760207,12344
W,7086,6.456607910463044,0.5740440699935191,12344
W,7087,6.463032871736732,0.5741250810110174,12344
W,7088,6.467306734208302,0.5742060920285159,12344
W,7089,6.467306734208302,0.5742871030460143,12344
W,7090,6.483676801641722,0.5743681140635126,12344
W,7091,6.486483829600303,0.574449125081011,12344
W,7092,6.486483829600303,0.5745301360985094,12344
W,7093,6.486483829600303,0.5746111471160078,12344
W,7094,6.486483829600303,0.5746921581335062,12344
W,7095,6.486483829600303,0.5747731691510045,12344
W,7096,6.486483829600303,0.5748541801685029,12344
W,7097,6.486483829600303,0.5749351911860013,12344
W,7098,6.486483829600303,0.5750162022034997,12344
W,7099,6.495199913452976,0.575097213220998,12344
W,7100,6.495199913452976,0.5751782242384964,12344
W,7101,6.507669896631196,0.5752592352559948,12344
W,7102,6.507669896631196,0.5753402462734932,12344
W,7103,6.507669896631196,0.5754212572909916,12344
W,7104,6.510450751101708,0.5755022683084899,12344
W,7105,6.510503184880244,0.5755832793259883,12344
W,7106,6.523595116837842,0.5756642903434868,12344
W,7107,6.523595116837842,0.5757453013609851,12344
W,7108,6.528215576268716,0.5758263123784835,12344
W,7109,6.528215576268716,0.5759073233959818,12344
W,7110,6.528734996362499,0.5759883344134802,12344
W,7111,6.528734996362499,0.5760693454309787,12344
W,7112,6.528734996362499,0.576150356448477,12344
W,7113,6.528734996362499,0.5762313674659754,12344
W,7114,6.528734996362499,0.5763123784834737,12344
W,7115,6.528734996362499,0.5763933895009722,12344
W,7116,6.528734996362499,0.5764744005184705,12344
W,7117,6.529114511730907,0.5765554115359689,12344
W,7118,6.532321029092886,0.5766364225534673,12344
W,7119,6.541852281214771,0.5767174335709656,12344
W,7120,6.542955216198215,0.5767984445884641,12344
W,7121,6.542955216198215,0.5768794556059624,12344
W,7122,6.542955216198215,0.5769604666234608,12344
W,7123,6.542955216198215,0.5770414776409591,12344
W,7124,6.542955216198215,0.5771224886584575,12344
W,7125,6.542955216198215,0.577203499675956,12344
W,7126,6.555408721405994,0.5772845106934543,12344
W,7127,6.555408721405994,0.5773655217109527,12344
W,7128,6.555408721405994,0.577446532728451,12344
W,7129,6.555408721405994,0.5775275437459495,12344
W,7130,6.555408721405994,0.5776085547634479,12344
W,7131,6.555408721405994,0.5776895657809462,12344
W,7132,6.555408721405994,0.5777705767984446,12344
W,7133,6.555408721405994,0.5778515878159429,12344
W,7134,6.555408721405994,0.5779325988334414,12344
W,7135,6.555408721405994,0.5780136098509397,12344
W,7136,6.555408721405994,0.5780946208684381,12344
W,7137,6.555408721405994,0.5781756318859365,12344
W,7138,6.555408721405994,0.5782566429034348,12344
W,7139,6.555408721405994,0.5783376539209333,12344
W,7140,6.555408721405994,0.5784186649384316,12344
W,7141,6.555408721405994,0.57849967595593,12344
W,7142,6.555408721405994,0.5785806869734283,12344
W,7143,6.555408721405994,0.5786616979909268,12344
W,7144,6.555408721405994,0.5787427090084252,12344
W,7145,6.563320753480852,0.5788237200259235,12344
W,7146,6.563320753480852,0.5789047310434219,12344
W,7147,6.563320753480852,0.5789857420609202,12344
W,7148,6.563320753480852,0.5790667530784187,12344
W,7149,6.563320753480852,0.5791477640959171,12344
W,7150,6.563320753480852,0.5792287751134154,12344
W,7151,6.563320753480852,0.5793097861309138,12344
W,7152,6.563320753480852,0.5793907971484121,12344
W,7153,6.563320753480852,0.5794718081659106,12344
W,7154,6.574038961761044,0.579552819183409,12344
W,7155,6.574974300893289,0.5796338302009073,12344
W,7156,6.577676418446586,0.5797148412184057,12344
W,7157,6.577676418446586,0.5797958522359041,12344
W,7158,6.581472616168438,0.5798768632534025,12344
W,7159,6.5843629453329555,0.5799578742709008,12344
W,7160,6.595310509924165,0.5800388852883992,12344
W,7161,6.595310509924165,0.5801198963058976,12344
W,7162,6.595310509924165,0.580200907323396,12344
W,7163,6.604649466216799,0.5802819183408944,12344
W,7164,6.604649466216799,0.5803629293583927,12344
W,7165,6.604649466216799,0.5804439403758911,12344
W,7166,6.604649466216799,0.5805249513933896,12344
W,7167,6.604649466216799,0.5806059624108879,12344
W,7168,6.604649466216799,0.5806869734283863,12344
W,7169,6.612509680930623,0.5807679844458846,12344
W,7170,6.612509680930623,0.580848995463383,12344
W,7171,6.612509680930623,0.5809300064808814,12344
W,7172,6.612509680930623,0.5810110174983798,12344
W,7173,6.612509680930623,0.5810920285158782,12344
W,7174,6.612509680930623,0.5811730395333765,12344
W,7175,6.612509680930623,0.5812540505508749,12344
W,7176,6.612509680930623,0.5813350615683733,12344
W,7177,6.612509680930623,0.5814160725858717,12344
W,7178,6.612509680930623,0.58149708360337,12344
W,7179,6.612509680930623,0.5815780946208684,12344
W,7180,6.612509680930623,0.5816591056383669,12344
W,7181,6.612509680930623,0.5817401166558652,12344
W,7182,6.612509680930623,0.5818211276733636,12344
W,7183,6.612509680930623,0.5819021386908619,12344
W,7184,6.612509680930623,0.5819831497083603,12344
W,7185,6.612509680930623,0.5820641607258588,12344
W,7186,6.612509680930623,0.5821451717433571,12344
W,7187,6.612509680930623,0.5822261827608555,12344
W,7188,6.612509680930623,0.5823071937783538,12344
W,7189,6.612509680930623,0.5823882047958522,12344
W,7190,6.612509680930623,0.5824692158133506,12344
W,7191,6.612509680930623,0.582550226830849,12344
W,7192,6.612509680930623,0.5826312378483474,12344
W,7193,6.612509680930623,0.5827122488658457,12344
W,7194,6.612509680930623,0.5827932598833442,12344
W,7195,6.612509680930623,0.5828742709008425,12344
W,7196,6.612509680930623,0.5829552819183409,12344
W,7197,6.613739153233868,0.5830362929358393,12344
W,7198,6.613739153233868,0.5831173039533376,12344
W,7199,6.6207439201311535,0.5831983149708361,12344
W,7200,6.6207439201311535,0.5832793259883344,12344
W,7201,6.6207439201311535,0.5833603370058328,12344
W,7202,6.6207439201311535,0.5834413480233311,12344
W,7203,6.6207439201311535,0.5835223590408296,12344
W,7204,6.6207439201311535,0.583603370058328,12344
W,7205,6.624824487211126,0.5836843810758263,12344
W,7206,6.624824487211126,0.5837653920933247,12344
W,7207,6.624824487211126,0.583846403110823,12344
W,7208,6.624824487211126,0.5839274141283215,12344
W,7209,6.624824487211126,0.5840084251458199,12344
W,7210,6.624824487211126,0.5840894361633182,12344
W,7211,6.624824487211126,0.5841704471808166,12344
W,7212,6.624824487211126,0.5842514581983149,12344
W,7213,6.624824487211126,0.5843324692158134,12344
W,7214,6.624824487211126,0.5844134802333117,12344
W,7215,6.624824487211126,0.5844944912508101,12344
W,7216,6.624824487211126,0.5845755022683085,12344
W,7217,6.62737790397894,0.5846565132858069,12344
W,7218,6.62737790397894,0.5847375243033053,12344
W,7219,6.62737790397894,0.5848185353208036,12344
W,7220,6.62737790397894,0.584899546338302,12344
W,7221,6.62737790397894,0.5849805573558003,12344
W,7222,6.62737790397894,0.5850615683732988,12344
W,7223,6.62737790397894,0.5851425793907972,12344
W,7224,6.62737790397894,0.5852235904082955,12344
W,7225,6.62737790397894,0.5853046014257939,12344
W,7226,6.644359340906572,0.5853856124432922,12344
W,7227,6.652904099675772,0.5854666234607907,12344
W,7228,6.663480320932733,0.5855476344782891,12344
W,7229,6.663480320932733,0.5856286454957874,12344
W,7230,6.663480320932733,0.5857096565132858,12344
W,7231,6.663480320932733,0.5857906675307842,12344
W,7232,6.663480320932733,0.5858716785482826,12344
W,7233,6.663480320932733,0.585952689565781,12344
W,7234,6.663480320932733,0.5860337005832793,12344
W,7235,6.665403810831268,0.5861147116007777,12344
W,7236,6.675652115859322,0.5861957226182761,12344
W,7237,6.675652115859322,0.5862767336357745,12344
W,7238,6.68032982768173,0.5863577446532728,12344
W,7239,6.68032982768173,0.5864387556707712,12344
W,7240,6.68032982768173,0.5865197666882696,12344
W,7241,6.693287134807807,0.586600777705768,12344
W,7242,6.694775427679293,0.5866817887232664,12344
W,7243,6.694775427679293,0.5867627997407647,12344
W,7244,6.694775427679293,0.5868438107582631,12344
W,7245,6.694775427679293,0.5869248217757616,12344
W,7246,6.694775427679293,0.5870058327932599,12344
W,7247,6.694775427679293,0.5870868438107583,12344
W,7248,6.694775427679293,0.5871678548282566,12344
W,7249,6.694775427679293,0.587248865845755,12344
W,7250,6.694775427679293,0.5873298768632534,12344
W,7251,6.694775427679293,0.5874108878807518,12344
W,7252,6.694775427679293,0.5874918988982502,12344
W,7253,6.694775427679293,0.5875729099157485,12344
W,7254,6.694775427679293,0.587653920933247,12344
W,7255,6.694775427679293,0.5877349319507453,12344
W,7256,6.694775427679293,0.5878159429682437,12344
W,7257,6.694775427679293,0.587896953985742,12344
W,7258,6.694775427679293,0.5879779650032404,12344
W,7259,6.6957000263010995,0.5880589760207389,12344
W,7260,6.6957000263010995,0.5881399870382372,12344
W,7261,6.6957000263010995,0.5882209980557356,12344
W,7262,6.6957000263010995,0.5883020090732339,12344
W,7263,6.6957000263010995,0.5883830200907323,12344
W,7264,6.6957000263010995,0.5884640311082308,12344
W,7265,6.6957000263010995,0.5885450421257291,12344
W,7266,6.6957000263010995,0.5886260531432275,12344
W,7267,6.6957000263010995,0.5887070641607258,12344
W,7268,6.6957000263010995,0.5887880751782243,12344
W,7269,6.6957000263010995,0.5888690861957226,12344
W,7270,6.6957000263010995,0.588950097213221,12344
W,7271,6.6957000263010995,0.5890311082307194,12344
W,7272,6.6957000263010995,0.5891121192482177,12344
W,7273,6.6957000263010995,0.5891931302657162,12344
W,7274,6.6957000263010995,0.5892741412832145,12344
W,7275,6.709643507112392,0.5893551523007129,12344
W,7276,6.709643507112392,0.5894361633182112,12344
W,7277,6.709643507112392,0.5895171743357096,12344
W,7278,6.719279193276543,0.5895981853532081,12344
W,7279,6.719279193276543,0.5896791963707064,12344
W,7280,6.719279193276543,0.5897602073882048,12344
W,7281,6.722083609167503,0.5898412184057031,12344
W,7282,6.722083609167503,0.5899222294232016,12344
W,7283,6.722083609167503,0.5900032404407,12344
W,7284,6.722083609167503,0.5900842514581983,12344
W,7285,6.722083609167503,0.5901652624756967,12344
W,7286,6.72448732207243,0.590246273493195,12344
W,7287,6.728734867332657,0.5903272845106935,12344
W,7288,6.728734867332657,0.5904082955281919,12344
W,7289,6.728734867332657,0.5904893065456902,12344
W,7290,6.729868096390858,0.5905703175631886,12344
W,7291,6.729868096390858,0.5906513285806869,12344
W,7292,6.759186527227992,0.5907323395981854,12344
W,7293,6.759186527227992,0.5908133506156837,12344
W,7294,6.801078990059855,0.5908943616331821,12344
W,7295,6.804509719923399,0.5909753726506805,12344
W,7296,6.804509719923399,0.5910563836681789,12344
W,7297,6.804509719923399,0.5911373946856773,12344
W,7298,6.804509719923399,0.5912184057031756,12344
W,7299,6.804509719923399,0.591299416720674,12344
W,7300,6.804509719923399,0.5913804277381723,12344
W,7301,6.804509719923399,0.5914614387556708,12344
W,7302,6.804509719923399,0.5915424497731692,12344
W,7303,6.804509719923399,0.5916234607906675,12344
W,7304,6.807237240451559,0.5917044718081659,12344
W,7305,6.807237240451559,0.5917854828256643,12344
W,7306,6.8131500462564505,0.5918664938431627,12344
W,7307,6.81494484068571,0.5919475048606611,12344
W,7308,6.81494484068571,0.5920285158781594,12344
W,7309,6.817381398194196,0.5921095268956578,12344
W,7310,6.817381398194196,0.5921905379131562,12344
W,7311,6.827401342860425,0.5922715489306546,12344
W,7312,6.830793580414488,0.592352559948153,12344
W,7313,6.837939605552357,0.5924335709656513,12344
W,7314,6.837939605552357,0.5925145819831497,12344
W,7315,6.837939605552357,0.5925955930006481,12344
W,7316,6.837939605552357,0.5926766040181465,12344
W,7317,6.84292728956,0.5927576150356448,12344
W,7318,6.845597924882089,0.5928386260531432,12344
W,7319,6.845597924882089,0.5929196370706417,12344
W,7320,6.845597924882089,0.59300064808814,12344
W,7321,6.845597924882089,0.5930816591056384,12344
W,7322,6.845597924882089,0.5931626701231367,12344
W,7323,6.845597924882089,0.5932436811406351,12344
W,7324,6.845597924882089,0.5933246921581335,12344
W,7325,6.845597924882089,0.5934057031756319,12344
W,7326,6.845597924882089,0.5934867141931303,12344
W,7327,6.845597924882089,0.5935677252106286,12344
W,7328,6.845597924882089,0.593648736228127,12344
W,7329,6.852747963862322,0.5937297472456254,12344
W,7330,6.852747963862322,0.5938107582631238,12344
W,7331,6.852747963862322,0.5938917692806222,12344
W,7332,6.852747963862322,0.5939727802981205,12344
W,7333,6.852747963862322,0.594053791315619,12344
W,7334,6.862340616859387,0.5941348023331173,12344
W,7335,6.862340616859387,0.5942158133506157,12344
W,7336,6.862340616859387,0.594296824368114,12344
W,7337,6.862340616859387,0.5943778353856124,12344
W,7338,6.862340616859387,0.5944588464031109,12344
W,7339,6.862340616859387,0.5945398574206092,12344
W,7340,6.862340616859387,0.5946208684381076,12344
W,7341,6.862340616859387,0.5947018794556059,12344
W,7342,6.862340616859387,0.5947828904731044,12344
W,7343,6.862340616859387,0.5948639014906028,12344
W,7344,6.862340616859387,0.5949449125081011,12344
W,7345,6.862340616859387,0.5950259235255995,12344
W,7346,6.862340616859387,0.5951069345430978,12344
W,7347,6.862340616859387,0.5951879455605963,12344
W,7348,6.862340616859387,0.5952689565780946,12344
W,7349,6.862340616859387,0.595349967595593,12344
W,7350,6.862340616859387,0.5954309786130914,12344
W,7351,6.862340616859387,0.5955119896305897,12344
W,7352,6.862340616859387,0.5955930006480882,12344
W,7353,6.862340616859387,0.5956740116655865,12344
W,7354,6.862340616859387,0.5957550226830849,12344
W,7355,6.862340616859387,0.5958360337005832,12344
W,7356,6.862340616859387,0.5959170447180817,12344
W,7357,6.865704961538883,0.5959980557355801,12344
W,7358,6.869283191272355,0.5960790667530784,12344
W,7359,6.878251703985353,0.5961600777705768,12344
W,7360,6.878251703985353,0.5962410887880751,12344
W,7361,6.885087096341638,0.5963220998055736,12344
W,7362,6.892600087535854,0.596403110823072,12344
W,7363,6.893400315280266,0.5964841218405703,12344
W,7364,6.894346501784308,0.5965651328580687,12344
W,7365,6.896299212758787,0.596646143875567,12344
W,7366,6.896299212758787,0.5967271548930655,12344
W,7367,6.896299212758787,0.5968081659105638,12344
W,7368,6.896299212758787,0.5968891769280622,12344
W,7369,6.896299212758787,0.5969701879455606,12344
W,7370,6.896299212758787,0.597051198963059,12344
W,7371,6.904081768513147,0.5971322099805574,12344
W,7372,6.936300608152222,0.5972132209980557,12344
W,7373,6.936300608152222,0.5972942320155541,12344
W,7374,6.936300608152222,0.5973752430330524,12344
W,7375,6.936300608152222,0.5974562540505509,12344
W,7376,6.936300608152222,0.5975372650680493,12344
W,7377,6.936300608152222,0.5976182760855476,12344
W,7378,6.936300608152222,0.597699287103046,12344
W,7379,6.936300608152222,0.5977802981205443,12344
W,7380,6.936300608152222,0.5978613091380428,12344
W,7381,6.936300608152222,0.5979423201555412,12344
W,7382,6.936300608152222,0.5980233311730395,12344
W,7383,6.937924359583725,0.5981043421905379,12344
W,7384,6.943367309085557,0.5981853532080363,12344
W,7385,6.944987681620072,0.5982663642255347,12344
W,7386,6.944987681620072,0.598347375243033,12344
W,7387,6.944987681620072,0.5984283862605314,12344
W,7388,6.944987681620072,0.5985093972780298,12344
W,7389,6.944987681620072,0.5985904082955282,12344
W,7390,6.944987681620072,0.5986714193130266,12344
W,7391,6.944987681620072,0.5987524303305249,12344
W,7392,6.944987681620072,0.5988334413480233,12344
W,7393,6.944987681620072,0.5989144523655218,12344
W,7394,6.944987681620072,0.5989954633830201,12344
W,7395,6.944987681620072,0.5990764744005185,12344
W,7396,6.944987681620072,0.5991574854180168,12344
W,7397,6.944987681620072,0.5992384964355152,12344
W,7398,6.944987681620072,0.5993195074530137,12344
W,7399,6.969359494930895,0.599400518470512,12344
W,7400,6.969359494930895,0.5994815294880104,12344
W,7401,6.969359494930895,0.5995625405055087,12344
W,7402,6.969359494930895,0.5996435515230071,12344
W,7403,6.969359494930895,0.5997245625405055,12344
W,7404,6.969359494930895,0.5998055735580039,12344
W,7405,6.969359494930895,0.5998865845755023,12344
W,7406,6.969359494930895,0.5999675955930006,12344
W,7407,6.969359494930895,0.6000486066104991,12344
W,7408,6.969359494930895,0.6001296176279974,12344
W,7409,6.969359494930895,0.6002106286454958,12344
W,7410,6.969359494930895,0.6002916396629941,12344
W,7411,6.969359494930895,0.6003726506804925,12344
W,7412,6.969359494930895,0.600453661697991,12344
W,7413,6.969359494930895,0.6005346727154893,12344
W,7414,6.970688385273001,0.6006156837329877,12344
W,7415,6.9866387530919765,0.600696694750486,12344
W,7416,6.9866387530919765,0.6007777057679844,12344
W,7417,6.9866387530919765,0.6008587167854829,12344
W,7418,6.989806978947595,0.6009397278029812,12344
W,7419,7.001629717253303,0.6010207388204796,12344
W,7420,7.001629717253303,0.6011017498379779,12344
W,7421,7.002108968708551,0.6011827608554764,12344
W,7422,7.002108968708551,0.6012637718729748,12344
W,7423,7.002108968708551,0.6013447828904731,12344
W,7424,7.002108968708551,0.6014257939079715,12344
W,7425,7.002108968708551,0.6015068049254698,12344
W,7426,7.002108968708551,0.6015878159429683,12344
W,7427,7.002108968708551,0.6016688269604666,12344
W,7428,7.008043529091971,0.601749837977965,12344
W,7429,7.008043529091971,0.6018308489954634,12344
W,7430,7.008043529091971,0.6019118600129617,12344
W,7431,7.008043529091971,0.6019928710304602,12344
W,7432,7.008043529091971,0.6020738820479585,12344
W,7433,7.008043529091971,0.6021548930654569,12344
W,7434,7.008043529091971,0.6022359040829552,12344
W,7435,7.008043529091971,0.6023169151004537,12344
W,7436,7.008043529091971,0.6023979261179521,12344
W,7437,7.008043529091971,0.6024789371354504,12344
W,7438,7.008043529091971,0.6025599481529488,12344
W,7439,7.018288507564341,0.6026409591704471,12344
W,7440,7.018288507564341,0.6027219701879456,12344
W,7441,7.018288507564341,0.602802981205444,12344
W,7442,7.018288507564341,0.6028839922229423,12344
W,7443,7.018288507564341,0.6029650032404407,12344
W,7444,7.018288507564341,0.6030460142579391,12344
W,7445,7.018288507564341,0.6031270252754375,12344
W,7446,7.018288507564341,0.6032080362929358,12344
W,7447,7.018288507564341,0.6032890473104342,12344
W,7448,7.022164236304745,0.6033700583279326,12344
W,7449,7.022164236304745,0.603451069345431,12344
W,7450,7.022164236304745,0.6035320803629294,12344
W,7451,7.022164236304745,0.6036130913804277,12344
W,7452,7.022164236304745,0.6036941023979261,12344
W,7453,7.028262096775513,0.6037751134154244,12344
W,7454,7.028262096775513,0.6038561244329229,12344
W,7455,7.028262096775513,0.6039371354504213,12344
W,7456,7.046982123814576,0.6040181464679196,12344
W,7457,7.046982123814576,0.604099157485418,12344
W,7458,7.046982123814576,0.6041801685029164,12344
W,7459,7.046982123814576,0.6042611795204148,12344
W,7460,7.046982123814576,0.6043421905379132,12344
W,7461,7.050931875171921,0.6044232015554115,12344
W,7462,7.050931875171921,0.6045042125729099,12344
W,7463,7.060146505930808,0.6045852235904083,12344
W,7464,7.060146505930808,0.6046662346079067,12344
W,7465,7.078803017642007,0.604747245625405,12344
W,7466,7.100359409760309,0.6048282566429034,12344
W,7467,7.100359409760309,0.6049092676604018,12344
W,7468,7.100359409760309,0.6049902786779002,12344
W,7469,7.100359409760309,0.6050712896953986,12344
W,7470,7.100359409760309,0.6051523007128969,12344
W,7471,7.100359409760309,0.6052333117303953,12344
W,7472,7.100359409760309,0.6053143227478938,12344
W,7473,7.100359409760309,0.6053953337653921,12344
W,7474,7.100359409760309,0.6054763447828905,12344
W,7475,7.100359409760309,0.6055573558003888,12344
W,7476,7.100359409760309,0.6056383668178872,12344
W,7477,7.103020643605578,0.6057193778353857,12344
W,7478,7.103020643605578,0.605800388852884,12344
W,7479,7.1137172810953615,0.6058813998703824,12344
W,7480,7.135291618805527,0.6059624108878807,12344
W,7481,7.138122724323577,0.6060434219053791,12344
W,7482,7.138122724323577,0.6061244329228775,12344
W,7483,7.146515859429992,0.6062054439403759,12344
W,7484,7.159104102391341,0.6062864549578743,12344
W,7485,7.159104102391341,0.6063674659753726,12344
W,7486,7.17632808663188,0.6064484769928711,12344
W,7487,7.17632808663188,0.6065294880103694,12344
W,7488,7.17632808663188,0.6066104990278678,12344
W,7489,7.17632808663188,0.6066915100453661,12344
W,7490,7.17632808663188,0.6067725210628645,12344
W,7491,7.17632808663188,0.606853532080363,12344
W,7492,7.17632808663188,0.6069345430978613,12344
W,7493,7.17632808663188,0.6070155541153597,12344
W,7494,7.17632808663188,0.607096565132858,12344
W,7495,7.17632808663188,0.6071775761503565,12344
W,7496,7.17632808663188,0.6072585871678549,12344
W,7497,7.17632808663188,0.6073395981853532,12344
W,7498,7.17632808663188,0.6074206092028516,12344
W,7499,7.17632808663188,0.6075016202203499,12344
W,7500,7.17632808663188,0.6075826312378484,12344
W,7501,7.18319718585234,0.6076636422553467,12344
W,7502,7.185804794960356,0.6077446532728451,12344
W,7503,7.185804794960356,0.6078256642903435,12344
W,7504,7.185804794960356,0.6079066753078418,12344
W,7505,7.185804794960356,0.6079876863253403,12344
W,7506,7.185804794960356,0.6080686973428386,12344
W,7507,7.185804794960356,0.608149708360337,12344
W,7508,7.185804794960356,0.6082307193778353,12344
W,7509,7.185804794960356,0.6083117303953338,12344
W,7510,7.185804794960356,0.6083927414128322,12344
W,7511,7.202518682032236,0.6084737524303305,12344
W,7512,7.202518682032236,0.6085547634478289,12344
W,7513,7.202518682032236,0.6086357744653272,12344
W,7514,7.202518682032236,0.6087167854828257,12344
W,7515,7.202518682032236,0.6087977965003241,12344
W,7516,7.202518682032236,0.6088788075178224,12344
W,7517,7.205763958003373,0.6089598185353208,12344
W,7518,7.217071042788799,0.6090408295528191,12344
W,7519,7.217071042788799,0.6091218405703176,12344
W,7520,7.217071042788799,0.609202851587816,12344
W,7521,7.234256789451723,0.6092838626053143,12344
W,7522,7.2381488765323105,0.6093648736228127,12344
W,7523,7.2381488765323105,0.6094458846403111,12344
W,7524,7.2381488765323105,0.6095268956578095,12344
W,7525,7.241398716330525,0.6096079066753078,12344
W,7526,7.241398716330525,0.6096889176928062,12344
W,7527,7.241398716330525,0.6097699287103046,12344
W,7528,7.241398716330525,0.609850939727803,12344
W,7529,7.241398716330525,0.6099319507453014,12344
W,7530,7.243691830480557,0.6100129617627997,12344
W,7531,7.255309214544535,0.6100939727802981,12344
W,7532,7.255309214544535,0.6101749837977966,12344
W,7533,7.255309214544535,0.6102559948152949,12344
W,7534,7.255309214544535,0.6103370058327933,12344
W,7535,7.256723945934374,0.6104180168502916,12344
W,7536,7.264263865615998,0.61049902786779,12344
W,7537,7.265099635605124,0.6105800388852884,12344
W,7538,7.265099635605124,0.6106610499027868,12344
W,7539,7.265099635605124,0.6107420609202852,12344
W,7540,7.265099635605124,0.6108230719377835,12344
W,7541,7.265099635605124,0.6109040829552819,12344
W,7542,7.2747704501162875,0.6109850939727803,12344
W,7543,7.304015388954101,0.6110661049902787,12344
W,7544,7.304015388954101,0.611147116007777,12344
W,7545,7.313716854167829,0.6112281270252754,12344
W,7546,7.313716854167829,0.6113091380427739,12344
W,7547,7.313716854167829,0.6113901490602722,12344
W,7548,7.313716854167829,0.6114711600777706,12344
W,7549,7.313716854167829,0.6115521710952689,12344
W,7550,7.313716854167829,0.6116331821127673,12344
W,7551,7.319409355071945,0.6117141931302658,12344
W,7552,7.319409355071945,0.6117952041477641,12344
W,7553,7.328371104182028,0.6118762151652625,12344
W,7554,7.328371104182028,0.6119572261827608,12344
W,7555,7.328371104182028,0.6120382372002592,12344
W,7556,7.328371104182028,0.6121192482177576,12344
W,7557,7.3299495449310585,0.612200259235256,12344
W,7558,7.345715528141654,0.6122812702527544,12344
W,7559,7.345715528141654,0.6123622812702527,12344
W,7560,7.345715528141654,0.6124432922877512,12344
W,7561,7.345715528141654,0.6125243033052495,12344
W,7562,7.356260600409081,0.6126053143227479,12344
W,7563,7.356260600409081,0.6126863253402463,12344
W,7564,7.356260600409081,0.6127673363577446,12344
W,7565,7.356260600409081,0.6128483473752431,12344
W,7566,7.356260600409081,0.6129293583927414,12344
W,7567,7.356260600409081,0.6130103694102398,12344
W,7568,7.356260600409081,0.6130913804277381,12344
W,7569,7.356260600409081,0.6131723914452365,12344
W,7570,7.356260600409081,0.613253402462735,12344
W,7571,7.357847525125265,0.6133344134802333,12344
W,7572,7.362693390344463,0.6134154244977317,12344
W,7573,7.362693390344463,0.61349643551523,12344
W,7574,7.362693390344463,0.6135774465327285,12344
W,7575,7.366320284909207,0.6136584575502269,12344
W,7576,7.366320284909207,0.6137394685677252,12344
W,7577,7.366320284909207,0.6138204795852236,12344
W,7578,7.366320284909207,0.6139014906027219,12344
W,7579,7.366320284909207,0.6139825016202204,12344
W,7580,7.3833587929741,0.6140635126377187,12344
W,7581,7.3833587929741,0.6141445236552171,12344
W,7582,7.3833587929741,0.6142255346727155,12344
W,7583,7.3833587929741,0.6143065456902139,12344
W,7584,7.3833587929741,0.6143875567077123,12344
W,7585,7.3833587929741,0.6144685677252106,12344
W,7586,7.3833587929741,0.614549578742709,12344
W,7587,7.3833587929741,0.6146305897602073,12344
W,7588,7.3833587929741,0.6147116007777058,12344
W,7589,7.384264744025677,0.6147926117952042,12344
W,7590,7.400430584790744,0.6148736228127025,12344
W,7591,7.404532930076793,0.6149546338302009,12344
W,7592,7.404532930076793,0.6150356448476992,12344
W,7593,7.404532930076793,0.6151166558651977,12344
W,7594,7.404532930076793,0.6151976668826961,12344
W,7595,7.404532930076793,0.6152786779001944,12344
W,7596,7.404532930076793,0.6153596889176928,12344
W,7597,7.404532930076793,0.6154406999351912,12344
W,7598,7.404532930076793,0.6155217109526896,12344
W,7599,7.404532930076793,0.615602721970188,12344
W,7600,7.404532930076793,0.6156837329876863,12344
W,7601,7.404532930076793,0.6157647440051847,12344
W,7602,7.404532930076793,0.6158457550226831,12344
W,7603,7.404532930076793,0.6159267660401815,12344
W,7604,7.404532930076793,0.6160077770576798,12344
W,7605,7.404532930076793,0.6160887880751782,12344
W,7606,7.404532930076793,0.6161697990926766,12344
W,7607,7.404532930076793,0.616250810110175,12344
W,7608,7.404532930076793,0.6163318211276734,12344
W,7609,7.404532930076793,0.6164128321451717,12344
W,7610,7.404532930076793,0.6164938431626701,12344
W,7611,7.404532930076793,0.6165748541801686,12344
W,7612,7.41639727760534,0.6166558651976669,12344
W,7613,7.41639727760534,0.6167368762151653,12344
W,7614,7.41639727760534,0.6168178872326636,12344
W,7615,7.41639727760534,0.616898898250162,12344
W,7616,7.41639727760534,0.6169799092676604,12344
W,7617,7.41639727760534,0.6170609202851588,12344
W,7618,7.41639727760534,0.6171419313026572,12344
W,7619,7.41639727760534,0.6172229423201555,12344
W,7620,7.41639727760534,0.6173039533376539,12344
W,7621,7.41639727760534,0.6173849643551523,12344
W,7622,7.41639727760534,0.6174659753726507,12344
W,7623,7.41639727760534,0.617546986390149,12344
W,7624,7.41639727760534,0.6176279974076474,12344
W,7625,7.41639727760534,0.6177090084251459,12344
W,7626,7.429379859435634,0.6177900194426442,12344
W,7627,7.430185412275671,0.6178710304601426,12344
W,7628,7.432233955980404,0.6179520414776409,12344
W,7629,7.436979065527087,0.6180330524951393,12344
W,7630,7.436979065527087,0.6181140635126378,12344
W,7631,7.436979065527087,0.6181950745301361,12344
W,7632,7.436979065527087,0.6182760855476345,12344
W,7633,7.436979065527087,0.6183570965651328,12344
W,7634,7.436979065527087,0.6184381075826313,12344
W,7635,7.436979065527087,0.6185191186001296,12344
W,7636,7.436979065527087,0.618600129617628,12344
W,7637,7.436979065527087,0.6186811406351264,12344
W,7638,7.436979065527087,0.6187621516526247,12344
W,7639,7.442817112764577,0.6188431626701232,12344
W,7640,7.442817112764577,0.6189241736876215,12344
W,7641,7.442817112764577,0.6190051847051199,12344
W,7642,7.442817112764577,0.6190861957226182,12344
W,7643,7.442817112764577,0.6191672067401166,12344
W,7644,7.442817112764577,0.6192482177576151,12344
W,7645,7.442817112764577,0.6193292287751134,12344
W,7646,7.442817112764577,0.6194102397926118,12344
W,7647,7.442817112764577,0.6194912508101101,12344
W,7648,7.442817112764577,0.6195722618276086,12344
W,7649,7.447496329745348,0.619653272845107,12344
W,7650,7.447496329745348,0.6197342838626053,12344
W,7651,7.447716268354029,0.6198152948801037,12344
W,7652,7.447716268354029,0.619896305897602,12344
W,7653,7.447716268354029,0.6199773169151005,12344
W,7654,7.449634105283221,0.6200583279325989,12344
W,7655,7.474835806119852,0.6201393389500972,12344
W,7656,7.498216674941222,0.6202203499675956,12344
W,7657,7.498216674941222,0.6203013609850939,12344
W,7658,7.498216674941222,0.6203823720025924,12344
W,7659,7.498216674941222,0.6204633830200907,12344
W,7660,7.498216674941222,0.6205443940375891,12344
W,7661,7.498216674941222,0.6206254050550875,12344
W,7662,7.498216674941222,0.6207064160725859,12344
W,7663,7.498216674941222,0.6207874270900843,12344
W,7664,7.498216674941222,0.6208684381075826,12344
W,7665,7.498216674941222,0.620949449125081,12344
W,7666,7.498216674941222,0.6210304601425793,12344
W,7667,7.498216674941222,0.6211114711600778,12344
W,7668,7.498216674941222,0.6211924821775762,12344
W,7669,7.498216674941222,0.6212734931950745,12344
W,7670,7.498216674941222,0.6213545042125729,12344
W,7671,7.498216674941222,0.6214355152300713,12344
W,7672,7.498216674941222,0.6215165262475697,12344
W,7673,7.498216674941222,0.6215975372650681,12344
W,7674,7.498216674941222,0.6216785482825664,12344
W,7675,7.500753365743382,0.6217595593000648,12344
W,7676,7.5008377112764935,0.6218405703175632,12344
W,7677,7.505164644043379,0.6219215813350616,12344
W,7678,7.505164644043379,0.62200259235256,12344
W,7679,7.505164644043379,0.6220836033700583,12344
W,7680,7.505164644043379,0.6221646143875567,12344
W,7681,7.505164644043379,0.6222456254050551,12344
W,7682,7.507888107353376,0.6223266364225535,12344
W,7683,7.5228165368116295,0.6224076474400518,12344
W,7684,7.5228165368116295,0.6224886584575502,12344
W,7685,7.525259517313648,0.6225696694750487,12344
W,7686,7.525500932327616,0.622650680492547,12344
W,7687,7.533834314707093,0.6227316915100454,12344
W,7688,7.541722559478358,0.6228127025275437,12344
W,7689,7.541722559478358,0.6228937135450421,12344
W,7690,7.541722559478358,0.6229747245625405,12344
W,7691,7.541722559478358,0.6230557355800389,12344
W,7692,7.541722559478358,0.6231367465975373,12344
W,7693,7.541722559478358,0.6232177576150356,12344
W,7694,7.541722559478358,0.623298768632534,12344
W,7695,7.541722559478358,0.6233797796500324,12344
W,7696,7.541722559478358,0.6234607906675308,12344
W,7697,7.541722559478358,0.6235418016850292,12344
W,7698,7.541722559478358,0.6236228127025275,12344
W,7699,7.541722559478358,0.623703823720026,12344
W,7700,7.541722559478358,0.6237848347375243,12344
W,7701,7.541722559478358,0.6238658457550227,12344
W,7702,7.545411971205211,0.623946856772521,12344
W,7703,7.553225331718441,0.6240278677900194,12344
W,7704,7.553225331718441,0.6241088788075179,12344
W,7705,7.553225331718441,0.6241898898250162,12344
W,7706,7.553225331718441,0.6242709008425146,12344
W,7707,7.553225331718441,0.6243519118600129,12344
W,7708,7.553225331718441,0.6244329228775113,12344
W,7709,7.553225331718441,0.6245139338950098,12344
W,7710,7.553225331718441,0.6245949449125081,12344
W,7711,7.553225331718441,0.6246759559300065,12344
W,7712,7.553225331718441,0.6247569669475048,12344
W,7713,7.553225331718441,0.6248379779650033,12344
W,7714,7.553225331718441,0.6249189889825016,12344
W,7715,7.553225331718441,0.625,12344
W,7716,7.553225331718441,0.6250810110174984,12344
W,7717,7.553225331718441,0.6251620220349967,12344
W,7718,7.553225331718441,0.6252430330524952,12344
W,7719,7.553225331718441,0.6253240440699935,12344
W,7720,7.553225331718441,0.6254050550874919,12344
W,7721,7.553225331718441,0.6254860661049902,12344
W,7722,7.553225331718441,0.6255670771224887,12344
W,7723,7.553225331718441,0.6256480881399871,12344
W,7724,7.553225331718441,0.6257290991574854,12344
W,7725,7.553225331718441,0.6258101101749838,12344
W,7726,7.553225331718441,0.6258911211924821,12344
W,7727,7.557100612846559,0.6259721322099806,12344
W,7728,7.558365130435654,0.626053143227479,12344
W,7729,7.562665530052411,0.6261341542449773,12344
W,7730,7.562665530052411,0.6262151652624757,12344
W,7731,7.562665530052411,0.626296176279974,12344
W,7732,7.562665530052411,0.6263771872974725,12344
W,7733,7.562665530052411,0.6264581983149708,12344
W,7734,7.562665530052411,0.6265392093324692,12344
W,7735,7.562665530052411,0.6266202203499676,12344
W,7736,7.562665530052411,0.626701231367466,12344
W,7737,7.562665530052411,0.6267822423849644,12344
W,7738,7.562665530052411,0.6268632534024627,12344
W,7739,7.562665530052411,0.6269442644199611,12344
W,7740,7.562665530052411,0.6270252754374595,12344
W,7741,7.57040643384493,0.6271062864549579,12344
W,7742,7.57040643384493,0.6271872974724563,12344
W,7743,7.588667674507976,0.6272683084899546,12344
W,7744,7.603826714829932,0.627349319507453,12344
W,7745,7.612599386450355,0.6274303305249513,12344
W,7746,7.612599386450355,0.6275113415424498,12344
W,7747,7.612599386450355,0.6275923525599482,12344
W,7748,7.612599386450355,0.6276733635774465,12344
W,7749,7.612599386450355,0.6277543745949449,12344
W,7750,7.658856740625049,0.6278353856124433,12344
W,7751,7.6722734054361075,0.6279163966299417,12344
W,7752,7.6722734054361075,0.62799740764744,12344
W,7753,7.6722734054361075,0.6280784186649384,12344
W,7754,7.6722734054361075,0.6281594296824368,12344
W,7755,7.6722734054361075,0.6282404406999352,12344
W,7756,7.6722734054361075,0.6283214517174336,12344
W,7757,7.6722734054361075,0.6284024627349319,12344
W,7758,7.6722734054361075,0.6284834737524303,12344
W,7759,7.6722734054361075,0.6285644847699287,12344
W,7760,7.6722734054361075,0.6286454957874271,12344
W,7761,7.6722734054361075,0.6287265068049255,12344
W,7762,7.6722734054361075,0.6288075178224238,12344
W,7763,7.6722734054361075,0.6288885288399222,12344
W,7764,7.6722734054361075,0.6289695398574207,12344
W,7765,7.6722734054361075,0.629050550874919,12344
W,7766,7.6722734054361075,0.6291315618924174,12344
W,7767,7.6722734054361075,0.6292125729099157,12344
W,7768,7.6722734054361075,0.6292935839274141,12344
W,7769,7.6722734054361075,0.6293745949449125,12344
W,7770,7.6722734054361075,0.6294556059624109,12344
W,7771,7.6722734054361075,0.6295366169799093,12344
W,7772,7.681555835038845,0.6296176279974076,12344
W,7773,7.691463480099002,0.6296986390149061,12344
W,7774,7.691463480099002,0.6297796500324044,12344
W,7775,7.720522025204564,0.6298606610499028,12344
W,7776,7.72476796321772,0.6299416720674011,12344
W,7777,7.72476796321772,0.6300226830848995,12344
W,7778,7.72476796321772,0.630103694102398,12344
W,7779,7.72476796321772,0.6301847051198963,12344
W,7780,7.72476796321772,0.6302657161373947,12344
W,7781,7.72476796321772,0.630346727154893,12344
W,7782,7.728491959166749,0.6304277381723914,12344
W,7783,7.728491959166749,0.6305087491898899,12344
W,7784,7.735718539684631,0.6305897602073882,12344
W,7785,7.7505419622710265,0.6306707712248866,12344
W,7786,7.761155552894099,0.6307517822423849,12344
W,7787,7.765990926329866,0.6308327932598834,12344
W,7788,7.765990926329866,0.6309138042773818,12344
W,7789,7.765990926329866,0.6309948152948801,12344
W,7790,7.765990926329866,0.6310758263123785,12344
W,7791,7.771679106344172,0.6311568373298768,12344
W,7792,7.771679106344172,0.6312378483473753,12344
W,7793,7.771679106344172,0.6313188593648736,12344
W,7794,7.7752261505811004,0.631399870382372,12344
W,7795,7.7862122985492555,0.6314808813998704,12344
W,7796,7.796194132836284,0.6315618924173687,12344
W,7797,7.796194132836284,0.6316429034348672,12344
W,7798,7.80091946226384,0.6317239144523655,12344
W,7799,7.80091946226384,0.6318049254698639,12344
W,7800,7.80091946226384,0.6318859364873622,12344
W,7801,7.80091946226384,0.6319669475048607,12344
W,7802,7.80091946226384,0.6320479585223591,12344
W,7803,7.80091946226384,0.6321289695398574,12344
W,7804,7.80091946226384,0.6322099805573558,12344
W,7805,7.80091946226384,0.6322909915748541,12344
W,7806,7.826578355415258,0.6323720025923526,12344
W,7807,7.918945202206752,0.632453013609851,12344
W,7808,7.925132790302502,0.6325340246273493,12344
W,7809,7.925132790302502,0.6326150356448477,12344
W,7810,7.938747954484846,0.6326960466623461,12344
W,7811,7.9541367426000935,0.6327770576798445,12344
W,7812,7.968923400113563,0.6328580686973428,12344
W,7813,7.994985530871395,0.6329390797148412,12344
W,7814,7.996606635922636,0.6330200907323396,12344
W,7815,8.052506457410711,0.633101101749838,12344
W,7816,8.054095122460435,0.6331821127673364,12344
W,7817,8.054095122460435,0.6332631237848347,12344
W,7818,8.054095122460435,0.6333441348023331,12344
W,7819,8.057973883804452,0.6334251458198314,12344
W,7820,8.084631420714125,0.6335061568373299,12344
W,7821,8.087885722815756,0.6335871678548283,12344
W,7822,8.087885722815756,0.6336681788723266,12344
W,7823,8.105035770189719,0.633749189889825,12344
W,7824,8.105035770189719,0.6338302009073234,12344
W,7825,8.125034926411953,0.6339112119248218,12344
W,7826,8.125034926411953,0.6339922229423202,12344
W,7827,8.125034926411953,0.6340732339598185,12344
W,7828,8.125034926411953,0.6341542449773169,12344
W,7829,8.125034926411953,0.6342352559948153,12344
W,7830,8.125034926411953,0.6343162670123137,12344
W,7831,8.125034926411953,0.634397278029812,12344
W,7832,8.147178692873576,0.6344782890473104,12344
W,7833,8.155602493528951,0.6345593000648088,12344
W,7834,8.155602493528951,0.6346403110823072,12344
W,7835,8.155602493528951,0.6347213220998056,12344
W,7836,8.155602493528951,0.6348023331173039,12344
W,7837,8.212838370968038,0.6348833441348023,12344
W,7838,8.227368824736685,0.6349643551523008,12344
W,7839,8.243919626704225,0.6350453661697991,12344
W,7840,8.254149514565961,0.6351263771872975,12344
W,7841,8.254357207537373,0.6352073882047958,12344
W,7842,8.254357207537373,0.6352883992222942,12344
W,7843,8.254357207537373,0.6353694102397927,12344
W,7844,8.254357207537373,0.635450421257291,12344
W,7845,8.254357207537373,0.6355314322747894,12344
W,7846,8.254357207537373,0.6356124432922877,12344
W,7847,8.254357207537373,0.6356934543097861,12344
W,7848,8.254357207537373,0.6357744653272845,12344
W,7849,8.27390892881503,0.6358554763447829,12344
W,7850,8.318197384181682,0.6359364873622813,12344
W,7851,8.318197384181682,0.6360174983797796,12344
W,7852,8.318197384181682,0.6360985093972781,12344
W,7853,8.318197384181682,0.6361795204147764,12344
W,7854,8.318197384181682,0.6362605314322748,12344
W,7855,8.318197384181682,0.6363415424497731,12344
W,7856,8.318197384181682,0.6364225534672715,12344
W,7857,8.318197384181682,0.63650356448477,12344
W,7858,8.351062968011462,0.6365845755022683,12344
W,7859,8.351062968011462,0.6366655865197667,12344
W,7860,8.351062968011462,0.636746597537265,12344
W,7861,8.351062968011462,0.6368276085547635,12344
W,7862,8.351062968011462,0.6369086195722619,12344
W,7863,8.351062968011462,0.6369896305897602,12344
W,7864,8.351062968011462,0.6370706416072586,12344
W,7865,8.351062968011462,0.6371516526247569,12344
W,7866,8.351062968011462,0.6372326636422554,12344
W,7867,8.351062968011462,0.6373136746597537,12344
W,7868,8.386686515463875,0.6373946856772521,12344
W,7869,8.386686515463875,0.6374756966947505,12344
W,7870,8.386686515463875,0.6375567077122488,12344
W,7871,8.396734565819187,0.6376377187297473,12344
W,7872,8.396734565819187,0.6377187297472456,12344
W,7873,8.396734565819187,0.637799740764744,12344
W,7874,8.396734565819187,0.6378807517822424,12344
W,7875,8.396734565819187,0.6379617627997408,12344
W,7876,8.396734565819187,0.6380427738172392,12344
W,7877,8.396734565819187,0.6381237848347375,12344
W,7878,8.396734565819187,0.6382047958522359,12344
W,7879,8.396734565819187,0.6382858068697342,12344
W,7880,8.396734565819187,0.6383668178872327,12344
W,7881,8.396734565819187,0.6384478289047311,12344
W,7882,8.396734565819187,0.6385288399222294,12344
W,7883,8.396734565819187,0.6386098509397278,12344
W,7884,8.41498619790774,0.6386908619572261,12344
W,7885,8.41498619790774,0.6387718729747246,12344
W,7886,8.41498619790774,0.638852883992223,12344
W,7887,8.41498619790774,0.6389338950097213,12344
W,7888,8.41498619790774,0.6390149060272197,12344
W,7889,8.41498619790774,0.6390959170447181,12344
W,7890,8.41498619790774,0.6391769280622165,12344
W,7891,8.41498619790774,0.6392579390797148,12344
W,7892,8.41498619790774,0.6393389500972132,12344
W,7893,8.41498619790774,0.6394199611147116,12344
W,7894,8.41498619790774,0.63950097213221,12344
W,7895,8.43789742702192,0.6395819831497084,12344
W,7896,8.43789742702192,0.6396629941672067,12344
W,7897,8.43789742702192,0.6397440051847051,12344
W,7898,8.43789742702192,0.6398250162022034,12344
W,7899,8.439393744355772,0.6399060272197019,12344
W,7900,8.439393744355772,0.6399870382372003,12344
W,7901,8.439393744355772,0.6400680492546986,12344
W,7902,8.439393744355772,0.640149060272197,12344
W,7903,8.439393744355772,0.6402300712896954,12344
W,7904,8.442390868892728,0.6403110823071938,12344
W,7905,8.442390868892728,0.6403920933246922,12344
W,7906,8.442390868892728,0.6404731043421905,12344
W,7907,8.455055905751584,0.6405541153596889,12344
W,7908,8.457097314660386,0.6406351263771873,12344
W,7909,8.483273852795065,0.6407161373946857,12344
W,7910,8.483273852795065,0.640797148412184,12344
W,7911,8.483273852795065,0.6408781594296824,12344
W,7912,8.483273852795065,0.6409591704471809,12344
W,7913,8.483273852795065,0.6410401814646792,12344
W,7914,8.518846574970702,0.6411211924821776,12344
W,7915,8.518846574970702,0.6412022034996759,12344
W,7916,8.518846574970702,0.6412832145171743,12344
W,7917,8.518846574970702,0.6413642255346728,12344
W,7918,8.518846574970702,0.6414452365521711,12344
W,7919,8.518846574970702,0.6415262475696695,12344
W,7920,8.518846574970702,0.6416072585871678,12344
W,7921,8.518846574970702,0.6416882696046662,12344
W,7922,8.518846574970702,0.6417692806221647,12344
W,7923,8.520316814009048,0.641850291639663,12344
W,7924,8.520316814009048,0.6419313026571614,12344
W,7925,8.520316814009048,0.6420123136746597,12344
W,7926,8.520316814009048,0.6420933246921582,12344
W,7927,8.520316814009048,0.6421743357096565,12344
W,7928,8.520316814009048,0.6422553467271549,12344
W,7929,8.520316814009048,0.6423363577446533,12344
W,7930,8.520316814009048,0.6424173687621516,12344
W,7931,8.520316814009048,0.6424983797796501,12344
W,7932,8.520316814009048,0.6425793907971484,12344
W,7933,8.520316814009048,0.6426604018146468,12344
W,7934,8.520316814009048,0.6427414128321451,12344
W,7935,8.520316814009048,0.6428224238496435,12344
W,7936,8.520316814009048,0.642903434867142,12344
W,7937,8.520316814009048,0.6429844458846403,12344
W,7938,8.520316814009048,0.6430654569021387,12344
W,7939,8.520316814009048,0.643146467919637,12344
W,7940,8.520316814009048,0.6432274789371355,12344
W,7941,8.520316814009048,0.6433084899546339,12344
W,7942,8.520316814009048,0.6433895009721322,12344
W,7943,8.520316814009048,0.6434705119896306,12344
W,7944,8.520316814009048,0.6435515230071289,12344
W,7945,8.520316814009048,0.6436325340246274,12344
W,7946,8.520316814009048,0.6437135450421257,12344
W,7947,8.520316814009048,0.6437945560596241,12344
W,7948,8.520316814009048,0.6438755670771225,12344
W,7949,8.520316814009048,0.6439565780946209,12344
W,7950,8.523471531373575,0.6440375891121193,12344
W,7951,8.523471531373575,0.6441186001296176,12344
W,7952,8.523471531373575,0.644199611147116,12344
W,7953,8.523471531373575,0.6442806221646143,12344
W,7954,8.523471531373575,0.6443616331821128,12344
W,7955,8.523471531373575,0.6444426441996112,12344
W,7956,8.523471531373575,0.6445236552171095,12344
W,7957,8.523471531373575,0.6446046662346079,12344
W,7958,8.523471531373575,0.6446856772521062,12344
W,7959,8.523471531373575,0.6447666882696047,12344
W,7960,8.523471531373575,0.6448476992871031,12344
W,7961,8.523471531373575,0.6449287103046014,12344
W,7962,8.523471531373575,0.6450097213220998,12344
W,7963,8.523471531373575,0.6450907323395982,12344
W,7964,8.523471531373575,0.6451717433570966,12344
W,7965,8.523471531373575,0.645252754374595,12344
W,7966,8.523471531373575,0.6453337653920933,12344
W,7967,8.523471531373575,0.6454147764095917,12344
W,7968,8.523471531373575,0.6454957874270901,12344
W,7969,8.523471531373575,0.6455767984445885,12344
W,7970,8.523471531373575,0.6456578094620868,12344
W,7971,8.523876510602102,0.6457388204795852,12344
W,7972,8.523876510602102,0.6458198314970836,12344
W,7973,8.523876510602102,0.645900842514582,12344
W,7974,8.523876510602102,0.6459818535320804,12344
W,7975,8.523876510602102,0.6460628645495787,12344
W,7976,8.523876510602102,0.6461438755670771,12344
W,7977,8.523876510602102,0.6462248865845756,12344
W,7978,8.523876510602102,0.6463058976020739,12344
W,7979,8.523876510602102,0.6463869086195723,12344
W,7980,8.523876510602102,0.6464679196370706,12344
W,7981,8.523876510602102,0.646548930654569,12344
W,7982,8.523876510602102,0.6466299416720674,12344
W,7983,8.523876510602102,0.6467109526895658,12344
W,7984,8.523876510602102,0.6467919637070642,12344
W,7985,8.523876510602102,0.6468729747245625,12344
W,7986,8.550168696337105,0.6469539857420609,12344
W,7987,8.550168696337105,0.6470349967595593,12344
W,7988,8.550168696337105,0.6471160077770577,12344
W,7989,8.550168696337105,0.647197018794556,12344
W,7990,8.550168696337105,0.6472780298120544,12344
W,7991,8.550168696337105,0.6473590408295529,12344
W,7992,8.550168696337105,0.6474400518470512,12344
W,7993,8.550168696337105,0.6475210628645496,12344
W,7994,8.550168696337105,0.6476020738820479,12344
W,7995,8.550168696337105,0.6476830848995463,12344
W,7996,8.550168696337105,0.6477640959170448,12344
W,7997,8.550168696337105,0.6478451069345431,12344
W,7998,8.550168696337105,0.6479261179520415,12344
W,7999,8.550711666250141,0.6480071289695398,12344
W,8000,8.550711666250141,0.6480881399870383,12344
W,8001,8.550711666250141,0.6481691510045366,12344
W,8002,8.550711666250141,0.648250162022035,12344
W,8003,8.550711666250141,0.6483311730395334,12344
W,8004,8.550711666250141,0.6484121840570317,12344
W,8005,8.5791789461117,0.6484931950745302,12344
W,8006,8.580302177810871,0.6485742060920285,12344
W,8007,8.603127250489539,0.6486552171095269,12344
W,8008,8.603127250489539,0.6487362281270252,12344
W,8009,8.623323163013653,0.6488172391445236,12344
W,8010,8.623323163013653,0.6488982501620221,12344
W,8011,8.632605095098912,0.6489792611795204,12344
W,8012,8.648470495416632,0.6490602721970188,12344
W,8013,8.651117490933725,0.6491412832145171,12344
W,8014,8.651117490933725,0.6492222942320156,12344
W,8015,8.651117490933725,0.649303305249514,12344
W,8016,8.651117490933725,0.6493843162670123,12344
W,8017,8.651117490933725,0.6494653272845107,12344
W,8018,8.651117490933725,0.649546338302009,12344
W,8019,8.65827212549258,0.6496273493195075,12344
W,8020,8.683300868798112,0.6497083603370059,12344
W,8021,8.683300868798112,0.6497893713545042,12344
W,8022,8.694188020395567,0.6498703823720026,12344
W,8023,8.694188020395567,0.6499513933895009,12344
W,8024,8.694188020395567,0.6500324044069994,12344
W,8025,8.694188020395567,0.6501134154244977,12344
W,8026,8.694188020395567,0.6501944264419961,12344
W,8027,8.694188020395567,0.6502754374594945,12344
W,8028,8.694188020395567,0.6503564484769929,12344
W,8029,8.694188020395567,0.6504374594944913,12344
W,8030,8.694188020395567,0.6505184705119896,12344
W,8031,8.694188020395567,0.650599481529488,12344
W,8032,8.694188020395567,0.6506804925469863,12344
W,8033,8.694188020395567,0.6507615035644848,12344
W,8034,8.694188020395567,0.6508425145819832,12344
W,8035,8.694188020395567,0.6509235255994815,12344
W,8036,8.694188020395567,0.6510045366169799,12344
W,8037,8.694188020395567,0.6510855476344782,12344
W,8038,8.694188020395567,0.6511665586519767,12344
W,8039,8.704195251166661,0.6512475696694751,12344
W,8040,8.704195251166661,0.6513285806869734,12344
W,8041,8.704195251166661,0.6514095917044718,12344
W,8042,8.704195251166661,0.6514906027219702,12344
W,8043,8.704195251166661,0.6515716137394686,12344
W,8044,8.704911787245104,0.651652624756967,12344
W,8045,8.715517507685822,0.6517336357744653,12344
W,8046,8.716582860330332,0.6518146467919637,12344
W,8047,8.729829411472275,0.6518956578094621,12344
W,8048,8.75090493790947,0.6519766688269605,12344
W,8049,8.754115661349156,0.6520576798444588,12344
W,8050,8.754115661349156,0.6521386908619572,12344
W,8051,8.76520437955049,0.6522197018794557,12344
W,8052,8.76520437955049,0.652300712896954,12344
W,8053,8.795270769227603,0.6523817239144524,12344
W,8054,8.796617737901185,0.6524627349319507,12344
W,8055,8.796617737901185,0.6525437459494491,12344
W,8056,8.796617737901185,0.6526247569669476,12344
W,8057,8.796617737901185,0.6527057679844459,12344
W,8058,8.796617737901185,0.6527867790019443,12344
W,8059,8.796617737901185,0.6528677900194426,12344
W,8060,8.796617737901185,0.652948801036941,12344
W,8061,8.796617737901185,0.6530298120544394,12344
W,8062,8.796617737901185,0.6531108230719378,12344
W,8063,8.796617737901185,0.6531918340894362,12344
W,8064,8.796617737901185,0.6532728451069345,12344
W,8065,8.804311431751698,0.653353856124433,12344
W,8066,8.804311431751698,0.6534348671419313,12344
W,8067,8.80501923936384,0.6535158781594297,12344
W,8068,8.80501923936384,0.653596889176928,12344
W,8069,8.806489167208174,0.6536779001944264,12344
W,8070,8.806489167208174,0.6537589112119249,12344
W,8071,8.806647391509802,0.6538399222294232,12344
W,8072,8.807029508943607,0.6539209332469216,12344
W,8073,8.807029508943607,0.6540019442644199,12344
W,8074,8.807029508943607,0.6540829552819183,12344
W,8075,8.807029508943607,0.6541639662994168,12344
W,8076,8.808505558508244,0.6542449773169151,12344
W,8077,8.810621442954586,0.6543259883344135,12344
W,8078,8.815337241091282,0.6544069993519118,12344
W,8079,8.815337241091282,0.6544880103694103,12344
W,8080,8.815337241091282,0.6545690213869086,12344
W,8081,8.832910239069067,0.654650032404407,12344
W,8082,8.832910239069067,0.6547310434219054,12344
W,8083,8.832910239069067,0.6548120544394037,12344
W,8084,8.832910239069067,0.6548930654569022,12344
W,8085,8.842092985773931,0.6549740764744005,12344
W,8086,8.847889952301008,0.6550550874918989,12344
W,8087,8.848561517103752,0.6551360985093972,12344
W,8088,8.848561517103752,0.6552171095268956,12344
W,8089,8.848561517103752,0.6552981205443941,12344
W,8090,8.848561517103752,0.6553791315618924,12344
W,8091,8.848561517103752,0.6554601425793908,12344
W,8092,8.848561517103752,0.6555411535968891,12344
W,8093,8.85238189885589,0.6556221646143876,12344
W,8094,8.854993004997313,0.655703175631886,12344
W,8095,8.869970256205532,0.6557841866493843,12344
W,8096,8.869970256205532,0.6558651976668827,12344
W,8097,8.869970256205532,0.655946208684381,12344
W,8098,8.869970256205532,0.6560272197018795,12344
W,8099,8.869970256205532,0.6561082307193778,12344
W,8100,8.869970256205532,0.6561892417368762,12344
W,8101,8.869970256205532,0.6562702527543746,12344
W,8102,8.869970256205532,0.656351263771873,12344
W,8103,8.869970256205532,0.6564322747893714,12344
W,8104,8.869970256205532,0.6565132858068697,12344
W,8105,8.869970256205532,0.6565942968243681,12344
W,8106,8.869970256205532,0.6566753078418665,12344
W,8107,8.869970256205532,0.6567563188593649,12344
W,8108,8.869970256205532,0.6568373298768633,12344
W,8109,8.869970256205532,0.6569183408943616,12344
W,8110,8.875809831843045,0.65699935191186,12344
W,8111,8.875809831843045,0.6570803629293583,12344
W,8112,8.875809831843045,0.6571613739468568,12344
W,8113,8.895217663170465,0.6572423849643552,12344
W,8114,8.899434726369048,0.6573233959818535,12344
W,8115,8.899434726369048,0.6574044069993519,12344
W,8116,8.899434726369048,0.6574854180168503,12344
W,8117,8.904389539171806,0.6575664290343487,12344
W,8118,8.904389539171806,0.657647440051847,12344
W,8119,8.904389539171806,0.6577284510693454,12344
W,8120,8.904389539171806,0.6578094620868438,12344
W,8121,8.904389539171806,0.6578904731043422,12344
W,8122,8.967698521263063,0.6579714841218406,12344
W,8123,8.967698521263063,0.6580524951393389,12344
W,8124,8.967698521263063,0.6581335061568373,12344
W,8125,8.967698521263063,0.6582145171743357,12344
W,8126,8.967698521263063,0.6582955281918341,12344
W,8127,8.967698521263063,0.6583765392093325,12344
W,8128,8.967698521263063,0.6584575502268308,12344
W,8129,8.971320002180333,0.6585385612443292,12344
W,8130,8.971320002180333,0.6586195722618277,12344
W,8131,8.971320002180333,0.658700583279326,12344
W,8132,8.971320002180333,0.6587815942968244,12344
W,8133,8.971320002180333,0.6588626053143227,12344
W,8134,8.971320002180333,0.6589436163318211,12344
W,8135,8.971320002180333,0.6590246273493195,12344
W,8136,8.971320002180333,0.6591056383668179,12344
W,8137,8.971320002180333,0.6591866493843163,12344
W,8138,8.971320002180333,0.6592676604018146,12344
W,8139,8.971320002180333,0.6593486714193131,12344
W,8140,8.971320002180333,0.6594296824368114,12344
W,8141,8.971320002180333,0.6595106934543098,12344
W,8142,8.971320002180333,0.6595917044718081,12344
W,8143,8.971320002180333,0.6596727154893065,12344
W,8144,8.971320002180333,0.659753726506805,12344
W,8145,8.971320002180333,0.6598347375243033,12344
W,8146,8.971320002180333,0.6599157485418017,12344
W,8147,8.971320002180333,0.6599967595593,12344
W,8148,8.971320002180333,0.6600777705767984,12344
W,8149,8.979379582157575,0.6601587815942969,12344
W,8150,8.979379582157575,0.6602397926117952,12344
W,8151,8.980714017303237,0.6603208036292936,12344
W,8152,8.980714017303237,0.6604018146467919,12344
W,8153,8.980714017303237,0.6604828256642904,12344
W,8154,8.980714017303237,0.6605638366817888,12344
W,8155,8.980714017303237,0.6606448476992871,12344
W,8156,8.98159127324115,0.6607258587167855,12344
W,8157,8.98159127324115,0.6608068697342838,12344
W,8158,8.98159127324115,0.6608878807517823,12344
W,8159,8.98159127324115,0.6609688917692806,12344
W,8160,9.020154578513644,0.661049902786779,12344
W,8161,9.020154578513644,0.6611309138042774,12344
W,8162,9.020154578513644,0.6612119248217757,12344
W,8163,9.020154578513644,0.6612929358392742,12344
W,8164,9.020154578513644,0.6613739468567725,12344
W,8165,9.020154578513644,0.6614549578742709,12344
W,8166,9.020154578513644,0.6615359688917692,12344
W,8167,9.020154578513644,0.6616169799092677,12344
W,8168,9.020154578513644,0.6616979909267661,12344
W,8169,9.020154578513644,0.6617790019442644,12344
W,8170,9.020154578513644,0.6618600129617628,12344
W,8171,9.020154578513644,0.6619410239792611,12344
W,8172,9.020154578513644,0.6620220349967596,12344
W,8173,9.020154578513644,0.662103046014258,12344
W,8174,9.020154578513644,0.6621840570317563,12344
W,8175,9.020154578513644,0.6622650680492547,12344
W,8176,9.020154578513644,0.662346079066753,12344
W,8177,9.020154578513644,0.6624270900842515,12344
W,8178,9.020154578513644,0.6625081011017498,12344
W,8179,9.020154578513644,0.6625891121192482,12344
W,8180,9.020154578513644,0.6626701231367466,12344
W,8181,9.020154578513644,0.662751134154245,12344
W,8182,9.020154578513644,0.6628321451717434,12344
W,8183,9.020154578513644,0.6629131561892417,12344
W,8184,9.020154578513644,0.6629941672067401,12344
W,8185,9.033619846622539,0.6630751782242384,12344
W,8186,9.033619846622539,0.6631561892417369,12344
W,8187,9.033619846622539,0.6632372002592353,12344
W,8188,9.033619846622539,0.6633182112767336,12344
W,8189,9.033619846622539,0.663399222294232,12344
W,8190,9.033619846622539,0.6634802333117304,12344
W,8191,9.033619846622539,0.6635612443292288,12344
W,8192,9.033619846622539,0.6636422553467272,12344
W,8193,9.033619846622539,0.6637232663642255,12344
W,8194,9.033619846622539,0.6638042773817239,12344
W,8195,9.033619846622539,0.6638852883992223,12344
W,8196,9.033619846622539,0.6639662994167207,12344
W,8197,9.033619846622539,0.664047310434219,12344
W,8198,9.03773876690538,0.6641283214517174,12344
W,8199,9.044556503029234,0.6642093324692158,12344
W,8200,9.044556503029234,0.6642903434867142,12344
W,8201,9.061900037911924,0.6643713545042126,12344
W,8202,9.077124381616072,0.6644523655217109,12344
W,8203,9.077124381616072,0.6645333765392093,12344
W,8204,9.08238308660608,0.6646143875567078,12344
W,8205,9.08238308660608,0.6646953985742061,12344
W,8206,9.08238308660608,0.6647764095917045,12344
W,8207,9.08238308660608,0.6648574206092028,12344
W,8208,9.08404132598425,0.6649384316267012,12344
W,8209,9.101118303056593,0.6650194426441997,12344
W,8210,9.101118303056593,0.665100453661698,12344
W,8211,9.101118303056593,0.6651814646791964,12344
W,8212,9.101118303056593,0.6652624756966947,12344
W,8213,9.102206791704967,0.6653434867141931,12344
W,8214,9.102206791704967,0.6654244977316915,12344
W,8215,9.102206791704967,0.6655055087491899,12344
W,8216,9.102206791704967,0.6655865197666883,12344
W,8217,9.102206791704967,0.6656675307841866,12344
W,8218,9.102206791704967,0.6657485418016851,12344
W,8219,9.103614887701173,0.6658295528191834,12344
W,8220,9.10393212050722,0.6659105638366818,12344
W,8221,9.150935968952561,0.6659915748541801,12344
W,8222,9.150935968952561,0.6660725858716785,12344
W,8223,9.150935968952561,0.666153596889177,12344
W,8224,9.150935968952561,0.6662346079066753,12344
W,8225,9.150935968952561,0.6663156189241737,12344
W,8226,9.151143086221182,0.666396629941672,12344
W,8227,9.151143086221182,0.6664776409591704,12344
W,8228,9.151143086221182,0.6665586519766689,12344
W,8229,9.151143086221182,0.6666396629941672,12344
W,8230,9.151143086221182,0.6667206740116656,12344
W,8231,9.151143086221182,0.6668016850291639,12344
W,8232,9.151143086221182,0.6668826960466624,12344
W,8233,9.151143086221182,0.6669637070641607,12344
W,8234,9.151143086221182,0.6670447180816591,12344
W,8235,9.151143086221182,0.6671257290991575,12344
W,8236,9.151143086221182,0.6672067401166558,12344
W,8237,9.151143086221182,0.6672877511341543,12344
W,8238,9.151143086221182,0.6673687621516526,12344
W,8239,9.151143086221182,0.667449773169151,12344
W,8240,9.151143086221182,0.6675307841866494,12344
W,8241,9.151143086221182,0.6676117952041478,12344
W,8242,9.151143086221182,0.6676928062216462,12344
W,8243,9.151143086221182,0.6677738172391445,12344
W,8244,9.151143086221182,0.6678548282566429,12344
W,8245,9.151143086221182,0.6679358392741412,12344
W,8246,9.151143086221182,0.6680168502916397,12344
W,8247,9.151143086221182,0.6680978613091381,12344
W,8248,9.151143086221182,0.6681788723266364,12344
W,8249,9.151143086221182,0.6682598833441348,12344
W,8250,9.151143086221182,0.6683408943616331,12344
W,8251,9.151143086221182,0.6684219053791316,12344
W,8252,9.151143086221182,0.66850291639663,12344
W,8253,9.168349025253752,0.6685839274141283,12344
W,8254,9.168349025253752,0.6686649384316267,12344
W,8255,9.169051590217487,0.6687459494491251,12344
W,8256,9.172954382047227,0.6688269604666235,12344
W,8257,9.172954382047227,0.6689079714841218,12344
W,8258,9.172954382047227,0.6689889825016202,12344
W,8259,9.172954382047227,0.6690699935191186,12344
W,8260,9.172954382047227,0.669151004536617,12344
W,8261,9.172954382047227,0.6692320155541154,12344
W,8262,9.172954382047227,0.6693130265716137,12344
W,8263,9.172954382047227,0.6693940375891121,12344
W,8264,9.172954382047227,0.6694750486066104,12344
W,8265,9.172954382047227,0.6695560596241089,12344
W,8266,9.172954382047227,0.6696370706416073,12344
W,8267,9.172954382047227,0.6697180816591056,12344
W,8268,9.172954382047227,0.669799092676604,12344
W,8269,9.172954382047227,0.6698801036941024,12344
W,8270,9.172954382047227,0.6699611147116008,12344
W,8271,9.172954382047227,0.6700421257290992,12344
W,8272,9.172954382047227,0.6701231367465975,12344
W,8273,9.172954382047227,0.6702041477640959,12344
W,8274,9.172954382047227,0.6702851587815943,12344
W,8275,9.18206540135032,0.6703661697990927,12344
W,8276,9.187899629340043,0.670447180816591,12344
W,8277,9.187899629340043,0.6705281918340894,12344
W,8278,9.190646460882627,0.6706092028515879,12344
W,8279,9.190646460882627,0.6706902138690862,12344
W,8280,9.19761596684688,0.6707712248865846,12344
W,8281,9.203620257042749,0.6708522359040829,12344
W,8282,9.20366226864378,0.6709332469215813,12344
W,8283,9.20366226864378,0.6710142579390798,12344
W,8284,9.20366226864378,0.6710952689565781,12344
W,8285,9.20366226864378,0.6711762799740765,12344
W,8286,9.208487832830125,0.6712572909915748,12344
W,8287,9.208487832830125,0.6713383020090732,12344
W,8288,9.226648420492657,0.6714193130265717,12344
W,8289,9.231106859216732,0.67150032404407,12344
W,8290,9.231106859216732,0.6715813350615684,12344
W,8291,9.23627079065551,0.6716623460790667,12344
W,8292,9.23627079065551,0.6717433570965652,12344
W,8293,9.244180732215536,0.6718243681140635,12344
W,8294,9.244180732215536,0.6719053791315619,12344
W,8295,9.251402847429624,0.6719863901490603,12344
W,8296,9.279688517553655,0.6720674011665586,12344
W,8297,9.29777866582157,0.6721484121840571,12344
W,8298,9.29777866582157,0.6722294232015554,12344
W,8299,9.29777866582157,0.6723104342190538,12344
W,8300,9.29777866582157,0.6723914452365521,12344
W,8301,9.29777866582157,0.6724724562540505,12344
W,8302,9.29777866582157,0.672553467271549,12344
W,8303,9.29777866582157,0.6726344782890473,12344
W,8304,9.29777866582157,0.6727154893065457,12344
W,8305,9.29777866582157,0.672796500324044,12344
W,8306,9.29777866582157,0.6728775113415425,12344
W,8307,9.29777866582157,0.6729585223590409,12344
W,8308,9.29777866582157,0.6730395333765392,12344
W,8309,9.29777866582157,0.6731205443940376,12344
W,8310,9.29777866582157,0.6732015554115359,12344
W,8311,9.29777866582157,0.6732825664290344,12344
W,8312,9.29777866582157,0.6733635774465327,12344
W,8313,9.29777866582157,0.6734445884640311,12344
W,8314,9.29777866582157,0.6735255994815295,12344
W,8315,9.29777866582157,0.6736066104990278,12344
W,8316,9.298890748780494,0.6736876215165263,12344
W,8317,9.298890748780494,0.6737686325340246,12344
W,8318,9.298890748780494,0.673849643551523,12344
W,8319,9.309223502411893,0.6739306545690213,12344
W,8320,9.309223502411893,0.6740116655865198,12344
W,8321,9.309223502411893,0.6740926766040182,12344
W,8322,9.309223502411893,0.6741736876215165,12344
W,8323,9.309223502411893,0.6742546986390149,12344
W,8324,9.309223502411893,0.6743357096565132,12344
W,8325,9.309223502411893,0.6744167206740117,12344
W,8326,9.309223502411893,0.6744977316915101,12344
W,8327,9.309223502411893,0.6745787427090084,12344
W,8328,9.327660296922389,0.6746597537265068,12344
W,8329,9.327660296922389,0.6747407647440052,12344
W,8330,9.327660296922389,0.6748217757615036,12344
W,8331,9.327660296922389,0.674902786779002,12344
W,8332,9.327660296922389,0.6749837977965003,12344
W,8333,9.327660296922389,0.6750648088139987,12344
W,8334,9.329540378042191,0.6751458198314971,12344
W,8335,9.329540378042191,0.6752268308489955,12344
W,8336,9.329540378042191,0.6753078418664938,12344
W,8337,9.337049914263014,0.6753888528839922,12344
W,8338,9.342152446061727,0.6754698639014906,12344
W,8339,9.342152446061727,0.675550874918989,12344
W,8340,9.350522940934594,0.6756318859364874,12344
W,8341,9.350522940934594,0.6757128969539857,12344
W,8342,9.350522940934594,0.6757939079714841,12344
W,8343,9.350522940934594,0.6758749189889826,12344
W,8344,9.350522940934594,0.6759559300064809,12344
W,8345,9.350522940934594,0.6760369410239793,12344
W,8346,9.350522940934594,0.6761179520414776,12344
W,8347,9.350522940934594,0.676198963058976,12344
W,8348,9.350522940934594,0.6762799740764744,12344
W,8349,9.350522940934594,0.6763609850939728,12344
W,8350,9.350522940934594,0.6764419961114712,12344
W,8351,9.39325514100921,0.6765230071289695,12344
W,8352,9.393541033255866,0.6766040181464679,12344
W,8353,9.433582136281379,0.6766850291639663,12344
W,8354,9.436609531650564,0.6767660401814647,12344
W,8355,9.436609531650564,0.676847051198963,12344
W,8356,9.436609531650564,0.6769280622164614,12344
W,8357,9.436609531650564,0.6770090732339599,12344
W,8358,9.438705930415827,0.6770900842514582,12344
W,8359,9.438705930415827,0.6771710952689566,12344
W,8360,9.450585097988153,0.6772521062864549,12344
W,8361,9.450585097988153,0.6773331173039533,12344
W,8362,9.450585097988153,0.6774141283214518,12344
W,8363,9.450585097988153,0.6774951393389501,12344
W,8364,9.450585097988153,0.6775761503564485,12344
W,8365,9.450585097988153,0.6776571613739468,12344
W,8366,9.461655555538897,0.6777381723914452,12344
W,8367,9.461655555538897,0.6778191834089436,12344
W,8368,9.461655555538897,0.677900194426442,12344
W,8369,9.461655555538897,0.6779812054439404,12344
W,8370,9.461655555538897,0.6780622164614387,12344
W,8371,9.461655555538897,0.6781432274789372,12344
W,8372,9.461655555538897,0.6782242384964355,12344
W,8373,9.461655555538897,0.6783052495139339,12344
W,8374,9.461655555538897,0.6783862605314323,12344
W,8375,9.461655555538897,0.6784672715489306,12344
W,8376,9.461655555538897,0.6785482825664291,12344
W,8377,9.461655555538897,0.6786292935839274,12344
W,8378,9.461655555538897,0.6787103046014258,12344
W,8379,9.461655555538897,0.6787913156189241,12344
W,8380,9.461655555538897,0.6788723266364226,12344
W,8381,9.461655555538897,0.678953337653921,12344
W,8382,9.461655555538897,0.6790343486714193,12344
W,8383,9.461655555538897,0.6791153596889177,12344
W,8384,9.461655555538897,0.679196370706416,12344
W,8385,9.461655555538897,0.6792773817239145,12344
W,8386,9.461655555538897,0.6793583927414129,12344
W,8387,9.461655555538897,0.6794394037589112,12344
W,8388,9.461655555538897,0.6795204147764096,12344
W,8389,9.476850926003445,0.6796014257939079,12344
W,8390,9.476850926003445,0.6796824368114064,12344
W,8391,9.476850926003445,0.6797634478289047,12344
W,8392,9.476850926003445,0.6798444588464031,12344
W,8393,9.476850926003445,0.6799254698639015,12344
W,8394,9.513199911241953,0.6800064808813999,12344
W,8395,9.513199911241953,0.6800874918988983,12344
W,8396,9.513199911241953,0.6801685029163966,12344
W,8397,9.513199911241953,0.680249513933895,12344
W,8398,9.513199911241953,0.6803305249513933,12344
W,8399,9.513199911241953,0.6804115359688918,12344
W,8400,9.513199911241953,0.6804925469863902,12344
W,8401,9.513199911241953,0.6805735580038885,12344
W,8402,9.513199911241953,0.6806545690213869,12344
W,8403,9.513199911241953,0.6807355800388852,12344
W,8404,9.518189766899221,0.6808165910563837,12344
W,8405,9.518189766899221,0.6808976020738821,12344
W,8406,9.518189766899221,0.6809786130913804,12344
W,8407,9.521222290175086,0.6810596241088788,12344
W,8408,9.521222290175086,0.6811406351263772,12344
W,8409,9.537114378112413,0.6812216461438756,12344
W,8410,9.544374334400919,0.681302657161374,12344
W,8411,9.544374334400919,0.6813836681788723,12344
W,8412,9.544374334400919,0.6814646791963707,12344
W,8413,9.544374334400919,0.6815456902138691,12344
W,8414,9.544374334400919,0.6816267012313675,12344
W,8415,9.544374334400919,0.6817077122488658,12344
W,8416,9.544374334400919,0.6817887232663642,12344
W,8417,9.544374334400919,0.6818697342838627,12344
W,8418,9.544374334400919,0.681950745301361,12344
W,8419,9.544374334400919,0.6820317563188594,12344
W,8420,9.544374334400919,0.6821127673363577,12344
W,8421,9.544374334400919,0.6821937783538561,12344
W,8422,9.544374334400919,0.6822747893713546,12344
W,8423,9.544374334400919,0.6823558003888529,12344
W,8424,9.544374334400919,0.6824368114063513,12344
W,8425,9.544374334400919,0.6825178224238496,12344
W,8426,9.544374334400919,0.682598833441348,12344
W,8427,9.544374334400919,0.6826798444588464,12344
W,8428,9.544374334400919,0.6827608554763448,12344
W,8429,9.544374334400919,0.6828418664938432,12344
W,8430,9.544374334400919,0.6829228775113415,12344
W,8431,9.544374334400919,0.68300388852884,12344
W,8432,9.544374334400919,0.6830848995463383,12344
W,8433,9.544374334400919,0.6831659105638367,12344
W,8434,9.544374334400919,0.683246921581335,12344
W,8435,9.544374334400919,0.6833279325988334,12344
W,8436,9.544374334400919,0.6834089436163319,12344
W,8437,9.544374334400919,0.6834899546338302,12344
W,8438,9.544374334400919,0.6835709656513286,12344
W,8439,9.544832304928937,0.6836519766688269,12344
W,8440,9.550236637623195,0.6837329876863253,12344
W,8441,9.553863249175636,0.6838139987038238,12344
W,8442,9.553863249175636,0.6838950097213221,12344
W,8443,9.564371995741165,0.6839760207388205,12344
W,8444,9.56770524890101,0.6840570317563188,12344
W,8445,9.57408969140276,0.6841380427738173,12344
W,8446,9.575969069397226,0.6842190537913156,12344
W,8447,9.575969069397226,0.684300064808814,12344
W,8448,9.575969069397226,0.6843810758263124,12344
W,8449,9.575969069397226,0.6844620868438107,12344
W,8450,9.575969069397226,0.6845430978613092,12344
W,8451,9.575969069397226,0.6846241088788075,12344
W,8452,9.631492476918178,0.6847051198963059,12344
W,8453,9.634651621889873,0.6847861309138042,12344
W,8454,9.634651621889873,0.6848671419313026,12344
W,8455,9.634651621889873,0.6849481529488011,12344
W,8456,9.634651621889873,0.6850291639662994,12344
W,8457,9.65012658473422,0.6851101749837978,12344
W,8458,9.65012658473422,0.6851911860012961,12344
W,8459,9.656106078300963,0.6852721970187946,12344
W,8460,9.657365185701124,0.685353208036293,12344
W,8461,9.657365185701124,0.6854342190537913,12344
W,8462,9.657365185701124,0.6855152300712897,12344
W,8463,9.657365185701124,0.685596241088788,12344
W,8464,9.657365185701124,0.6856772521062865,12344
W,8465,9.657810390315106,0.6857582631237849,12344
W,8466,9.669235969878786,0.6858392741412832,12344
W,8467,9.67561578180024,0.6859202851587816,12344
W,8468,9.67561578180024,0.68600129617628,12344
W,8469,9.682196282069944,0.6860823071937784,12344
W,8470,9.723089826919978,0.6861633182112767,12344
W,8471,9.723089826919978,0.6862443292287751,12344
W,8472,9.730300472436538,0.6863253402462735,12344
W,8473,9.730300472436538,0.6864063512637719,12344
W,8474,9.730300472436538,0.6864873622812703,12344
W,8475,9.730300472436538,0.6865683732987686,12344
W,8476,9.73372706714635,0.686649384316267,12344
W,8477,9.734410618276973,0.6867303953337653,12344
W,8478,9.737539337376543,0.6868114063512638,12344
W,8479,9.73774366809336,0.6868924173687622,12344
W,8480,9.73774366809336,0.6869734283862605,12344
W,8481,9.750863248309624,0.6870544394037589,12344
W,8482,9.750863248309624,0.6871354504212573,12344
W,8483,9.752272692993346,0.6872164614387557,12344
W,8484,9.752272692993346,0.687297472456254,12344
W,8485,9.753173414569526,0.6873784834737524,12344
W,8486,9.753173414569526,0.6874594944912508,12344
W,8487,9.753173414569526,0.6875405055087492,12344
W,8488,9.753173414569526,0.6876215165262476,12344
W,8489,9.753173414569526,0.687702527543746,12344
W,8490,9.753173414569526,0.6877835385612443,12344
W,8491,9.753173414569526,0.6878645495787427,12344
W,8492,9.753173414569526,0.6879455605962411,12344
W,8493,9.753173414569526,0.6880265716137395,12344
W,8494,9.753173414569526,0.6881075826312378,12344
W,8495,9.753173414569526,0.6881885936487362,12344
W,8496,9.753173414569526,0.6882696046662347,12344
W,8497,9.753173414569526,0.688350615683733,12344
W,8498,9.753173414569526,0.6884316267012314,12344
W,8499,9.753173414569526,0.6885126377187297,12344
W,8500,9.753173414569526,0.6885936487362281,12344
W,8501,9.753173414569526,0.6886746597537265,12344
W,8502,9.753173414569526,0.6887556707712249,12344
W,8503,9.753173414569526,0.6888366817887233,12344
W,8504,9.753173414569526,0.6889176928062216,12344
W,8505,9.753173414569526,0.68899870382372,12344
W,8506,9.753173414569526,0.6890797148412184,12344
W,8507,9.753173414569526,0.6891607258587168,12344
W,8508,9.760339366802283,0.6892417368762151,12344
W,8509,9.760339366802283,0.6893227478937135,12344
W,8510,9.760339366802283,0.689403758911212,12344
W,8511,9.760339366802283,0.6894847699287103,12344
W,8512,9.760339366802283,0.6895657809462087,12344
W,8513,9.760339366802283,0.689646791963707,12344
W,8514,9.760339366802283,0.6897278029812054,12344
W,8515,9.764556426811383,0.6898088139987039,12344
W,8516,9.76739592757691,0.6898898250162022,12344
W,8517,9.769753218240162,0.6899708360337006,12344
W,8518,9.769753218240162,0.6900518470511989,12344
W,8519,9.769753218240162,0.6901328580686974,12344
W,8520,9.769753218240162,0.6902138690861958,12344
W,8521,9.769753218240162,0.6902948801036941,12344
W,8522,9.769753218240162,0.6903758911211925,12344
W,8523,9.775253544851465,0.6904569021386908,12344
W,8524,9.79959176729031,0.6905379131561893,12344
W,8525,9.802516282936914,0.6906189241736876,12344
W,8526,9.802516282936914,0.690699935191186,12344
W,8527,9.804703894025614,0.6907809462086844,12344
W,8528,9.832834983469724,0.6908619572261827,12344
W,8529,9.847387991044737,0.6909429682436812,12344
W,8530,9.866508261659014,0.6910239792611795,12344
W,8531,9.877846636885668,0.6911049902786779,12344
W,8532,9.877846636885668,0.6911860012961762,12344
W,8533,9.877846636885668,0.6912670123136747,12344
W,8534,9.877846636885668,0.6913480233311731,12344
W,8535,9.878757262185156,0.6914290343486714,12344
W,8536,9.8848475769655,0.6915100453661698,12344
W,8537,9.887984693847573,0.6915910563836681,12344
W,8538,9.887984693847573,0.6916720674011666,12344
W,8539,9.887984693847573,0.691753078418665,12344
W,8540,9.887984693847573,0.6918340894361633,12344
W,8541,9.887984693847573,0.6919151004536617,12344
W,8542,9.887984693847573,0.69199611147116,12344
W,8543,9.887984693847573,0.6920771224886585,12344
W,8544,9.889712104811556,0.6921581335061568,12344
W,8545,9.889712104811556,0.6922391445236552,12344
W,8546,9.889712104811556,0.6923201555411536,12344
W,8547,9.897535013029383,0.692401166558652,12344
W,8548,9.902503592984733,0.6924821775761504,12344
W,8549,9.902503592984733,0.6925631885936487,12344
W,8550,9.902503592984733,0.6926441996111471,12344
W,8551,9.902503592984733,0.6927252106286454,12344
W,8552,9.902503592984733,0.6928062216461439,12344
W,8553,9.902503592984733,0.6928872326636423,12344
W,8554,9.902503592984733,0.6929682436811406,12344
W,8555,9.902503592984733,0.693049254698639,12344
W,8556,9.902503592984733,0.6931302657161373,12344
W,8557,9.902503592984733,0.6932112767336358,12344
W,8558,9.902503592984733,0.6932922877511342,12344
W,8559,9.902503592984733,0.6933732987686325,12344
W,8560,9.902503592984733,0.6934543097861309,12344
W,8561,9.902503592984733,0.6935353208036293,12344
W,8562,9.902503592984733,0.6936163318211277,12344
W,8563,9.902503592984733,0.693697342838626,12344
W,8564,9.902503592984733,0.6937783538561244,12344
W,8565,9.921260926950971,0.6938593648736228,12344
W,8566,9.957547571732265,0.6939403758911212,12344
W,8567,9.957547571732265,0.6940213869086196,12344
W,8568,9.957547571732265,0.6941023979261179,12344
W,8569,9.957547571732265,0.6941834089436163,12344
W,8570,9.970988811991013,0.6942644199611148,12344
W,8571,10.00861001959693,0.6943454309786131,12344
W,8572,10.031913620541493,0.6944264419961115,12344
W,8573,10.038151735466116,0.6945074530136098,12344
W,8574,10.038151735466116,0.6945884640311082,12344
W,8575,10.050554173172342,0.6946694750486067,12344
W,8576,10.09148165698732,0.694750486066105,12344
W,8577,10.112942572084906,0.6948314970836034,12344
W,8578,10.12385359932113,0.6949125081011017,12344
W,8579,10.12385359932113,0.6949935191186001,12344
W,8580,10.132724836429794,0.6950745301360985,12344
W,8581,10.132724836429794,0.6951555411535969,12344
W,8582,10.132724836429794,0.6952365521710953,12344
W,8583,10.132724836429794,0.6953175631885936,12344
W,8584,10.132724836429794,0.6953985742060921,12344
W,8585,10.132724836429794,0.6954795852235904,12344
W,8586,10.132724836429794,0.6955605962410888,12344
W,8587,10.132724836429794,0.6956416072585871,12344
W,8588,10.136079118995758,0.6957226182760855,12344
W,8589,10.136079118995758,0.695803629293584,12344
W,8590,10.136079118995758,0.6958846403110823,12344
W,8591,10.14544725831329,0.6959656513285807,12344
W,8592,10.176511045374848,0.696046662346079,12344
W,8593,10.179372252815272,0.6961276733635774,12344
W,8594,10.179372252815272,0.6962086843810759,12344
W,8595,10.18134725469534,0.6962896953985742,12344
W,8596,10.189810854685698,0.6963707064160726,12344
W,8597,10.19972998887221,0.6964517174335709,12344
W,8598,10.19972998887221,0.6965327284510694,12344
W,8599,10.19972998887221,0.6966137394685677,12344
W,8600,10.19972998887221,0.6966947504860661,12344
W,8601,10.200117627750533,0.6967757615035645,12344
W,8602,10.21058872104815,0.6968567725210628,12344
W,8603,10.229668891762037,0.6969377835385613,12344
W,8604,10.24283080923243,0.6970187945560596,12344
W,8605,10.245758381468974,0.697099805573558,12344
W,8606,10.245758381468974,0.6971808165910564,12344
W,8607,10.245758381468974,0.6972618276085548,12344
W,8608,10.245758381468974,0.6973428386260532,12344
W,8609,10.245758381468974,0.6974238496435515,12344
W,8610,10.245758381468974,0.6975048606610499,12344
W,8611,10.301097313441563,0.6975858716785482,12344
W,8612,10.301097313441563,0.6976668826960467,12344
W,8613,10.301097313441563,0.6977478937135451,12344
W,8614,10.301097313441563,0.6978289047310434,12344
W,8615,10.302603590749303,0.6979099157485418,12344
W,8616,10.312749947095083,0.6979909267660401,12344
W,8617,10.312749947095083,0.6980719377835386,12344
W,8618,10.312749947095083,0.698152948801037,12344
W,8619,10.312749947095083,0.6982339598185353,12344
W,8620,10.312749947095083,0.6983149708360337,12344
W,8621,10.312749947095083,0.6983959818535321,12344
W,8622,10.312749947095083,0.6984769928710305,12344
W,8623,10.312749947095083,0.6985580038885288,12344
W,8624,10.31339986052181,0.6986390149060272,12344
W,8625,10.31394215541056,0.6987200259235256,12344
W,8626,10.31394215541056,0.698801036941024,12344
W,8627,10.31394215541056,0.6988820479585224,12344
W,8628,10.31394215541056,0.6989630589760207,12344
W,8629,10.31394215541056,0.6990440699935191,12344
W,8630,10.31394215541056,0.6991250810110174,12344
W,8631,10.31394215541056,0.6992060920285159,12344
W,8632,10.320945554920911,0.6992871030460143,12344
W,8633,10.320945554920911,0.6993681140635126,12344
W,8634,10.320945554920911,0.699449125081011,12344
W,8635,10.320945554920911,0.6995301360985094,12344
W,8636,10.320945554920911,0.6996111471160078,12344
W,8637,10.320945554920911,0.6996921581335062,12344
W,8638,10.320945554920911,0.6997731691510045,12344
W,8639,10.320945554920911,0.6998541801685029,12344
W,8640,10.320945554920911,0.6999351911860013,12344
W,8641,10.320945554920911,0.7000162022034997,12344
W,8642,10.320945554920911,0.700097213220998,12344
W,8643,10.320945554920911,0.7001782242384964,12344
W,8644,10.320945554920911,0.7002592352559948,12344
W,8645,10.320945554920911,0.7003402462734932,12344
W,8646,10.320945554920911,0.7004212572909916,12344
W,8647,10.320945554920911,0.7005022683084899,12344
W,8648,10.320945554920911,0.7005832793259883,12344
W,8649,10.320945554920911,0.7006642903434868,12344
W,8650,10.320945554920911,0.7007453013609851,12344
W,8651,10.320945554920911,0.7008263123784835,12344
W,8652,10.320945554920911,0.7009073233959818,12344
W,8653,10.320945554920911,0.7009883344134802,12344
W,8654,10.320945554920911,0.7010693454309787,12344
W,8655,10.320945554920911,0.701150356448477,12344
W,8656,10.320945554920911,0.7012313674659754,12344
W,8657,10.326841713571444,0.7013123784834737,12344
W,8658,10.33108293511512,0.7013933895009722,12344
W,8659,10.342351419942698,0.7014744005184705,12344
W,8660,10.352194637760123,0.7015554115359689,12344
W,8661,10.352194637760123,0.7016364225534673,12344
W,8662,10.352194637760123,0.7017174335709656,12344
W,8663,10.362385802027786,0.7017984445884641,12344
W,8664,10.362385802027786,0.7018794556059624,12344
W,8665,10.37419279679851,0.7019604666234608,12344
W,8666,10.37419279679851,0.7020414776409591,12344
W,8667,10.37419279679851,0.7021224886584575,12344
W,8668,10.37419279679851,0.702203499675956,12344
W,8669,10.37419279679851,0.7022845106934543,12344
W,8670,10.37419279679851,0.7023655217109527,12344
W,8671,10.37419279679851,0.702446532728451,12344
W,8672,10.37419279679851,0.7025275437459495,12344
W,8673,10.37419279679851,0.7026085547634479,12344
W,8674,10.37419279679851,0.7026895657809462,12344
W,8675,10.37419279679851,0.7027705767984446,12344
W,8676,10.37419279679851,0.7028515878159429,12344
W,8677,10.37419279679851,0.7029325988334414,12344
W,8678,10.37419279679851,0.7030136098509397,12344
W,8679,10.37419279679851,0.7030946208684381,12344
W,8680,10.37419279679851,0.7031756318859365,12344
W,8681,10.37419279679851,0.7032566429034348,12344
W,8682,10.37419279679851,0.7033376539209333,12344
W,8683,10.37419279679851,0.7034186649384316,12344
W,8684,10.37419279679851,0.70349967595593,12344
W,8685,10.37419279679851,0.7035806869734283,12344
W,8686,10.37419279679851,0.7036616979909268,12344
W,8687,10.37419279679851,0.7037427090084252,12344
W,8688,10.396823760284192,0.7038237200259235,12344
W,8689,10.396823760284192,0.7039047310434219,12344
W,8690,10.399177177358025,0.7039857420609202,12344
W,8691,10.433083192108972,0.7040667530784187,12344
W,8692,10.433083192108972,0.7041477640959171,12344
W,8693,10.433083192108972,0.7042287751134154,12344
W,8694,10.433083192108972,0.7043097861309138,12344
W,8695,10.458039738828342,0.7043907971484121,12344
W,8696,10.45985675865549,0.7044718081659106,12344
W,8697,10.475813203389961,0.704552819183409,12344
W,8698,10.477147558095627,0.7046338302009073,12344
W,8699,10.494331909492617,0.7047148412184057,12344
W,8700,10.494331909492617,0.7047958522359041,12344
W,8701,10.494331909492617,0.7048768632534025,12344
W,8702,10.494331909492617,0.7049578742709008,12344
W,8703,10.494331909492617,0.7050388852883992,12344
W,8704,10.494331909492617,0.7051198963058976,12344
W,8705,10.494331909492617,0.705200907323396,12344
W,8706,10.494331909492617,0.7052819183408944,12344
W,8707,10.494331909492617,0.7053629293583927,12344
W,8708,10.494331909492617,0.7054439403758911,12344
W,8709,10.494331909492617,0.7055249513933896,12344
W,8710,10.494331909492617,0.7056059624108879,12344
W,8711,10.494331909492617,0.7056869734283863,12344
W,8712,10.494331909492617,0.7057679844458846,12344
W,8713,10.494331909492617,0.705848995463383,12344
W,8714,10.494331909492617,0.7059300064808814,12344
W,8715,10.509182323490409,0.7060110174983798,12344
W,8716,10.517800429895624,0.7060920285158782,12344
W,8717,10.526703652949559,0.7061730395333765,12344
W,8718,10.533010116994522,0.7062540505508749,12344
W,8719,10.533010116994522,0.7063350615683733,12344
W,8720,10.559059691129065,0.7064160725858717,12344
W,8721,10.559059691129065,0.70649708360337,12344
W,8722,10.567859092400765,0.7065780946208684,12344
W,8723,10.567859092400765,0.7066591056383669,12344
W,8724,10.613985190187961,0.7067401166558652,12344
W,8725,10.613985190187961,0.7068211276733636,12344
W,8726,10.613985190187961,0.7069021386908619,12344
W,8727,10.613985190187961,0.7069831497083603,12344
W,8728,10.621808813287236,0.7070641607258588,12344
W,8729,10.644552415911486,0.7071451717433571,12344
W,8730,10.678740041610057,0.7072261827608555,12344
W,8731,10.679074539424926,0.7073071937783538,12344
W,8732,10.692978075950489,0.7073882047958522,12344
W,8733,10.712434165553201,0.7074692158133506,12344
W,8734,10.712434165553201,0.707550226830849,12344
W,8735,10.712434165553201,0.7076312378483474,12344
W,8736,10.712434165553201,0.7077122488658457,12344
W,8737,10.724263975454729,0.7077932598833442,12344
W,8738,10.760679147588432,0.7078742709008425,12344
W,8739,10.760679147588432,0.7079552819183409,12344
W,8740,10.760679147588432,0.7080362929358393,12344
W,8741,10.760679147588432,0.7081173039533376,12344
W,8742,10.780633138211329,0.7081983149708361,12344
W,8743,10.80346262109464,0.7082793259883344,12344
W,8744,10.816974776539466,0.7083603370058328,12344
W,8745,10.85120089229276,0.7084413480233311,12344
W,8746,10.85120089229276,0.7085223590408296,12344
W,8747,10.85120089229276,0.708603370058328,12344
W,8748,10.85120089229276,0.7086843810758263,12344
W,8749,10.85120089229276,0.7087653920933247,12344
W,8750,10.85120089229276,0.708846403110823,12344
W,8751,10.85120089229276,0.7089274141283215,12344
W,8752,10.85120089229276,0.7090084251458199,12344
W,8753,10.85120089229276,0.7090894361633182,12344
W,8754,10.854241502078894,0.7091704471808166,12344
W,8755,10.854241502078894,0.7092514581983149,12344
W,8756,10.861029766162403,0.7093324692158134,12344
W,8757,10.879050695424509,0.7094134802333117,12344
W,8758,10.907973574507356,0.7094944912508101,12344
W,8759,10.907973574507356,0.7095755022683085,12344
W,8760,10.92865328526824,0.7096565132858069,12344
W,8761,10.929306136098205,0.7097375243033053,12344
W,8762,10.942298400047196,0.7098185353208036,12344
W,8763,10.951826173427275,0.709899546338302,12344
W,8764,10.99587102097175,0.7099805573558003,12344
W,8765,10.99587102097175,0.7100615683732988,12344
W,8766,11.005851224804223,0.7101425793907972,12344
W,8767,11.005851224804223,0.7102235904082955,12344
W,8768,11.005851224804223,0.7103046014257939,12344
W,8769,11.005851224804223,0.7103856124432922,12344
W,8770,11.005851224804223,0.7104666234607907,12344
W,8771,11.005851224804223,0.7105476344782891,12344
W,8772,11.005851224804223,0.7106286454957874,12344
W,8773,11.005851224804223,0.7107096565132858,12344
W,8774,11.005851224804223,0.7107906675307842,12344
W,8775,11.005851224804223,0.7108716785482826,12344
W,8776,11.005851224804223,0.710952689565781,12344
W,8777,11.005851224804223,0.7110337005832793,12344
W,8778,11.005851224804223,0.7111147116007777,12344
W,8779,11.005851224804223,0.7111957226182761,12344
W,8780,11.005851224804223,0.7112767336357745,12344
W,8781,11.02469527661773,0.7113577446532728,12344
W,8782,11.048779544737252,0.7114387556707712,12344
W,8783,11.064458438349666,0.7115197666882696,12344
W,8784,11.064458438349666,0.711600777705768,12344
W,8785,11.100170276783203,0.7116817887232664,12344
W,8786,11.101009727052727,0.7117627997407647,12344
W,8787,11.107207299004012,0.7118438107582631,12344
W,8788,11.1183389494315,0.7119248217757616,12344
W,8789,11.1183389494315,0.7120058327932599,12344
W,8790,11.1183389494315,0.7120868438107583,12344
W,8791,11.1183389494315,0.7121678548282566,12344
W,8792,11.1183389494315,0.712248865845755,12344
W,8793,11.1183389494315,0.7123298768632534,12344
W,8794,11.1183389494315,0.7124108878807518,12344
W,8795,11.123024073267857,0.7124918988982502,12344
W,8796,11.126763023182685,0.7125729099157485,12344
W,8797,11.126763023182685,0.712653920933247,12344
W,8798,11.143796831318607,0.7127349319507453,12344
W,8799,11.151360589644932,0.7128159429682437,12344
W,8800,11.151360589644932,0.712896953985742,12344
W,8801,11.158767182521041,0.7129779650032404,12344
W,8802,11.158767182521041,0.7130589760207389,12344
W,8803,11.158767182521041,0.7131399870382372,12344
W,8804,11.158767182521041,0.7132209980557356,12344
W,8805,11.16511294839598,0.7133020090732339,12344
W,8806,11.16511294839598,0.7133830200907323,12344
W,8807,11.16511294839598,0.7134640311082308,12344
W,8808,11.16511294839598,0.7135450421257291,12344
W,8809,11.16511294839598,0.7136260531432275,12344
W,8810,11.16511294839598,0.7137070641607258,12344
W,8811,11.16511294839598,0.7137880751782243,12344
W,8812,11.16511294839598,0.7138690861957226,12344
W,8813,11.16511294839598,0.713950097213221,12344
W,8814,11.16511294839598,0.7140311082307194,12344
W,8815,11.174683703216095,0.7141121192482177,12344
W,8816,11.174683703216095,0.7141931302657162,12344
W,8817,11.174683703216095,0.7142741412832145,12344
W,8818,11.174683703216095,0.7143551523007129,12344
W,8819,11.174683703216095,0.7144361633182112,12344
W,8820,11.181263079506504,0.7145171743357096,12344
W,8821,11.183713788921303,0.7145981853532081,12344
W,8822,11.184963522185207,0.7146791963707064,12344
W,8823,11.184963522185207,0.7147602073882048,12344
W,8824,11.185073737529427,0.7148412184057031,12344
W,8825,11.185073737529427,0.7149222294232016,12344
W,8826,11.1930715222354,0.7150032404407,12344
W,8827,11.213962736346407,0.7150842514581983,12344
W,8828,11.216062208542722,0.7151652624756967,12344
W,8829,11.252002260586599,0.715246273493195,12344
W,8830,11.266619170238137,0.7153272845106935,12344
W,8831,11.279617937477894,0.7154082955281919,12344
W,8832,11.304722723904359,0.7154893065456902,12344
W,8833,11.309751978218332,0.7155703175631886,12344
W,8834,11.33498454217567,0.7156513285806869,12344
W,8835,11.33498454217567,0.7157323395981854,12344
W,8836,11.343371210742484,0.7158133506156837,12344
W,8837,11.367345585918057,0.7158943616331821,12344
W,8838,11.367601216518946,0.7159753726506805,12344
W,8839,11.368330949242694,0.7160563836681789,12344
W,8840,11.368330949242694,0.7161373946856773,12344
W,8841,11.370827292704869,0.7162184057031756,12344
W,8842,11.370827292704869,0.716299416720674,12344
W,8843,11.372864390174845,0.7163804277381723,12344
W,8844,11.372864390174845,0.7164614387556708,12344
W,8845,11.372864390174845,0.7165424497731692,12344
W,8846,11.372864390174845,0.7166234607906675,12344
W,8847,11.372864390174845,0.7167044718081659,12344
W,8848,11.372864390174845,0.7167854828256643,12344
W,8849,11.372864390174845,0.7168664938431627,12344
W,8850,11.372864390174845,0.7169475048606611,12344
W,8851,11.372877594900437,0.7170285158781594,12344
W,8852,11.373770394252592,0.7171095268956578,12344
W,8853,11.380001642054212,0.7171905379131562,12344
W,8854,11.40736771421804,0.7172715489306546,12344
W,8855,11.40736771421804,0.717352559948153,12344
W,8856,11.416577713287898,0.7174335709656513,12344
W,8857,11.424606059319057,0.7175145819831497,12344
W,8858,11.424606059319057,0.7175955930006481,12344
W,8859,11.449054269226297,0.7176766040181465,12344
W,8860,11.452233805191979,0.7177576150356448,12344
W,8861,11.452233805191979,0.7178386260531432,12344
W,8862,11.452233805191979,0.7179196370706417,12344
W,8863,11.452233805191979,0.71800064808814,12344
W,8864,11.452233805191979,0.7180816591056384,12344
W,8865,11.452233805191979,0.7181626701231367,12344
W,8866,11.452233805191979,0.7182436811406351,12344
W,8867,11.452233805191979,0.7183246921581335,12344
W,8868,11.452233805191979,0.7184057031756319,12344
W,8869,11.452233805191979,0.7184867141931303,12344
W,8870,11.452233805191979,0.7185677252106286,12344
W,8871,11.452233805191979,0.718648736228127,12344
W,8872,11.452233805191979,0.7187297472456254,12344
W,8873,11.452233805191979,0.7188107582631238,12344
W,8874,11.45374657246711,0.7188917692806222,12344
W,8875,11.45374657246711,0.7189727802981205,12344
W,8876,11.45374657246711,0.719053791315619,12344
W,8877,11.45374657246711,0.7191348023331173,12344
W,8878,11.45374657246711,0.7192158133506157,12344
W,8879,11.45374657246711,0.719296824368114,12344
W,8880,11.45374657246711,0.7193778353856124,12344
W,8881,11.45374657246711,0.7194588464031109,12344
W,8882,11.474568035663522,0.7195398574206092,12344
W,8883,11.484331584794447,0.7196208684381076,12344
W,8884,11.486137446974228,0.7197018794556059,12344
W,8885,11.486137446974228,0.7197828904731044,12344
W,8886,11.486137446974228,0.7198639014906028,12344
W,8887,11.486137446974228,0.7199449125081011,12344
W,8888,11.486137446974228,0.7200259235255995,12344
W,8889,11.486137446974228,0.7201069345430978,12344
W,8890,11.486137446974228,0.7201879455605963,12344
W,8891,11.486137446974228,0.7202689565780946,12344
W,8892,11.486137446974228,0.720349967595593,12344
W,8893,11.512023586701098,0.7204309786130914,12344
W,8894,11.512023586701098,0.7205119896305897,12344
W,8895,11.514168309159748,0.7205930006480882,12344
W,8896,11.514168309159748,0.7206740116655865,12344
W,8897,11.514168309159748,0.7207550226830849,12344
W,8898,11.514168309159748,0.7208360337005832,12344
W,8899,11.514168309159748,0.7209170447180817,12344
W,8900,11.514168309159748,0.7209980557355801,12344
W,8901,11.514168309159748,0.7210790667530784,12344
W,8902,11.514168309159748,0.7211600777705768,12344
W,8903,11.535612889811544,0.7212410887880751,12344
W,8904,11.541408222254823,0.7213220998055736,12344
W,8905,11.546510646777033,0.721403110823072,12344
W,8906,11.546510646777033,0.7214841218405703,12344
W,8907,11.546510646777033,0.7215651328580687,12344
W,8908,11.56124416903396,0.721646143875567,12344
W,8909,11.56124416903396,0.7217271548930655,12344
W,8910,11.563511450260199,0.7218081659105638,12344
W,8911,11.563511450260199,0.7218891769280622,12344
W,8912,11.563511450260199,0.7219701879455606,12344
W,8913,11.563511450260199,0.722051198963059,12344
W,8914,11.563511450260199,0.7221322099805574,12344
W,8915,11.563511450260199,0.7222132209980557,12344
W,8916,11.563511450260199,0.7222942320155541,12344
W,8917,11.563511450260199,0.7223752430330524,12344
W,8918,11.563511450260199,0.7224562540505509,12344
W,8919,11.563511450260199,0.7225372650680493,12344
W,8920,11.563511450260199,0.7226182760855476,12344
W,8921,11.563511450260199,0.722699287103046,12344
W,8922,11.563511450260199,0.7227802981205443,12344
W,8923,11.563511450260199,0.7228613091380428,12344
W,8924,11.563511450260199,0.7229423201555412,12344
W,8925,11.563511450260199,0.7230233311730395,12344
W,8926,11.563511450260199,0.7231043421905379,12344
W,8927,11.563511450260199,0.7231853532080363,12344
W,8928,11.563511450260199,0.7232663642255347,12344
W,8929,11.563511450260199,0.723347375243033,12344
W,8930,11.563511450260199,0.7234283862605314,12344
W,8931,11.563511450260199,0.7235093972780298,12344
W,8932,11.563511450260199,0.7235904082955282,12344
W,8933,11.563511450260199,0.7236714193130266,12344
W,8934,11.563511450260199,0.7237524303305249,12344
W,8935,11.563511450260199,0.7238334413480233,12344
W,8936,11.596699922835366,0.7239144523655218,12344
W,8937,11.596699922835366,0.7239954633830201,12344
W,8938,11.60890830504446,0.7240764744005185,12344
W,8939,11.60890830504446,0.7241574854180168,12344
W,8940,11.613541341784714,0.7242384964355152,12344
W,8941,11.613541341784714,0.7243195074530137,12344
W,8942,11.613541341784714,0.724400518470512,12344
W,8943,11.613541341784714,0.7244815294880104,12344
W,8944,11.613541341784714,0.7245625405055087,12344
W,8945,11.613541341784714,0.7246435515230071,12344
W,8946,11.613541341784714,0.7247245625405055,12344
W,8947,11.613541341784714,0.7248055735580039,12344
W,8948,11.613541341784714,0.7248865845755023,12344
W,8949,11.613541341784714,0.7249675955930006,12344
W,8950,11.613541341784714,0.7250486066104991,12344
W,8951,11.613541341784714,0.7251296176279974,12344
W,8952,11.613541341784714,0.7252106286454958,12344
W,8953,11.613541341784714,0.7252916396629941,12344
W,8954,11.613541341784714,0.7253726506804925,12344
W,8955,11.616836634407871,0.725453661697991,12344
W,8956,11.616836634407871,0.7255346727154893,12344
W,8957,11.634961811389124,0.7256156837329877,12344
W,8958,11.634961811389124,0.725696694750486,12344
W,8959,11.634961811389124,0.7257777057679844,12344
W,8960,11.634961811389124,0.7258587167854829,12344
W,8961,11.634961811389124,0.7259397278029812,12344
W,8962,11.634961811389124,0.7260207388204796,12344
W,8963,11.634961811389124,0.7261017498379779,12344
W,8964,11.634961811389124,0.7261827608554764,12344
W,8965,11.637091319593381,0.7262637718729748,12344
W,8966,11.646997641526738,0.7263447828904731,12344
W,8967,11.646997641526738,0.7264257939079715,12344
W,8968,11.646997641526738,0.7265068049254698,12344
W,8969,11.646997641526738,0.7265878159429683,12344
W,8970,11.646997641526738,0.7266688269604666,12344
W,8971,11.646997641526738,0.726749837977965,12344
W,8972,11.646997641526738,0.7268308489954634,12344
W,8973,11.646997641526738,0.7269118600129617,12344
W,8974,11.646997641526738,0.7269928710304602,12344
W,8975,11.648888260225101,0.7270738820479585,12344
W,8976,11.648888260225101,0.7271548930654569,12344
W,8977,11.648888260225101,0.7272359040829552,12344
W,8978,11.656949821423233,0.7273169151004537,12344
W,8979,11.656949821423233,0.7273979261179521,12344
W,8980,11.656949821423233,0.7274789371354504,12344
W,8981,11.675678352705164,0.7275599481529488,12344
W,8982,11.683480895510579,0.7276409591704471,12344
W,8983,11.69557556273755,0.7277219701879456,12344
W,8984,11.69557556273755,0.727802981205444,12344
W,8985,11.69557556273755,0.7278839922229423,12344
W,8986,11.711448444799434,0.7279650032404407,12344
W,8987,11.711448444799434,0.7280460142579391,12344
W,8988,11.711448444799434,0.7281270252754375,12344
W,8989,11.711448444799434,0.7282080362929358,12344
W,8990,11.711448444799434,0.7282890473104342,12344
W,8991,11.711448444799434,0.7283700583279326,12344
W,8992,11.711448444799434,0.728451069345431,12344
W,8993,11.718845637528402,0.7285320803629294,12344
W,8994,11.723276774227013,0.7286130913804277,12344
W,8995,11.72721847743202,0.7286941023979261,12344
W,8996,11.727548122244196,0.7287751134154244,12344
W,8997,11.727548122244196,0.7288561244329229,12344
W,8998,11.727548122244196,0.7289371354504213,12344
W,8999,11.727548122244196,0.7290181464679196,12344
W,9000,11.727548122244196,0.729099157485418,12344
W,9001,11.727548122244196,0.7291801685029164,12344
W,9002,11.727548122244196,0.7292611795204148,12344
W,9003,11.727548122244196,0.7293421905379132,12344
W,9004,11.727548122244196,0.7294232015554115,12344
W,9005,11.727548122244196,0.7295042125729099,12344
W,9006,11.727548122244196,0.7295852235904083,12344
W,9007,11.727548122244196,0.7296662346079067,12344
W,9008,11.727548122244196,0.729747245625405,12344
W,9009,11.727548122244196,0.7298282566429034,12344
W,9010,11.727548122244196,0.7299092676604018,12344
W,9011,11.727548122244196,0.7299902786779002,12344
W,9012,11.727548122244196,0.7300712896953986,12344
W,9013,11.727548122244196,0.7301523007128969,12344
W,9014,11.727548122244196,0.7302333117303953,12344
W,9015,11.727548122244196,0.7303143227478938,12344
W,9016,11.727548122244196,0.7303953337653921,12344
W,9017,11.727548122244196,0.7304763447828905,12344
W,9018,11.727548122244196,0.7305573558003888,12344
W,9019,11.727548122244196,0.7306383668178872,12344
W,9020,11.727548122244196,0.7307193778353857,12344
W,9021,11.768699782085914,0.730800388852884,12344
W,9022,11.768699782085914,0.7308813998703824,12344
W,9023,11.768699782085914,0.7309624108878807,12344
W,9024,11.768699782085914,0.7310434219053791,12344
W,9025,11.768699782085914,0.7311244329228775,12344
W,9026,11.768699782085914,0.7312054439403759,12344
W,9027,11.768699782085914,0.7312864549578743,12344
W,9028,11.768699782085914,0.7313674659753726,12344
W,9029,11.768699782085914,0.7314484769928711,12344
W,9030,11.781043544526463,0.7315294880103694,12344
W,9031,11.78163752621221,0.7316104990278678,12344
W,9032,11.78163752621221,0.7316915100453661,12344
W,9033,11.794625287124264,0.7317725210628645,12344
W,9034,11.794625287124264,0.731853532080363,12344
W,9035,11.79511595555187,0.7319345430978613,12344
W,9036,11.8121830512001,0.7320155541153597,12344
W,9037,11.816842249086939,0.732096565132858,12344
W,9038,11.816842249086939,0.7321775761503565,12344
W,9039,11.816842249086939,0.7322585871678549,12344
W,9040,11.816842249086939,0.7323395981853532,12344
W,9041,11.816842249086939,0.7324206092028516,12344
W,9042,11.816842249086939,0.7325016202203499,12344
W,9043,11.816842249086939,0.7325826312378484,12344
W,9044,11.816842249086939,0.7326636422553467,12344
W,9045,11.816842249086939,0.7327446532728451,12344
W,9046,11.816842249086939,0.7328256642903435,12344
W,9047,11.816842249086939,0.7329066753078418,12344
W,9048,11.821846325311673,0.7329876863253403,12344
W,9049,11.824493611766924,0.7330686973428386,12344
W,9050,11.824493611766924,0.733149708360337,12344
W,9051,11.824493611766924,0.7332307193778353,12344
W,9052,11.824493611766924,0.7333117303953338,12344
W,9053,11.824493611766924,0.7333927414128322,12344
W,9054,11.824493611766924,0.7334737524303305,12344
W,9055,11.824493611766924,0.7335547634478289,12344
W,9056,11.824493611766924,0.7336357744653272,12344
W,9057,11.826510337748706,0.7337167854828257,12344
W,9058,11.826510337748706,0.7337977965003241,12344
W,9059,11.826510337748706,0.7338788075178224,12344
W,9060,11.826510337748706,0.7339598185353208,12344
W,9061,11.826510337748706,0.7340408295528191,12344
W,9062,11.838085897782937,0.7341218405703176,12344
W,9063,11.86038803701119,0.734202851587816,12344
W,9064,11.86388728615332,0.7342838626053143,12344
W,9065,11.868146878265785,0.7343648736228127,12344
W,9066,11.868146878265785,0.7344458846403111,12344
W,9067,11.868288435374724,0.7345268956578095,12344
W,9068,11.868288435374724,0.7346079066753078,12344
W,9069,11.868288435374724,0.7346889176928062,12344
W,9070,11.868288435374724,0.7347699287103046,12344
W,9071,11.868288435374724,0.734850939727803,12344
W,9072,11.868288435374724,0.7349319507453014,12344
W,9073,11.868288435374724,0.7350129617627997,12344
W,9074,11.868288435374724,0.7350939727802981,12344
W,9075,11.868288435374724,0.7351749837977966,12344
W,9076,11.868288435374724,0.7352559948152949,12344
W,9077,11.868288435374724,0.7353370058327933,12344
W,9078,11.87005247153314,0.7354180168502916,12344
W,9079,11.87005247153314,0.73549902786779,12344
W,9080,11.87005247153314,0.7355800388852884,12344
W,9081,11.87005247153314,0.7356610499027868,12344
W,9082,11.87005247153314,0.7357420609202852,12344
W,9083,11.87005247153314,0.7358230719377835,12344
W,9084,11.87005247153314,0.7359040829552819,12344
W,9085,11.894984273217792,0.7359850939727803,12344
W,9086,11.894984273217792,0.7360661049902787,12344
W,9087,11.9124078658184,0.736147116007777,12344
W,9088,11.918998077733129,0.7362281270252754,12344
W,9089,11.918998077733129,0.7363091380427739,12344
W,9090,11.918998077733129,0.7363901490602722,12344
W,9091,11.918998077733129,0.7364711600777706,12344
W,9092,11.92313554884966,0.7365521710952689,12344
W,9093,11.92313554884966,0.7366331821127673,12344
W,9094,11.92981798456491,0.7367141931302658,12344
W,9095,11.92981798456491,0.7367952041477641,12344
W,9096,11.939668105167904,0.7368762151652625,12344
W,9097,11.942789351862917,0.7369572261827608,12344
W,9098,11.964070549706449,0.7370382372002592,12344
W,9099,11.964070549706449,0.7371192482177576,12344
W,9100,11.964070549706449,0.737200259235256,12344
W,9101,11.964070549706449,0.7372812702527544,12344
W,9102,11.964070549706449,0.7373622812702527,12344
W,9103,11.964070549706449,0.7374432922877512,12344
W,9104,11.970265146785362,0.7375243033052495,12344
W,9105,11.971930787203236,0.7376053143227479,12344
W,9106,11.971930787203236,0.7376863253402463,12344
W,9107,11.971930787203236,0.7377673363577446,12344
W,9108,11.971930787203236,0.7378483473752431,12344
W,9109,11.971930787203236,0.7379293583927414,12344
W,9110,11.971930787203236,0.7380103694102398,12344
W,9111,11.971930787203236,0.7380913804277381,12344
W,9112,11.971930787203236,0.7381723914452365,12344
W,9113,11.971930787203236,0.738253402462735,12344
W,9114,11.972269656076008,0.7383344134802333,12344
W,9115,11.972269656076008,0.7384154244977317,12344
W,9116,11.972269656076008,0.73849643551523,12344
W,9117,12.019280217754023,0.7385774465327285,12344
W,9118,12.038165750149476,0.7386584575502269,12344
W,9119,12.041594342046183,0.7387394685677252,12344
W,9120,12.041594342046183,0.7388204795852236,12344
W,9121,12.041594342046183,0.7389014906027219,12344
W,9122,12.045774739512078,0.7389825016202204,12344
W,9123,12.045774739512078,0.7390635126377187,12344
W,9124,12.057920229777972,0.7391445236552171,12344
W,9125,12.057920229777972,0.7392255346727155,12344
W,9126,12.072395571688213,0.7393065456902139,12344
W,9127,12.072395571688213,0.7393875567077123,12344
W,9128,12.09123037565916,0.7394685677252106,12344
W,9129,12.09123037565916,0.739549578742709,12344
W,9130,12.125683035663775,0.7396305897602073,12344
W,9131,12.13290840081107,0.7397116007777058,12344
W,9132,12.13290840081107,0.7397926117952042,12344
W,9133,12.171782090627488,0.7398736228127025,12344
W,9134,12.171782090627488,0.7399546338302009,12344
W,9135,12.200013625766191,0.7400356448476992,12344
W,9136,12.200013625766191,0.7401166558651977,12344
W,9137,12.200013625766191,0.7401976668826961,12344
W,9138,12.200013625766191,0.7402786779001944,12344
W,9139,12.200013625766191,0.7403596889176928,12344
W,9140,12.200013625766191,0.7404406999351912,12344
W,9141,12.200013625766191,0.7405217109526896,12344
W,9142,12.200013625766191,0.740602721970188,12344
W,9143,12.222649966985472,0.7406837329876863,12344
W,9144,12.223495217574138,0.7407647440051847,12344
W,9145,12.223495217574138,0.7408457550226831,12344
W,9146,12.223495217574138,0.7409267660401815,12344
W,9147,12.223495217574138,0.7410077770576798,12344
W,9148,12.223495217574138,0.7410887880751782,12344
W,9149,12.223495217574138,0.7411697990926766,12344
W,9150,12.223495217574138,0.741250810110175,12344
W,9151,12.223495217574138,0.7413318211276734,12344
W,9152,12.230390828311744,0.7414128321451717,12344
W,9153,12.230390828311744,0.7414938431626701,12344
W,9154,12.23318003767852,0.7415748541801686,12344
W,9155,12.253861705447353,0.7416558651976669,12344
W,9156,12.27296589660977,0.7417368762151653,12344
W,9157,12.295580915068511,0.7418178872326636,12344
W,9158,12.298021817229627,0.741898898250162,12344
W,9159,12.306986490558256,0.7419799092676604,12344
W,9160,12.306986490558256,0.7420609202851588,12344
W,9161,12.306986490558256,0.7421419313026572,12344
W,9162,12.306986490558256,0.7422229423201555,12344
W,9163,12.306986490558256,0.7423039533376539,12344
W,9164,12.306986490558256,0.7423849643551523,12344
W,9165,12.311545769277782,0.7424659753726507,12344
W,9166,12.311545769277782,0.742546986390149,12344
W,9167,12.311545769277782,0.7426279974076474,12344
W,9168,12.311545769277782,0.7427090084251459,12344
W,9169,12.311545769277782,0.7427900194426442,12344
W,9170,12.311545769277782,0.7428710304601426,12344
W,9171,12.318100170820424,0.7429520414776409,12344
W,9172,12.330005022156612,0.7430330524951393,12344
W,9173,12.330005022156612,0.7431140635126378,12344
W,9174,12.330005022156612,0.7431950745301361,12344
W,9175,12.330005022156612,0.7432760855476345,12344
W,9176,12.330005022156612,0.7433570965651328,12344
W,9177,12.330005022156612,0.7434381075826313,12344
W,9178,12.330005022156612,0.7435191186001296,12344
W,9179,12.330005022156612,0.743600129617628,12344
W,9180,12.330005022156612,0.7436811406351264,12344
W,9181,12.330005022156612,0.7437621516526247,12344
W,9182,12.330005022156612,0.7438431626701232,12344
W,9183,12.356912981706115,0.7439241736876215,12344
W,9184,12.356912981706115,0.7440051847051199,12344
W,9185,12.356912981706115,0.7440861957226182,12344
W,9186,12.356912981706115,0.7441672067401166,12344
W,9187,12.397343009904569,0.7442482177576151,12344
W,9188,12.419759713745387,0.7443292287751134,12344
W,9189,12.419759713745387,0.7444102397926118,12344
W,9190,12.424207560714798,0.7444912508101101,12344
W,9191,12.479929838569154,0.7445722618276086,12344
W,9192,12.479929838569154,0.744653272845107,12344
W,9193,12.501998968982068,0.7447342838626053,12344
W,9194,12.501998968982068,0.7448152948801037,12344
W,9195,12.51134433863155,0.744896305897602,12344
W,9196,12.520976587082336,0.7449773169151005,12344
W,9197,12.539411063167602,0.7450583279325989,12344
W,9198,12.539411063167602,0.7451393389500972,12344
W,9199,12.539411063167602,0.7452203499675956,12344
W,9200,12.539411063167602,0.7453013609850939,12344
W,9201,12.539411063167602,0.7453823720025924,12344
W,9202,12.544042102316862,0.7454633830200907,12344
W,9203,12.544042102316862,0.7455443940375891,12344
W,9204,12.544042102316862,0.7456254050550875,12344
W,9205,12.544042102316862,0.7457064160725859,12344
W,9206,12.568256102975942,0.7457874270900843,12344
W,9207,12.580807531823966,0.7458684381075826,12344
W,9208,12.580807531823966,0.745949449125081,12344
W,9209,12.581353359075434,0.7460304601425793,12344
W,9210,12.581353359075434,0.7461114711600778,12344
W,9211,12.58277681948959,0.7461924821775762,12344
W,9212,12.58277681948959,0.7462734931950745,12344
W,9213,12.605498077292593,0.7463545042125729,12344
W,9214,12.636022795406742,0.7464355152300713,12344
W,9215,12.647997230470823,0.7465165262475697,12344
W,9216,12.647997230470823,0.7465975372650681,12344
W,9217,12.650183806053212,0.7466785482825664,12344
W,9218,12.668251424430768,0.7467595593000648,12344
W,9219,12.675712903813293,0.7468405703175632,12344
W,9220,12.713884949125765,0.7469215813350616,12344
W,9221,12.718806446201901,0.74700259235256,12344
W,9222,12.718806446201901,0.7470836033700583,12344
W,9223,12.718806446201901,0.7471646143875567,12344
W,9224,12.718806446201901,0.7472456254050551,12344
W,9225,12.718806446201901,0.7473266364225535,12344
W,9226,12.718806446201901,0.7474076474400518,12344
W,9227,12.730201036178398,0.7474886584575502,12344
W,9228,12.730201036178398,0.7475696694750487,12344
W,9229,12.73245561405474,0.747650680492547,12344
W,9230,12.73245561405474,0.7477316915100454,12344
W,9231,12.73245561405474,0.7478127025275437,12344
W,9232,12.73245561405474,0.7478937135450421,12344
W,9233,12.73245561405474,0.7479747245625405,12344
W,9234,12.73245561405474,0.7480557355800389,12344
W,9235,12.73245561405474,0.7481367465975373,12344
W,9236,12.73245561405474,0.7482177576150356,12344
W,9237,12.740056830362828,0.748298768632534,12344
W,9238,12.740056830362828,0.7483797796500324,12344
W,9239,12.747762566566395,0.7484607906675308,12344
W,9240,12.747762566566395,0.7485418016850292,12344
W,9241,12.747762566566395,0.7486228127025275,12344
W,9242,12.747762566566395,0.748703823720026,12344
W,9243,12.747762566566395,0.7487848347375243,12344
W,9244,12.747762566566395,0.7488658457550227,12344
W,9245,12.747762566566395,0.748946856772521,12344
W,9246,12.753470796029179,0.7490278677900194,12344
W,9247,12.753470796029179,0.7491088788075179,12344
W,9248,12.753470796029179,0.7491898898250162,12344
W,9249,12.753470796029179,0.7492709008425146,12344
W,9250,12.753470796029179,0.7493519118600129,12344
W,9251,12.753470796029179,0.7494329228775113,12344
W,9252,12.753470796029179,0.7495139338950098,12344
W,9253,12.753470796029179,0.7495949449125081,12344
W,9254,12.753470796029179,0.7496759559300065,12344
W,9255,12.753470796029179,0.7497569669475048,12344
W,9256,12.759618854403875,0.7498379779650033,12344
W,9257,12.774661727018058,0.7499189889825016,12344
W,9258,12.775933690536847,0.75,12344
W,9259,12.779400178556337,0.7500810110174984,12344
W,9260,12.793763973143854,0.7501620220349967,12344
W,9261,12.795764802150266,0.7502430330524952,12344
W,9262,12.795764802150266,0.7503240440699935,12344
W,9263,12.795764802150266,0.7504050550874919,12344
W,9264,12.795764802150266,0.7504860661049902,12344
W,9265,12.795764802150266,0.7505670771224887,12344
W,9266,12.795764802150266,0.7506480881399871,12344
W,9267,12.795764802150266,0.7507290991574854,12344
W,9268,12.795764802150266,0.7508101101749838,12344
W,9269,12.795764802150266,0.7508911211924821,12344
W,9270,12.795764802150266,0.7509721322099806,12344
W,9271,12.795764802150266,0.751053143227479,12344
W,9272,12.820106576177901,0.7511341542449773,12344
W,9273,12.820106576177901,0.7512151652624757,12344
W,9274,12.820106576177901,0.751296176279974,12344
W,9275,12.820106576177901,0.7513771872974725,12344
W,9276,12.820106576177901,0.7514581983149708,12344
W,9277,12.820106576177901,0.7515392093324692,12344
W,9278,12.83248689067687,0.7516202203499676,12344
W,9279,12.834221313381645,0.751701231367466,12344
W,9280,12.879055112107805,0.7517822423849644,12344
W,9281,12.890800747151632,0.7518632534024627,12344
W,9282,12.925585841232243,0.7519442644199611,12344
W,9283,12.925585841232243,0.7520252754374595,12344
W,9284,12.925585841232243,0.7521062864549579,12344
W,9285,12.925585841232243,0.7521872974724563,12344
W,9286,12.925585841232243,0.7522683084899546,12344
W,9287,12.925585841232243,0.752349319507453,12344
W,9288,12.925585841232243,0.7524303305249513,12344
W,9289,12.925585841232243,0.7525113415424498,12344
W,9290,12.925585841232243,0.7525923525599482,12344
W,9291,12.925585841232243,0.7526733635774465,12344
W,9292,12.925585841232243,0.7527543745949449,12344
W,9293,12.925585841232243,0.7528353856124433,12344
W,9294,12.925585841232243,0.7529163966299417,12344
W,9295,12.925585841232243,0.75299740764744,12344
W,9296,12.925585841232243,0.7530784186649384,12344
W,9297,12.925585841232243,0.7531594296824368,12344
W,9298,12.925585841232243,0.7532404406999352,12344
W,9299,12.925585841232243,0.7533214517174336,12344
W,9300,12.925585841232243,0.7534024627349319,12344
W,9301,12.925585841232243,0.7534834737524303,12344
W,9302,12.925585841232243,0.7535644847699287,12344
W,9303,12.925585841232243,0.7536454957874271,12344
W,9304,12.925585841232243,0.7537265068049255,12344
W,9305,12.925585841232243,0.7538075178224238,12344
W,9306,12.925585841232243,0.7538885288399222,12344
W,9307,12.925585841232243,0.7539695398574207,12344
W,9308,12.925585841232243,0.754050550874919,12344
W,9309,12.931631324597975,0.7541315618924174,12344
W,9310,12.931631324597975,0.7542125729099157,12344
W,9311,12.953433213889502,0.7542935839274141,12344
W,9312,12.953433213889502,0.7543745949449125,12344
W,9313,12.970531983471794,0.7544556059624109,12344
W,9314,12.970531983471794,0.7545366169799093,12344
W,9315,12.975538397832763,0.7546176279974076,12344
W,9316,12.988513913399673,0.7546986390149061,12344
W,9317,13.04122106493609,0.7547796500324044,12344
W,9318,13.044144507432122,0.7548606610499028,12344
W,9319,13.044144507432122,0.7549416720674011,12344
W,9320,13.044144507432122,0.7550226830848995,12344
W,9321,13.044144507432122,0.755103694102398,12344
W,9322,13.044144507432122,0.7551847051198963,12344
W,9323,13.044144507432122,0.7552657161373947,12344
W,9324,13.044144507432122,0.755346727154893,12344
W,9325,13.044144507432122,0.7554277381723914,12344
W,9326,13.044144507432122,0.7555087491898899,12344
W,9327,13.044144507432122,0.7555897602073882,12344
W,9328,13.062208023408312,0.7556707712248866,12344
W,9329,13.062208023408312,0.7557517822423849,12344
W,9330,13.062208023408312,0.7558327932598834,12344
W,9331,13.062208023408312,0.7559138042773818,12344
W,9332,13.062208023408312,0.7559948152948801,12344
W,9333,13.083400493310327,0.7560758263123785,12344
W,9334,13.109128079313967,0.7561568373298768,12344
W,9335,13.129637916304473,0.7562378483473753,12344
W,9336,13.143564812978468,0.7563188593648736,12344
W,9337,13.143564812978468,0.756399870382372,12344
W,9338,13.143564812978468,0.7564808813998704,12344
W,9339,13.143564812978468,0.7565618924173687,12344
W,9340,13.143564812978468,0.7566429034348672,12344
W,9341,13.143564812978468,0.7567239144523655,12344
W,9342,13.143564812978468,0.7568049254698639,12344
W,9343,13.143564812978468,0.7568859364873622,12344
W,9344,13.143564812978468,0.7569669475048607,12344
W,9345,13.143564812978468,0.7570479585223591,12344
W,9346,13.143564812978468,0.7571289695398574,12344
W,9347,13.143564812978468,0.7572099805573558,12344
W,9348,13.143564812978468,0.7572909915748541,12344
W,9349,13.143564812978468,0.7573720025923526,12344
W,9350,13.143564812978468,0.757453013609851,12344
W,9351,13.143564812978468,0.7575340246273493,12344
W,9352,13.143564812978468,0.7576150356448477,12344
W,9353,13.143564812978468,0.7576960466623461,12344
W,9354,13.143564812978468,0.7577770576798445,12344
W,9355,13.143564812978468,0.7578580686973428,12344
W,9356,13.143564812978468,0.7579390797148412,12344
W,9357,13.143564812978468,0.7580200907323396,12344
W,9358,13.143564812978468,0.758101101749838,12344
W,9359,13.143564812978468,0.7581821127673364,12344
W,9360,13.143564812978468,0.7582631237848347,12344
W,9361,13.143564812978468,0.7583441348023331,12344
W,9362,13.143564812978468,0.7584251458198314,12344
W,9363,13.143564812978468,0.7585061568373299,12344
W,9364,13.144921670266593,0.7585871678548283,12344
W,9365,13.144921670266593,0.7586681788723266,12344
W,9366,13.144921670266593,0.758749189889825,12344
W,9367,13.144921670266593,0.7588302009073234,12344
W,9368,13.155837241855549,0.7589112119248218,12344
W,9369,13.166757803370308,0.7589922229423202,12344
W,9370,13.166757803370308,0.7590732339598185,12344
W,9371,13.223739935924705,0.7591542449773169,12344
W,9372,13.224530752605956,0.7592352559948153,12344
W,9373,13.23001288812215,0.7593162670123137,12344
W,9374,13.257508682380045,0.759397278029812,12344
W,9375,13.265722345363324,0.7594782890473104,12344
W,9376,13.278601946609237,0.7595593000648088,12344
W,9377,13.278601946609237,0.7596403110823072,12344
W,9378,13.278601946609237,0.7597213220998056,12344
W,9379,13.297452421528703,0.7598023331173039,12344
W,9380,13.300055293153667,0.7598833441348023,12344
W,9381,13.300055293153667,0.7599643551523008,12344
W,9382,13.304490613091884,0.7600453661697991,12344
W,9383,13.342449696849972,0.7601263771872975,12344
W,9384,13.343936553425932,0.7602073882047958,12344
W,9385,13.343936553425932,0.7602883992222942,12344
W,9386,13.343936553425932,0.7603694102397927,12344
W,9387,13.343936553425932,0.760450421257291,12344
W,9388,13.343936553425932,0.7605314322747894,12344
W,9389,13.343936553425932,0.7606124432922877,12344
W,9390,13.343936553425932,0.7606934543097861,12344
W,9391,13.343936553425932,0.7607744653272845,12344
W,9392,13.343936553425932,0.7608554763447829,12344
W,9393,13.343936553425932,0.7609364873622813,12344
W,9394,13.343936553425932,0.7610174983797796,12344
W,9395,13.343936553425932,0.7610985093972781,12344
W,9396,13.343936553425932,0.7611795204147764,12344
W,9397,13.34717255340928,0.7612605314322748,12344
W,9398,13.34717255340928,0.7613415424497731,12344
W,9399,13.356073559178748,0.7614225534672715,12344
W,9400,13.37454257848834,0.76150356448477,12344
W,9401,13.378837926548748,0.7615845755022683,12344
W,9402,13.378837926548748,0.7616655865197667,12344
W,9403,13.390725794432145,0.761746597537265,12344
W,9404,13.390725794432145,0.7618276085547635,12344
W,9405,13.397469559635102,0.7619086195722619,12344
W,9406,13.397469559635102,0.7619896305897602,12344
W,9407,13.397469559635102,0.7620706416072586,12344
W,9408,13.397469559635102,0.7621516526247569,12344
W,9409,13.397469559635102,0.7622326636422554,12344
W,9410,13.397469559635102,0.7623136746597537,12344
W,9411,13.397469559635102,0.7623946856772521,12344
W,9412,13.397469559635102,0.7624756966947505,12344
W,9413,13.397469559635102,0.7625567077122488,12344
W,9414,13.397469559635102,0.7626377187297473,12344
W,9415,13.45271091182625,0.7627187297472456,12344
W,9416,13.45271091182625,0.762799740764744,12344
W,9417,13.45633324739026,0.7628807517822424,12344
W,9418,13.458052502798296,0.7629617627997408,12344
W,9419,13.458052502798296,0.7630427738172392,12344
W,9420,13.476614809494352,0.7631237848347375,12344
W,9421,13.521548394753118,0.7632047958522359,12344
W,9422,13.521548394753118,0.7632858068697342,12344
W,9423,13.521548394753118,0.7633668178872327,12344
W,9424,13.521548394753118,0.7634478289047311,12344
W,9425,13.521548394753118,0.7635288399222294,12344
W,9426,13.521548394753118,0.7636098509397278,12344
W,9427,13.521548394753118,0.7636908619572261,12344
W,9428,13.521548394753118,0.7637718729747246,12344
W,9429,13.521548394753118,0.763852883992223,12344
W,9430,13.546156140371126,0.7639338950097213,12344
W,9431,13.548002545862095,0.7640149060272197,12344
W,9432,13.553726065807293,0.7640959170447181,12344
W,9433,13.555151782775436,0.7641769280622165,12344
W,9434,13.559500274899268,0.7642579390797148,12344
W,9435,13.559500274899268,0.7643389500972132,12344
W,9436,13.565881391285433,0.7644199611147116,12344
W,9437,13.57565996011067,0.76450097213221,12344
W,9438,13.578194659435995,0.7645819831497084,12344
W,9439,13.578194659435995,0.7646629941672067,12344
W,9440,13.578542311579323,0.7647440051847051,12344
W,9441,13.578542311579323,0.7648250162022034,12344
W,9442,13.642417984740842,0.7649060272197019,12344
W,9443,13.644200399207078,0.7649870382372003,12344
W,9444,13.644200399207078,0.7650680492546986,12344
W,9445,13.644200399207078,0.765149060272197,12344
W,9446,13.667265008485625,0.7652300712896954,12344
W,9447,13.667265008485625,0.7653110823071938,12344
W,9448,13.667265008485625,0.7653920933246922,12344
W,9449,13.672390276451463,0.7654731043421905,12344
W,9450,13.672390276451463,0.7655541153596889,12344
W,9451,13.678248212407178,0.7656351263771873,12344
W,9452,13.678248212407178,0.7657161373946857,12344
W,9453,13.679112638431452,0.765797148412184,12344
W,9454,13.679112638431452,0.7658781594296824,12344
W,9455,13.679112638431452,0.7659591704471809,12344
W,9456,13.679112638431452,0.7660401814646792,12344
W,9457,13.707511970774112,0.7661211924821776,12344
W,9458,13.7498805466666,0.7662022034996759,12344
W,9459,13.754248126517792,0.7662832145171743,12344
W,9460,13.754248126517792,0.7663642255346728,12344
W,9461,13.818776754367153,0.7664452365521711,12344
W,9462,13.818776754367153,0.7665262475696695,12344
W,9463,13.818776754367153,0.7666072585871678,12344
W,9464,13.818776754367153,0.7666882696046662,12344
W,9465,13.833488709744909,0.7667692806221647,12344
W,9466,13.833488709744909,0.766850291639663,12344
W,9467,13.833814957525822,0.7669313026571614,12344
W,9468,13.833814957525822,0.7670123136746597,12344
W,9469,13.833814957525822,0.7670933246921582,12344
W,9470,13.846122268066079,0.7671743357096565,12344
W,9471,13.846122268066079,0.7672553467271549,12344
W,9472,13.846122268066079,0.7673363577446533,12344
W,9473,13.846122268066079,0.7674173687621516,12344
W,9474,13.846122268066079,0.7674983797796501,12344
W,9475,13.846122268066079,0.7675793907971484,12344
W,9476,13.846122268066079,0.7676604018146468,12344
W,9477,13.90284652293047,0.7677414128321451,12344
W,9478,13.916264939847101,0.7678224238496435,12344
W,9479,13.916264939847101,0.767903434867142,12344
W,9480,13.922896290902067,0.7679844458846403,12344
W,9481,13.922896290902067,0.7680654569021387,12344
W,9482,13.922896290902067,0.768146467919637,12344
W,9483,13.922896290902067,0.7682274789371355,12344
W,9484,13.922896290902067,0.7683084899546339,12344
W,9485,13.922896290902067,0.7683895009721322,12344
W,9486,13.922896290902067,0.7684705119896306,12344
W,9487,13.922896290902067,0.7685515230071289,12344
W,9488,13.922896290902067,0.7686325340246274,12344
W,9489,13.922896290902067,0.7687135450421257,12344
W,9490,13.932727422171773,0.7687945560596241,12344
W,9491,13.932727422171773,0.7688755670771225,12344
W,9492,13.932727422171773,0.7689565780946209,12344
W,9493,13.932727422171773,0.7690375891121193,12344
W,9494,13.932727422171773,0.7691186001296176,12344
W,9495,13.932727422171773,0.769199611147116,12344
W,9496,13.932727422171773,0.7692806221646143,12344
W,9497,13.932727422171773,0.7693616331821128,12344
W,9498,13.93321970496166,0.7694426441996112,12344
W,9499,13.938612537947021,0.7695236552171095,12344
W,9500,13.994023987851254,0.7696046662346079,12344
W,9501,13.994023987851254,0.7696856772521062,12344
W,9502,13.994023987851254,0.7697666882696047,12344
W,9503,13.994023987851254,0.7698476992871031,12344
W,9504,13.994023987851254,0.7699287103046014,12344
W,9505,13.994023987851254,0.7700097213220998,12344
W,9506,14.015586323088371,0.7700907323395982,12344
W,9507,14.015586323088371,0.7701717433570966,12344
W,9508,14.015586323088371,0.770252754374595,12344
W,9509,14.015586323088371,0.7703337653920933,12344
W,9510,14.015586323088371,0.7704147764095917,12344
W,9511,14.054506431167143,0.7704957874270901,12344
W,9512,14.076098197974058,0.7705767984445885,12344
W,9513,14.080818604820564,0.7706578094620868,12344
W,9514,14.120059365598836,0.7707388204795852,12344
W,9515,14.120059365598836,0.7708198314970836,12344
W,9516,14.120059365598836,0.770900842514582,12344
W,9517,14.120059365598836,0.7709818535320804,12344
W,9518,14.149744608358201,0.7710628645495787,12344
W,9519,14.160133428833078,0.7711438755670771,12344
W,9520,14.160133428833078,0.7712248865845756,12344
W,9521,14.160133428833078,0.7713058976020739,12344
W,9522,14.160133428833078,0.7713869086195723,12344
W,9523,14.160133428833078,0.7714679196370706,12344
W,9524,14.160133428833078,0.771548930654569,12344
W,9525,14.160133428833078,0.7716299416720674,12344
W,9526,14.160133428833078,0.7717109526895658,12344
W,9527,14.160133428833078,0.7717919637070642,12344
W,9528,14.160133428833078,0.7718729747245625,12344
W,9529,14.160133428833078,0.7719539857420609,12344
W,9530,14.160133428833078,0.7720349967595593,12344
W,9531,14.160133428833078,0.7721160077770577,12344
W,9532,14.160931999263225,0.772197018794556,12344
W,9533,14.166062476625434,0.7722780298120544,12344
W,9534,14.166062476625434,0.7723590408295529,12344
W,9535,14.166062476625434,0.7724400518470512,12344
W,9536,14.166062476625434,0.7725210628645496,12344
W,9537,14.166062476625434,0.7726020738820479,12344
W,9538,14.166062476625434,0.7726830848995463,12344
W,9539,14.166076232532482,0.7727640959170448,12344
W,9540,14.166076232532482,0.7728451069345431,12344
W,9541,14.166076232532482,0.7729261179520415,12344
W,9542,14.178433038256278,0.7730071289695398,12344
W,9543,14.214215829717427,0.7730881399870383,12344
W,9544,14.245793651641819,0.7731691510045366,12344
W,9545,14.245793651641819,0.773250162022035,12344
W,9546,14.245793651641819,0.7733311730395334,12344
W,9547,14.245793651641819,0.7734121840570317,12344
W,9548,14.245793651641819,0.7734931950745302,12344
W,9549,14.245793651641819,0.7735742060920285,12344
W,9550,14.262495016829204,0.7736552171095269,12344
W,9551,14.288495473867519,0.7737362281270252,12344
W,9552,14.288495473867519,0.7738172391445236,12344
W,9553,14.288495473867519,0.7738982501620221,12344
W,9554,14.288495473867519,0.7739792611795204,12344
W,9555,14.288495473867519,0.7740602721970188,12344
W,9556,14.288495473867519,0.7741412832145171,12344
W,9557,14.288495473867519,0.7742222942320156,12344
W,9558,14.288495473867519,0.774303305249514,12344
W,9559,14.288495473867519,0.7743843162670123,12344
W,9560,14.29225011606836,0.7744653272845107,12344
W,9561,14.29225011606836,0.774546338302009,12344
W,9562,14.330956477762362,0.7746273493195075,12344
W,9563,14.330956477762362,0.7747083603370059,12344
W,9564,14.330956477762362,0.7747893713545042,12344
W,9565,14.34552118804577,0.7748703823720026,12344
W,9566,14.38173463845904,0.7749513933895009,12344
W,9567,14.385930621074383,0.7750324044069994,12344
W,9568,14.385930621074383,0.7751134154244977,12344
W,9569,14.393343270256011,0.7751944264419961,12344
W,9570,14.393343270256011,0.7752754374594945,12344
W,9571,14.404273333116128,0.7753564484769929,12344
W,9572,14.414501196907565,0.7754374594944913,12344
W,9573,14.414501196907565,0.7755184705119896,12344
W,9574,14.414501196907565,0.775599481529488,12344
W,9575,14.443515063000522,0.7756804925469863,12344
W,9576,14.512863149044739,0.7757615035644848,12344
W,9577,14.512863149044739,0.7758425145819832,12344
W,9578,14.512863149044739,0.7759235255994815,12344
W,9579,14.512863149044739,0.7760045366169799,12344
W,9580,14.574598912339571,0.7760855476344782,12344
W,9581,14.574598912339571,0.7761665586519767,12344
W,9582,14.574598912339571,0.7762475696694751,12344
W,9583,14.574598912339571,0.7763285806869734,12344
W,9584,14.574598912339571,0.7764095917044718,12344
W,9585,14.574598912339571,0.7764906027219702,12344
W,9586,14.592389432356548,0.7765716137394686,12344
W,9587,14.592389432356548,0.776652624756967,12344
W,9588,14.592389432356548,0.7767336357744653,12344
W,9589,14.592389432356548,0.7768146467919637,12344
W,9590,14.592389432356548,0.7768956578094621,12344
W,9591,14.592389432356548,0.7769766688269605,12344
W,9592,14.592389432356548,0.7770576798444588,12344
W,9593,14.592389432356548,0.7771386908619572,12344
W,9594,14.621264508863705,0.7772197018794557,12344
W,9595,14.621264508863705,0.777300712896954,12344
W,9596,14.649624453656623,0.7773817239144524,12344
W,9597,14.649624453656623,0.7774627349319507,12344
W,9598,14.657617436161306,0.7775437459494491,12344
W,9599,14.671236910459609,0.7776247569669476,12344
W,9600,14.698030131196932,0.7777057679844459,12344
W,9601,14.70955753947166,0.7777867790019443,12344
W,9602,14.70955753947166,0.7778677900194426,12344
W,9603,14.70955753947166,0.777948801036941,12344
W,9604,14.70955753947166,0.7780298120544394,12344
W,9605,14.70955753947166,0.7781108230719378,12344
W,9606,14.70955753947166,0.7781918340894362,12344
W,9607,14.70955753947166,0.7782728451069345,12344
W,9608,14.70955753947166,0.778353856124433,12344
W,9609,14.70955753947166,0.7784348671419313,12344
W,9610,14.70955753947166,0.7785158781594297,12344
W,9611,14.70955753947166,0.778596889176928,12344
W,9612,14.70955753947166,0.7786779001944264,12344
W,9613,14.70955753947166,0.7787589112119249,12344
W,9614,14.70955753947166,0.7788399222294232,12344
W,9615,14.70955753947166,0.7789209332469216,12344
W,9616,14.70955753947166,0.7790019442644199,12344
W,9617,14.70955753947166,0.7790829552819183,12344
W,9618,14.70955753947166,0.7791639662994168,12344
W,9619,14.713037050528447,0.7792449773169151,12344
W,9620,14.713037050528447,0.7793259883344135,12344
W,9621,14.713037050528447,0.7794069993519118,12344
W,9622,14.713037050528447,0.7794880103694103,12344
W,9623,14.713037050528447,0.7795690213869086,12344
W,9624,14.713037050528447,0.779650032404407,12344
W,9625,14.713037050528447,0.7797310434219054,12344
W,9626,14.713037050528447,0.7798120544394037,12344
W,9627,14.713037050528447,0.7798930654569022,12344
W,9628,14.713037050528447,0.7799740764744005,12344
W,9629,14.713037050528447,0.7800550874918989,12344
W,9630,14.713037050528447,0.7801360985093972,12344
W,9631,14.713037050528447,0.7802171095268956,12344
W,9632,14.713037050528447,0.7802981205443941,12344
W,9633,14.713037050528447,0.7803791315618924,12344
W,9634,14.713037050528447,0.7804601425793908,12344
W,9635,14.713037050528447,0.7805411535968891,12344
W,9636,14.713037050528447,0.7806221646143876,12344
W,9637,14.749741287237885,0.780703175631886,12344
W,9638,14.770854148284824,0.7807841866493843,12344
W,9639,14.770854148284824,0.7808651976668827,12344
W,9640,14.776237536232637,0.780946208684381,12344
W,9641,14.809130999018986,0.7810272197018795,12344
W,9642,14.82249651144646,0.7811082307193778,12344
W,9643,14.82249651144646,0.7811892417368762,12344
W,9644,14.827679700142397,0.7812702527543746,12344
W,9645,14.827679700142397,0.781351263771873,12344
W,9646,14.828676744658486,0.7814322747893714,12344
W,9647,14.828676744658486,0.7815132858068697,12344
W,9648,14.84127292679455,0.7815942968243681,12344
W,9649,14.84127292679455,0.7816753078418665,12344
W,9650,14.89040976545443,0.7817563188593649,12344
W,9651,14.902307222274967,0.7818373298768633,12344
W,9652,14.902307222274967,0.7819183408943616,12344
W,9653,14.902307222274967,0.78199935191186,12344
W,9654,14.902307222274967,0.7820803629293583,12344
W,9655,14.902307222274967,0.7821613739468568,12344
W,9656,14.902307222274967,0.7822423849643552,12344
W,9657,14.902307222274967,0.7823233959818535,12344
W,9658,14.902307222274967,0.7824044069993519,12344
W,9659,14.902307222274967,0.7824854180168503,12344
W,9660,14.902307222274967,0.7825664290343487,12344
W,9661,14.90312991816388,0.782647440051847,12344
W,9662,14.90312991816388,0.7827284510693454,12344
W,9663,14.90312991816388,0.7828094620868438,12344
W,9664,14.90312991816388,0.7828904731043422,12344
W,9665,14.90312991816388,0.7829714841218406,12344
W,9666,14.90312991816388,0.7830524951393389,12344
W,9667,14.90312991816388,0.7831335061568373,12344
W,9668,14.90312991816388,0.7832145171743357,12344
W,9669,14.90312991816388,0.7832955281918341,12344
W,9670,14.90312991816388,0.7833765392093325,12344
W,9671,14.90312991816388,0.7834575502268308,12344
W,9672,14.90312991816388,0.7835385612443292,12344
W,9673,14.90312991816388,0.7836195722618277,12344
W,9674,14.90312991816388,0.783700583279326,12344
W,9675,14.90312991816388,0.7837815942968244,12344
W,9676,14.90312991816388,0.7838626053143227,12344
W,9677,14.90312991816388,0.7839436163318211,12344
W,9678,14.90312991816388,0.7840246273493195,12344
W,9679,14.90312991816388,0.7841056383668179,12344
W,9680,14.90312991816388,0.7841866493843163,12344
W,9681,14.90312991816388,0.7842676604018146,12344
W,9682,14.975440092661957,0.7843486714193131,12344
W,9683,14.989880920584769,0.7844296824368114,12344
W,9684,14.989880920584769,0.7845106934543098,12344
W,9685,15.003029162479121,0.7845917044718081,12344
W,9686,15.003029162479121,0.7846727154893065,12344
W,9687,15.003029162479121,0.784753726506805,12344
W,9688,15.064162773497303,0.7848347375243033,12344
W,9689,15.072348725196548,0.7849157485418017,12344
W,9690,15.072348725196548,0.7849967595593,12344
W,9691,15.072348725196548,0.7850777705767984,12344
W,9692,15.086205490559381,0.7851587815942969,12344
W,9693,15.089081053984005,0.7852397926117952,12344
W,9694,15.113107897131533,0.7853208036292936,12344
W,9695,15.132500666716409,0.7854018146467919,12344
W,9696,15.137629556044137,0.7854828256642904,12344
W,9697,15.137629556044137,0.7855638366817888,12344
W,9698,15.158895049415701,0.7856448476992871,12344
W,9699,15.240082891172207,0.7857258587167855,12344
W,9700,15.288520262194268,0.7858068697342838,12344
W,9701,15.303373526507977,0.7858878807517823,12344
W,9702,15.331185000919268,0.7859688917692806,12344
W,9703,15.346807856102162,0.786049902786779,12344
W,9704,15.36007124884568,0.7861309138042774,12344
W,9705,15.36007124884568,0.7862119248217757,12344
W,9706,15.380018019460623,0.7862929358392742,12344
W,9707,15.380018019460623,0.7863739468567725,12344
W,9708,15.380018019460623,0.7864549578742709,12344
W,9709,15.380018019460623,0.7865359688917692,12344
W,9710,15.380018019460623,0.7866169799092677,12344
W,9711,15.380018019460623,0.7866979909267661,12344
W,9712,15.427016954527804,0.7867790019442644,12344
W,9713,15.450574071836682,0.7868600129617628,12344
W,9714,15.454325328983343,0.7869410239792611,12344
W,9715,15.501328903139559,0.7870220349967596,12344
W,9716,15.501328903139559,0.787103046014258,12344
W,9717,15.501328903139559,0.7871840570317563,12344
W,9718,15.501328903139559,0.7872650680492547,12344
W,9719,15.5335556863375,0.787346079066753,12344
W,9720,15.535398672323021,0.7874270900842515,12344
W,9721,15.543586194911201,0.7875081011017498,12344
W,9722,15.557620521207474,0.7875891121192482,12344
W,9723,15.557620521207474,0.7876701231367466,12344
W,9724,15.557620521207474,0.787751134154245,12344
W,9725,15.557620521207474,0.7878321451717434,12344
W,9726,15.585878629763402,0.7879131561892417,12344
W,9727,15.606974861540367,0.7879941672067401,12344
W,9728,15.67027011825058,0.7880751782242384,12344
W,9729,15.67027011825058,0.7881561892417369,12344
W,9730,15.67027011825058,0.7882372002592353,12344
W,9731,15.720963703819471,0.7883182112767336,12344
W,9732,15.720963703819471,0.788399222294232,12344
W,9733,15.720963703819471,0.7884802333117304,12344
W,9734,15.720963703819471,0.7885612443292288,12344
W,9735,15.765501013915,0.7886422553467272,12344
W,9736,15.765501013915,0.7887232663642255,12344
W,9737,15.765501013915,0.7888042773817239,12344
W,9738,15.765501013915,0.7888852883992223,12344
W,9739,15.770745089126365,0.7889662994167207,12344
W,9740,15.770745089126365,0.789047310434219,12344
W,9741,15.777966244857625,0.7891283214517174,12344
W,9742,15.777966244857625,0.7892093324692158,12344
W,9743,15.777966244857625,0.7892903434867142,12344
W,9744,15.796304357722551,0.7893713545042126,12344
W,9745,15.80926880040966,0.7894523655217109,12344
W,9746,15.80926880040966,0.7895333765392093,12344
W,9747,15.80926880040966,0.7896143875567078,12344
W,9748,15.80926880040966,0.7896953985742061,12344
W,9749,15.80926880040966,0.7897764095917045,12344
W,9750,15.826412140595693,0.7898574206092028,12344
W,9751,15.826412140595693,0.7899384316267012,12344
W,9752,15.826412140595693,0.7900194426441997,12344
W,9753,15.826412140595693,0.790100453661698,12344
W,9754,15.826412140595693,0.7901814646791964,12344
W,9755,15.826412140595693,0.7902624756966947,12344
W,9756,15.833212098363623,0.7903434867141931,12344
W,9757,15.838943474189318,0.7904244977316915,12344
W,9758,15.841437792586053,0.7905055087491899,12344
W,9759,15.848432939086983,0.7905865197666883,12344
W,9760,15.848432939086983,0.7906675307841866,12344
W,9761,15.902694152682459,0.7907485418016851,12344
W,9762,15.907687059913348,0.7908295528191834,12344
W,9763,15.907687059913348,0.7909105638366818,12344
W,9764,15.907687059913348,0.7909915748541801,12344
W,9765,15.951109462723617,0.7910725858716785,12344
W,9766,15.951109462723617,0.791153596889177,12344
W,9767,15.951109462723617,0.7912346079066753,12344
W,9768,15.951109462723617,0.7913156189241737,12344
W,9769,15.951109462723617,0.791396629941672,12344
W,9770,15.951109462723617,0.7914776409591704,12344
W,9771,15.984814718252691,0.7915586519766689,12344
W,9772,15.984814718252691,0.7916396629941672,12344
W,9773,15.984814718252691,0.7917206740116656,12344
W,9774,15.984814718252691,0.7918016850291639,12344
W,9775,15.984814718252691,0.7918826960466624,12344
W,9776,15.984814718252691,0.7919637070641607,12344
W,9777,16.024096744859545,0.7920447180816591,12344
W,9778,16.024096744859545,0.7921257290991575,12344
W,9779,16.024096744859545,0.7922067401166558,12344
W,9780,16.024096744859545,0.7922877511341543,12344
W,9781,16.024096744859545,0.7923687621516526,12344
W,9782,16.024096744859545,0.792449773169151,12344
W,9783,16.024096744859545,0.7925307841866494,12344
W,9784,16.024096744859545,0.7926117952041478,12344
W,9785,16.024096744859545,0.7926928062216462,12344
W,9786,16.024096744859545,0.7927738172391445,12344
W,9787,16.065051890723854,0.7928548282566429,12344
W,9788,16.138216503882006,0.7929358392741412,12344
W,9789,16.22397902901246,0.7930168502916397,12344
W,9790,16.22397902901246,0.7930978613091381,12344
W,9791,16.30625048892037,0.7931788723266364,12344
W,9792,16.34195185224216,0.7932598833441348,12344
W,9793,16.34813790989608,0.7933408943616331,12344
W,9794,16.34813790989608,0.7934219053791316,12344
W,9795,16.363860997607677,0.79350291639663,12344
W,9796,16.42841493989886,0.7935839274141283,12344
W,9797,16.448129482577944,0.7936649384316267,12344
W,9798,16.448129482577944,0.7937459494491251,12344
W,9799,16.448129482577944,0.7938269604666235,12344
W,9800,16.448129482577944,0.7939079714841218,12344
W,9801,16.448129482577944,0.7939889825016202,12344
W,9802,16.448129482577944,0.7940699935191186,12344
W,9803,16.448129482577944,0.794151004536617,12344
W,9804,16.448129482577944,0.7942320155541154,12344
W,9805,16.448129482577944,0.7943130265716137,12344
W,9806,16.49109081062731,0.7943940375891121,12344
W,9807,16.49109081062731,0.7944750486066104,12344
W,9808,16.516315572501192,0.7945560596241089,12344
W,9809,16.516315572501192,0.7946370706416073,12344
W,9810,16.516315572501192,0.7947180816591056,12344
W,9811,16.516315572501192,0.794799092676604,12344
W,9812,16.516315572501192,0.7948801036941024,12344
W,9813,16.516315572501192,0.7949611147116008,12344
W,9814,16.516315572501192,0.7950421257290992,12344
W,9815,16.516315572501192,0.7951231367465975,12344
W,9816,16.516315572501192,0.7952041477640959,12344
W,9817,16.53387543797125,0.7952851587815943,12344
W,9818,16.554518658676695,0.7953661697990927,12344
W,9819,16.554518658676695,0.795447180816591,12344
W,9820,16.554518658676695,0.7955281918340894,12344
W,9821,16.554518658676695,0.7956092028515879,12344
W,9822,16.554518658676695,0.7956902138690862,12344
W,9823,16.554518658676695,0.7957712248865846,12344
W,9824,16.554518658676695,0.7958522359040829,12344
W,9825,16.554518658676695,0.7959332469215813,12344
W,9826,16.554518658676695,0.7960142579390798,12344
W,9827,16.554518658676695,0.7960952689565781,12344
W,9828,16.61150121043431,0.7961762799740765,12344
W,9829,16.61150121043431,0.7962572909915748,12344
W,9830,16.61150121043431,0.7963383020090732,12344
W,9831,16.61150121043431,0.7964193130265717,12344
W,9832,16.61150121043431,0.79650032404407,12344
W,9833,16.670596975431774,0.7965813350615684,12344
W,9834,16.676963704560237,0.7966623460790667,12344
W,9835,16.699494631742922,0.7967433570965652,12344
W,9836,16.72068226707387,0.7968243681140635,12344
W,9837,16.72068226707387,0.7969053791315619,12344
W,9838,16.72068226707387,0.7969863901490603,12344
W,9839,16.743818579080227,0.7970674011665586,12344
W,9840,16.743818579080227,0.7971484121840571,12344
W,9841,16.759785796890583,0.7972294232015554,12344
W,9842,16.759785796890583,0.7973104342190538,12344
W,9843,16.759785796890583,0.7973914452365521,12344
W,9844,16.759785796890583,0.7974724562540505,12344
W,9845,16.759785796890583,0.797553467271549,12344
W,9846,16.7626355273515,0.7976344782890473,12344
W,9847,16.7626355273515,0.7977154893065457,12344
W,9848,16.7626355273515,0.797796500324044,12344
W,9849,16.7626355273515,0.7978775113415425,12344
W,9850,16.76852392492568,0.7979585223590409,12344
W,9851,16.788571074584638,0.7980395333765392,12344
W,9852,16.788571074584638,0.7981205443940376,12344
W,9853,16.788571074584638,0.7982015554115359,12344
W,9854,16.788571074584638,0.7982825664290344,12344
W,9855,16.789704775679347,0.7983635774465327,12344
W,9856,16.789704775679347,0.7984445884640311,12344
W,9857,16.789704775679347,0.7985255994815295,12344
W,9858,16.792524489602382,0.7986066104990278,12344
W,9859,16.805117929204723,0.7986876215165263,12344
W,9860,16.809174331061303,0.7987686325340246,12344
W,9861,16.809174331061303,0.798849643551523,12344
W,9862,16.809471019534676,0.7989306545690213,12344
W,9863,16.848505059959823,0.7990116655865198,12344
W,9864,16.848505059959823,0.7990926766040182,12344
W,9865,16.848505059959823,0.7991736876215165,12344
W,9866,16.848505059959823,0.7992546986390149,12344
W,9867,16.848505059959823,0.7993357096565132,12344
W,9868,16.85760696379157,0.7994167206740117,12344
W,9869,16.85810858135251,0.7994977316915101,12344
W,9870,16.85810858135251,0.7995787427090084,12344
W,9871,16.888255329156287,0.7996597537265068,12344
W,9872,16.888255329156287,0.7997407647440052,12344
W,9873,16.888255329156287,0.7998217757615036,12344
W,9874,16.888255329156287,0.799902786779002,12344
W,9875,16.889342942067724,0.7999837977965003,12344
W,9876,16.889463356086704,0.8000648088139987,12344
W,9877,16.89100834302079,0.8001458198314971,12344
W,9878,17.041717035777285,0.8002268308489955,12344
W,9879,17.041717035777285,0.8003078418664938,12344
W,9880,17.054291972150136,0.8003888528839922,12344
W,9881,17.09016981334116,0.8004698639014906,12344
W,9882,17.102774826789116,0.800550874918989,12344
W,9883,17.117110706891168,0.8006318859364874,12344
W,9884,17.117110706891168,0.8007128969539857,12344
W,9885,17.12439323351711,0.8007939079714841,12344
W,9886,17.124664276376908,0.8008749189889826,12344
W,9887,17.124664276376908,0.8009559300064809,12344
W,9888,17.134745985662445,0.8010369410239793,12344
W,9889,17.17361290247947,0.8011179520414776,12344
W,9890,17.17361290247947,0.801198963058976,12344
W,9891,17.17361290247947,0.8012799740764744,12344
W,9892,17.197527831355313,0.8013609850939728,12344
W,9893,17.197527831355313,0.8014419961114712,12344
W,9894,17.197527831355313,0.8015230071289695,12344
W,9895,17.197527831355313,0.8016040181464679,12344
W,9896,17.197527831355313,0.8016850291639663,12344
W,9897,17.197527831355313,0.8017660401814647,12344
W,9898,17.197527831355313,0.801847051198963,12344
W,9899,17.197527831355313,0.8019280622164614,12344
W,9900,17.219561328946863,0.8020090732339599,12344
W,9901,17.223208733510038,0.8020900842514582,12344
W,9902,17.223208733510038,0.8021710952689566,12344
W,9903,17.223208733510038,0.8022521062864549,12344
W,9904,17.223208733510038,0.8023331173039533,12344
W,9905,17.223208733510038,0.8024141283214518,12344
W,9906,17.223208733510038,0.8024951393389501,12344
W,9907,17.28584016030774,0.8025761503564485,12344
W,9908,17.28584016030774,0.8026571613739468,12344
W,9909,17.28584016030774,0.8027381723914452,12344
W,9910,17.355765066893333,0.8028191834089436,12344
W,9911,17.36117471822253,0.802900194426442,12344
W,9912,17.36117471822253,0.8029812054439404,12344
W,9913,17.36117471822253,0.8030622164614387,12344
W,9914,17.36117471822253,0.8031432274789372,12344
W,9915,17.40016483127212,0.8032242384964355,12344
W,9916,17.40016483127212,0.8033052495139339,12344
W,9917,17.413539332781212,0.8033862605314323,12344
W,9918,17.427006417280136,0.8034672715489306,12344
W,9919,17.451851741085704,0.8035482825664291,12344
W,9920,17.455841482787935,0.8036292935839274,12344
W,9921,17.455841482787935,0.8037103046014258,12344
W,9922,17.455841482787935,0.8037913156189241,12344
W,9923,17.455841482787935,0.8038723266364226,12344
W,9924,17.455841482787935,0.803953337653921,12344
W,9925,17.455841482787935,0.8040343486714193,12344
W,9926,17.455841482787935,0.8041153596889177,12344
W,9927,17.455841482787935,0.804196370706416,12344
W,9928,17.455841482787935,0.8042773817239145,12344
W,9929,17.455841482787935,0.8043583927414129,12344
W,9930,17.455841482787935,0.8044394037589112,12344
W,9931,17.455841482787935,0.8045204147764096,12344
W,9932,17.455841482787935,0.8046014257939079,12344
W,9933,17.455841482787935,0.8046824368114064,12344
W,9934,17.455841482787935,0.8047634478289047,12344
W,9935,17.455841482787935,0.8048444588464031,12344
W,9936,17.455841482787935,0.8049254698639015,12344
W,9937,17.455841482787935,0.8050064808813999,12344
W,9938,17.477020930570575,0.8050874918988983,12344
W,9939,17.50747146072105,0.8051685029163966,12344
W,9940,17.50747146072105,0.805249513933895,12344
W,9941,17.512793454665015,0.8053305249513933,12344
W,9942,17.531438377534155,0.8054115359688918,12344
W,9943,17.531438377534155,0.8054925469863902,12344
W,9944,17.577877746389785,0.8055735580038885,12344
W,9945,17.577877746389785,0.8056545690213869,12344
W,9946,17.577877746389785,0.8057355800388852,12344
W,9947,17.782788683582808,0.8058165910563837,12344
W,9948,17.784499256148898,0.8058976020738821,12344
W,9949,17.784499256148898,0.8059786130913804,12344
W,9950,17.784499256148898,0.8060596241088788,12344
W,9951,17.79816169018827,0.8061406351263772,12344
W,9952,17.79816169018827,0.8062216461438756,12344
W,9953,17.85772130349685,0.806302657161374,12344
W,9954,17.85772130349685,0.8063836681788723,12344
W,9955,17.866246655470338,0.8064646791963707,12344
W,9956,17.86715783482581,0.8065456902138691,12344
W,9957,17.86715783482581,0.8066267012313675,12344
W,9958,17.86715783482581,0.8067077122488658,12344
W,9959,17.915606256256964,0.8067887232663642,12344
W,9960,17.927882870144245,0.8068697342838627,12344
W,9961,17.95128980368966,0.806950745301361,12344
W,9962,17.970136671618945,0.8070317563188594,12344
W,9963,17.975822110832446,0.8071127673363577,12344
W,9964,17.975822110832446,0.8071937783538561,12344
W,9965,17.975822110832446,0.8072747893713546,12344
W,9966,18.05030777442616,0.8073558003888529,12344
W,9967,18.05030777442616,0.8074368114063513,12344
W,9968,18.079632191873216,0.8075178224238496,12344
W,9969,18.132786930734415,0.807598833441348,12344
W,9970,18.132786930734415,0.8076798444588464,12344
W,9971,18.137460637950316,0.8077608554763448,12344
W,9972,18.137460637950316,0.8078418664938432,12344
W,9973,18.137460637950316,0.8079228775113415,12344
W,9974,18.137460637950316,0.80800388852884,12344
W,9975,18.137460637950316,0.8080848995463383,12344
W,9976,18.137460637950316,0.8081659105638367,12344
W,9977,18.137460637950316,0.808246921581335,12344
W,9978,18.137460637950316,0.8083279325988334,12344
W,9979,18.137460637950316,0.8084089436163319,12344
W,9980,18.193162049708498,0.8084899546338302,12344
W,9981,18.215916120856953,0.8085709656513286,12344
W,9982,18.252637722868435,0.8086519766688269,12344
W,9983,18.272581233210303,0.8087329876863253,12344
W,9984,18.363930469922554,0.8088139987038238,12344
W,9985,18.363930469922554,0.8088950097213221,12344
W,9986,18.363930469922554,0.8089760207388205,12344
W,9987,18.373166764053092,0.8090570317563188,12344
W,9988,18.426359215420756,0.8091380427738173,12344
W,9989,18.428374213217822,0.8092190537913156,12344
W,9990,18.446966423443563,0.809300064808814,12344
W,9991,18.495498516056475,0.8093810758263124,12344
W,9992,18.495498516056475,0.8094620868438107,12344
W,9993,18.51122368328123,0.8095430978613092,12344
W,9994,18.51122368328123,0.8096241088788075,12344
W,9995,18.51122368328123,0.8097051198963059,12344
W,9996,18.51122368328123,0.8097861309138042,12344
W,9997,18.513758165255542,0.8098671419313026,12344
W,9998,18.529586087819556,0.8099481529488011,12344
W,9999,18.533400457781507,0.8100291639662994,12344
W,10000,18.533400457781507,0.8101101749837978,12344
W,10001,18.569579103908552,0.8101911860012961,12344
W,10002,18.585261876097693,0.8102721970187946,12344
W,10003,18.589332139652036,0.810353208036293,12344
W,10004,18.633166010991165,0.8104342190537913,12344
W,10005,18.68757810384174,0.8105152300712897,12344
W,10006,18.75059927547067,0.810596241088788,12344
W,10007,18.75059927547067,0.8106772521062865,12344
W,10008,18.75059927547067,0.8107582631237849,12344
W,10009,18.75059927547067,0.8108392741412832,12344
W,10010,18.75059927547067,0.8109202851587816,12344
W,10011,18.75059927547067,0.81100129617628,12344
W,10012,18.75059927547067,0.8110823071937784,12344
W,10013,18.75059927547067,0.8111633182112767,12344
W,10014,18.75059927547067,0.8112443292287751,12344
W,10015,18.75059927547067,0.8113253402462735,12344
W,10016,18.75059927547067,0.8114063512637719,12344
W,10017,18.75059927547067,0.8114873622812703,12344
W,10018,18.808354491499035,0.8115683732987686,12344
W,10019,18.808354491499035,0.811649384316267,12344
W,10020,18.808354491499035,0.8117303953337653,12344
W,10021,18.825823188515272,0.8118114063512638,12344
W,10022,18.825823188515272,0.8118924173687622,12344
W,10023,18.82660746892115,0.8119734283862605,12344
W,10024,18.82660746892115,0.8120544394037589,12344
W,10025,18.873965350610803,0.8121354504212573,12344
W,10026,18.886498713850425,0.8122164614387557,12344
W,10027,18.886498713850425,0.812297472456254,12344
W,10028,18.886498713850425,0.8123784834737524,12344
W,10029,18.886498713850425,0.8124594944912508,12344
W,10030,18.886498713850425,0.8125405055087492,12344
W,10031,18.886498713850425,0.8126215165262476,12344
W,10032,18.929357373747088,0.812702527543746,12344
W,10033,18.998276894546716,0.8127835385612443,12344
W,10034,19.073230944622537,0.8128645495787427,12344
W,10035,19.09383535806889,0.8129455605962411,12344
W,10036,19.09383535806889,0.8130265716137395,12344
W,10037,19.09383535806889,0.8131075826312378,12344
W,10038,19.09383535806889,0.8131885936487362,12344
W,10039,19.097392760808006,0.8132696046662347,12344
W,10040,19.097392760808006,0.813350615683733,12344
W,10041,19.127705829434667,0.8134316267012314,12344
W,10042,19.134590820451155,0.8135126377187297,12344
W,10043,19.134590820451155,0.8135936487362281,12344
W,10044,19.188793635103846,0.8136746597537265,12344
W,10045,19.188793635103846,0.8137556707712249,12344
W,10046,19.188793635103846,0.8138366817887233,12344
W,10047,19.188793635103846,0.8139176928062216,12344
W,10048,19.188793635103846,0.81399870382372,12344
W,10049,19.188945002120025,0.8140797148412184,12344
W,10050,19.188945002120025,0.8141607258587168,12344
W,10051,19.189549486140105,0.8142417368762151,12344
W,10052,19.23528559881489,0.8143227478937135,12344
W,10053,19.23528559881489,0.814403758911212,12344
W,10054,19.23528559881489,0.8144847699287103,12344
W,10055,19.250747965084294,0.8145657809462087,12344
W,10056,19.250747965084294,0.814646791963707,12344
W,10057,19.263481323383992,0.8147278029812054,12344
W,10058,19.267069249053836,0.8148088139987039,12344
W,10059,19.276339017713944,0.8148898250162022,12344
W,10060,19.276339017713944,0.8149708360337006,12344
W,10061,19.331418562006565,0.8150518470511989,12344
W,10062,19.331418562006565,0.8151328580686974,12344
W,10063,19.331418562006565,0.8152138690861958,12344
W,10064,19.331418562006565,0.8152948801036941,12344
W,10065,19.331418562006565,0.8153758911211925,12344
W,10066,19.331418562006565,0.8154569021386908,12344
W,10067,19.331418562006565,0.8155379131561893,12344
W,10068,19.358647522381652,0.8156189241736876,12344
W,10069,19.358647522381652,0.815699935191186,12344
W,10070,19.428252603582404,0.8157809462086844,12344
W,10071,19.43326705445945,0.8158619572261827,12344
W,10072,19.44377553159078,0.8159429682436812,12344
W,10073,19.44377553159078,0.8160239792611795,12344
W,10074,19.46722603826011,0.8161049902786779,12344
W,10075,19.505116780140014,0.8161860012961762,12344
W,10076,19.518406141434326,0.8162670123136747,12344
W,10077,19.518406141434326,0.8163480233311731,12344
W,10078,19.518406141434326,0.8164290343486714,12344
W,10079,19.518406141434326,0.8165100453661698,12344
W,10080,19.518406141434326,0.8165910563836681,12344
W,10081,19.518406141434326,0.8166720674011666,12344
W,10082,19.533693427567826,0.816753078418665,12344
W,10083,19.721367161978314,0.8168340894361633,12344
W,10084,19.721367161978314,0.8169151004536617,12344
W,10085,19.721367161978314,0.81699611147116,12344
W,10086,19.721367161978314,0.8170771224886585,12344
W,10087,19.721367161978314,0.8171581335061568,12344
W,10088,19.721367161978314,0.8172391445236552,12344
W,10089,19.721367161978314,0.8173201555411536,12344
W,10090,19.721367161978314,0.817401166558652,12344
W,10091,19.721367161978314,0.8174821775761504,12344
W,10092,19.721367161978314,0.8175631885936487,12344
W,10093,19.721367161978314,0.8176441996111471,12344
W,10094,19.721367161978314,0.8177252106286454,12344
W,10095,19.721367161978314,0.8178062216461439,12344
W,10096,19.721367161978314,0.8178872326636423,12344
W,10097,19.80340625866106,0.8179682436811406,12344
W,10098,19.823876850242467,0.818049254698639,12344
W,10099,19.838225601218166,0.8181302657161373,12344
W,10100,19.872759612496736,0.8182112767336358,12344
W,10101,19.872759612496736,0.8182922877511342,12344
W,10102,19.876433556276186,0.8183732987686325,12344
W,10103,19.956354163984678,0.8184543097861309,12344
W,10104,20.059208451036234,0.8185353208036293,12344
W,10105,20.09763155670553,0.8186163318211277,12344
W,10106,20.133845723052044,0.818697342838626,12344
W,10107,20.145554190691477,0.8187783538561244,12344
W,10108,20.17424141857996,0.8188593648736228,12344
W,10109,20.180474179148874,0.8189403758911212,12344
W,10110,20.180474179148874,0.8190213869086196,12344
W,10111,20.188814748688305,0.8191023979261179,12344
W,10112,20.188814748688305,0.8191834089436163,12344
W,10113,20.245462781807852,0.8192644199611148,12344
W,10114,20.260118927482623,0.8193454309786131,12344
W,10115,20.260118927482623,0.8194264419961115,12344
W,10116,20.373121658762965,0.8195074530136098,12344
W,10117,20.373225483938853,0.8195884640311082,12344
W,10118,20.373225483938853,0.8196694750486067,12344
W,10119,20.373225483938853,0.819750486066105,12344
W,10120,20.373225483938853,0.8198314970836034,12344
W,10121,20.373225483938853,0.8199125081011017,12344
W,10122,20.373225483938853,0.8199935191186001,12344
W,10123,20.373225483938853,0.8200745301360985,12344
W,10124,20.373225483938853,0.8201555411535969,12344
W,10125,20.373225483938853,0.8202365521710953,12344
W,10126,20.373225483938853,0.8203175631885936,12344
W,10127,20.373225483938853,0.8203985742060921,12344
W,10128,20.376516048913086,0.8204795852235904,12344
W,10129,20.439219401040784,0.8205605962410888,12344
W,10130,20.44376142766347,0.8206416072585871,12344
W,10131,20.44376142766347,0.8207226182760855,12344
W,10132,20.44376142766347,0.820803629293584,12344
W,10133,20.44376142766347,0.8208846403110823,12344
W,10134,20.44376142766347,0.8209656513285807,12344
W,10135,20.44376142766347,0.821046662346079,12344
W,10136,20.44376142766347,0.8211276733635774,12344
W,10137,20.486437820927364,0.8212086843810759,12344
W,10138,20.545351428694552,0.8212896953985742,12344
W,10139,20.545351428694552,0.8213707064160726,12344
W,10140,20.545351428694552,0.8214517174335709,12344
W,10141,20.545351428694552,0.8215327284510694,12344
W,10142,20.567443830522862,0.8216137394685677,12344
W,10143,20.61041471905908,0.8216947504860661,12344
W,10144,20.697135748037656,0.8217757615035645,12344
W,10145,20.697135748037656,0.8218567725210628,12344
W,10146,20.697135748037656,0.8219377835385613,12344
W,10147,20.697135748037656,0.8220187945560596,12344
W,10148,20.726319869998477,0.822099805573558,12344
W,10149,20.726319869998477,0.8221808165910564,12344
W,10150,20.726319869998477,0.8222618276085548,12344
W,10151,20.797978435402317,0.8223428386260532,12344
W,10152,20.797978435402317,0.8224238496435515,12344
W,10153,20.797978435402317,0.8225048606610499,12344
W,10154,20.92538608462816,0.8225858716785482,12344
W,10155,20.9694030736067,0.8226668826960467,12344
W,10156,20.976624415360707,0.8227478937135451,12344
W,10157,20.976624415360707,0.8228289047310434,12344
W,10158,20.997869679098773,0.8229099157485418,12344
W,10159,20.997869679098773,0.8229909267660401,12344
W,10160,20.997869679098773,0.8230719377835386,12344
W,10161,20.997869679098773,0.823152948801037,12344
W,10162,20.997869679098773,0.8232339598185353,12344
W,10163,20.997869679098773,0.8233149708360337,12344
W,10164,20.997869679098773,0.8233959818535321,12344
W,10165,20.997869679098773,0.8234769928710305,12344
W,10166,20.997869679098773,0.8235580038885288,12344
W,10167,21.058898776144982,0.8236390149060272,12344
W,10168,21.145216167582717,0.8237200259235256,12344
W,10169,21.145216167582717,0.823801036941024,12344
W,10170,21.145216167582717,0.8238820479585224,12344
W,10171,21.145216167582717,0.8239630589760207,12344
W,10172,21.175782600412944,0.8240440699935191,12344
W,10173,21.177722067842357,0.8241250810110174,12344
W,10174,21.183361264249104,0.8242060920285159,12344
W,10175,21.183361264249104,0.8242871030460143,12344
W,10176,21.183361264249104,0.8243681140635126,12344
W,10177,21.183361264249104,0.824449125081011,12344
W,10178,21.183361264249104,0.8245301360985094,12344
W,10179,21.183361264249104,0.8246111471160078,12344
W,10180,21.183361264249104,0.8246921581335062,12344
W,10181,21.183361264249104,0.8247731691510045,12344
W,10182,21.205432110581494,0.8248541801685029,12344
W,10183,21.23428101766993,0.8249351911860013,12344
W,10184,21.271899343745844,0.8250162022034997,12344
W,10185,21.271899343745844,0.825097213220998,12344
W,10186,21.271899343745844,0.8251782242384964,12344
W,10187,21.271899343745844,0.8252592352559948,12344
W,10188,21.271899343745844,0.8253402462734932,12344
W,10189,21.271899343745844,0.8254212572909916,12344
W,10190,21.271899343745844,0.8255022683084899,12344
W,10191,21.271899343745844,0.8255832793259883,12344
W,10192,21.271899343745844,0.8256642903434868,12344
W,10193,21.271899343745844,0.8257453013609851,12344
W,10194,21.271899343745844,0.8258263123784835,12344
W,10195,21.271899343745844,0.8259073233959818,12344
W,10196,21.271899343745844,0.8259883344134802,12344
W,10197,21.271899343745844,0.8260693454309787,12344
W,10198,21.271899343745844,0.826150356448477,12344
W,10199,21.271899343745844,0.8262313674659754,12344
W,10200,21.271899343745844,0.8263123784834737,12344
W,10201,21.2935616035362,0.8263933895009722,12344
W,10202,21.2935616035362,0.8264744005184705,12344
W,10203,21.29675219245191,0.8265554115359689,12344
W,10204,21.311932686403857,0.8266364225534673,12344
W,10205,21.324276654865535,0.8267174335709656,12344
W,10206,21.413010191562783,0.8267984445884641,12344
W,10207,21.413010191562783,0.8268794556059624,12344
W,10208,21.448002756357795,0.8269604666234608,12344
W,10209,21.4553296859728,0.8270414776409591,12344
W,10210,21.4553296859728,0.8271224886584575,12344
W,10211,21.460937652668008,0.827203499675956,12344
W,10212,21.510243107379903,0.8272845106934543,12344
W,10213,21.510243107379903,0.8273655217109527,12344
W,10214,21.552782442348114,0.827446532728451,12344
W,10215,21.557082368796948,0.8275275437459495,12344
W,10216,21.558431419407587,0.8276085547634479,12344
W,10217,21.558431419407587,0.8276895657809462,12344
W,10218,21.558431419407587,0.8277705767984446,12344
W,10219,21.590426906479678,0.8278515878159429,12344
W,10220,21.590426906479678,0.8279325988334414,12344
W,10221,21.590426906479678,0.8280136098509397,12344
W,10222,21.590426906479678,0.8280946208684381,12344
W,10223,21.590426906479678,0.8281756318859365,12344
W,10224,21.590426906479678,0.8282566429034348,12344
W,10225,21.590426906479678,0.8283376539209333,12344
W,10226,21.590426906479678,0.8284186649384316,12344
W,10227,21.590426906479678,0.82849967595593,12344
W,10228,21.590426906479678,0.8285806869734283,12344
W,10229,21.590426906479678,0.8286616979909268,12344
W,10230,21.590426906479678,0.8287427090084252,12344
W,10231,21.590426906479678,0.8288237200259235,12344
W,10232,21.590426906479678,0.8289047310434219,12344
W,10233,21.590426906479678,0.8289857420609202,12344
W,10234,21.590426906479678,0.8290667530784187,12344
W,10235,21.590426906479678,0.8291477640959171,12344
W,10236,21.590426906479678,0.8292287751134154,12344
W,10237,21.590426906479678,0.8293097861309138,12344
W,10238,21.590426906479678,0.8293907971484121,12344
W,10239,21.590426906479678,0.8294718081659106,12344
W,10240,21.590426906479678,0.829552819183409,12344
W,10241,21.590426906479678,0.8296338302009073,12344
W,10242,21.590426906479678,0.8297148412184057,12344
W,10243,21.590426906479678,0.8297958522359041,12344
W,10244,21.590426906479678,0.8298768632534025,12344
W,10245,21.590426906479678,0.8299578742709008,12344
W,10246,21.590426906479678,0.8300388852883992,12344
W,10247,21.590426906479678,0.8301198963058976,12344
W,10248,21.590426906479678,0.830200907323396,12344
W,10249,21.590426906479678,0.8302819183408944,12344
W,10250,21.64257273386796,0.8303629293583927,12344
W,10251,21.790328142604736,0.8304439403758911,12344
W,10252,21.813812428546882,0.8305249513933896,12344
W,10253,21.861232212108956,0.8306059624108879,12344
W,10254,21.863629845980554,0.8306869734283863,12344
W,10255,21.863629845980554,0.8307679844458846,12344
W,10256,21.863647689800885,0.830848995463383,12344
W,10257,21.896773529688456,0.8309300064808814,12344
W,10258,21.913492396687673,0.8310110174983798,12344
W,10259,21.913492396687673,0.8310920285158782,12344
W,10260,21.913492396687673,0.8311730395333765,12344
W,10261,21.913492396687673,0.8312540505508749,12344
W,10262,21.913492396687673,0.8313350615683733,12344
W,10263,21.913492396687673,0.8314160725858717,12344
W,10264,21.913492396687673,0.83149708360337,12344
W,10265,21.940952269804804,0.8315780946208684,12344
W,10266,21.948663135046846,0.8316591056383669,12344
W,10267,21.976912157956555,0.8317401166558652,12344
W,10268,22.002824944074177,0.8318211276733636,12344
W,10269,22.011519372528515,0.8319021386908619,12344
W,10270,22.017205652701616,0.8319831497083603,12344
W,10271,22.017205652701616,0.8320641607258588,12344
W,10272,22.017205652701616,0.8321451717433571,12344
W,10273,22.017205652701616,0.8322261827608555,12344
W,10274,22.017205652701616,0.8323071937783538,12344
W,10275,22.017205652701616,0.8323882047958522,12344
W,10276,22.017205652701616,0.8324692158133506,12344
W,10277,22.017205652701616,0.832550226830849,12344
W,10278,22.017205652701616,0.8326312378483474,12344
W,10279,22.017205652701616,0.8327122488658457,12344
W,10280,22.017205652701616,0.8327932598833442,12344
W,10281,22.017205652701616,0.8328742709008425,12344
W,10282,22.017205652701616,0.8329552819183409,12344
W,10283,22.017205652701616,0.8330362929358393,12344
W,10284,22.017205652701616,0.8331173039533376,12344
W,10285,22.017205652701616,0.8331983149708361,12344
W,10286,22.017205652701616,0.8332793259883344,12344
W,10287,22.02680557022266,0.8333603370058328,12344
W,10288,22.02680557022266,0.8334413480233311,12344
W,10289,22.032932059185928,0.8335223590408296,12344
W,10290,22.032932059185928,0.833603370058328,12344
W,10291,22.032932059185928,0.8336843810758263,12344
W,10292,22.032932059185928,0.8337653920933247,12344
W,10293,22.087622553631277,0.833846403110823,12344
W,10294,22.087622553631277,0.8339274141283215,12344
W,10295,22.24144985601192,0.8340084251458199,12344
W,10296,22.292139046179027,0.8340894361633182,12344
W,10297,22.301494097738427,0.8341704471808166,12344
W,10298,22.359498295188015,0.8342514581983149,12344
W,10299,22.364124511773987,0.8343324692158134,12344
W,10300,22.364124511773987,0.8344134802333117,12344
W,10301,22.364124511773987,0.8344944912508101,12344
W,10302,22.364124511773987,0.8345755022683085,12344
W,10303,22.364124511773987,0.8346565132858069,12344
W,10304,22.364124511773987,0.8347375243033053,12344
W,10305,22.364124511773987,0.8348185353208036,12344
W,10306,22.364124511773987,0.834899546338302,12344
W,10307,22.364124511773987,0.8349805573558003,12344
W,10308,22.364124511773987,0.8350615683732988,12344
W,10309,22.364124511773987,0.8351425793907972,12344
W,10310,22.40096524698699,0.8352235904082955,12344
W,10311,22.409406242606494,0.8353046014257939,12344
W,10312,22.409406242606494,0.8353856124432922,12344
W,10313,22.419825601706517,0.8354666234607907,12344
W,10314,22.444500663670276,0.8355476344782891,12344
W,10315,22.466005256295976,0.8356286454957874,12344
W,10316,22.52521038988681,0.8357096565132858,12344
W,10317,22.52521038988681,0.8357906675307842,12344
W,10318,22.53418695879277,0.8358716785482826,12344
W,10319,22.53418695879277,0.835952689565781,12344
W,10320,22.53418695879277,0.8360337005832793,12344
W,10321,22.62074870570902,0.8361147116007777,12344
W,10322,22.62074870570902,0.8361957226182761,12344
W,10323,22.6377565851256,0.8362767336357745,12344
W,10324,22.684857682157084,0.8363577446532728,12344
W,10325,22.8033451398707,0.8364387556707712,12344
W,10326,22.81686441270792,0.8365197666882696,12344
W,10327,22.81686441270792,0.836600777705768,12344
W,10328,22.81686441270792,0.8366817887232664,12344
W,10329,22.81686441270792,0.8367627997407647,12344
W,10330,22.81686441270792,0.8368438107582631,12344
W,10331,22.85584155129932,0.8369248217757616,12344
W,10332,22.85584155129932,0.8370058327932599,12344
W,10333,22.85584155129932,0.8370868438107583,12344
W,10334,22.85584155129932,0.8371678548282566,12344
W,10335,22.85584155129932,0.837248865845755,12344
W,10336,22.892448393173236,0.8373298768632534,12344
W,10337,22.96571272789773,0.8374108878807518,12344
W,10338,22.979125963821627,0.8374918988982502,12344
W,10339,22.979125963821627,0.8375729099157485,12344
W,10340,22.979125963821627,0.837653920933247,12344
W,10341,22.979125963821627,0.8377349319507453,12344
W,10342,22.979125963821627,0.8378159429682437,12344
W,10343,22.979125963821627,0.837896953985742,12344
W,10344,22.99086456483069,0.8379779650032404,12344
W,10345,22.99086456483069,0.8380589760207389,12344
W,10346,22.99086456483069,0.8381399870382372,12344
W,10347,23.157633196541347,0.8382209980557356,12344
W,10348,23.324128891437557,0.8383020090732339,12344
W,10349,23.324128891437557,0.8383830200907323,12344
W,10350,23.324128891437557,0.8384640311082308,12344
W,10351,23.324128891437557,0.8385450421257291,12344
W,10352,23.324128891437557,0.8386260531432275,12344
W,10353,23.324128891437557,0.8387070641607258,12344
W,10354,23.324128891437557,0.8387880751782243,12344
W,10355,23.324128891437557,0.8388690861957226,12344
W,10356,23.324128891437557,0.838950097213221,12344
W,10357,23.324128891437557,0.8390311082307194,12344
W,10358,23.41422121419385,0.8391121192482177,12344
W,10359,23.434404977428358,0.8391931302657162,12344
W,10360,23.4496394827251,0.8392741412832145,12344
W,10361,23.4496394827251,0.8393551523007129,12344
W,10362,23.4496394827251,0.8394361633182112,12344
W,10363,23.4496394827251,0.8395171743357096,12344
W,10364,23.4496394827251,0.8395981853532081,12344
W,10365,23.4496394827251,0.8396791963707064,12344
W,10366,23.4496394827251,0.8397602073882048,12344
W,10367,23.4496394827251,0.8398412184057031,12344
W,10368,23.4496394827251,0.8399222294232016,12344
W,10369,23.4496394827251,0.8400032404407,12344
W,10370,23.4496394827251,0.8400842514581983,12344
W,10371,23.4496394827251,0.8401652624756967,12344
W,10372,23.4496394827251,0.840246273493195,12344
W,10373,23.4496394827251,0.8403272845106935,12344
W,10374,23.4496394827251,0.8404082955281919,12344
W,10375,23.4496394827251,0.8404893065456902,12344
W,10376,23.4496394827251,0.8405703175631886,12344
W,10377,23.4890588227408,0.8406513285806869,12344
W,10378,23.530786768704694,0.8407323395981854,12344
W,10379,23.530786768704694,0.8408133506156837,12344
W,10380,23.530786768704694,0.8408943616331821,12344
W,10381,23.530786768704694,0.8409753726506805,12344
W,10382,23.530786768704694,0.8410563836681789,12344
W,10383,23.530786768704694,0.8411373946856773,12344
W,10384,23.530786768704694,0.8412184057031756,12344
W,10385,23.530786768704694,0.841299416720674,12344
W,10386,23.530786768704694,0.8413804277381723,12344
W,10387,23.530786768704694,0.8414614387556708,12344
W,10388,23.533310123921712,0.8415424497731692,12344
W,10389,23.654418659594526,0.8416234607906675,12344
W,10390,23.729231869966796,0.8417044718081659,12344
W,10391,23.741472716552437,0.8417854828256643,12344
W,10392,23.79433348546799,0.8418664938431627,12344
W,10393,23.804488608095852,0.8419475048606611,12344
W,10394,23.981735586523698,0.8420285158781594,12344
W,10395,24.017042303075176,0.8421095268956578,12344
W,10396,24.071511061128835,0.8421905379131562,12344
W,10397,24.19382781732474,0.8422715489306546,12344
W,10398,24.19382781732474,0.842352559948153,12344
W,10399,24.19382781732474,0.8424335709656513,12344
W,10400,24.19382781732474,0.8425145819831497,12344
W,10401,24.29478417675221,0.8425955930006481,12344
W,10402,24.33037723369471,0.8426766040181465,12344
W,10403,24.33037723369471,0.8427576150356448,12344
W,10404,24.33037723369471,0.8428386260531432,12344
W,10405,24.33037723369471,0.8429196370706417,12344
W,10406,24.33037723369471,0.84300064808814,12344
W,10407,24.33037723369471,0.8430816591056384,12344
W,10408,24.37582977529842,0.8431626701231367,12344
W,10409,24.483941809818013,0.8432436811406351,12344
W,10410,24.4869905112084,0.8433246921581335,12344
W,10411,24.4869905112084,0.8434057031756319,12344
W,10412,24.4869905112084,0.8434867141931303,12344
W,10413,24.54126562885542,0.8435677252106286,12344
W,10414,24.55777023319449,0.843648736228127,12344
W,10415,24.55777023319449,0.8437297472456254,12344
W,10416,24.55777023319449,0.8438107582631238,12344
W,10417,24.563672827201533,0.8438917692806222,12344
W,10418,24.563672827201533,0.8439727802981205,12344
W,10419,24.563672827201533,0.844053791315619,12344
W,10420,24.563672827201533,0.8441348023331173,12344
W,10421,24.563672827201533,0.8442158133506157,12344
W,10422,24.563672827201533,0.844296824368114,12344
W,10423,24.563672827201533,0.8443778353856124,12344
W,10424,24.563672827201533,0.8444588464031109,12344
W,10425,24.563672827201533,0.8445398574206092,12344
W,10426,24.600244677531684,0.8446208684381076,12344
W,10427,24.600244677531684,0.8447018794556059,12344
W,10428,24.619483766376973,0.8447828904731044,12344
W,10429,24.619483766376973,0.8448639014906028,12344
W,10430,24.619483766376973,0.8449449125081011,12344
W,10431,24.619483766376973,0.8450259235255995,12344
W,10432,24.619483766376973,0.8451069345430978,12344
W,10433,24.619483766376973,0.8451879455605963,12344
W,10434,24.619483766376973,0.8452689565780946,12344
W,10435,25.021196440918434,0.845349967595593,12344
W,10436,25.021196440918434,0.8454309786130914,12344
W,10437,25.021196440918434,0.8455119896305897,12344
W,10438,25.021196440918434,0.8455930006480882,12344
W,10439,25.021196440918434,0.8456740116655865,12344
W,10440,25.021196440918434,0.8457550226830849,12344
W,10441,25.021196440918434,0.8458360337005832,12344
W,10442,25.021196440918434,0.8459170447180817,12344
W,10443,25.021196440918434,0.8459980557355801,12344
W,10444,25.021196440918434,0.8460790667530784,12344
W,10445,25.021196440918434,0.8461600777705768,12344
W,10446,25.08197004561818,0.8462410887880751,12344
W,10447,25.09350735624777,0.8463220998055736,12344
W,10448,25.20963798269011,0.846403110823072,12344
W,10449,25.289166248456446,0.8464841218405703,12344
W,10450,25.289166248456446,0.8465651328580687,12344
W,10451,25.289166248456446,0.846646143875567,12344
W,10452,25.31124002020516,0.8467271548930655,12344
W,10453,25.424139218461,0.8468081659105638,12344
W,10454,25.45348916221132,0.8468891769280622,12344
W,10455,25.52022927122381,0.8469701879455606,12344
W,10456,25.713969590005558,0.847051198963059,12344
W,10457,25.73373807761412,0.8471322099805574,12344
W,10458,25.73373807761412,0.8472132209980557,12344
W,10459,25.73373807761412,0.8472942320155541,12344
W,10460,25.73373807761412,0.8473752430330524,12344
W,10461,25.73373807761412,0.8474562540505509,12344
W,10462,25.73373807761412,0.8475372650680493,12344
W,10463,25.73373807761412,0.8476182760855476,12344
W,10464,25.73373807761412,0.847699287103046,12344
W,10465,25.73373807761412,0.8477802981205443,12344
W,10466,25.73373807761412,0.8478613091380428,12344
W,10467,25.73373807761412,0.8479423201555412,12344
W,10468,25.775744963252304,0.8480233311730395,12344
W,10469,25.91415721581717,0.8481043421905379,12344
W,10470,25.95637762907441,0.8481853532080363,12344
W,10471,25.95637762907441,0.8482663642255347,12344
W,10472,25.95637762907441,0.848347375243033,12344
W,10473,25.95637762907441,0.8484283862605314,12344
W,10474,25.972852641436354,0.8485093972780298,12344
W,10475,25.972852641436354,0.8485904082955282,12344
W,10476,26.007470879019976,0.8486714193130266,12344
W,10477,26.09883223660196,0.8487524303305249,12344
W,10478,26.11089036854119,0.8488334413480233,12344
W,10479,26.231552424897835,0.8489144523655218,12344
W,10480,26.294281360654267,0.8489954633830201,12344
W,10481,26.41373817859851,0.8490764744005185,12344
W,10482,26.562066221516538,0.8491574854180168,12344
W,10483,26.562066221516538,0.8492384964355152,12344
W,10484,26.562066221516538,0.8493195074530137,12344
W,10485,26.574976187286424,0.849400518470512,12344
W,10486,26.58087285099434,0.8494815294880104,12344
W,10487,26.58087285099434,0.8495625405055087,12344
W,10488,26.60680228206245,0.8496435515230071,12344
W,10489,26.692982575441857,0.8497245625405055,12344
W,10490,26.71033460339934,0.8498055735580039,12344
W,10491,26.80889486206442,0.8498865845755023,12344
W,10492,26.914979198989258,0.8499675955930006,12344
W,10493,27.172411786035138,0.8500486066104991,12344
W,10494,27.187735320744437,0.8501296176279974,12344
W,10495,27.2102239704918,0.8502106286454958,12344
W,10496,27.520469479825813,0.8502916396629941,12344
W,10497,27.531480098170125,0.8503726506804925,12344
W,10498,27.531480098170125,0.850453661697991,12344
W,10499,27.532922157268104,0.8505346727154893,12344
W,10500,27.585079581061034,0.8506156837329877,12344
W,10501,27.634949492722303,0.850696694750486,12344
W,10502,28.006060102035182,0.8507777057679844,12344
W,10503,28.124269903501176,0.8508587167854829,12344
W,10504,28.18925462468626,0.8509397278029812,12344
W,10505,28.20328379596805,0.8510207388204796,12344
W,10506,28.20328379596805,0.8511017498379779,12344
W,10507,28.37436357349283,0.8511827608554764,12344
W,10508,28.37436357349283,0.8512637718729748,12344
W,10509,28.37436357349283,0.8513447828904731,12344
W,10510,28.37436357349283,0.8514257939079715,12344
W,10511,28.374600002530656,0.8515068049254698,12344
W,10512,28.374600002530656,0.8515878159429683,12344
W,10513,28.374600002530656,0.8516688269604666,12344
W,10514,28.374600002530656,0.851749837977965,12344
W,10515,28.374600002530656,0.8518308489954634,12344
W,10516,28.374600002530656,0.8519118600129617,12344
W,10517,28.374600002530656,0.8519928710304602,12344
W,10518,28.374600002530656,0.8520738820479585,12344
W,10519,28.374600002530656,0.8521548930654569,12344
W,10520,28.50755558283618,0.8522359040829552,12344
W,10521,28.50755558283618,0.8523169151004537,12344
W,10522,28.6820845013758,0.8523979261179521,12344
W,10523,28.82066800103278,0.8524789371354504,12344
W,10524,28.87679705071684,0.8525599481529488,12344
W,10525,29.03267537361047,0.8526409591704471,12344
W,10526,29.03267537361047,0.8527219701879456,12344
W,10527,29.03267537361047,0.852802981205444,12344
W,10528,29.03267537361047,0.8528839922229423,12344
W,10529,29.03267537361047,0.8529650032404407,12344
W,10530,29.03267537361047,0.8530460142579391,12344
W,10531,29.03267537361047,0.8531270252754375,12344
W,10532,29.03267537361047,0.8532080362929358,12344
W,10533,29.03267537361047,0.8532890473104342,12344
W,10534,29.03267537361047,0.8533700583279326,12344
W,10535,29.03267537361047,0.853451069345431,12344
W,10536,29.06169202257684,0.8535320803629294,12344
W,10537,29.070635210432037,0.8536130913804277,12344
W,10538,29.070635210432037,0.8536941023979261,12344
W,10539,29.080287389384065,0.8537751134154244,12344
W,10540,29.13430129929611,0.8538561244329229,12344
W,10541,29.13430129929611,0.8539371354504213,12344
W,10542,29.13430129929611,0.8540181464679196,12344
W,10543,29.13430129929611,0.854099157485418,12344
W,10544,29.39750154664946,0.8541801685029164,12344
W,10545,29.39750154664946,0.8542611795204148,12344
W,10546,29.39750154664946,0.8543421905379132,12344
W,10547,29.39750154664946,0.8544232015554115,12344
W,10548,29.39750154664946,0.8545042125729099,12344
W,10549,29.39750154664946,0.8545852235904083,12344
W,10550,29.39750154664946,0.8546662346079067,12344
W,10551,29.39750154664946,0.854747245625405,12344
W,10552,29.39750154664946,0.8548282566429034,12344
W,10553,29.39750154664946,0.8549092676604018,12344
W,10554,29.39750154664946,0.8549902786779002,12344
W,10555,29.39750154664946,0.8550712896953986,12344
W,10556,29.449750850740458,0.8551523007128969,12344
W,10557,29.529651789467735,0.8552333117303953,12344
W,10558,29.529651789467735,0.8553143227478938,12344
W,10559,29.529651789467735,0.8553953337653921,12344
W,10560,29.529651789467735,0.8554763447828905,12344
W,10561,29.529651789467735,0.8555573558003888,12344
W,10562,29.772839904042026,0.8556383668178872,12344
W,10563,29.780776916018368,0.8557193778353857,12344
W,10564,29.89382309232179,0.855800388852884,12344
W,10565,29.89382309232179,0.8558813998703824,12344
W,10566,29.89382309232179,0.8559624108878807,12344
W,10567,29.947861394631797,0.8560434219053791,12344
W,10568,29.964969534145528,0.8561244329228775,12344
W,10569,29.964969534145528,0.8562054439403759,12344
W,10570,30.162083857896324,0.8562864549578743,12344
W,10571,30.18312416558159,0.8563674659753726,12344
W,10572,30.2855182229628,0.8564484769928711,12344
W,10573,30.37717317494056,0.8565294880103694,12344
W,10574,30.426524416594624,0.8566104990278678,12344
W,10575,30.426524416594624,0.8566915100453661,12344
W,10576,30.43038742197231,0.8567725210628645,12344
W,10577,30.43038742197231,0.856853532080363,12344
W,10578,30.494046437175072,0.8569345430978613,12344
W,10579,30.51198018202207,0.8570155541153597,12344
W,10580,30.662961860432215,0.857096565132858,12344
W,10581,30.817009073431418,0.8571775761503565,12344
W,10582,30.918844786741307,0.8572585871678549,12344
W,10583,30.994600753160903,0.8573395981853532,12344
W,10584,30.994600753160903,0.8574206092028516,12344
W,10585,30.994600753160903,0.8575016202203499,12344
W,10586,30.994600753160903,0.8575826312378484,12344
W,10587,31.12178918643093,0.8576636422553467,12344
W,10588,31.2006221387042,0.8577446532728451,12344
W,10589,31.37155757699643,0.8578256642903435,12344
W,10590,31.48796979302462,0.8579066753078418,12344
W,10591,31.48796979302462,0.8579876863253403,12344
W,10592,31.62685867749746,0.8580686973428386,12344
W,10593,31.640787633146953,0.858149708360337,12344
W,10594,31.640787633146953,0.8582307193778353,12344
W,10595,31.78248309261854,0.8583117303953338,12344
W,10596,31.78248309261854,0.8583927414128322,12344
W,10597,31.78248309261854,0.8584737524303305,12344
W,10598,31.78248309261854,0.8585547634478289,12344
W,10599,31.78248309261854,0.8586357744653272,12344
W,10600,31.78248309261854,0.8587167854828257,12344
W,10601,31.78248309261854,0.8587977965003241,12344
W,10602,31.78248309261854,0.8588788075178224,12344
W,10603,31.78248309261854,0.8589598185353208,12344
W,10604,31.82545692901758,0.8590408295528191,12344
W,10605,31.82545692901758,0.8591218405703176,12344
W,10606,32.05402414408801,0.859202851587816,12344
W,10607,32.19626982973498,0.8592838626053143,12344
W,10608,32.506842362598945,0.8593648736228127,12344
W,10609,32.54022041118445,0.8594458846403111,12344
W,10610,32.56232442044134,0.8595268956578095,12344
W,10611,32.56232442044134,0.8596079066753078,12344
W,10612,32.56232442044134,0.8596889176928062,12344
W,10613,32.670846787838315,0.8597699287103046,12344
W,10614,32.670846787838315,0.859850939727803,12344
W,10615,32.670846787838315,0.8599319507453014,12344
W,10616,32.670846787838315,0.8600129617627997,12344
W,10617,32.670846787838315,0.8600939727802981,12344
W,10618,32.670846787838315,0.8601749837977966,12344
W,10619,32.670846787838315,0.8602559948152949,12344
W,10620,32.670846787838315,0.8603370058327933,12344
W,10621,32.891315626991165,0.8604180168502916,12344
W,10622,33.05327791588125,0.86049902786779,12344
W,10623,33.05327791588125,0.8605800388852884,12344
W,10624,33.0749386921344,0.8606610499027868,12344
W,10625,33.08987299660627,0.8607420609202852,12344
W,10626,33.08987299660627,0.8608230719377835,12344
W,10627,33.08993606093896,0.8609040829552819,12344
W,10628,33.12476034339974,0.8609850939727803,12344
W,10629,33.12476034339974,0.8610661049902787,12344
W,10630,33.13498872837176,0.861147116007777,12344
W,10631,33.13498872837176,0.8612281270252754,12344
W,10632,33.13498872837176,0.8613091380427739,12344
W,10633,33.268552230774134,0.8613901490602722,12344
W,10634,33.268552230774134,0.8614711600777706,12344
W,10635,33.268552230774134,0.8615521710952689,12344
W,10636,33.268552230774134,0.8616331821127673,12344
W,10637,33.268552230774134,0.8617141931302658,12344
W,10638,33.268552230774134,0.8617952041477641,12344
W,10639,33.268552230774134,0.8618762151652625,12344
W,10640,33.268552230774134,0.8619572261827608,12344
W,10641,33.268552230774134,0.8620382372002592,12344
W,10642,33.268552230774134,0.8621192482177576,12344
W,10643,33.268552230774134,0.862200259235256,12344
W,10644,33.268552230774134,0.8622812702527544,12344
W,10645,33.268552230774134,0.8623622812702527,12344
W,10646,33.268552230774134,0.8624432922877512,12344
W,10647,33.268552230774134,0.8625243033052495,12344
W,10648,33.6953293755375,0.8626053143227479,12344
W,10649,33.71261692491596,0.8626863253402463,12344
W,10650,33.847989478971385,0.8627673363577446,12344
W,10651,33.847989478971385,0.8628483473752431,12344
W,10652,34.04359365901371,0.8629293583927414,12344
W,10653,34.07849697640428,0.8630103694102398,12344
W,10654,34.24286649679041,0.8630913804277381,12344
W,10655,34.30826186864004,0.8631723914452365,12344
W,10656,34.45550976067575,0.863253402462735,12344
W,10657,34.45550976067575,0.8633344134802333,12344
W,10658,34.502688597571606,0.8634154244977317,12344
W,10659,34.74239567663795,0.86349643551523,12344
W,10660,34.95758120340026,0.8635774465327285,12344
W,10661,34.95946698319293,0.8636584575502269,12344
W,10662,35.05190659059614,0.8637394685677252,12344
W,10663,35.05190659059614,0.8638204795852236,12344
W,10664,35.05190659059614,0.8639014906027219,12344
W,10665,35.257314096173836,0.8639825016202204,12344
W,10666,35.257314096173836,0.8640635126377187,12344
W,10667,35.257314096173836,0.8641445236552171,12344
W,10668,35.257314096173836,0.8642255346727155,12344
W,10669,35.34959353446412,0.8643065456902139,12344
W,10670,35.34959353446412,0.8643875567077123,12344
W,10671,35.34959353446412,0.8644685677252106,12344
W,10672,35.34959353446412,0.864549578742709,12344
W,10673,35.34959353446412,0.8646305897602073,12344
W,10674,35.39756269615369,0.8647116007777058,12344
W,10675,35.61338330434325,0.8647926117952042,12344
W,10676,35.914361024653715,0.8648736228127025,12344
W,10677,35.914361024653715,0.8649546338302009,12344
W,10678,35.914361024653715,0.8650356448476992,12344
W,10679,35.914361024653715,0.8651166558651977,12344
W,10680,35.914361024653715,0.8651976668826961,12344
W,10681,36.00400000751141,0.8652786779001944,12344
W,10682,36.06570469666767,0.8653596889176928,12344
W,10683,36.48069025974096,0.8654406999351912,12344
W,10684,36.839622192909275,0.8655217109526896,12344
W,10685,36.839622192909275,0.865602721970188,12344
W,10686,36.994753618872764,0.8656837329876863,12344
W,10687,36.994753618872764,0.8657647440051847,12344
W,10688,36.994753618872764,0.8658457550226831,12344
W,10689,36.994753618872764,0.8659267660401815,12344
W,10690,36.994753618872764,0.8660077770576798,12344
W,10691,36.994753618872764,0.8660887880751782,12344
W,10692,36.994753618872764,0.8661697990926766,12344
W,10693,36.994753618872764,0.866250810110175,12344
W,10694,36.994753618872764,0.8663318211276734,12344
W,10695,36.994753618872764,0.8664128321451717,12344
W,10696,37.09384835800808,0.8664938431626701,12344
W,10697,37.09384835800808,0.8665748541801686,12344
W,10698,37.09384835800808,0.8666558651976669,12344
W,10699,37.29209335353125,0.8667368762151653,12344
W,10700,37.29209335353125,0.8668178872326636,12344
W,10701,37.29209335353125,0.866898898250162,12344
W,10702,37.29209335353125,0.8669799092676604,12344
W,10703,37.29209335353125,0.8670609202851588,12344
W,10704,37.29209335353125,0.8671419313026572,12344
W,10705,37.449416692929404,0.8672229423201555,12344
W,10706,37.59470438299797,0.8673039533376539,12344
W,10707,37.59470438299797,0.8673849643551523,12344
W,10708,37.59470438299797,0.8674659753726507,12344
W,10709,37.59470438299797,0.867546986390149,12344
W,10710,37.65609221300342,0.8676279974076474,12344
W,10711,37.733574813754934,0.8677090084251459,12344
W,10712,37.77424874358169,0.8677900194426442,12344
W,10713,37.99670345775714,0.8678710304601426,12344
W,10714,37.99670345775714,0.8679520414776409,12344
W,10715,37.99670345775714,0.8680330524951393,12344
W,10716,37.99670345775714,0.8681140635126378,12344
W,10717,38.189348227604704,0.8681950745301361,12344
W,10718,38.333161267112956,0.8682760855476345,12344
W,10719,38.46982387133305,0.8683570965651328,12344
W,10720,38.46982387133305,0.8684381075826313,12344
W,10721,38.46982387133305,0.8685191186001296,12344
W,10722,38.46982387133305,0.868600129617628,12344
W,10723,38.55055428186304,0.8686811406351264,12344
W,10724,38.58042123096723,0.8687621516526247,12344
W,10725,38.620370887275826,0.8688431626701232,12344
W,10726,38.620370887275826,0.8689241736876215,12344
W,10727,38.620370887275826,0.8690051847051199,12344
W,10728,38.7371656696121,0.8690861957226182,12344
W,10729,38.958892891381936,0.8691672067401166,12344
W,10730,38.95944034872865,0.8692482177576151,12344
W,10731,38.9890168128427,0.8693292287751134,12344
W,10732,38.9890168128427,0.8694102397926118,12344
W,10733,38.9890168128427,0.8694912508101101,12344
W,10734,38.9890168128427,0.8695722618276086,12344
W,10735,39.00289913248707,0.869653272845107,12344
W,10736,39.036985841481645,0.8697342838626053,12344
W,10737,39.036985841481645,0.8698152948801037,12344
W,10738,39.036985841481645,0.869896305897602,12344
W,10739,39.13741783053834,0.8699773169151005,12344
W,10740,39.13741783053834,0.8700583279325989,12344
W,10741,39.13741783053834,0.8701393389500972,12344
W,10742,39.13741783053834,0.8702203499675956,12344
W,10743,39.13741783053834,0.8703013609850939,12344
W,10744,39.13741783053834,0.8703823720025924,12344
W,10745,39.13741783053834,0.8704633830200907,12344
W,10746,39.259896973187296,0.8705443940375891,12344
W,10747,39.26648229417223,0.8706254050550875,12344
W,10748,39.26648229417223,0.8707064160725859,12344
W,10749,39.52483219347968,0.8707874270900843,12344
W,10750,39.669698306803845,0.8708684381075826,12344
W,10751,39.6939703937132,0.870949449125081,12344
W,10752,39.72923656035916,0.8710304601425793,12344
W,10753,39.89487183115319,0.8711114711600778,12344
W,10754,39.89487183115319,0.8711924821775762,12344
W,10755,39.99888453737421,0.8712734931950745,12344
W,10756,39.99888453737421,0.8713545042125729,12344
W,10757,39.99888453737421,0.8714355152300713,12344
W,10758,39.99888453737421,0.8715165262475697,12344
W,10759,39.99888453737421,0.8715975372650681,12344
W,10760,39.99888453737421,0.8716785482825664,12344
W,10761,39.99888453737421,0.8717595593000648,12344
W,10762,39.99888453737421,0.8718405703175632,12344
W,10763,39.99888453737421,0.8719215813350616,12344
W,10764,39.99888453737421,0.87200259235256,12344
W,10765,40.01403368538574,0.8720836033700583,12344
W,10766,40.23305218688142,0.8721646143875567,12344
W,10767,40.23305218688142,0.8722456254050551,12344
W,10768,40.23305218688142,0.8723266364225535,12344
W,10769,40.23305218688142,0.8724076474400518,12344
W,10770,40.23305218688142,0.8724886584575502,12344
W,10771,40.23305218688142,0.8725696694750487,12344
W,10772,40.23305218688142,0.872650680492547,12344
W,10773,40.23305218688142,0.8727316915100454,12344
W,10774,40.23305218688142,0.8728127025275437,12344
W,10775,40.23305218688142,0.8728937135450421,12344
W,10776,40.378919873964186,0.8729747245625405,12344
W,10777,40.6528903628822,0.8730557355800389,12344
W,10778,40.72305476963368,0.8731367465975373,12344
W,10779,40.72305476963368,0.8732177576150356,12344
W,10780,40.8328003946581,0.873298768632534,12344
W,10781,40.8328003946581,0.8733797796500324,12344
W,10782,40.8328003946581,0.8734607906675308,12344
W,10783,40.99550237803687,0.8735418016850292,12344
W,10784,41.00692605009546,0.8736228127025275,12344
W,10785,41.00692605009546,0.873703823720026,12344
W,10786,41.00692605009546,0.8737848347375243,12344
W,10787,41.00692605009546,0.8738658457550227,12344
W,10788,41.00692605009546,0.873946856772521,12344
W,10789,41.00692605009546,0.8740278677900194,12344
W,10790,41.00692605009546,0.8741088788075179,12344
W,10791,41.00692605009546,0.8741898898250162,12344
W,10792,41.00692605009546,0.8742709008425146,12344
W,10793,41.00692605009546,0.8743519118600129,12344
W,10794,41.00692605009546,0.8744329228775113,12344
W,10795,41.00692605009546,0.8745139338950098,12344
W,10796,41.00692605009546,0.8745949449125081,12344
W,10797,41.00692605009546,0.8746759559300065,12344
W,10798,41.00692605009546,0.8747569669475048,12344
W,10799,41.00692605009546,0.8748379779650033,12344
W,10800,41.00692605009546,0.8749189889825016,12344
W,10801,41.00692605009546,0.875,12344
W,10802,41.00692605009546,0.8750810110174984,12344
W,10803,41.00692605009546,0.8751620220349967,12344
W,10804,41.00692605009546,0.8752430330524952,12344
W,10805,41.00692605009546,0.8753240440699935,12344
W,10806,41.00692605009546,0.8754050550874919,12344
W,10807,41.00692605009546,0.8754860661049902,12344
W,10808,41.00692605009546,0.8755670771224887,12344
W,10809,41.00692605009546,0.8756480881399871,12344
W,10810,41.00692605009546,0.8757290991574854,12344
W,10811,41.00692605009546,0.8758101101749838,12344
W,10812,41.00692605009546,0.8758911211924821,12344
W,10813,41.00692605009546,0.8759721322099806,12344
W,10814,41.00692605009546,0.876053143227479,12344
W,10815,41.071531182009515,0.8761341542449773,12344
W,10816,41.09629241405148,0.8762151652624757,12344
W,10817,41.09629241405148,0.876296176279974,12344
W,10818,41.11715423068722,0.8763771872974725,12344
W,10819,41.11715423068722,0.8764581983149708,12344
W,10820,41.11715423068722,0.8765392093324692,12344
W,10821,41.11715423068722,0.8766202203499676,12344
W,10822,41.48366405349569,0.876701231367466,12344
W,10823,41.48366405349569,0.8767822423849644,12344
W,10824,41.48366405349569,0.8768632534024627,12344
W,10825,41.48366405349569,0.8769442644199611,12344
W,10826,41.48366405349569,0.8770252754374595,12344
W,10827,41.48366405349569,0.8771062864549579,12344
W,10828,41.48366405349569,0.8771872974724563,12344
W,10829,41.48366405349569,0.8772683084899546,12344
W,10830,41.48366405349569,0.877349319507453,12344
W,10831,41.48366405349569,0.8774303305249513,12344
W,10832,41.48366405349569,0.8775113415424498,12344
W,10833,41.48366405349569,0.8775923525599482,12344
W,10834,41.48366405349569,0.8776733635774465,12344
W,10835,41.48366405349569,0.8777543745949449,12344
W,10836,41.48366405349569,0.8778353856124433,12344
W,10837,41.48366405349569,0.8779163966299417,12344
W,10838,41.48366405349569,0.87799740764744,12344
W,10839,41.48366405349569,0.8780784186649384,12344
W,10840,41.48366405349569,0.8781594296824368,12344
W,10841,41.48366405349569,0.8782404406999352,12344
W,10842,41.48366405349569,0.8783214517174336,12344
W,10843,41.48366405349569,0.8784024627349319,12344
W,10844,41.48366405349569,0.8784834737524303,12344
W,10845,41.48366405349569,0.8785644847699287,12344
W,10846,41.48366405349569,0.8786454957874271,12344
W,10847,41.48366405349569,0.8787265068049255,12344
W,10848,41.48366405349569,0.8788075178224238,12344
W,10849,41.520585942252296,0.8788885288399222,12344
W,10850,41.520585942252296,0.8789695398574207,12344
W,10851,41.520585942252296,0.879050550874919,12344
W,10852,41.520585942252296,0.8791315618924174,12344
W,10853,41.520585942252296,0.8792125729099157,12344
W,10854,41.520585942252296,0.8792935839274141,12344
W,10855,41.520585942252296,0.8793745949449125,12344
W,10856,41.520585942252296,0.8794556059624109,12344
W,10857,41.520585942252296,0.8795366169799093,12344
W,10858,41.520585942252296,0.8796176279974076,12344
W,10859,41.62587465312052,0.8796986390149061,12344
W,10860,41.62587465312052,0.8797796500324044,12344
W,10861,41.62587465312052,0.8798606610499028,12344
W,10862,41.62587465312052,0.8799416720674011,12344
W,10863,41.62587465312052,0.8800226830848995,12344
W,10864,41.62587465312052,0.880103694102398,12344
W,10865,41.62587465312052,0.8801847051198963,12344
W,10866,41.62587465312052,0.8802657161373947,12344
W,10867,41.62587465312052,0.880346727154893,12344
W,10868,41.62587465312052,0.8804277381723914,12344
W,10869,41.62587465312052,0.8805087491898899,12344
W,10870,41.62587465312052,0.8805897602073882,12344
W,10871,41.62587465312052,0.8806707712248866,12344
W,10872,41.62587465312052,0.8807517822423849,12344
W,10873,41.62587465312052,0.8808327932598834,12344
W,10874,41.62587465312052,0.8809138042773818,12344
W,10875,41.62587465312052,0.8809948152948801,12344
W,10876,41.67947962400875,0.8810758263123785,12344
W,10877,41.67947962400875,0.8811568373298768,12344
W,10878,41.69966939346344,0.8812378483473753,12344
W,10879,41.69966939346344,0.8813188593648736,12344
W,10880,41.74570874101794,0.881399870382372,12344
W,10881,41.77851462367152,0.8814808813998704,12344
W,10882,41.80442371273957,0.8815618924173687,12344
W,10883,41.80442371273957,0.8816429034348672,12344
W,10884,41.8221910245908,0.8817239144523655,12344
W,10885,41.852188450978566,0.8818049254698639,12344
W,10886,41.852188450978566,0.8818859364873622,12344
W,10887,41.852188450978566,0.8819669475048607,12344
W,10888,41.852188450978566,0.8820479585223591,12344
W,10889,41.852188450978566,0.8821289695398574,12344
W,10890,41.852188450978566,0.8822099805573558,12344
W,10891,41.852188450978566,0.8822909915748541,12344
W,10892,41.852188450978566,0.8823720025923526,12344
W,10893,41.852188450978566,0.882453013609851,12344
W,10894,41.852188450978566,0.8825340246273493,12344
W,10895,41.852188450978566,0.8826150356448477,12344
W,10896,41.852188450978566,0.8826960466623461,12344
W,10897,41.852188450978566,0.8827770576798445,12344
W,10898,41.852188450978566,0.8828580686973428,12344
W,10899,41.852188450978566,0.8829390797148412,12344
W,10900,41.852188450978566,0.8830200907323396,12344
W,10901,41.852188450978566,0.883101101749838,12344
W,10902,41.99508001804849,0.8831821127673364,12344
W,10903,42.83809875588004,0.8832631237848347,12344
W,10904,43.19366455023908,0.8833441348023331,12344
W,10905,43.36027212399506,0.8834251458198314,12344
W,10906,43.3978658183237,0.8835061568373299,12344
W,10907,43.3978658183237,0.8835871678548283,12344
W,10908,43.459451187295336,0.8836681788723266,12344
W,10909,43.472999638684335,0.883749189889825,12344
W,10910,43.472999638684335,0.8838302009073234,12344
W,10911,43.625480604982144,0.8839112119248218,12344
W,10912,43.625480604982144,0.8839922229423202,12344
W,10913,43.625480604982144,0.8840732339598185,12344
W,10914,43.62959634791765,0.8841542449773169,12344
W,10915,43.752405882314264,0.8842352559948153,12344
W,10916,44.204917824834475,0.8843162670123137,12344
W,10917,44.204917824834475,0.884397278029812,12344
W,10918,44.204917824834475,0.8844782890473104,12344
W,10919,44.204917824834475,0.8845593000648088,12344
W,10920,44.204917824834475,0.8846403110823072,12344
W,10921,44.204917824834475,0.8847213220998056,12344
W,10922,44.204917824834475,0.8848023331173039,12344
W,10923,44.204917824834475,0.8848833441348023,12344
W,10924,44.204917824834475,0.8849643551523008,12344
W,10925,44.204917824834475,0.8850453661697991,12344
W,10926,44.204917824834475,0.8851263771872975,12344
W,10927,44.204917824834475,0.8852073882047958,12344
W,10928,44.204917824834475,0.8852883992222942,12344
W,10929,44.204917824834475,0.8853694102397927,12344
W,10930,44.204917824834475,0.885450421257291,12344
W,10931,44.204917824834475,0.8855314322747894,12344
W,10932,44.204917824834475,0.8856124432922877,12344
W,10933,44.204917824834475,0.8856934543097861,12344
W,10934,44.204917824834475,0.8857744653272845,12344
W,10935,44.204917824834475,0.8858554763447829,12344
W,10936,44.204917824834475,0.8859364873622813,12344
W,10937,44.204917824834475,0.8860174983797796,12344
W,10938,44.204917824834475,0.8860985093972781,12344
W,10939,44.204917824834475,0.8861795204147764,12344
W,10940,44.204917824834475,0.8862605314322748,12344
W,10941,44.204917824834475,0.8863415424497731,12344
W,10942,44.204917824834475,0.8864225534672715,12344
W,10943,44.204917824834475,0.88650356448477,12344
W,10944,44.21286817657385,0.8865845755022683,12344
W,10945,44.329704202191095,0.8866655865197667,12344
W,10946,44.329704202191095,0.886746597537265,12344
W,10947,44.329704202191095,0.8868276085547635,12344
W,10948,44.329704202191095,0.8869086195722619,12344
W,10949,44.329704202191095,0.8869896305897602,12344
W,10950,44.329704202191095,0.8870706416072586,12344
W,10951,44.329704202191095,0.8871516526247569,12344
W,10952,44.329704202191095,0.8872326636422554,12344
W,10953,44.45644763353856,0.8873136746597537,12344
W,10954,44.45644763353856,0.8873946856772521,12344
W,10955,45.039396456695805,0.8874756966947505,12344
W,10956,45.15913478945168,0.8875567077122488,12344
W,10957,45.16945459445866,0.8876377187297473,12344
W,10958,45.16945459445866,0.8877187297472456,12344
W,10959,45.16945459445866,0.887799740764744,12344
W,10960,45.16945459445866,0.8878807517822424,12344
W,10961,45.16945459445866,0.8879617627997408,12344
W,10962,45.16945459445866,0.8880427738172392,12344
W,10963,45.16945459445866,0.8881237848347375,12344
W,10964,45.16945459445866,0.8882047958522359,12344
W,10965,45.16945459445866,0.8882858068697342,12344
W,10966,45.16945459445866,0.8883668178872327,12344
W,10967,45.16945459445866,0.8884478289047311,12344
W,10968,45.16945459445866,0.8885288399222294,12344
W,10969,45.16945459445866,0.8886098509397278,12344
W,10970,45.16945459445866,0.8886908619572261,12344
W,10971,45.16945459445866,0.8887718729747246,12344
W,10972,45.36409183038541,0.888852883992223,12344
W,10973,45.36409183038541,0.8889338950097213,12344
W,10974,45.36409183038541,0.8890149060272197,12344
W,10975,45.36409183038541,0.8890959170447181,12344
W,10976,45.36409183038541,0.8891769280622165,12344
W,10977,45.36409183038541,0.8892579390797148,12344
W,10978,45.36409183038541,0.8893389500972132,12344
W,10979,45.36409183038541,0.8894199611147116,12344
W,10980,45.36409183038541,0.88950097213221,12344
W,10981,45.36409183038541,0.8895819831497084,12344
W,10982,45.36409183038541,0.8896629941672067,12344
W,10983,45.36409183038541,0.8897440051847051,12344
W,10984,45.36409183038541,0.8898250162022034,12344
W,10985,45.36409183038541,0.8899060272197019,12344
W,10986,45.36409183038541,0.8899870382372003,12344
W,10987,45.36409183038541,0.8900680492546986,12344
W,10988,45.36409183038541,0.890149060272197,12344
W,10989,45.36409183038541,0.8902300712896954,12344
W,10990,45.36409183038541,0.8903110823071938,12344
W,10991,45.36409183038541,0.8903920933246922,12344
W,10992,45.36409183038541,0.8904731043421905,12344
W,10993,45.36409183038541,0.8905541153596889,12344
W,10994,45.36409183038541,0.8906351263771873,12344
W,10995,45.36409183038541,0.8907161373946857,12344
W,10996,45.36409183038541,0.890797148412184,12344
W,10997,45.36409183038541,0.8908781594296824,12344
W,10998,45.36409183038541,0.8909591704471809,12344
W,10999,45.36409183038541,0.8910401814646792,12344
W,11000,45.36409183038541,0.8911211924821776,12344
W,11001,45.527641937148985,0.8912022034996759,12344
W,11002,45.527641937148985,0.8912832145171743,12344
W,11003,45.527641937148985,0.8913642255346728,12344
W,11004,45.527641937148985,0.8914452365521711,12344
W,11005,45.527641937148985,0.8915262475696695,12344
W,11006,45.527641937148985,0.8916072585871678,12344
W,11007,45.527641937148985,0.8916882696046662,12344
W,11008,45.57164582778293,0.8917692806221647,12344
W,11009,45.632474866156755,0.891850291639663,12344
W,11010,45.632474866156755,0.8919313026571614,12344
W,11011,45.632474866156755,0.8920123136746597,12344
W,11012,45.632474866156755,0.8920933246921582,12344
W,11013,45.632474866156755,0.8921743357096565,12344
W,11014,45.632474866156755,0.8922553467271549,12344
W,11015,45.632474866156755,0.8923363577446533,12344
W,11016,45.632474866156755,0.8924173687621516,12344
W,11017,45.632474866156755,0.8924983797796501,12344
W,11018,45.645714321300254,0.8925793907971484,12344
W,11019,45.645714321300254,0.8926604018146468,12344
W,11020,45.645714321300254,0.8927414128321451,12344
W,11021,45.645714321300254,0.8928224238496435,12344
W,11022,45.645714321300254,0.892903434867142,12344
W,11023,45.645714321300254,0.8929844458846403,12344
W,11024,45.645714321300254,0.8930654569021387,12344
W,11025,45.645714321300254,0.893146467919637,12344
W,11026,45.645714321300254,0.8932274789371355,12344
W,11027,45.645714321300254,0.8933084899546339,12344
W,11028,45.645714321300254,0.8933895009721322,12344
W,11029,45.645714321300254,0.8934705119896306,12344
W,11030,45.645714321300254,0.8935515230071289,12344
W,11031,45.645714321300254,0.8936325340246274,12344
W,11032,45.74193563533025,0.8937135450421257,12344
W,11033,45.89577356292617,0.8937945560596241,12344
W,11034,45.92124585004038,0.8938755670771225,12344
W,11035,45.97282680351913,0.8939565780946209,12344
W,11036,45.97282680351913,0.8940375891121193,12344
W,11037,45.97282680351913,0.8941186001296176,12344
W,11038,45.97282680351913,0.894199611147116,12344
W,11039,45.97282680351913,0.8942806221646143,12344
W,11040,45.97282680351913,0.8943616331821128,12344
W,11041,45.97282680351913,0.8944426441996112,12344
W,11042,45.97282680351913,0.8945236552171095,12344
W,11043,45.97282680351913,0.8946046662346079,12344
W,11044,45.97282680351913,0.8946856772521062,12344
W,11045,45.97282680351913,0.8947666882696047,12344
W,11046,45.97282680351913,0.8948476992871031,12344
W,11047,46.08323621847603,0.8949287103046014,12344
W,11048,46.08323621847603,0.8950097213220998,12344
W,11049,46.08323621847603,0.8950907323395982,12344
W,11050,46.08323621847603,0.8951717433570966,12344
W,11051,46.08323621847603,0.895252754374595,12344
W,11052,46.08323621847603,0.8953337653920933,12344
W,11053,46.08323621847603,0.8954147764095917,12344
W,11054,46.08323621847603,0.8954957874270901,12344
W,11055,46.08323621847603,0.8955767984445885,12344
W,11056,46.08323621847603,0.8956578094620868,12344
W,11057,46.08323621847603,0.8957388204795852,12344
W,11058,46.08323621847603,0.8958198314970836,12344
W,11059,46.08323621847603,0.895900842514582,12344
W,11060,46.34588924659418,0.8959818535320804,12344
W,11061,46.5071333718085,0.8960628645495787,12344
W,11062,46.5071333718085,0.8961438755670771,12344
W,11063,46.5071333718085,0.8962248865845756,12344
W,11064,46.5071333718085,0.8963058976020739,12344
W,11065,46.5071333718085,0.8963869086195723,12344
W,11066,46.5071333718085,0.8964679196370706,12344
W,11067,46.5071333718085,0.896548930654569,12344
W,11068,46.5071333718085,0.8966299416720674,12344
W,11069,46.5071333718085,0.8967109526895658,12344
W,11070,46.5071333718085,0.8967919637070642,12344
W,11071,46.61407205249749,0.8968729747245625,12344
W,11072,47.18960800080213,0.8969539857420609,12344
W,11073,47.18960800080213,0.8970349967595593,12344
W,11074,47.18960800080213,0.8971160077770577,12344
W,11075,47.18960800080213,0.897197018794556,12344
W,11076,47.5683747216401,0.8972780298120544,12344
W,11077,47.57914904480162,0.8973590408295529,12344
W,11078,48.489838410657015,0.8974400518470512,12344
W,11079,48.489838410657015,0.8975210628645496,12344
W,11080,48.489838410657015,0.8976020738820479,12344
W,11081,48.56327216256148,0.8976830848995463,12344
W,11082,48.71269412999354,0.8977640959170448,12344
W,11083,48.71269412999354,0.8978451069345431,12344
W,11084,48.71581151802086,0.8979261179520415,12344
W,11085,48.71581151802086,0.8980071289695398,12344
W,11086,48.72759094242245,0.8980881399870383,12344
W,11087,48.94967608187836,0.8981691510045366,12344
W,11088,48.94967608187836,0.898250162022035,12344
W,11089,48.94967608187836,0.8983311730395334,12344
W,11090,48.956552769402535,0.8984121840570317,12344
W,11091,49.64148322377289,0.8984931950745302,12344
W,11092,49.757802789001715,0.8985742060920285,12344
W,11093,49.99260684505351,0.8986552171095269,12344
W,11094,50.08969824841054,0.8987362281270252,12344
W,11095,50.15171349237589,0.8988172391445236,12344
W,11096,50.9310866875026,0.8988982501620221,12344
W,11097,50.991100126184016,0.8989792611795204,12344
W,11098,51.07227216735254,0.8990602721970188,12344
W,11099,51.14401872957944,0.8991412832145171,12344
W,11100,51.15445403099594,0.8992222942320156,12344
W,11101,51.15445403099594,0.899303305249514,12344
W,11102,51.15445403099594,0.8993843162670123,12344
W,11103,51.15445403099594,0.8994653272845107,12344
W,11104,51.15445403099594,0.899546338302009,12344
W,11105,51.15445403099594,0.8996273493195075,12344
W,11106,51.15445403099594,0.8997083603370059,12344
W,11107,51.15445403099594,0.8997893713545042,12344
W,11108,51.15445403099594,0.8998703823720026,12344
W,11109,51.15445403099594,0.8999513933895009,12344
W,11110,51.437051507133205,0.9000324044069994,12344
W,11111,51.49947807249064,0.9001134154244977,12344
W,11112,51.49947807249064,0.9001944264419961,12344
W,11113,51.49947807249064,0.9002754374594945,12344
W,11114,51.49947807249064,0.9003564484769929,12344
W,11115,51.49947807249064,0.9004374594944913,12344
W,11116,51.49947807249064,0.9005184705119896,12344
W,11117,51.49947807249064,0.900599481529488,12344
W,11118,51.65014345523045,0.9006804925469863,12344
W,11119,51.75841937683939,0.9007615035644848,12344
W,11120,52.48764210162581,0.9008425145819832,12344
W,11121,52.48764210162581,0.9009235255994815,12344
W,11122,52.48764210162581,0.9010045366169799,12344
W,11123,52.48764210162581,0.9010855476344782,12344
W,11124,52.48764210162581,0.9011665586519767,12344
W,11125,52.48764210162581,0.9012475696694751,12344
W,11126,52.48764210162581,0.9013285806869734,12344
W,11127,52.48764210162581,0.9014095917044718,12344
W,11128,52.48764210162581,0.9014906027219702,12344
W,11129,52.48764210162581,0.9015716137394686,12344
W,11130,52.48764210162581,0.901652624756967,12344
W,11131,52.48764210162581,0.9017336357744653,12344
W,11132,52.48764210162581,0.9018146467919637,12344
W,11133,52.48764210162581,0.9018956578094621,12344
W,11134,52.48764210162581,0.9019766688269605,12344
W,11135,52.520489811411906,0.9020576798444588,12344
W,11136,52.520489811411906,0.9021386908619572,12344
W,11137,52.520489811411906,0.9022197018794557,12344
W,11138,52.842855499248216,0.902300712896954,12344
W,11139,52.842855499248216,0.9023817239144524,12344
W,11140,52.842855499248216,0.9024627349319507,12344
W,11141,53.19716709808286,0.9025437459494491,12344
W,11142,53.38911887905925,0.9026247569669476,12344
W,11143,53.38911887905925,0.9027057679844459,12344
W,11144,54.177013377567256,0.9027867790019443,12344
W,11145,54.298406113030346,0.9028677900194426,12344
W,11146,54.298406113030346,0.902948801036941,12344
W,11147,54.298406113030346,0.9030298120544394,12344
W,11148,54.298406113030346,0.9031108230719378,12344
W,11149,54.298406113030346,0.9031918340894362,12344
W,11150,54.298406113030346,0.9032728451069345,12344
W,11151,54.298406113030346,0.903353856124433,12344
W,11152,54.838356850768896,0.9034348671419313,12344
W,11153,54.84786846732077,0.9035158781594297,12344
W,11154,55.62892742679558,0.903596889176928,12344
W,11155,55.72030294703003,0.9036779001944264,12344
W,11156,55.72030294703003,0.9037589112119249,12344
W,11157,55.72030294703003,0.9038399222294232,12344
W,11158,55.72030294703003,0.9039209332469216,12344
W,11159,55.72030294703003,0.9040019442644199,12344
W,11160,55.72030294703003,0.9040829552819183,12344
W,11161,55.72030294703003,0.9041639662994168,12344
W,11162,55.72030294703003,0.9042449773169151,12344
W,11163,55.72030294703003,0.9043259883344135,12344
W,11164,55.72030294703003,0.9044069993519118,12344
W,11165,55.72669389992731,0.9044880103694103,12344
W,11166,55.72669389992731,0.9045690213869086,12344
W,11167,56.65519519297977,0.904650032404407,12344
W,11168,56.65519519297977,0.9047310434219054,12344
W,11169,56.65519519297977,0.9048120544394037,12344
W,11170,56.65519519297977,0.9048930654569022,12344
W,11171,56.65519519297977,0.9049740764744005,12344
W,11172,56.65519519297977,0.9050550874918989,12344
W,11173,56.65519519297977,0.9051360985093972,12344
W,11174,56.65519519297977,0.9052171095268956,12344
W,11175,56.65519519297977,0.9052981205443941,12344
W,11176,56.65519519297977,0.9053791315618924,12344
W,11177,56.673726304056814,0.9054601425793908,12344
W,11178,56.673726304056814,0.9055411535968891,12344
W,11179,57.04327904760074,0.9056221646143876,12344
W,11180,57.068688499478064,0.905703175631886,12344
W,11181,57.068688499478064,0.9057841866493843,12344
W,11182,57.068688499478064,0.9058651976668827,12344
W,11183,57.068688499478064,0.905946208684381,12344
W,11184,57.068688499478064,0.9060272197018795,12344
W,11185,57.068688499478064,0.9061082307193778,12344
W,11186,57.068688499478064,0.9061892417368762,12344
W,11187,57.068688499478064,0.9062702527543746,12344
W,11188,57.068688499478064,0.906351263771873,12344
W,11189,57.068688499478064,0.9064322747893714,12344
W,11190,57.139747154620075,0.9065132858068697,12344
W,11191,57.15610003982137,0.9065942968243681,12344
W,11192,57.15610003982137,0.9066753078418665,12344
W,11193,57.15610003982137,0.9067563188593649,12344
W,11194,57.20144092479331,0.9068373298768633,12344
W,11195,57.31301340655132,0.9069183408943616,12344
W,11196,57.31301340655132,0.90699935191186,12344
W,11197,57.31301340655132,0.9070803629293583,12344
W,11198,57.31301340655132,0.9071613739468568,12344
W,11199,57.31301340655132,0.9072423849643552,12344
W,11200,57.31301340655132,0.9073233959818535,12344
W,11201,57.31301340655132,0.9074044069993519,12344
W,11202,57.31301340655132,0.9074854180168503,12344
W,11203,57.41871172514571,0.9075664290343487,12344
W,11204,57.41871172514571,0.907647440051847,12344
W,11205,57.424859642332834,0.9077284510693454,12344
W,11206,57.424859642332834,0.9078094620868438,12344
W,11207,57.424859642332834,0.9078904731043422,12344
W,11208,57.424859642332834,0.9079714841218406,12344
W,11209,57.424859642332834,0.9080524951393389,12344
W,11210,57.424859642332834,0.9081335061568373,12344
W,11211,57.424859642332834,0.9082145171743357,12344
W,11212,57.424859642332834,0.9082955281918341,12344
W,11213,57.73052582238574,0.9083765392093325,12344
W,11214,58.125164464168186,0.9084575502268308,12344
W,11215,58.59022274104627,0.9085385612443292,12344
W,11216,58.59539829501698,0.9086195722618277,12344
W,11217,58.59539829501698,0.908700583279326,12344
W,11218,58.59539829501698,0.9087815942968244,12344
W,11219,58.59539829501698,0.9088626053143227,12344
W,11220,58.83393888780818,0.9089436163318211,12344
W,11221,60.300550443285275,0.9090246273493195,12344
W,11222,60.346800811562886,0.9091056383668179,12344
W,11223,60.57380306055447,0.9091866493843163,12344
W,11224,60.85021772541684,0.9092676604018146,12344
W,11225,60.881904903659645,0.9093486714193131,12344
W,11226,60.92456573554965,0.9094296824368114,12344
W,11227,60.92456573554965,0.9095106934543098,12344
W,11228,60.92456573554965,0.9095917044718081,12344
W,11229,60.92456573554965,0.9096727154893065,12344
W,11230,60.92456573554965,0.909753726506805,12344
W,11231,60.92456573554965,0.9098347375243033,12344
W,11232,60.92456573554965,0.9099157485418017,12344
W,11233,60.92456573554965,0.9099967595593,12344
W,11234,60.92456573554965,0.9100777705767984,12344
W,11235,60.92456573554965,0.9101587815942969,12344
W,11236,60.92456573554965,0.9102397926117952,12344
W,11237,60.92456573554965,0.9103208036292936,12344
W,11238,60.92456573554965,0.9104018146467919,12344
W,11239,60.92456573554965,0.9104828256642904,12344
W,11240,60.92456573554965,0.9105638366817888,12344
W,11241,60.92456573554965,0.9106448476992871,12344
W,11242,60.92456573554965,0.9107258587167855,12344
W,11243,60.92456573554965,0.9108068697342838,12344
W,11244,60.92456573554965,0.9108878807517823,12344
W,11245,60.92456573554965,0.9109688917692806,12344
W,11246,60.92456573554965,0.911049902786779,12344
W,11247,60.92456573554965,0.9111309138042774,12344
W,11248,61.009421678024374,0.9112119248217757,12344
W,11249,61.284995938333864,0.9112929358392742,12344
W,11250,61.70417098647351,0.9113739468567725,12344
W,11251,61.78462531954931,0.9114549578742709,12344
W,11252,62.770589357411076,0.9115359688917692,12344
W,11253,62.99136653707695,0.9116169799092677,12344
W,11254,63.02688383494385,0.9116979909267661,12344
W,11255,63.25323888435512,0.9117790019442644,12344
W,11256,63.25323888435512,0.9118600129617628,12344
W,11257,63.38783752110194,0.9119410239792611,12344
W,11258,63.38783752110194,0.9120220349967596,12344
W,11259,63.38783752110194,0.912103046014258,12344
W,11260,63.38783752110194,0.9121840570317563,12344
W,11261,63.38783752110194,0.9122650680492547,12344
W,11262,63.38783752110194,0.912346079066753,12344
W,11263,63.38783752110194,0.9124270900842515,12344
W,11264,63.87403271812103,0.9125081011017498,12344
W,11265,63.87403271812103,0.9125891121192482,12344
W,11266,63.87403271812103,0.9126701231367466,12344
W,11267,63.87403271812103,0.912751134154245,12344
W,11268,63.87403271812103,0.9128321451717434,12344
W,11269,63.87403271812103,0.9129131561892417,12344
W,11270,63.87403271812103,0.9129941672067401,12344
W,11271,63.87403271812103,0.9130751782242384,12344
W,11272,63.87403271812103,0.9131561892417369,12344
W,11273,64.13901492536125,0.9132372002592353,12344
W,11274,64.13901492536125,0.9133182112767336,12344
W,11275,64.13901492536125,0.913399222294232,12344
W,11276,64.13901492536125,0.9134802333117304,12344
W,11277,64.13901492536125,0.9135612443292288,12344
W,11278,64.40583541893594,0.9136422553467272,12344
W,11279,64.40583541893594,0.9137232663642255,12344
W,11280,64.40583541893594,0.9138042773817239,12344
W,11281,64.40583541893594,0.9138852883992223,12344
W,11282,64.49158822758771,0.9139662994167207,12344
W,11283,64.49158822758771,0.914047310434219,12344
W,11284,64.49158822758771,0.9141283214517174,12344
W,11285,64.49158822758771,0.9142093324692158,12344
W,11286,64.49158822758771,0.9142903434867142,12344
W,11287,64.49158822758771,0.9143713545042126,12344
W,11288,64.49158822758771,0.9144523655217109,12344
W,11289,64.80323001124094,0.9145333765392093,12344
W,11290,64.82937068979426,0.9146143875567078,12344
W,11291,65.45048573974474,0.9146953985742061,12344
W,11292,65.86799607368974,0.9147764095917045,12344
W,11293,65.86799607368974,0.9148574206092028,12344
W,11294,65.86799607368974,0.9149384316267012,12344
W,11295,66.11050264072747,0.9150194426441997,12344
W,11296,66.23139430821156,0.915100453661698,12344
W,11297,66.23139430821156,0.9151814646791964,12344
W,11298,66.23139430821156,0.9152624756966947,12344
W,11299,66.46522550109422,0.9153434867141931,12344
W,11300,66.54764128301157,0.9154244977316915,12344
W,11301,67.72703694179789,0.9155055087491899,12344
W,11302,67.72703694179789,0.9155865197666883,12344
W,11303,67.73056466177982,0.9156675307841866,12344
W,11304,67.73056466177982,0.9157485418016851,12344
W,11305,67.73056466177982,0.9158295528191834,12344
W,11306,67.73056466177982,0.9159105638366818,12344
W,11307,68.28206457792544,0.9159915748541801,12344
W,11308,68.28206457792544,0.9160725858716785,12344
W,11309,68.28206457792544,0.916153596889177,12344
W,11310,68.28206457792544,0.9162346079066753,12344
W,11311,68.28206457792544,0.9163156189241737,12344
W,11312,68.28206457792544,0.916396629941672,12344
W,11313,68.28206457792544,0.9164776409591704,12344
W,11314,68.28206457792544,0.9165586519766689,12344
W,11315,68.28206457792544,0.9166396629941672,12344
W,11316,68.28206457792544,0.9167206740116656,12344
W,11317,68.28206457792544,0.9168016850291639,12344
W,11318,68.28206457792544,0.9168826960466624,12344
W,11319,68.28206457792544,0.9169637070641607,12344
W,11320,68.5150144593394,0.9170447180816591,12344
W,11321,68.88910611187437,0.9171257290991575,12344
W,11322,68.88910611187437,0.9172067401166558,12344
W,11323,68.88910611187437,0.9172877511341543,12344
W,11324,68.88910611187437,0.9173687621516526,12344
W,11325,68.88910611187437,0.917449773169151,12344
W,11326,68.88910611187437,0.9175307841866494,12344
W,11327,68.88910611187437,0.9176117952041478,12344
W,11328,68.88910611187437,0.9176928062216462,12344
W,11329,69.55861410979475,0.9177738172391445,12344
W,11330,70.13216897893444,0.9178548282566429,12344
W,11331,70.59751116772426,0.9179358392741412,12344
W,11332,70.90740873169106,0.9180168502916397,12344
W,11333,70.90740873169106,0.9180978613091381,12344
W,11334,71.79716427339214,0.9181788723266364,12344
W,11335,71.79716427339214,0.9182598833441348,12344
W,11336,71.79716427339214,0.9183408943616331,12344
W,11337,72.31138781711715,0.9184219053791316,12344
W,11338,72.5269602242092,0.91850291639663,12344
W,11339,72.56888548659687,0.9185839274141283,12344
W,11340,72.91595367243724,0.9186649384316267,12344
W,11341,73.77569764732581,0.9187459494491251,12344
W,11342,74.24599715786917,0.9188269604666235,12344
W,11343,74.24599715786917,0.9189079714841218,12344
W,11344,74.24599715786917,0.9189889825016202,12344
W,11345,74.24599715786917,0.9190699935191186,12344
W,11346,74.52148535220698,0.919151004536617,12344
W,11347,74.8541192324544,0.9192320155541154,12344
W,11348,74.8541192324544,0.9193130265716137,12344
W,11349,74.8541192324544,0.9193940375891121,12344
W,11350,75.05184205707411,0.9194750486066104,12344
W,11351,75.68088624736504,0.9195560596241089,12344
W,11352,75.68088624736504,0.9196370706416073,12344
W,11353,76.4040010786435,0.9197180816591056,12344
W,11354,76.96816010332844,0.919799092676604,12344
W,11355,76.96816010332844,0.9198801036941024,12344
W,11356,76.96816010332844,0.9199611147116008,12344
W,11357,76.96816010332844,0.9200421257290992,12344
W,11358,76.96816010332844,0.9201231367465975,12344
W,11359,76.96816010332844,0.9202041477640959,12344
W,11360,76.96816010332844,0.9202851587815943,12344
W,11361,77.18391876609024,0.9203661697990927,12344
W,11362,78.53809475577901,0.920447180816591,12344
W,11363,78.53809475577901,0.9205281918340894,12344
W,11364,78.53809475577901,0.9206092028515879,12344
W,11365,79.14559403676934,0.9206902138690862,12344
W,11366,79.14559403676934,0.9207712248865846,12344
W,11367,79.14559403676934,0.9208522359040829,12344
W,11368,79.2305129398019,0.9209332469215813,12344
W,11369,79.2305129398019,0.9210142579390798,12344
W,11370,79.2305129398019,0.9210952689565781,12344
W,11371,79.2305129398019,0.9211762799740765,12344
W,11372,79.2305129398019,0.9212572909915748,12344
W,11373,79.2305129398019,0.9213383020090732,12344
W,11374,79.2305129398019,0.9214193130265717,12344
W,11375,79.2305129398019,0.92150032404407,12344
W,11376,79.2305129398019,0.9215813350615684,12344
W,11377,79.2305129398019,0.9216623460790667,12344
W,11378,79.2305129398019,0.9217433570965652,12344
W,11379,79.2305129398019,0.9218243681140635,12344
W,11380,79.2305129398019,0.9219053791315619,12344
W,11381,79.2305129398019,0.9219863901490603,12344
W,11382,79.44429297702355,0.9220674011665586,12344
W,11383,79.4532563833074,0.9221484121840571,12344
W,11384,79.51220629109994,0.9222294232015554,12344
W,11385,79.51220629109994,0.9223104342190538,12344
W,11386,79.51220629109994,0.9223914452365521,12344
W,11387,79.77562756190575,0.9224724562540505,12344
W,11388,80.66058266510078,0.922553467271549,12344
W,11389,80.66058266510078,0.9226344782890473,12344
W,11390,81.1181552893957,0.9227154893065457,12344
W,11391,81.1181552893957,0.922796500324044,12344
W,11392,81.1181552893957,0.9228775113415425,12344
W,11393,81.1181552893957,0.9229585223590409,12344
W,11394,81.1181552893957,0.9230395333765392,12344
W,11395,81.23286006558189,0.9231205443940376,12344
W,11396,81.23286006558189,0.9232015554115359,12344
W,11397,81.23286006558189,0.9232825664290344,12344
W,11398,81.23286006558189,0.9233635774465327,12344
W,11399,81.23286006558189,0.9234445884640311,12344
W,11400,81.54176919841585,0.9235255994815295,12344
W,11401,81.54176919841585,0.9236066104990278,12344
W,11402,81.54176919841585,0.9236876215165263,12344
W,11403,81.54176919841585,0.9237686325340246,12344
W,11404,81.54176919841585,0.923849643551523,12344
W,11405,81.54176919841585,0.9239306545690213,12344
W,11406,81.54176919841585,0.9240116655865198,12344
W,11407,81.54176919841585,0.9240926766040182,12344
W,11408,81.78715122371013,0.9241736876215165,12344
W,11409,81.78715122371013,0.9242546986390149,12344
W,11410,81.78715122371013,0.9243357096565132,12344
W,11411,81.78715122371013,0.9244167206740117,12344
W,11412,81.78715122371013,0.9244977316915101,12344
W,11413,81.78715122371013,0.9245787427090084,12344
W,11414,81.78715122371013,0.9246597537265068,12344
W,11415,81.87938735964806,0.9247407647440052,12344
W,11416,81.87938735964806,0.9248217757615036,12344
W,11417,81.87938735964806,0.924902786779002,12344
W,11418,81.87938735964806,0.9249837977965003,12344
W,11419,81.87938735964806,0.9250648088139987,12344
W,11420,81.87938735964806,0.9251458198314971,12344
W,11421,81.87938735964806,0.9252268308489955,12344
W,11422,81.87938735964806,0.9253078418664938,12344
W,11423,81.87938735964806,0.9253888528839922,12344
W,11424,81.87938735964806,0.9254698639014906,12344
W,11425,81.87938735964806,0.925550874918989,12344
W,11426,81.87938735964806,0.9256318859364874,12344
W,11427,81.87938735964806,0.9257128969539857,12344
W,11428,81.87938735964806,0.9257939079714841,12344
W,11429,81.87938735964806,0.9258749189889826,12344
W,11430,82.04222316109777,0.9259559300064809,12344
W,11431,82.24350670818804,0.9260369410239793,12344
W,11432,82.24350670818804,0.9261179520414776,12344
W,11433,82.24350670818804,0.926198963058976,12344
W,11434,82.74046727571007,0.9262799740764744,12344
W,11435,83.73608452526952,0.9263609850939728,12344
W,11436,84.44304843954822,0.9264419961114712,12344
W,11437,84.44304843954822,0.9265230071289695,12344
W,11438,84.44304843954822,0.9266040181464679,12344
W,11439,84.44304843954822,0.9266850291639663,12344
W,11440,84.44304843954822,0.9267660401814647,12344
W,11441,84.44304843954822,0.926847051198963,12344
W,11442,84.44304843954822,0.9269280622164614,12344
W,11443,84.44304843954822,0.9270090732339599,12344
W,11444,84.44304843954822,0.9270900842514582,12344
W,11445,84.44304843954822,0.9271710952689566,12344
W,11446,84.44304843954822,0.9272521062864549,12344
W,11447,86.38487422836434,0.9273331173039533,12344
W,11448,86.44867150775062,0.9274141283214518,12344
W,11449,86.8390221919108,0.9274951393389501,12344
W,11450,87.08873020243357,0.9275761503564485,12344
W,11451,87.94666206480132,0.9276571613739468,12344
W,11452,87.94666206480132,0.9277381723914452,12344
W,11453,88.20639460211348,0.9278191834089436,12344
W,11454,88.20639460211348,0.927900194426442,12344
W,11455,88.20639460211348,0.9279812054439404,12344
W,11456,89.30373766836188,0.9280622164614387,12344
W,11457,89.32704060512232,0.9281432274789372,12344
W,11458,91.0806501557711,0.9282242384964355,12344
W,11459,91.0806501557711,0.9283052495139339,12344
W,11460,91.29055216105472,0.9283862605314323,12344
W,11461,91.30269015619886,0.9284672715489306,12344
W,11462,92.61789144817,0.9285482825664291,12344
W,11463,92.61789144817,0.9286292935839274,12344
W,11464,92.61789144817,0.9287103046014258,12344
W,11465,92.61789144817,0.9287913156189241,12344
W,11466,92.63252688981059,0.9288723266364226,12344
W,11467,93.16007270429768,0.928953337653921,12344
W,11468,93.57352992071505,0.9290343486714193,12344
W,11469,93.57352992071505,0.9291153596889177,12344
W,11470,93.91456476034078,0.929196370706416,12344
W,11471,93.96335303484618,0.9292773817239145,12344
W,11472,94.5194676710652,0.9293583927414129,12344
W,11473,96.06810608756473,0.9294394037589112,12344
W,11474,96.59038053822916,0.9295204147764096,12344
W,11475,96.59038053822916,0.9296014257939079,12344
W,11476,96.59038053822916,0.9296824368114064,12344
W,11477,96.59038053822916,0.9297634478289047,12344
W,11478,96.59038053822916,0.9298444588464031,12344
W,11479,96.59038053822916,0.9299254698639015,12344
W,11480,96.59038053822916,0.9300064808813999,12344
W,11481,96.59038053822916,0.9300874918988983,12344
W,11482,96.59038053822916,0.9301685029163966,12344
W,11483,96.59038053822916,0.930249513933895,12344
W,11484,96.59038053822916,0.9303305249513933,12344
W,11485,96.59038053822916,0.9304115359688918,12344
W,11486,96.59038053822916,0.9304925469863902,12344
W,11487,96.59038053822916,0.9305735580038885,12344
W,11488,96.59038053822916,0.9306545690213869,12344
W,11489,96.59038053822916,0.9307355800388852,12344
W,11490,96.59038053822916,0.9308165910563837,12344
W,11491,96.59038053822916,0.9308976020738821,12344
W,11492,96.59038053822916,0.9309786130913804,12344
W,11493,96.59038053822916,0.9310596241088788,12344
W,11494,96.59038053822916,0.9311406351263772,12344
W,11495,96.59038053822916,0.9312216461438756,12344
W,11496,96.59038053822916,0.931302657161374,12344
W,11497,96.59038053822916,0.9313836681788723,12344
W,11498,96.59038053822916,0.9314646791963707,12344
W,11499,96.66572639719391,0.9315456902138691,12344
W,11500,96.7383635235389,0.9316267012313675,12344
W,11501,97.02710744656572,0.9317077122488658,12344
W,11502,97.4182651974082,0.9317887232663642,12344
W,11503,97.67498249163253,0.9318697342838627,12344
W,11504,97.67498249163253,0.931950745301361,12344
W,11505,97.67498249163253,0.9320317563188594,12344
W,11506,97.67498249163253,0.9321127673363577,12344
W,11507,97.67498249163253,0.9321937783538561,12344
W,11508,97.67498249163253,0.9322747893713546,12344
W,11509,97.67498249163253,0.9323558003888529,12344
W,11510,97.67498249163253,0.9324368114063513,12344
W,11511,97.67498249163253,0.9325178224238496,12344
W,11512,97.67498249163253,0.932598833441348,12344
W,11513,97.67498249163253,0.9326798444588464,12344
W,11514,97.67498249163253,0.9327608554763448,12344
W,11515,97.67498249163253,0.9328418664938432,12344
W,11516,97.67498249163253,0.9329228775113415,12344
W,11517,97.67498249163253,0.93300388852884,12344
W,11518,97.67498249163253,0.9330848995463383,12344
W,11519,97.67498249163253,0.9331659105638367,12344
W,11520,97.67498249163253,0.933246921581335,12344
W,11521,97.67498249163253,0.9333279325988334,12344
W,11522,97.67498249163253,0.9334089436163319,12344
W,11523,97.67498249163253,0.9334899546338302,12344
W,11524,97.67498249163253,0.9335709656513286,12344
W,11525,97.67498249163253,0.9336519766688269,12344
W,11526,97.67498249163253,0.9337329876863253,12344
W,11527,97.67498249163253,0.9338139987038238,12344
W,11528,97.67498249163253,0.9338950097213221,12344
W,11529,97.67498249163253,0.9339760207388205,12344
W,11530,97.67498249163253,0.9340570317563188,12344
W,11531,99.05080630910822,0.9341380427738173,12344
W,11532,99.0579515977197,0.9342190537913156,12344
W,11533,100.27925029296047,0.934300064808814,12344
W,11534,100.40386400455296,0.9343810758263124,12344
W,11535,100.40386400455296,0.9344620868438107,12344
W,11536,100.40386400455296,0.9345430978613092,12344
W,11537,100.40386400455296,0.9346241088788075,12344
W,11538,100.40386400455296,0.9347051198963059,12344
W,11539,100.40386400455296,0.9347861309138042,12344
W,11540,100.40386400455296,0.9348671419313026,12344
W,11541,100.40386400455296,0.9349481529488011,12344
W,11542,100.40386400455296,0.9350291639662994,12344
W,11543,100.40386400455296,0.9351101749837978,12344
W,11544,100.4586195927232,0.9351911860012961,12344
W,11545,101.62262872151783,0.9352721970187946,12344
W,11546,101.62262872151783,0.935353208036293,12344
W,11547,102.3238686534763,0.9354342190537913,12344
W,11548,102.3238686534763,0.9355152300712897,12344
W,11549,102.45057252796913,0.935596241088788,12344
W,11550,102.45057252796913,0.9356772521062865,12344
W,11551,102.45057252796913,0.9357582631237849,12344
W,11552,102.45057252796913,0.9358392741412832,12344
W,11553,102.45057252796913,0.9359202851587816,12344
W,11554,102.45057252796913,0.93600129617628,12344
W,11555,102.45057252796913,0.9360823071937784,12344
W,11556,102.45057252796913,0.9361633182112767,12344
W,11557,102.45057252796913,0.9362443292287751,12344
W,11558,102.45057252796913,0.9363253402462735,12344
W,11559,102.45057252796913,0.9364063512637719,12344
W,11560,102.45057252796913,0.9364873622812703,12344
W,11561,102.45057252796913,0.9365683732987686,12344
W,11562,102.45057252796913,0.936649384316267,12344
W,11563,102.45057252796913,0.9367303953337653,12344
W,11564,102.45057252796913,0.9368114063512638,12344
W,11565,102.45057252796913,0.9368924173687622,12344
W,11566,102.45057252796913,0.9369734283862605,12344
W,11567,102.45057252796913,0.9370544394037589,12344
W,11568,102.45057252796913,0.9371354504212573,12344
W,11569,102.45057252796913,0.9372164614387557,12344
W,11570,102.45057252796913,0.937297472456254,12344
W,11571,102.45057252796913,0.9373784834737524,12344
W,11572,102.45057252796913,0.9374594944912508,12344
W,11573,102.45057252796913,0.9375405055087492,12344
W,11574,103.01352627119233,0.9376215165262476,12344
W,11575,103.01352627119233,0.937702527543746,12344
W,11576,103.01352627119233,0.9377835385612443,12344
W,11577,103.01352627119233,0.9378645495787427,12344
W,11578,104.50785918325975,0.9379455605962411,12344
W,11579,104.50785918325975,0.9380265716137395,12344
W,11580,104.50785918325975,0.9381075826312378,12344
W,11581,106.65637167057986,0.9381885936487362,12344
W,11582,106.65637167057986,0.9382696046662347,12344
W,11583,106.65637167057986,0.938350615683733,12344
W,11584,106.65637167057986,0.9384316267012314,12344
W,11585,106.65637167057986,0.9385126377187297,12344
W,11586,106.65637167057986,0.9385936487362281,12344
W,11587,106.90456920331472,0.9386746597537265,12344
W,11588,106.90456920331472,0.9387556707712249,12344
W,11589,106.90456920331472,0.9388366817887233,12344
W,11590,106.90456920331472,0.9389176928062216,12344
W,11591,106.90456920331472,0.93899870382372,12344
W,11592,106.90456920331472,0.9390797148412184,12344
W,11593,108.27782873419318,0.9391607258587168,12344
W,11594,109.0170457624505,0.9392417368762151,12344
W,11595,109.0170457624505,0.9393227478937135,12344
W,11596,109.0170457624505,0.939403758911212,12344
W,11597,109.0170457624505,0.9394847699287103,12344
W,11598,109.0170457624505,0.9395657809462087,12344
W,11599,109.0170457624505,0.939646791963707,12344
W,11600,111.4853409007073,0.9397278029812054,12344
W,11601,111.4853409007073,0.9398088139987039,12344
W,11602,111.4853409007073,0.9398898250162022,12344
W,11603,112.00717918052476,0.9399708360337006,12344
W,11604,112.00717918052476,0.9400518470511989,12344
W,11605,112.7634645819609,0.9401328580686974,12344
W,11606,114.73043340068698,0.9402138690861958,12344
W,11607,115.98650510682157,0.9402948801036941,12344
W,11608,117.58181552898965,0.9403758911211925,12344
W,11609,119.36675480614736,0.9404569021386908,12344
W,11610,121.37925601452173,0.9405379131561893,12344
W,11611,121.37925601452173,0.9406189241736876,12344
W,11612,121.37925601452173,0.940699935191186,12344
W,11613,122.13986892072688,0.9407809462086844,12344
W,11614,122.25402634861084,0.9408619572261827,12344
W,11615,122.25402634861084,0.9409429682436812,12344
W,11616,122.25402634861084,0.9410239792611795,12344
W,11617,122.25402634861084,0.9411049902786779,12344
W,11618,123.98003455386659,0.9411860012961762,12344
W,11619,125.08263989961249,0.9412670123136747,12344
W,11620,125.08263989961249,0.9413480233311731,12344
W,11621,125.30033336214976,0.9414290343486714,12344
W,11622,125.30033336214976,0.9415100453661698,12344
W,11623,125.30033336214976,0.9415910563836681,12344
W,11624,125.30033336214976,0.9416720674011666,12344
W,11625,125.30033336214976,0.941753078418665,12344
W,11626,126.39865743319311,0.9418340894361633,12344
W,11627,126.39865743319311,0.9419151004536617,12344
W,11628,126.39865743319311,0.94199611147116,12344
W,11629,128.74998998192453,0.9420771224886585,12344
W,11630,130.63395392368696,0.9421581335061568,12344
W,11631,130.67294284995936,0.9422391445236552,12344
W,11632,131.81617676845252,0.9423201555411536,12344
W,11633,133.1808093843808,0.942401166558652,12344
W,11634,133.57780605067643,0.9424821775761504,12344
W,11635,140.30356076955792,0.9425631885936487,12344
W,11636,140.30356076955792,0.9426441996111471,12344
W,11637,140.45062009467148,0.9427252106286454,12344
W,11638,140.45062009467148,0.9428062216461439,12344
W,11639,140.45062009467148,0.9428872326636423,12344
W,11640,140.47218947317134,0.9429682436811406,12344
W,11641,143.72061526193366,0.943049254698639,12344
W,11642,144.0284146133368,0.9431302657161373,12344
W,11643,144.0284146133368,0.9432112767336358,12344
W,11644,148.6566354739166,0.9432922877511342,12344
W,11645,148.6566354739166,0.9433732987686325,12344
W,11646,148.6566354739166,0.9434543097861309,12344
W,11647,148.6566354739166,0.9435353208036293,12344
W,11648,148.85383436003548,0.9436163318211277,12344
W,11649,148.8707977881246,0.943697342838626,12344
W,11650,148.8707977881246,0.9437783538561244,12344
W,11651,151.88158451446563,0.9438593648736228,12344
W,11652,152.5662097965048,0.9439403758911212,12344
W,11653,153.2787154028908,0.9440213869086196,12344
W,11654,154.9753997463114,0.9441023979261179,12344
W,11655,155.18274650306134,0.9441834089436163,12344
W,11656,155.18274650306134,0.9442644199611148,12344
W,11657,155.18274650306134,0.9443454309786131,12344
W,11658,155.18274650306134,0.9444264419961115,12344
W,11659,155.18274650306134,0.9445074530136098,12344
W,11660,155.18274650306134,0.9445884640311082,12344
W,11661,155.18274650306134,0.9446694750486067,12344
W,11662,155.18274650306134,0.944750486066105,12344
W,11663,155.18274650306134,0.9448314970836034,12344
W,11664,155.18274650306134,0.9449125081011017,12344
W,11665,155.18274650306134,0.9449935191186001,12344
W,11666,155.18274650306134,0.9450745301360985,12344
W,11667,155.18274650306134,0.9451555411535969,12344
W,11668,155.18274650306134,0.9452365521710953,12344
W,11669,155.18274650306134,0.9453175631885936,12344
W,11670,155.18274650306134,0.9453985742060921,12344
W,11671,155.18274650306134,0.9454795852235904,12344
W,11672,155.18274650306134,0.9455605962410888,12344
W,11673,155.18274650306134,0.9456416072585871,12344
W,11674,155.18274650306134,0.9457226182760855,12344
W,11675,155.18274650306134,0.945803629293584,12344
W,11676,155.18274650306134,0.9458846403110823,12344
W,11677,155.18274650306134,0.9459656513285807,12344
W,11678,155.18274650306134,0.946046662346079,12344
W,11679,155.18274650306134,0.9461276733635774,12344
W,11680,155.18274650306134,0.9462086843810759,12344
W,11681,155.18274650306134,0.9462896953985742,12344
W,11682,155.18274650306134,0.9463707064160726,12344
W,11683,155.18274650306134,0.9464517174335709,12344
W,11684,155.18274650306134,0.9465327284510694,12344
W,11685,155.18274650306134,0.9466137394685677,12344
W,11686,155.32943592567455,0.9466947504860661,12344
W,11687,155.83104383945448,0.9467757615035645,12344
W,11688,155.83104383945448,0.9468567725210628,12344
W,11689,155.83138071062285,0.9469377835385613,12344
W,11690,155.83138071062285,0.9470187945560596,12344
W,11691,156.89623979117616,0.947099805573558,12344
W,11692,156.96418789822047,0.9471808165910564,12344
W,11693,156.96418789822047,0.9472618276085548,12344
W,11694,156.96418789822047,0.9473428386260532,12344
W,11695,156.96418789822047,0.9474238496435515,12344
W,11696,156.96418789822047,0.9475048606610499,12344
W,11697,156.96418789822047,0.9475858716785482,12344
W,11698,156.96418789822047,0.9476668826960467,12344
W,11699,156.96418789822047,0.9477478937135451,12344
W,11700,156.96418789822047,0.9478289047310434,12344
W,11701,156.96418789822047,0.9479099157485418,12344
W,11702,156.96418789822047,0.9479909267660401,12344
W,11703,156.96418789822047,0.9480719377835386,12344
W,11704,156.96418789822047,0.948152948801037,12344
W,11705,156.96418789822047,0.9482339598185353,12344
W,11706,157.50668722409853,0.9483149708360337,12344
W,11707,157.50668722409853,0.9483959818535321,12344
W,11708,157.50668722409853,0.9484769928710305,12344
W,11709,157.50668722409853,0.9485580038885288,12344
W,11710,157.7055704942867,0.9486390149060272,12344
W,11711,157.97741090548035,0.9487200259235256,12344
W,11712,159.4630437090292,0.948801036941024,12344
W,11713,159.6109141754569,0.9488820479585224,12344
W,11714,160.85554938881387,0.9489630589760207,12344
W,11715,161.400973682399,0.9490440699935191,12344
W,11716,162.63250587887433,0.9491250810110174,12344
W,11717,162.63250587887433,0.9492060920285159,12344
W,11718,162.63250587887433,0.9492871030460143,12344
W,11719,162.63250587887433,0.9493681140635126,12344
W,11720,162.63250587887433,0.949449125081011,12344
W,11721,162.63708520638875,0.9495301360985094,12344
W,11722,166.89143252725907,0.9496111471160078,12344
W,11723,171.72531980511386,0.9496921581335062,12344
W,11724,171.72531980511386,0.9497731691510045,12344
W,11725,172.75745074643066,0.9498541801685029,12344
W,11726,172.75745074643066,0.9499351911860013,12344
W,11727,172.75745074643066,0.9500162022034997,12344
W,11728,172.75745074643066,0.950097213220998,12344
W,11729,172.75745074643066,0.9501782242384964,12344
W,11730,172.75745074643066,0.9502592352559948,12344
W,11731,172.75745074643066,0.9503402462734932,12344
W,11732,172.75745074643066,0.9504212572909916,12344
W,11733,172.75745074643066,0.9505022683084899,12344
W,11734,172.75745074643066,0.9505832793259883,12344
W,11735,172.75745074643066,0.9506642903434868,12344
W,11736,172.75745074643066,0.9507453013609851,12344
W,11737,172.75745074643066,0.9508263123784835,12344
W,11738,172.75745074643066,0.9509073233959818,12344
W,11739,172.75745074643066,0.9509883344134802,12344
W,11740,172.75745074643066,0.9510693454309787,12344
W,11741,172.75745074643066,0.951150356448477,12344
W,11742,172.75745074643066,0.9512313674659754,12344
W,11743,172.75745074643066,0.9513123784834737,12344
W,11744,172.75745074643066,0.9513933895009722,12344
W,11745,172.75745074643066,0.9514744005184705,12344
W,11746,172.75745074643066,0.9515554115359689,12344
W,11747,172.75745074643066,0.9516364225534673,12344
W,11748,172.75745074643066,0.9517174335709656,12344
W,11749,174.9819329185489,0.9517984445884641,12344
W,11750,174.9819329185489,0.9518794556059624,12344
W,11751,174.9819329185489,0.9519604666234608,12344
W,11752,174.9819329185489,0.9520414776409591,12344
W,11753,174.9819329185489,0.9521224886584575,12344
W,11754,174.9819329185489,0.952203499675956,12344
W,11755,174.9819329185489,0.9522845106934543,12344
W,11756,174.9819329185489,0.9523655217109527,12344
W,11757,174.9819329185489,0.952446532728451,12344
W,11758,174.9819329185489,0.9525275437459495,12344
W,11759,174.9819329185489,0.9526085547634479,12344
W,11760,174.9819329185489,0.9526895657809462,12344
W,11761,174.9819329185489,0.9527705767984446,12344
W,11762,174.9819329185489,0.9528515878159429,12344
W,11763,174.9819329185489,0.9529325988334414,12344
W,11764,174.9819329185489,0.9530136098509397,12344
W,11765,174.9819329185489,0.9530946208684381,12344
W,11766,174.9819329185489,0.9531756318859365,12344
W,11767,174.9819329185489,0.9532566429034348,12344
W,11768,174.9819329185489,0.9533376539209333,12344
W,11769,174.9819329185489,0.9534186649384316,12344
W,11770,174.9819329185489,0.95349967595593,12344
W,11771,181.34183055332912,0.9535806869734283,12344
W,11772,201.98925404653744,0.9536616979909268,12344
W,11773,202.69792735395498,0.9537427090084252,12344
W,11774,206.88286549037664,0.9538237200259235,12344
W,11775,207.75584431815187,0.9539047310434219,12344
W,11776,207.75584431815187,0.9539857420609202,12344
W,11777,210.0997069296984,0.9540667530784187,12344
W,11778,210.58794606793415,0.9541477640959171,12344
W,11779,213.18061538708614,0.9542287751134154,12344
W,11780,219.6411256912877,0.9543097861309138,12344
W,11781,221.06640211182355,0.9543907971484121,12344
W,11782,234.49556464951985,0.9544718081659106,12344
W,11783,236.4735653730684,0.954552819183409,12344
W,11784,236.7948572344761,0.9546338302009073,12344
W,11785,236.7948572344761,0.9547148412184057,12344
W,11786,236.7948572344761,0.9547958522359041,12344
W,11787,242.75783487346635,0.9548768632534025,12344
W,11788,262.2253154037472,0.9549578742709008,12344
W,11789,262.2253154037472,0.9550388852883992,12344
W,11790,262.2253154037472,0.9551198963058976,12344
W,11791,262.2253154037472,0.955200907323396,12344
W,11792,262.2253154037472,0.9552819183408944,12344
W,11793,262.2253154037472,0.9553629293583927,12344
W,11794,262.2253154037472,0.9554439403758911,12344
W,11795,262.2253154037472,0.9555249513933896,12344
W,11796,262.2253154037472,0.9556059624108879,12344
W,11797,262.2253154037472,0.9556869734283863,12344
W,11798,262.2253154037472,0.9557679844458846,12344
W,11799,262.2253154037472,0.955848995463383,12344
W,11800,278.42040707643486,0.9559300064808814,12344
W,11801,278.42040707643486,0.9560110174983798,12344
W,11802,278.42040707643486,0.9560920285158782,12344
W,11803,279.5193357891438,0.9561730395333765,12344
W,11804,281.7870936556241,0.9562540505508749,12344
W,11805,290.67205312057155,0.9563350615683733,12344
W,11806,290.67205312057155,0.9564160725858717,12344
W,11807,290.67205312057155,0.95649708360337,12344
W,11808,290.67205312057155,0.9565780946208684,12344
W,11809,290.67205312057155,0.9566591056383669,12344
W,11810,290.67205312057155,0.9567401166558652,12344
W,11811,290.67205312057155,0.9568211276733636,12344
W,11812,290.67205312057155,0.9569021386908619,12344
W,11813,294.1530625062055,0.9569831497083603,12344
W,11814,295.60356933458047,0.9570641607258588,12344
W,11815,303.75496504812816,0.9571451717433571,12344
W,11816,306.79649771525266,0.9572261827608555,12344
W,11817,306.79649771525266,0.9573071937783538,12344
W,11818,306.79649771525266,0.9573882047958522,12344
W,11819,306.79649771525266,0.9574692158133506,12344
W,11820,308.57058512416273,0.957550226830849,12344
W,11821,308.57058512416273,0.9576312378483474,12344
W,11822,308.57058512416273,0.9577122488658457,12344
W,11823,308.57058512416273,0.9577932598833442,12344
W,11824,308.57058512416273,0.9578742709008425,12344
W,11825,327.6629390543614,0.9579552819183409,12344
W,11826,334.31481156915277,0.9580362929358393,12344
W,11827,344.06995082249836,0.9581173039533376,12344
W,11828,345.84615712066034,0.9581983149708361,12344
W,11829,345.84615712066034,0.9582793259883344,12344
W,11830,345.84615712066034,0.9583603370058328,12344
W,11831,345.84615712066034,0.9584413480233311,12344
W,11832,346.77547820602035,0.9585223590408296,12344
W,11833,346.853082461419,0.958603370058328,12344
W,11834,346.853082461419,0.9586843810758263,12344
W,11835,346.853082461419,0.9587653920933247,12344
W,11836,346.853082461419,0.958846403110823,12344
W,11837,346.853082461419,0.9589274141283215,12344
W,11838,346.853082461419,0.9590084251458199,12344
W,11839,346.853082461419,0.9590894361633182,12344
W,11840,362.04003433785226,0.9591704471808166,12344
W,11841,362.04003433785226,0.9592514581983149,12344
W,11842,363.2727762431848,0.9593324692158134,12344
W,11843,363.2727762431848,0.9594134802333117,12344
W,11844,363.2727762431848,0.9594944912508101,12344
W,11845,363.2727762431848,0.9595755022683085,12344
W,11846,363.2727762431848,0.9596565132858069,12344
W,11847,363.2727762431848,0.9597375243033053,12344
W,11848,363.2727762431848,0.9598185353208036,12344
W,11849,363.2727762431848,0.959899546338302,12344
W,11850,363.2727762431848,0.9599805573558003,12344
W,11851,363.2727762431848,0.9600615683732988,12344
W,11852,363.2727762431848,0.9601425793907972,12344
W,11853,363.2727762431848,0.9602235904082955,12344
W,11854,363.2727762431848,0.9603046014257939,12344
W,11855,368.97775803606885,0.9603856124432922,12344
W,11856,368.97775803606885,0.9604666234607907,12344
W,11857,372.36200001438846,0.9605476344782891,12344
W,11858,372.36200001438846,0.9606286454957874,12344
W,11859,372.36200001438846,0.9607096565132858,12344
W,11860,376.420300293702,0.9607906675307842,12344
W,11861,387.46993188248234,0.9608716785482826,12344
W,11862,387.46993188248234,0.960952689565781,12344
W,11863,388.8333316106299,0.9610337005832793,12344
W,11864,388.8333316106299,0.9611147116007777,12344
W,11865,388.8333316106299,0.9611957226182761,12344
W,11866,399.81034044734645,0.9612767336357745,12344
W,11867,411.3385341284723,0.9613577446532728,12344
W,11868,411.3385341284723,0.9614387556707712,12344
W,11869,411.3385341284723,0.9615197666882696,12344
W,11870,424.153564888259,0.961600777705768,12344
W,11871,424.153564888259,0.9616817887232664,12344
W,11872,424.153564888259,0.9617627997407647,12344
W,11873,424.153564888259,0.9618438107582631,12344
W,11874,424.153564888259,0.9619248217757616,12344
W,11875,424.153564888259,0.9620058327932599,12344
W,11876,424.153564888259,0.9620868438107583,12344
W,11877,424.153564888259,0.9621678548282566,12344
W,11878,424.153564888259,0.962248865845755,12344
W,11879,424.153564888259,0.9623298768632534,12344
W,11880,424.153564888259,0.9624108878807518,12344
W,11881,424.153564888259,0.9624918988982502,12344
W,11882,424.153564888259,0.9625729099157485,12344
W,11883,424.153564888259,0.962653920933247,12344
W,11884,424.153564888259,0.9627349319507453,12344
W,11885,424.153564888259,0.9628159429682437,12344
W,11886,424.153564888259,0.962896953985742,12344
W,11887,424.153564888259,0.9629779650032404,12344
W,11888,424.153564888259,0.9630589760207389,12344
W,11889,424.153564888259,0.9631399870382372,12344
W,11890,424.153564888259,0.9632209980557356,12344
W,11891,424.153564888259,0.9633020090732339,12344
W,11892,424.153564888259,0.9633830200907323,12344
W,11893,424.153564888259,0.9634640311082308,12344
W,11894,461.7103721326153,0.9635450421257291,12344
W,11895,461.7103721326153,0.9636260531432275,12344
W,11896,461.7103721326153,0.9637070641607258,12344
W,11897,461.7103721326153,0.9637880751782243,12344
W,11898,461.7103721326153,0.9638690861957226,12344
W,11899,461.7103721326153,0.963950097213221,12344
W,11900,461.7103721326153,0.9640311082307194,12344
W,11901,461.7103721326153,0.9641121192482177,12344
W,11902,461.7103721326153,0.9641931302657162,12344
W,11903,461.7103721326153,0.9642741412832145,12344
W,11904,464.1198611860716,0.9643551523007129,12344
W,11905,464.1198611860716,0.9644361633182112,12344
W,11906,464.1198611860716,0.9645171743357096,12344
W,11907,464.1198611860716,0.9645981853532081,12344
W,11908,464.1198611860716,0.9646791963707064,12344
W,11909,464.1198611860716,0.9647602073882048,12344
W,11910,464.1198611860716,0.9648412184057031,12344
W,11911,464.1198611860716,0.9649222294232016,12344
W,11912,475.70107248982066,0.9650032404407,12344
W,11913,475.70107248982066,0.9650842514581983,12344
W,11914,480.1197242310906,0.9651652624756967,12344
W,11915,491.3809147003707,0.965246273493195,12344
W,11916,497.5863814466255,0.9653272845106935,12344
W,11917,497.5863814466255,0.9654082955281919,12344
W,11918,497.5863814466255,0.9654893065456902,12344
W,11919,497.5863814466255,0.9655703175631886,12344
W,11920,497.5863814466255,0.9656513285806869,12344
W,11921,497.5863814466255,0.9657323395981854,12344
W,11922,497.5863814466255,0.9658133506156837,12344
W,11923,497.5863814466255,0.9658943616331821,12344
W,11924,509.78124557534835,0.9659753726506805,12344
W,11925,533.3965828463166,0.9660563836681789,12344
W,11926,637.3401427391775,0.9661373946856773,12344
W,11927,693.740705092862,0.9662184057031756,12344
W,11928,693.740705092862,0.966299416720674,12344
W,11929,744.386241705633,0.9663804277381723,12344
W,11930,744.386241705633,0.9664614387556708,12344
W,11931,841.7286194431015,0.9665424497731692,12344
W,11932,848.9559060350762,0.9666234607906675,12344
W,11933,848.9559060350762,0.9667044718081659,12344
W,11934,848.9559060350762,0.9667854828256643,12344
W,11935,848.9559060350762,0.9668664938431627,12344
W,11936,848.9559060350762,0.9669475048606611,12344
W,11937,848.9559060350762,0.9670285158781594,12344
W,11938,859.5086467184592,0.9671095268956578,12344
W,11939,871.3012730452575,0.9671905379131562,12344
W,11940,888.3053543708531,0.9672715489306546,12344
W,11941,913.4146493089664,0.967352559948153,12344
W,11942,932.5133952928318,0.9674335709656513,12344
W,11943,932.5133952928318,0.9675145819831497,12344
W,11944,932.5133952928318,0.9675955930006481,12344
W,11945,947.2751431696975,0.9676766040181465,12344
W,11946,947.2751431696975,0.9677576150356448,12344
W,11947,947.2751431696975,0.9678386260531432,12344
W,11948,947.2751431696975,0.9679196370706417,12344
W,11949,947.2751431696975,0.96800064808814,12344
W,11950,947.2751431696975,0.9680816591056384,12344
W,11951,947.2751431696975,0.9681626701231367,12344
W,11952,947.2751431696975,0.9682436811406351,12344
W,11953,947.2751431696975,0.9683246921581335,12344
W,11954,947.2751431696975,0.9684057031756319,12344
W,11955,947.2751431696975,0.9684867141931303,12344
W,11956,947.2751431696975,0.9685677252106286,12344
W,11957,947.2751431696975,0.968648736228127,12344
W,11958,947.2751431696975,0.9687297472456254,12344
W,11959,947.2751431696975,0.9688107582631238,12344
W,11960,947.2751431696975,0.9688917692806222,12344
W,11961,947.2751431696975,0.9689727802981205,12344
W,11962,947.2751431696975,0.969053791315619,12344
W,11963,947.2751431696975,0.9691348023331173,12344
W,11964,947.2751431696975,0.9692158133506157,12344
W,11965,947.2751431696975,0.969296824368114,12344
W,11966,947.2751431696975,0.9693778353856124,12344
W,11967,947.2751431696975,0.9694588464031109,12344
W,11968,947.2751431696975,0.9695398574206092,12344
W,11969,947.2751431696975,0.9696208684381076,12344
W,11970,947.2751431696975,0.9697018794556059,12344
W,11971,947.2751431696975,0.9697828904731044,12344
W,11972,947.2751431696975,0.9698639014906028,12344
W,11973,947.2751431696975,0.9699449125081011,12344
W,11974,947.2751431696975,0.9700259235255995,12344
W,11975,947.2751431696975,0.9701069345430978,12344
W,11976,1069.0336741293338,0.9701879455605963,12344
W,11977,1151.374102723545,0.9702689565780946,12344
W,11978,1182.108787706242,0.970349967595593,12344
W,11979,1182.108787706242,0.9704309786130914,12344
W,11980,1182.108787706242,0.9705119896305897,12344
W,11981,1184.72702352334,0.9705930006480882,12344
W,11982,1184.72702352334,0.9706740116655865,12344
W,11983,1228.6450966063026,0.9707550226830849,12344
W,11984,1228.6450966063026,0.9708360337005832,12344
W,11985,1228.6450966063026,0.9709170447180817,12344
W,11986,1228.6450966063026,0.9709980557355801,12344
W,11987,1228.6450966063026,0.9710790667530784,12344
W,11988,1228.6450966063026,0.9711600777705768,12344
W,11989,1228.6450966063026,0.9712410887880751,12344
W,11990,1228.6450966063026,0.9713220998055736,12344
W,11991,1228.6450966063026,0.971403110823072,12344
W,11992,1228.6450966063026,0.9714841218405703,12344
W,11993,1228.6450966063026,0.9715651328580687,12344
W,11994,1228.6450966063026,0.971646143875567,12344
W,11995,1228.6450966063026,0.9717271548930655,12344
W,11996,1228.6450966063026,0.9718081659105638,12344
W,11997,1228.6450966063026,0.9718891769280622,12344
W,11998,1228.6450966063026,0.9719701879455606,12344
W,11999,1228.6450966063026,0.972051198963059,12344
W,12000,1228.6450966063026,0.9721322099805574,12344
W,12001,1228.6450966063026,0.9722132209980557,12344
W,12002,1228.6450966063026,0.9722942320155541,12344
W,12003,1228.6450966063026,0.9723752430330524,12344
W,12004,1228.6450966063026,0.9724562540505509,12344
W,12005,1228.6450966063026,0.9725372650680493,12344
W,12006,1228.6450966063026,0.9726182760855476,12344
W,12007,1228.6450966063026,0.972699287103046,12344
W,12008,1412.2017823842652,0.9727802981205443,12344
W,12009,1418.3937658846287,0.9728613091380428,12344
W,12010,1515.233582525258,0.9729423201555412,12344
W,12011,1515.233582525258,0.9730233311730395,12344
W,12012,1515.233582525258,0.9731043421905379,12344
W,12013,1515.5670991079467,0.9731853532080363,12344
W,12014,1515.5670991079467,0.9732663642255347,12344
W,12015,1515.5670991079467,0.973347375243033,12344
W,12016,1515.5670991079467,0.9734283862605314,12344
W,12017,1515.5670991079467,0.9735093972780298,12344
W,12018,1515.5670991079467,0.9735904082955282,12344
W,12019,1515.5670991079467,0.9736714193130266,12344
W,12020,1515.5670991079467,0.9737524303305249,12344
W,12021,1515.5670991079467,0.9738334413480233,12344
W,12022,1515.5670991079467,0.9739144523655218,12344
W,12023,1515.5670991079467,0.9739954633830201,12344
W,12024,1515.5670991079467,0.9740764744005185,12344
W,12025,1752.9215901870832,0.9741574854180168,12344
W,12026,1752.9215901870832,0.9742384964355152,12344
W,12027,1752.9215901870832,0.9743195074530137,12344
W,12028,1752.9215901870832,0.974400518470512,12344
W,12029,1856.8978740706511,0.9744815294880104,12344
W,12030,1856.8978740706511,0.9745625405055087,12344
W,12031,1856.8978740706511,0.9746435515230071,12344
W,12032,1856.8978740706511,0.9747245625405055,12344
W,12033,1856.8978740706511,0.9748055735580039,12344
W,12034,1856.8978740706511,0.9748865845755023,12344
W,12035,1856.8978740706511,0.9749675955930006,12344
W,12036,1856.8978740706511,0.9750486066104991,12344
W,12037,2134.155759982052,0.9751296176279974,12344
W,12038,2134.155759982052,0.9752106286454958,12344
W,12039,2134.155759982052,0.9752916396629941,12344
W,12040,2407.883143355754,0.9753726506804925,12344
W,12041,2407.883143355754,0.975453661697991,12344
W,12042,2407.883143355754,0.9755346727154893,12344
W,12043,2407.883143355754,0.9756156837329877,12344
W,12044,2407.883143355754,0.975696694750486,12344
W,12045,2407.883143355754,0.9757777057679844,12344
W,12046,2407.883143355754,0.9758587167854829,12344
W,12047,2407.883143355754,0.9759397278029812,12344
W,12048,2407.883143355754,0.9760207388204796,12344
W,12049,2407.883143355754,0.9761017498379779,12344
W,12050,2957.3759370355056,0.9761827608554764,12344
W,12051,2957.3759370355056,0.9762637718729748,12344
W,12052,2957.3759370355056,0.9763447828904731,12344
W,12053,2957.3759370355056,0.9764257939079715,12344
W,12054,2957.3759370355056,0.9765068049254698,12344
W,12055,2957.3759370355056,0.9765878159429683,12344
W,12056,2957.3759370355056,0.9766688269604666,12344
W,12057,2957.3759370355056,0.976749837977965,12344
W,12058,2957.3759370355056,0.9768308489954634,12344
W,12059,2957.3759370355056,0.9769118600129617,12344
W,12060,2957.3759370355056,0.9769928710304602,12344
W,12061,2957.3759370355056,0.9770738820479585,12344
W,12062,2957.3759370355056,0.9771548930654569,12344
W,12063,2957.3759370355056,0.9772359040829552,12344
W,12064,2957.3759370355056,0.9773169151004537,12344
W,12065,2957.3759370355056,0.9773979261179521,12344
W,12066,2957.3759370355056,0.9774789371354504,12344
W,12067,2957.3759370355056,0.9775599481529488,12344
W,12068,2957.3759370355056,0.9776409591704471,12344
W,12069,2957.3759370355056,0.9777219701879456,12344
W,12070,2957.3759370355056,0.977802981205444,12344
W,12071,2957.3759370355056,0.9778839922229423,12344
W,12072,2957.3759370355056,0.9779650032404407,12344
W,12073,2957.3759370355056,0.9780460142579391,12344
W,12074,2957.3759370355056,0.9781270252754375,12344
W,12075,2957.3759370355056,0.9782080362929358,12344
W,12076,2957.3759370355056,0.9782890473104342,12344
W,12077,2957.3759370355056,0.9783700583279326,12344
W,12078,2957.3759370355056,0.978451069345431,12344
W,12079,2957.3759370355056,0.9785320803629294,12344
W,12080,2957.3759370355056,0.9786130913804277,12344
W,12081,3013.2064248975094,0.9786941023979261,12344
W,12082,3020.3040728467336,0.9787751134154244,12344
W,12083,3020.3040728467336,0.9788561244329229,12344
W,12084,3020.3040728467336,0.9789371354504213,12344
W,12085,3020.3040728467336,0.9790181464679196,12344
W,12086,3020.3040728467336,0.979099157485418,12344
W,12087,3020.3040728467336,0.9791801685029164,12344
W,12088,3020.3040728467336,0.9792611795204148,12344
W,12089,3020.3040728467336,0.9793421905379132,12344
W,12090,3020.3040728467336,0.9794232015554115,12344
W,12091,3020.3040728467336,0.9795042125729099,12344
W,12092,3020.3040728467336,0.9795852235904083,12344
W,12093,3020.3040728467336,0.9796662346079067,12344
W,12094,3020.3040728467336,0.979747245625405,12344
W,12095,3075.4581892953734,0.9798282566429034,12344
W,12096,3075.4581892953734,0.9799092676604018,12344
W,12097,3075.4581892953734,0.9799902786779002,12344
W,12098,3075.4581892953734,0.9800712896953986,12344
W,12099,3075.4581892953734,0.9801523007128969,12344
W,12100,3075.4581892953734,0.9802333117303953,12344
W,12101,3075.4581892953734,0.9803143227478938,12344
W,12102,3075.4581892953734,0.9803953337653921,12344
W,12103,3075.4581892953734,0.9804763447828905,12344
W,12104,3075.4581892953734,0.9805573558003888,12344
W,12105,3075.4581892953734,0.9806383668178872,12344
W,12106,3075.4581892953734,0.9807193778353857,12344
W,12107,3075.4581892953734,0.980800388852884,12344
W,12108,3075.4581892953734,0.9808813998703824,12344
W,12109,3075.4581892953734,0.9809624108878807,12344
W,12110,3075.4581892953734,0.9810434219053791,12344
W,12111,3075.4581892953734,0.9811244329228775,12344
W,12112,3075.4581892953734,0.9812054439403759,12344
W,12113,3075.4581892953734,0.9812864549578743,12344
W,12114,3075.4581892953734,0.9813674659753726,12344
W,12115,3075.4581892953734,0.9814484769928711,12344
W,12116,3075.4581892953734,0.9815294880103694,12344
W,12117,3075.4581892953734,0.9816104990278678,12344
W,12118,3075.4581892953734,0.9816915100453661,12344
W,12119,3075.4581892953734,0.9817725210628645,12344
W,12120,3075.4581892953734,0.981853532080363,12344
W,12121,3082.089703348101,0.9819345430978613,12344
W,12122,3082.089703348101,0.9820155541153597,12344
W,12123,3082.089703348101,0.982096565132858,12344
W,12124,3232.5908917333977,0.9821775761503565,12344
W,12125,3232.5908917333977,0.9822585871678549,12344
W,12126,3340.0769231393824,0.9823395981853532,12344
W,12127,3340.0769231393824,0.9824206092028516,12344
W,12128,3340.0769231393824,0.9825016202203499,12344
W,12129,3340.0769231393824,0.9825826312378484,12344
W,12130,3340.0769231393824,0.9826636422553467,12344
W,12131,3567.659671934443,0.9827446532728451,12344
W,12132,3567.659671934443,0.9828256642903435,12344
W,12133,3567.659671934443,0.9829066753078418,12344
W,12134,3567.659671934443,0.9829876863253403,12344
W,12135,3608.385535763794,0.9830686973428386,12344
W,12136,3608.385535763794,0.983149708360337,12344
W,12137,3608.385535763794,0.9832307193778353,12344
W,12138,3608.385535763794,0.9833117303953338,12344
W,12139,3608.385535763794,0.9833927414128322,12344
W,12140,3608.385535763794,0.9834737524303305,12344
W,12141,3608.385535763794,0.9835547634478289,12344
W,12142,3608.385535763794,0.9836357744653272,12344
W,12143,3608.385535763794,0.9837167854828257,12344
W,12144,3608.385535763794,0.9837977965003241,12344
W,12145,3608.385535763794,0.9838788075178224,12344
W,12146,3608.385535763794,0.9839598185353208,12344
W,12147,3608.385535763794,0.9840408295528191,12344
W,12148,3608.385535763794,0.9841218405703176,12344
W,12149,3608.385535763794,0.984202851587816,12344
W,12150,3660.9803902217363,0.9842838626053143,12344
W,12151,3660.9803902217363,0.9843648736228127,12344
W,12152,3832.1136689033688,0.9844458846403111,12344
W,12153,4206.0666959268565,0.9845268956578095,12344
W,12154,4206.0666959268565,0.9846079066753078,12344
W,12155,4206.0666959268565,0.9846889176928062,12344
W,12156,4206.0666959268565,0.9847699287103046,12344
W,12157,4206.0666959268565,0.984850939727803,12344
W,12158,6310.545766337481,0.9849319507453014,12344
W,12159,6310.545766337481,0.9850129617627997,12344
W,12160,6310.545766337481,0.9850939727802981,12344
W,12161,6310.545766337481,0.9851749837977966,12344
W,12162,6310.545766337481,0.9852559948152949,12344
W,12163,6310.545766337481,0.9853370058327933,12344
W,12164,6310.545766337481,0.9854180168502916,12344
W,12165,6310.545766337481,0.98549902786779,12344
W,12166,6310.545766337481,0.9855800388852884,12344
W,12167,6310.545766337481,0.9856610499027868,12344
W,12168,6310.545766337481,0.9857420609202852,12344
W,12169,6310.545766337481,0.9858230719377835,12344
W,12170,6310.545766337481,0.9859040829552819,12344
W,12171,6310.545766337481,0.9859850939727803,12344
W,12172,6310.545766337481,0.9860661049902787,12344
W,12173,6310.545766337481,0.986147116007777,12344
W,12174,28608.461197182613,0.9862281270252754,12344
W,12175,28608.461197182613,0.9863091380427739,12344
W,12176,28608.461197182613,0.9863901490602722,12344
W,12177,28608.461197182613,0.9864711600777706,12344
W,12178,28608.461197182613,0.9865521710952689,12344
W,12179,28608.461197182613,0.9866331821127673,12344
W,12180,28608.461197182613,0.9867141931302658,12344
W,12181,28608.461197182613,0.9867952041477641,12344
W,12182,28608.461197182613,0.9868762151652625,12344
W,12183,28608.461197182613,0.9869572261827608,12344
W,12184,28608.461197182613,0.9870382372002592,12344
W,12185,28608.461197182613,0.9871192482177576,12344
W,12186,28608.461197182613,0.987200259235256,12344
W,12187,28608.461197182613,0.9872812702527544,12344
W,12188,28608.461197182613,0.9873622812702527,12344
W,12189,28608.461197182613,0.9874432922877512,12344
W,12190,28608.461197182613,0.9875243033052495,12344
W,12191,28608.461197182613,0.9876053143227479,12344
W,12192,28608.461197182613,0.9876863253402463,12344
W,12193,28608.461197182613,0.9877673363577446,12344
W,12194,28608.461197182613,0.9878483473752431,12344
W,12195,28608.461197182613,0.9879293583927414,12344
W,12196,28608.461197182613,0.9880103694102398,12344
W,12197,28608.461197182613,0.9880913804277381,12344
W,12198,28608.461197182613,0.9881723914452365,12344
W,12199,28608.461197182613,0.988253402462735,12344
W,12200,30305.68002059172,0.9883344134802333,12344
W,12201,30305.68002059172,0.9884154244977317,12344
W,12202,30305.68002059172,0.98849643551523,12344
W,12203,30305.68002059172,0.9885774465327285,12344
W,12204,30305.68002059172,0.9886584575502269,12344
W,12205,30305.68002059172,0.9887394685677252,12344
W,12206,30305.68002059172,0.9888204795852236,12344
W,12207,30305.68002059172,0.9889014906027219,12344
W,12208,30305.68002059172,0.9889825016202204,12344
W,12209,30305.68002059172,0.9890635126377187,12344
W,12210,30305.68002059172,0.9891445236552171,12344
W,12211,30305.68002059172,0.9892255346727155,12344
W,12212,30305.68002059172,0.9893065456902139,12344
W,12213,30305.68002059172,0.9893875567077123,12344
W,12214,30305.68002059172,0.9894685677252106,12344
W,12215,30305.68002059172,0.989549578742709,12344
W,12216,30305.68002059172,0.9896305897602073,12344
W,12217,30305.68002059172,0.9897116007777058,12344
W,12218,55103.378673046966,0.9897926117952042,12344
W,12219,55103.378673046966,0.9898736228127025,12344
W,12220,55103.378673046966,0.9899546338302009,12344
W,12221,55103.378673046966,0.9900356448476992,12344
W,12222,55103.378673046966,0.9901166558651977,12344
W,12223,55103.378673046966,0.9901976668826961,12344
W,12224,55103.378673046966,0.9902786779001944,12344
W,12225,55103.378673046966,0.9903596889176928,12344
W,12226,55103.378673046966,0.9904406999351912,12344
W,12227,55103.378673046966,0.9905217109526896,12344
W,12228,55103.378673046966,0.990602721970188,12344
W,12229,55103.378673046966,0.9906837329876863,12344
W,12230,551816.6100911548,0.9907647440051847,12344
W,12231,551816.6100911548,0.9908457550226831,12344
W,12232,551816.6100911548,0.9909267660401815,12344
W,12233,551816.6100911548,0.9910077770576798,12344
W,12234,551816.6100911548,0.9910887880751782,12344
W,12235,551816.6100911548,0.9911697990926766,12344
W,12236,551816.6100911548,0.991250810110175,12344
W,12237,551816.6100911548,0.9913318211276734,12344
W,12238,551816.6100911548,0.9914128321451717,12344
W,12239,551816.6100911548,0.9914938431626701,12344
W,12240,551816.6100911548,0.9915748541801686,12344
W,12241,551816.6100911548,0.9916558651976669,12344
W,12242,551816.6100911548,0.9917368762151653,12344
W,12243,551816.6100911548,0.9918178872326636,12344
W,12244,551816.6100911548,0.991898898250162,12344
W,12245,551816.6100911548,0.9919799092676604,12344
W,12246,551816.6100911548,0.9920609202851588,12344
W,12247,551816.6100911548,0.9921419313026572,12344
W,12248,551816.6100911548,0.9922229423201555,12344
W,12249,551816.6100911548,0.9923039533376539,12344
W,12250,551816.6100911548,0.9923849643551523,12344
W,12251,551816.6100911548,0.9924659753726507,12344
W,12252,551816.6100911548,0.992546986390149,12344
W,12253,551816.6100911548,0.9926279974076474,12344
W,12254,551816.6100911548,0.9927090084251459,12344
W,12255,551816.6100911548,0.9927900194426442,12344
W,12256,551816.6100911548,0.9928710304601426,12344
W,12257,551816.6100911548,0.9929520414776409,12344
W,12258,551816.6100911548,0.9930330524951393,12344
W,12259,551816.6100911548,0.9931140635126378,12344
W,12260,551816.6100911548,0.9931950745301361,12344
W,12261,551816.6100911548,0.9932760855476345,12344
W,12262,551816.6100911548,0.9933570965651328,12344
W,12263,551816.6100911548,0.9934381075826313,12344
W,12264,551816.6100911548,0.9935191186001296,12344
W,12265,551816.6100911548,0.993600129617628,12344
W,12266,551816.6100911548,0.9936811406351264,12344
W,12267,551816.6100911548,0.9937621516526247,12344
W,12268,551816.6100911548,0.9938431626701232,12344
W,12269,551816.6100911548,0.9939241736876215,12344
W,12270,551816.6100911548,0.9940051847051199,12344
W,12271,551816.6100911548,0.9940861957226182,12344
W,12272,551816.6100911548,0.9941672067401166,12344
W,12273,551816.6100911548,0.9942482177576151,12344
W,12274,551816.6100911548,0.9943292287751134,12344
W,12275,551816.6100911548,0.9944102397926118,12344
W,12276,646052.5579083584,0.9944912508101101,12344
W,12277,646052.5579083584,0.9945722618276086,12344
W,12278,646052.5579083584,0.994653272845107,12344
W,12279,646052.5579083584,0.9947342838626053,12344
W,12280,646052.5579083584,0.9948152948801037,12344
W,12281,646052.5579083584,0.994896305897602,12344
W,12282,646052.5579083584,0.9949773169151005,12344
W,12283,646052.5579083584,0.9950583279325989,12344
W,12284,646052.5579083584,0.9951393389500972,12344
W,12285,646052.5579083584,0.9952203499675956,12344
W,12286,646052.5579083584,0.9953013609850939,12344
W,12287,646052.5579083584,0.9953823720025924,12344
W,12288,646052.5579083584,0.9954633830200907,12344
W,12289,646052.5579083584,0.9955443940375891,12344
W,12290,646052.5579083584,0.9956254050550875,12344
W,12291,646052.5579083584,0.9957064160725859,12344
W,12292,646052.5579083584,0.9957874270900843,12344
W,12293,646052.5579083584,0.9958684381075826,12344
W,12294,646052.5579083584,0.995949449125081,12344
W,12295,666951.1333146612,0.9960304601425793,12344
W,12296,666951.1333146612,0.9961114711600778,12344
W,12297,666951.1333146612,0.9961924821775762,12344
W,12298,666951.1333146612,0.9962734931950745,12344
W,12299,666951.1333146612,0.9963545042125729,12344
W,12300,666951.1333146612,0.9964355152300713,12344
W,12301,666951.1333146612,0.9965165262475697,12344
W,12302,666951.1333146612,0.9965975372650681,12344
W,12303,666951.1333146612,0.9966785482825664,12344
W,12304,666951.1333146612,0.9967595593000648,12344
W,12305,666951.1333146612,0.9968405703175632,12344
W,12306,666951.1333146612,0.9969215813350616,12344
W,12307,666951.1333146612,0.99700259235256,12344
W,12308,666951.1333146612,0.9970836033700583,12344
W,12309,666951.1333146612,0.9971646143875567,12344
W,12310,666951.1333146612,0.9972456254050551,12344
W,12311,666951.1333146612,0.9973266364225535,12344
W,12312,666951.1333146612,0.9974076474400518,12344
W,12313,666951.1333146612,0.9974886584575502,12344
W,12314,666951.1333146612,0.9975696694750487,12344
W,12315,666951.1333146612,0.997650680492547,12344
W,12316,666951.1333146612,0.9977316915100454,12344
W,12317,666951.1333146612,0.9978127025275437,12344
W,12318,666951.1333146612,0.9978937135450421,12344
W,12319,666951.1333146612,0.9979747245625405,12344
W,12320,666951.1333146612,0.9980557355800389,12344
W,12321,666951.1333146612,0.9981367465975373,12344
W,12322,666951.1333146612,0.9982177576150356,12344
W,12323,666951.1333146612,0.998298768632534,12344
W,12324,666951.1333146612,0.9983797796500324,12344
W,12325,666951.1333146612,0.9984607906675308,12344
W,12326,666952.0873959108,0.9985418016850292,12344
W,12327,666952.0873959108,0.9986228127025275,12344
W,12328,666952.0873959108,0.998703823720026,12344
W,12329,666952.0873959108,0.9987848347375243,12344
W,12330,666952.0873959108,0.9988658457550227,12344
W,12331,666952.0873959108,0.998946856772521,12344
W,12332,666952.0873959108,0.9990278677900194,12344
W,12333,666952.0873959108,0.9991088788075179,12344
W,12334,666952.0873959108,0.9991898898250162,12344
W,12335,666952.0873959108,0.9992709008425146,12344
W,12336,666952.0873959108,0.9993519118600129,12344
W,12337,666952.0873959108,0.9994329228775113,12344
W,12338,690930.1521558677,0.9995139338950098,12344
W,12339,690930.1521558677,0.9995949449125081,12344
W,12340,690930.1521558677,0.9996759559300065,12344
W,12341,690930.1521558677,0.9997569669475048,12344
W,12342,690930.1521558677,0.9998379779650033,12344
W,12343,690930.1521558677,0.9999189889825016,12344
W,12344,690930.1521558677,1.0,12344
