run_id,driver_id,scenario_id,n_frames,first_timestamp_ms,last_timestamp_ms,frame_gap_count,timestamp_nonpositive_count,dt_min_s,dt_max_s,dt_median_s,dt_p95_s,step_max_m,step_p95_m,step_zero_count,step_gt_5m_count,step_gt_10m_count,speed_recon_mae_kmh,speed_recon_p95_abs_kmh,speed_recon_max_abs_kmh,accel_max_abs_mps2,accel_p95_abs_mps2,jerk_max_abs_mps3,jerk_p95_abs_mps3,yaw_rate_max_abs_deg_s,yaw_rate_p95_abs_deg_s,cross_track_max_m,arc_length_m,arc_backtrack_count,duplicate_position_sequence,duplicate_speed_sequence,stationary_frame_count,moving_frame_count,combined_rank_score
human_synthetic:D01:A1,D01,A1,245,1766197789852,1766197815289,0,0,0.101,0.119,0.104,0.109,0.7528352211733342,0.5916760872506316,34,0,0,0.622879976260591,2.029622178913478,2.8732964968792594,2.0220055174752143,1.6127583120001414,9.795660125006027,3.9102622218689693,6.0500417845736525,2.495773903513106,0.0,64.91751810769998,0,False,False,56,189,1230.0
human_synthetic:D01:A2,D01,A2,137,1766197815395,1766197830015,0,0,0.101,0.117,0.108,0.113,1.0365545866251282,1.0193996699062546,0,0,0,1.875381505383614,3.41379276841816,5.203722078839416,2.5103156515049125,1.6393321947602346,14.68291328856933,3.8834095500860455,14.472242750893006,11.5693721529901,0.0,96.82273765948108,0,False,False,0,137,612.0
human_synthetic:D01:A3,D01,A3,419,1766197830125,1766197875939,0,0,0.101,0.12,0.109,0.116,0.995440941085772,0.6717107519513514,0,0,0,1.2355975323436041,2.205104465815086,4.988643568441901,3.5809452834030675,2.1551805434072775,20.863923608976485,4.1872017614754435,32.573045363231806,24.556007984513162,0.0,197.1677875846439,0,False,False,0,419,259.0
human_synthetic:D01:A4,D01,A4,304,1766197876047,1766197908289,0,0,0.101,0.119,0.106,0.112,0.8490351292024743,0.7090499342708233,0,0,0,1.1284244457928285,2.879799400433792,5.752158434437089,2.3967064883968847,1.7805570095300822,29.280047530910775,4.02815974275275,21.69993651892916,19.339674327112057,0.0,134.6623008117629,0,False,False,1,303,471.0
human_synthetic:D01:A5,D01,A5,560,1766197908395,1766197970058,0,0,0.101,0.121,0.11,0.117,0.8296134326426206,0.5881745146781432,186,0,0,0.4643141760478757,1.8021564413638342,4.109704693952693,3.596880761616139,1.3246417740720788,16.29074871321944,3.122314971336899,14.870926308760751,2.598963076213636,0.0,97.31081348123816,0,False,False,322,238,711.0
human_synthetic:D01:A6,D01,A6,131,1766197970168,1766197984179,0,0,0.102,0.116,0.108,0.113,0.7148158124830398,0.6075659657014688,0,0,0,0.9284301778574836,2.1423101037644194,2.867633529378651,3.5748653089083082,2.6908740552232286,20.352839920537956,5.2341173600512185,25.02910826468331,19.542360394659198,0.0,47.4373876619294,0,False,False,0,131,667.0
human_synthetic:D01:A7,D01,A7,246,1766197984288,1766198010440,0,0,0.102,0.121,0.105,0.117,0.8881212481153521,0.7364295312066371,0,0,0,0.7871194859043212,2.713512374502932,5.324953931613049,2.4186793174831682,1.7229784488768978,9.78660299474486,3.815485857625893,12.657786004800052,10.347840074218553,0.0,94.46103823326072,0,False,False,0,246,802.0
human_synthetic:D01:B1,D01,B1,110,1766198010544,1766198022133,0,0,0.102,0.12,0.106,0.11059999999999999,1.0009730146482052,0.9945788994235787,0,0,0,2.182979319256438,4.051804461331126,4.554698574993537,0.5834888379362855,0.4704444319203396,2.8123899370282195,1.9146832501818467,7.387101803376121,6.302134645532385,0.0,90.71346154453863,0,False,False,0,110,978.0
human_synthetic:D01:B2,D01,B2,210,1766198022238,1766198044554,0,0,0.102,0.121,0.106,0.113,1.0239425063595111,0.93183126764478,0,0,0,1.529512797095764,3.5105561724675316,5.624691082082027,3.5647301442400487,2.1778606824793636,11.1448474691167,4.718766296672263,7.084941399549615,4.940640771273016,0.0,129.98578630028564,0,False,False,0,210,557.0
human_synthetic:D01:B3,D01,B3,182,1766198044667,1766198064230,0,0,0.102,0.118,0.107,0.115,0.595427258233207,0.5849206186212674,0,0,0,1.028644917270465,2.358005090902491,4.363284513248569,3.832359485527056,1.6585576465421066,17.97380445196026,4.269680825172862,4.3993877528429115,3.4589513667478906,0.0,73.16694171701269,0,False,False,0,182,805.0
human_synthetic:D01:B4,D01,B4,293,1766198064337,1766198094900,0,0,0.102,0.112,0.105,0.107,0.9468069696077959,0.7751941905159855,0,0,0,1.0242727191593075,2.4623856452553876,4.452457563931276,2.1246692502565336,0.7244641950032996,6.772791036563506,1.998796111725775,19.544309918877023,15.839613997767314,0.0,126.4448589414828,0,False,False,0,293,910.0
human_synthetic:D01:C1,D01,C1,313,1766198095004,1766198128058,0,0,0.102,0.113,0.106,0.109,1.029596623375514,0.9170589891705527,0,0,0,1.6977389663295872,3.5796265621343615,5.117609523847772,3.3552700156615898,1.6292537574573942,15.624446236077436,4.353392621925998,28.57658633363645,21.521680497767488,0.0,213.69039330190236,0,False,False,0,313,378.0
human_synthetic:D01:C2,D01,C2,253,1766198128174,1766198155134,0,0,0.102,0.122,0.107,0.113,0.8258051468519819,0.7220305292824619,0,0,0,0.9651794938343231,2.8525332979534332,4.148255764709258,3.333261705196705,1.8433130494849546,16.824825990165014,5.515937020813945,21.30977828557116,16.022017635391997,0.0,94.91819323235816,0,False,False,0,253,683.0
human_synthetic:D01:C3,D01,C3,373,1766198155246,1766198196267,0,0,0.102,0.125,0.11,0.118,0.59014664344666,0.447115011295104,87,0,0,0.3615797288547402,1.2710536350315778,2.549058687793277,3.2053718276507777,1.7475048795777959,16.71519928237258,5.4984218186873814,22.224112028675023,15.05340237862858,0.0,51.38968609801676,0,False,False,153,220,914.0
human_synthetic:D01:C4,D01,C4,318,1766198196373,1766198229666,0,0,0.102,0.11,0.105,0.10719999999999999,0.7482189319120627,0.6401574876986629,19,0,0,0.7651586713077299,2.524299058121007,3.8108695896517872,3.054212998207449,1.167072803222495,20.70090128801559,3.6787363240921094,4.4480367132403185,2.5104497638079084,0.0,103.2184089159305,0,False,False,43,275,948.0
human_synthetic:D02:A1,D02,A1,245,1766197789852,1766197815289,0,0,0.101,0.119,0.104,0.109,0.7868103386915887,0.6049902370831551,34,0,0,0.6284173609460637,1.9851342396260248,2.9536188265159957,1.802861270452961,1.5157407975687378,9.576082467588447,3.8079584284621397,6.330192300318924,2.583686144464241,0.0,64.91733842584905,0,False,False,56,189,1220.0
human_synthetic:D02:A2,D02,A2,137,1766197815395,1766197830015,0,0,0.101,0.117,0.108,0.113,1.0181903659604485,1.0009003151198737,0,0,0,1.8765892131741355,3.447683105285738,5.316223855887241,2.6469988549631585,1.7753212862309746,15.213526614788139,3.7088482783222987,14.188764904331325,11.583633614949557,0.0,96.82271369007947,0,False,False,0,137,595.0
human_synthetic:D02:A3,D02,A3,419,1766197830125,1766197875939,0,0,0.101,0.12,0.109,0.116,1.000285566457126,0.6759895247077288,0,0,0,1.2342949691506924,2.1729776775872436,5.017348902821855,3.657750432554522,2.1716799074070274,20.78960726984056,4.1935060586834,32.85326681683707,24.39532248059681,0.0,197.16790095602357,0,False,False,0,419,232.0
human_synthetic:D02:A4,D02,A4,304,1766197876047,1766197908289,0,0,0.101,0.119,0.106,0.112,0.8530666204653402,0.6957914480006346,0,0,0,1.1302594443543623,2.763145501420434,5.8094209686852665,2.417304510238718,1.7640816017892231,29.700608964446996,4.193002457761781,21.95181030167209,19.447596289836216,0.0,134.66365726723313,0,False,False,1,303,439.0
human_synthetic:D02:A5,D02,A5,560,1766197908395,1766197970058,0,0,0.101,0.121,0.11,0.117,0.7930282407109196,0.5757717807657672,186,0,0,0.46894785914608555,1.782481361148307,3.94346055580489,3.4170431690945757,1.3637596897306887,15.47310559753234,2.961428192187831,14.312600425291336,2.5186172629800474,0.0,97.31127558694864,0,False,False,322,238,851.0
human_synthetic:D02:A6,D02,A6,131,1766197970168,1766197984179,0,0,0.102,0.116,0.108,0.113,0.7105299732131506,0.5950645339718891,0,0,0,0.9299680713132745,2.1415486335929454,2.743698021242242,3.68635581389172,2.784830826790815,21.14545562741863,5.469845636386636,19.80460825528111,18.3625532926098,0.0,47.438939213146725,0,False,False,0,131,728.0
human_synthetic:D02:A7,D02,A7,246,1766197984288,1766198010440,0,0,0.102,0.121,0.105,0.117,0.8328435552879284,0.6944742193006005,0,0,0,0.7907579573650344,2.655315079928653,5.149483677220353,2.506377901273251,1.579663257163216,10.87012492991993,3.654272517093572,13.001735897717026,10.529830774699615,0.0,94.46111692665772,0,False,False,0,246,830.0
human_synthetic:D02:B1,D02,B1,110,1766198010544,1766198022133,0,0,0.102,0.12,0.106,0.11059999999999999,0.9981682171242596,0.9801786539543563,0,0,0,2.183105309343974,4.1218236807978235,4.620766323388523,0.6941227158321933,0.635080563905259,2.5459493728466365,1.9097645061747248,7.696197384348944,6.550210216235486,0.0,90.71326017523684,0,False,False,0,110,980.0
human_synthetic:D02:B2,D02,B2,210,1766198022238,1766198044554,0,0,0.102,0.121,0.106,0.113,1.0081904861235818,0.9535123838715135,0,0,0,1.535966219586076,3.7246500780121523,5.2421652652230115,3.7423514362509542,2.3146791716763198,11.925455519747668,4.9617698536229335,6.945845375200644,5.001743378703209,0.0,129.9857810074195,0,False,False,0,210,557.0
human_synthetic:D02:B3,D02,B3,182,1766198044667,1766198064230,0,0,0.102,0.118,0.107,0.115,0.6218070748207908,0.5849238344632556,0,0,0,1.0253588702333123,2.333941366602417,4.259096380686563,3.599816994395789,1.5448906460059701,16.78510494923899,4.292672971147552,4.642305559885529,3.5961681170850444,0.0,73.16697278521471,0,False,False,0,182,897.0
human_synthetic:D02:B4,D02,B4,293,1766198064337,1766198094900,0,0,0.102,0.112,0.105,0.107,0.8737087655726107,0.7243152258596421,0,0,0,1.0245663574980255,2.592478735742687,4.146409655216882,2.25442057988856,0.6765552880302073,7.20860523523304,1.9018611008124577,19.88542752043805,15.975072898825877,0.0,126.44614163718461,0,False,False,0,293,945.0
human_synthetic:D02:C1,D02,C1,313,1766198095004,1766198128058,0,0,0.102,0.113,0.106,0.109,1.0034222135719175,0.9070698130367135,0,0,0,1.699520975966805,3.6465157692237806,4.998066149603748,3.2960175298491414,1.5913810297403337,15.058493908574343,4.407705012903114,28.359092771164338,20.997292727426,0.0,213.69148257455367,0,False,False,0,313,464.0
human_synthetic:D02:C2,D02,C2,253,1766198128174,1766198155134,0,0,0.102,0.122,0.107,0.113,0.8610329320452279,0.7355343577458194,0,0,0,0.9619572023370317,2.891993163282236,3.9466029656739714,3.531852238228568,1.936482075594396,17.518202176058555,5.423171149551172,20.226544115514365,15.22740702805454,0.0,94.91834247564748,0,False,False,0,253,646.0
human_synthetic:D02:C3,D02,C3,373,1766198155246,1766198196267,0,0,0.102,0.125,0.11,0.118,0.5778547102164149,0.4366918615298766,87,0,0,0.36305918700528206,1.2492733946334382,2.5079737187635445,3.2609970156619776,1.7891696064803373,17.13764851699512,5.552224935091216,21.41535982034311,13.325137702562666,0.0,51.35749319189597,0,False,False,153,220,919.0
human_synthetic:D02:C4,D02,C4,318,1766198196373,1766198229666,0,0,0.102,0.11,0.105,0.10719999999999999,0.7627840315051087,0.6579926517904032,19,0,0,0.7642890470010393,2.53283555495383,3.892758771534659,2.965265244810705,1.2217468677274832,19.724906999905663,3.5649371393784763,3.808489974266339,2.354401308135059,0.0,103.2203479657601,0,False,False,43,275,977.0
human_synthetic:D03:A1,D03,A1,245,1766197789852,1766197815289,0,0,0.101,0.119,0.104,0.109,0.7351353055972417,0.5833979655813222,34,0,0,0.6236876871208145,2.046456773482409,2.8686537139610557,1.9982504449641132,1.5411553579478834,9.275743128592206,3.7435744208021586,5.9077992002271795,2.59408921940691,0.0,64.91648847599001,0,False,False,56,189,1271.0
human_synthetic:D03:A2,D03,A2,137,1766197815395,1766197830015,0,0,0.101,0.117,0.108,0.113,0.9794035240795096,0.9620363761520432,0,0,0,1.882906854262483,3.342796902340326,5.130826036590083,2.4805488073515867,1.6316746701208826,14.581871067235824,3.5830926495437687,15.263184187575074,12.27118415518067,0.0,96.82268902049472,0,False,False,0,137,690.0
human_synthetic:D03:A3,D03,A3,419,1766197830125,1766197875939,0,0,0.101,0.12,0.109,0.116,0.9649886366567398,0.6587871735549804,0,0,0,1.2370185466810775,2.258975262071274,4.83861795186202,3.543357671832411,2.0939495455534045,20.1861214055693,4.046992693091079,33.00324888671995,24.84601553954898,0.0,197.17019884613563,0,False,False,0,419,335.0
human_synthetic:D03:A4,D03,A4,304,1766197876047,1766197908289,0,0,0.101,0.119,0.106,0.112,0.8298727069826095,0.7006876690487485,0,0,0,1.1203133391216056,2.8324081504792264,5.619398763522799,2.4010038766700776,1.7426804785876795,30.590178290159184,3.9994470695779967,21.854124499970627,19.082002802281163,0.0,134.6629006620086,0,False,False,1,303,476.0
human_synthetic:D03:A5,D03,A5,560,1766197908395,1766197970058,0,0,0.101,0.121,0.11,0.117,0.7979880793932232,0.5758164353674734,186,0,0,0.46199909423257457,1.7626516041947284,3.957902626126291,3.4809794407032477,1.388547094696254,15.776836735501387,3.0062073139280834,14.359160648803417,2.6604372767101525,0.0,97.39875900288531,0,False,False,322,238,815.0
human_synthetic:D03:A6,D03,A6,131,1766197970168,1766197984179,0,0,0.102,0.116,0.108,0.113,0.6949157174729211,0.5855921396041819,0,0,0,0.9304356719813608,2.096515788512104,2.7378222896048072,3.542609263580711,2.6804682728214257,20.38715463295138,5.307177395610979,20.340304478570456,18.56510703004477,0.0,47.437203466562025,0,False,False,0,131,774.0
human_synthetic:D03:A7,D03,A7,246,1766197984288,1766198010440,0,0,0.102,0.121,0.105,0.117,0.8426529312381714,0.7028987474226611,0,0,0,0.7903363551507657,2.6862988689537284,5.206343790582501,2.365818328048647,1.6018790012454385,10.269949765159243,3.6753980392790218,12.951587265275153,10.917607050213654,0.0,94.461161858835,0,False,False,0,246,857.0
human_synthetic:D03:B1,D03,B1,110,1766198010544,1766198022133,0,0,0.102,0.12,0.106,0.11059999999999999,1.0219144230927852,1.0021462285615748,0,0,0,2.1886410266874554,4.089346503552049,4.6848486869715416,0.589631921150853,0.5305150570838083,2.613656279195649,1.856133130677858,7.093394493728687,6.147738207288522,0.0,90.71320677656428,0,False,False,0,110,971.0
human_synthetic:D03:B2,D03,B2,210,1766198022238,1766198044554,0,0,0.102,0.121,0.106,0.113,1.0254062903688985,0.9532533541779942,0,0,0,1.5371136952776563,3.7924114832596225,5.238484202181844,3.5858446577160636,2.235432392007765,12.16844805810394,4.957294423745382,6.824687747306208,5.162944147315497,0.0,129.98580422147205,0,False,False,0,210,580.0
human_synthetic:D03:B3,D03,B3,182,1766198044667,1766198064230,0,0,0.102,0.118,0.107,0.115,0.612027227384848,0.5834447235771055,0,0,0,1.0253901054377275,2.3000467362080634,4.26135495462065,3.8613484384019228,1.6789502020103653,18.285561503645795,4.333440495495795,4.580049933249945,3.529322327627182,0.0,73.16695641750042,0,False,False,0,182,796.0
human_synthetic:D03:B4,D03,B4,293,1766198064337,1766198094900,0,0,0.102,0.112,0.105,0.107,0.8745290750625571,0.7179910470608698,0,0,0,1.0232048034004206,2.6476329925548026,4.095928990478676,2.3027721146052285,0.6227393518980928,7.261291444595996,1.9309513722739924,20.539495809414024,16.305213011643403,0.0,126.44349981073279,0,False,False,0,293,929.0
human_synthetic:D03:C1,D03,C1,313,1766198095004,1766198128058,0,0,0.102,0.113,0.106,0.109,0.9579598918672328,0.910468505702419,0,0,0,1.6992893423354105,3.823615917320521,4.762561597292095,3.2934420019006803,1.529781343540283,14.586745572151397,4.272561296089038,27.845133301822344,21.760667396773634,0.0,213.6930548982595,0,False,False,0,313,562.0
human_synthetic:D03:C2,D03,C2,253,1766198128174,1766198155134,0,0,0.102,0.122,0.107,0.113,0.8305653449921546,0.7040589697211803,0,0,0,0.9648653176237466,2.807040558553096,4.034788397373944,3.3625357495273462,1.8606777664852048,16.95087361824636,5.571873748389888,21.133995841426195,15.369159231940625,0.0,94.91855337783713,0,False,False,0,253,687.0
human_synthetic:D03:C3,D03,C3,373,1766198155246,1766198196267,0,0,0.102,0.125,0.11,0.118,0.5939309112784035,0.4471885446887664,87,0,0,0.36091628678614157,1.2382199109852463,2.574460149017094,3.2834626030158995,1.7669843059482626,17.115964342059677,5.455615052334098,21.81763284842097,14.59129721637871,0.0,51.36973174253734,0,False,False,153,220,872.0
human_synthetic:D03:C4,D03,C4,318,1766198196373,1766198229666,0,0,0.102,0.11,0.105,0.10719999999999999,0.7820889938117451,0.6612944183126059,19,0,0,0.7634144079428629,2.503771463643348,3.9834133694417453,2.8730040800644696,1.2440909255444035,20.69007002121515,3.6823805117445607,3.5841738158462424,2.6076141061272784,0.0,103.22442741563982,0,False,False,43,275,936.0
human_synthetic:D04:A1,D04,A1,245,1766197789852,1766197815289,0,0,0.101,0.119,0.104,0.109,0.7883431034908849,0.6057670778398805,34,0,0,0.6273701955033418,1.9878346063230556,2.9574230873118736,1.8264481110330693,1.5472506994267734,9.751411389177992,3.8750215060704414,6.343076061272904,2.6055045442547793,0.0,64.91668033627518,0,False,False,56,189,1205.0
human_synthetic:D04:A2,D04,A2,137,1766197815395,1766197830015,0,0,0.101,0.117,0.108,0.113,1.0418550211041495,1.0191895243719242,0,0,0,1.8725778358681904,3.372496785426187,5.319763803488364,2.599749087290154,1.7066085450335606,15.0841711810843,3.7982281675276046,14.99082459712629,11.21050732521855,0.0,96.82266710077315,0,False,False,0,137,551.0
human_synthetic:D04:A3,D04,A3,419,1766197830125,1766197875939,0,0,0.101,0.12,0.109,0.116,0.9570317452913353,0.7078534899024348,0,0,0,1.2345767988730336,2.150438005574441,4.809043434118614,3.841225284088712,2.1360504655690424,20.42102624178062,4.066907670711778,31.437288559652536,23.50848556484263,0.0,197.16780698717574,0,False,False,0,419,278.0
human_synthetic:D04:A4,D04,A4,304,1766197876047,1766197908289,0,0,0.101,0.119,0.106,0.112,0.8180761740269705,0.6778259570899519,0,0,0,1.1235082221585349,2.6804807684417438,5.571663755898925,2.5090725329296877,1.797998592785803,31.15174876831434,4.176145386891276,22.707269903857796,19.072979049368257,0.0,134.6622867048033,0,False,False,1,303,440.0
human_synthetic:D04:A5,D04,A5,560,1766197908395,1766197970058,0,0,0.101,0.121,0.11,0.117,0.807503473498193,0.5835582021677741,186,0,0,0.4617417449126089,1.7695309372375947,4.015092656632948,3.46220919064233,1.3744591198354383,15.669745421418892,3.0095667619832556,14.55958009870389,2.51105665409103,0.0,97.35473304909337,0,False,False,322,238,792.0
human_synthetic:D04:A6,D04,A6,131,1766197970168,1766197984179,0,0,0.102,0.116,0.108,0.113,0.7445805264499091,0.6200744931089347,0,0,0,0.9264157284824655,2.1875631149055064,2.8470804939200036,3.7878310040800702,2.820611522203344,21.240743137701315,5.488960651553118,20.967064875870438,18.371455407726863,0.0,47.437433624094204,0,False,False,0,131,635.0
human_synthetic:D04:A7,D04,A7,246,1766197984288,1766198010440,0,0,0.102,0.121,0.105,0.117,0.8691379337657934,0.7197394137289733,0,0,0,0.7872578037688918,2.5933619989603565,5.101219628365424,2.433593700844928,1.6537860411797707,10.64128348108102,3.852129729352656,11.788236986698005,9.762024076224385,0.0,94.46128153546424,0,False,False,0,246,835.0
human_synthetic:D04:B1,D04,B1,110,1766198010544,1766198022133,0,0,0.102,0.12,0.106,0.11059999999999999,1.029436341812308,1.0103122733823438,0,0,0,2.1795949102039076,4.069044197000345,4.718982054432146,0.5942691885878353,0.4177068136048888,2.5719331862650088,1.8879821957777494,7.467051337826001,6.337867056586296,0.0,90.71336375177877,0,False,False,0,110,936.0
human_synthetic:D04:B2,D04,B2,210,1766198022238,1766198044554,0,0,0.102,0.121,0.106,0.113,1.0307541306096017,0.9735101175952633,0,0,0,1.52953220713236,3.7244711584601102,5.472424925859798,3.614510944004836,2.3320004821262708,11.87642096001103,4.812299201393261,7.2487388844487155,5.0278090475135615,0.0,129.98585415922216,0,False,False,0,210,512.0
human_synthetic:D04:B3,D04,B3,182,1766198044667,1766198064230,0,0,0.102,0.118,0.107,0.115,0.6287891730384627,0.5789937519854487,0,0,0,1.0238520512970317,2.3405509502588657,4.249475678317859,3.5758663819157093,1.5304732329888886,16.657109455008705,4.271630116952952,4.722508846299434,3.6209589597144,0.0,73.16698926740085,0,False,False,0,182,903.0
human_synthetic:D04:B4,D04,B4,293,1766198064337,1766198094900,0,0,0.102,0.112,0.105,0.107,0.8984525849754862,0.7404721917773475,0,0,0,1.0269144274541628,2.601503389289934,4.230105072936659,2.3101943857996394,0.6548089553373412,7.3790168728518415,1.9044422542554384,19.09019292521472,15.44973691799284,0.0,126.44234837794156,0,False,False,0,293,917.0
human_synthetic:D04:C1,D04,C1,313,1766198095004,1766198128058,0,0,0.102,0.113,0.106,0.109,1.0149632097507302,0.8857926268154853,0,0,0,1.694419516710522,3.7091222825170282,5.0439590178584055,3.241044115035014,1.570173175126392,15.451533044239055,4.343033297206166,28.475413193303492,21.295195252653578,0.0,213.69007958899266,0,False,False,0,313,449.0
human_synthetic:D04:C2,D04,C2,253,1766198128174,1766198155134,0,0,0.102,0.122,0.107,0.113,0.8274231501859834,0.7023914495735252,0,0,0,0.9668389825745977,2.7894659252524736,4.008223725058389,3.286815293716416,1.8122238927605885,16.907666637012724,5.68493354281399,20.76768823347718,15.288427605285163,0.0,94.91821747781819,0,False,False,0,253,727.0
human_synthetic:D04:C3,D04,C3,373,1766198155246,1766198196267,0,0,0.102,0.125,0.11,0.118,0.577718061363554,0.4366024549721346,87,0,0,0.3625596821894236,1.2527711269452384,2.5073895013124528,3.261837240935557,1.8008787541422155,17.129799557082404,5.560364108971374,21.33024831378218,13.475029407915597,0.0,51.35841996517772,0,False,False,153,220,924.0
human_synthetic:D04:C4,D04,C4,318,1766198196373,1766198229666,0,0,0.102,0.11,0.105,0.10719999999999999,0.8007504343800148,0.6654853028172046,19,0,0,0.7611871605595527,2.5201541659747315,4.070266014652024,2.826254495518441,1.2380685862545913,19.718211494999533,3.607851736210678,4.064355204409782,2.363114648475431,0.0,103.22240472901139,0,False,False,43,275,922.0
human_synthetic:D05:A1,D05,A1,245,1766197789852,1766197815289,0,0,0.101,0.119,0.104,0.109,0.7413548093644242,0.5824570033594604,34,0,0,0.6240392069016586,2.0857782256078248,2.901078791215463,1.9945606758082257,1.5477492047767798,9.411014343703622,3.856519341187735,5.957781269877738,2.5624666874944473,0.0,64.91746923217157,0,False,False,56,189,1257.0
human_synthetic:D05:A2,D05,A2,137,1766197815395,1766197830015,0,0,0.101,0.117,0.108,0.113,1.0265157651675119,1.0087907847591615,0,0,0,1.8763366696834052,3.3846370462983435,5.194015739508231,2.4846319741643765,1.616347589961888,14.641290117002383,3.834429318767158,14.915634326148538,11.641181139472625,0.0,96.82306374102427,0,False,False,0,137,623.0
human_synthetic:D05:A3,D05,A3,419,1766197830125,1766197875939,0,0,0.101,0.12,0.109,0.116,1.0055048577759793,0.6659155367241788,0,0,0,1.2352975915092979,2.2131857580042933,5.04918600717394,3.6076218618906313,2.176825783738093,21.251510359291768,4.255592423527072,32.546591017483905,24.62206798989482,0.0,197.1679672240743,0,False,False,0,419,216.0
human_synthetic:D05:A4,D05,A4,304,1766197876047,1766197908289,0,0,0.101,0.119,0.106,0.112,0.8473808263824972,0.7031715036255832,0,0,0,1.1312743674075563,2.846879416516683,5.749828002764332,2.4520748886397588,1.7857599899788887,28.594822912748064,4.06340464429766,22.224181354231213,19.559167740417145,0.0,134.6628137046081,0,False,False,1,303,443.0
human_synthetic:D05:A5,D05,A5,560,1766197908395,1766197970058,0,0,0.101,0.121,0.11,0.117,0.8147407875926969,0.5862023604438706,186,0,0,0.46259504412736074,1.7830142910689157,4.043563253695709,3.535432086179471,1.3374771298640098,16.0179916041623,3.0596340583519823,14.653260290379691,2.688702504530338,0.0,97.31102429073078,0,False,False,322,238,760.0
human_synthetic:D05:A6,D05,A6,131,1766197970168,1766197984179,0,0,0.102,0.116,0.108,0.113,0.7174262395637871,0.6049326780898705,0,0,0,0.9292119100122652,2.1452640202525566,2.8176343117567377,3.6763806925069566,2.758052770651144,20.808801162596083,5.35795626605718,21.750584163851745,19.226816507106896,0.0,47.439271685421545,0,False,False,0,131,668.0
human_synthetic:D05:A7,D05,A7,246,1766197984288,1766198010440,0,0,0.102,0.121,0.105,0.117,0.868808644382148,0.7205235988449475,0,0,0,0.7881450327421908,2.6597689512833966,5.216858737905415,2.407270786140543,1.6559286494837502,10.355451263284284,3.808596656708121,12.23335937380138,9.787329367684942,0.0,94.46115584000677,0,False,False,0,246,832.0
human_synthetic:D05:B1,D05,B1,110,1766198010544,1766198022133,0,0,0.102,0.12,0.106,0.11059999999999999,1.0533536470189409,1.0260038216757443,0,0,0,2.1865345871522397,4.1643697003123,4.821338834402404,0.5288324019721596,0.43917296425882796,2.6170363752904326,1.8530002270092347,7.088669839107754,6.112421013404766,0.0,90.71321641779353,0,False,False,0,110,933.0
human_synthetic:D05:B2,D05,B2,210,1766198022238,1766198044554,0,0,0.102,0.121,0.106,0.113,1.0353763660291881,0.9654412508768597,0,0,0,1.5317613598727218,3.8157984634285866,5.306247416073447,3.5360452350862404,2.3472083752466726,12.269369427379313,4.884433017048888,7.113562219787658,4.958132478806511,0.0,129.9858455343886,0,False,False,0,210,551.0
human_synthetic:D05:B3,D05,B3,182,1766198044667,1766198064230,0,0,0.102,0.118,0.107,0.115,0.6542002245818561,0.5723401550257105,0,0,0,1.020909014769047,2.345160183397155,4.136260233534623,3.7021229392168724,1.601771856852789,17.374818564200467,4.400502626060051,4.7987491492114245,3.6956647836337075,0.0,73.16693122527928,0,False,False,0,182,843.0
human_synthetic:D05:B4,D05,B4,293,1766198064337,1766198094900,0,0,0.102,0.112,0.105,0.107,0.8946564392800037,0.7380895501726233,0,0,0,1.026735054579987,2.6132981790619136,4.224020402110941,2.3031783394104552,0.6600553424729594,7.344512256544676,1.8918076941583697,19.115578070303894,15.50336511407137,0.0,126.44267333805665,0,False,False,0,293,922.0
human_synthetic:D05:C1,D05,C1,313,1766198095004,1766198128058,0,0,0.102,0.113,0.106,0.109,1.028636516380128,0.8837075417895439,0,0,0,1.694405326873756,3.672354858904886,5.1233543556483845,3.2513987281023016,1.6134808184664609,15.462934386383065,4.358846527643816,29.03599685620072,21.772866861075236,0.0,213.69167484663822,0,False,False,0,313,409.0
human_synthetic:D05:C2,D05,C2,253,1766198128174,1766198155134,0,0,0.102,0.122,0.107,0.113,0.8085407594165144,0.7203151293783769,0,0,0,0.9627118857133177,2.8418703591470007,4.148984815860992,3.303875293257803,1.8128584907575334,16.414762475213678,5.653476415240171,21.43012596267232,16.193978109346084,0.0,94.91807408141173,0,False,False,0,253,704.0
human_synthetic:D05:C3,D05,C3,373,1766198155246,1766198196267,0,0,0.102,0.125,0.11,0.118,0.5815491634349025,0.44104145149953927,87,0,0,0.3574382613595714,1.21582620558316,2.524795010341675,3.304718280025371,1.8160979518320424,17.368742353426,5.584706806240292,20.399843080530104,13.846724107497694,0.0,51.38611791548491,0,False,False,153,220,912.0
human_synthetic:D05:C4,D05,C4,318,1766198196373,1766198229666,0,0,0.102,0.11,0.105,0.10719999999999999,0.7639459297715506,0.661273668770329,19,0,0,0.7641513306659126,2.5129153743717416,3.898516976133621,2.8763633703693907,1.2417739157238055,18.892821773562744,3.5922724121628318,4.2037315340675345,2.5324042793516197,0.0,103.22480766012708,0,False,False,43,275,984.0
human_synthetic:D06:A1,D06,A1,245,1766197789852,1766197815289,0,0,0.101,0.119,0.104,0.109,0.7285178517597254,0.5774271677390049,34,0,0,0.6235916017065238,2.0156218880184515,2.820100808014427,1.9543621855508013,1.5574095950615188,9.581985183570396,3.852817536579232,5.85461907556324,2.6462203130607147,0.0,64.91607470722542,0,False,False,56,189,1284.0
human_synthetic:D06:A2,D06,A2,137,1766197815395,1766197830015,0,0,0.101,0.117,0.108,0.113,0.9615783776285478,0.9564386530446107,0,0,0,1.8870910529978369,3.291826221733719,5.018770639993697,2.230518398330693,1.427008020157246,14.01367210546027,3.5794452682903657,15.612445551859823,12.218507674860753,0.0,96.82262253482722,0,False,False,0,137,760.0
human_synthetic:D06:A3,D06,A3,419,1766197830125,1766197875939,0,0,0.101,0.12,0.109,0.116,0.9767622042571167,0.7068718775509072,0,0,0,1.234129518358362,2.155862214890512,4.91939690397918,3.801844898533431,2.1499476672467135,21.004263063521233,4.160302877826037,31.651724929390554,23.176621578988208,0.0,197.17129935775364,0,False,False,0,419,244.0
human_synthetic:D06:A4,D06,A4,304,1766197876047,1766197908289,0,0,0.101,0.119,0.106,0.112,0.8594040388243784,0.7084757503129744,0,0,0,1.1303424476387096,2.8322720215452395,5.8367988128648705,2.364619708178567,1.7889803600921141,29.85857103785384,4.136763652179943,21.527686669313006,19.237334858027882,0.0,134.6623351670665,0,False,False,1,303,451.0
human_synthetic:D06:A5,D06,A5,560,1766197908395,1766197970058,0,0,0.101,0.121,0.11,0.117,0.7789747590960823,0.5682201664774684,186,0,0,0.4694363440876232,1.8064642375119684,3.879308972422276,3.376473867994119,1.3531148068606502,15.30325229068909,2.9077069794209365,14.088571194873548,2.6109981556308584,0.0,97.31096102167868,0,False,False,322,238,893.0
human_synthetic:D06:A6,D06,A6,131,1766197970168,1766197984179,0,0,0.102,0.116,0.108,0.113,0.74425751422857,0.6218847804408995,0,0,0,0.9258686964024592,2.1854881855610047,2.880498520359602,3.7293366321500896,2.784258167010438,21.011370571228028,5.422324714987753,23.11979020837535,18.405753059330276,0.0,47.43773467012059,0,False,False,0,131,592.0
human_synthetic:D06:A7,D06,A7,246,1766197984288,1766198010440,0,0,0.102,0.121,0.105,0.117,0.8616225285623926,0.7134808975752935,0,0,0,0.7877306380736472,2.5842040950429657,5.078661304246658,2.500599638166414,1.6398378278973447,10.920221609346195,3.8305619432300504,11.758487063220207,9.729039166201128,0.0,94.46114364191703,0,False,False,0,246,831.0
human_synthetic:D06:B1,D06,B1,110,1766198010544,1766198022133,0,0,0.102,0.12,0.106,0.11059999999999999,1.0276972470427028,1.014716096431777,0,0,0,2.182073529148354,4.073714819526691,4.692009843265044,0.4954383076746928,0.41376250815800164,2.645602099093153,1.8480136960166023,7.190332731265852,6.160775892529594,0.0,90.71324913918873,0,False,False,0,110,953.0
human_synthetic:D06:B2,D06,B2,210,1766198022238,1766198044554,0,0,0.102,0.121,0.106,0.113,1.016476039499843,0.9830064254963751,0,0,0,1.5299838984937502,3.7582609857066185,5.476903781976464,3.4592492583193617,2.2584955508922238,12.036277123891987,4.794456616964281,7.157581890285363,5.040586529314306,0.0,129.98581463934158,0,False,False,0,210,572.0
human_synthetic:D06:B3,D06,B3,182,1766198044667,1766198064230,0,0,0.102,0.118,0.107,0.115,0.638664465484013,0.5741723746722015,0,0,0,1.02482483652444,2.329235730669577,4.233318396386466,3.733212431240108,1.6039800156175756,17.345502319548768,4.417179108301932,4.729994851493249,3.6763238163528227,0.0,73.16698690085848,0,False,False,0,182,829.0
human_synthetic:D06:B4,D06,B4,293,1766198064337,1766198094900,0,0,0.102,0.112,0.105,0.107,0.8890416133097463,0.7254238136841098,0,0,0,1.0222896468458655,2.6118222608542974,4.156760976670981,2.2519184330588042,0.6201510400204959,7.074673382646559,1.955719848013136,20.625179588586207,16.481762878730922,0.0,126.44490793718103,0,False,False,0,293,916.0
human_synthetic:D06:C1,D06,C1,313,1766198095004,1766198128058,0,0,0.102,0.113,0.106,0.109,0.9811113442806061,0.9207723444252789,0,0,0,1.7022642896213398,3.636400910570383,4.883595452149752,3.36004139476728,1.5442928573442471,14.791291043188926,4.398041986657628,28.066451759687855,20.755620127664592,0.0,213.69308017329976,0,False,False,0,313,507.0
human_synthetic:D06:C2,D06,C2,253,1766198128174,1766198155134,0,0,0.102,0.122,0.107,0.113,0.8317551216451221,0.7163616645715192,0,0,0,0.965675327696714,2.8368705823230553,4.152148439140936,3.345878168077672,1.8509713982016043,16.975626754507864,5.4862609891644105,21.462869281923904,16.15271408593654,0.0,94.91835928700793,0,False,False,0,253,655.0
human_synthetic:D06:C3,D06,C3,373,1766198155246,1766198196267,0,0,0.102,0.125,0.11,0.118,0.5845949808273787,0.4402775749326328,87,0,0,0.3643514103024816,1.2293143679957697,2.5348707225919007,3.2755138761958076,1.7917064194740189,17.147271647663167,5.502236458218581,20.525091943033903,14.215822694098007,0.0,51.38066223807989,0,False,False,153,220,922.0
human_synthetic:D06:C4,D06,C4,318,1766198196373,1766198229666,0,0,0.102,0.11,0.105,0.10719999999999999,0.793560765190682,0.6614749159560883,19,0,0,0.760669289457914,2.502046068290289,4.029299139965524,2.818375857771261,1.224725198505988,19.672419228121033,3.748646700759915,3.9165324033128,2.388375355719829,0.0,103.21676501179866,0,False,False,43,275,945.0
human_synthetic:D07:A1,D07,A1,245,1766197789852,1766197815289,0,0,0.101,0.119,0.104,0.109,0.7947017277860922,0.6091131579608405,34,0,0,0.6286186626744331,1.9999581996433815,2.975072230654508,1.8293046902071368,1.503233088569991,9.488635068204369,3.774048414929185,6.396523888381197,2.6421701956747095,0.0,64.91708097333066,0,False,False,56,189,1204.0
human_synthetic:D07:A2,D07,A2,137,1766197815395,1766197830015,0,0,0.101,0.117,0.108,0.113,1.0324298505866865,1.0149675262509867,0,0,0,1.876279922991587,3.413505449118885,5.173750671152355,2.5169405939362717,1.6447928958385667,14.622009308026072,3.8612939741928813,14.50277637409251,11.723404314654076,0.0,96.82275953970573,0,False,False,0,137,621.0
human_synthetic:D07:A3,D07,A3,419,1766197830125,1766197875939,0,0,0.101,0.12,0.109,0.116,0.9817147769298632,0.6474331958505545,0,0,0,1.2357920002392264,2.2071808347566693,4.91945880701136,3.5078839563708786,2.1313268911607186,20.52156400672668,4.135565665763652,33.3745573638419,25.34870081551877,0.0,197.16947405954056,0,False,False,0,419,306.0
human_synthetic:D07:A4,D07,A4,304,1766197876047,1766197908289,0,0,0.101,0.119,0.106,0.112,0.8366698201768779,0.6880493065517713,0,0,0,1.133211543583069,2.719651612089051,5.696062511445366,2.52285337892291,1.8189778822927907,29.35379025933736,4.185874396577747,22.795751544196854,19.98388180578859,0.0,134.66286793565536,0,False,False,1,303,421.0
human_synthetic:D07:A5,D07,A5,560,1766197908395,1766197970058,0,0,0.101,0.121,0.11,0.117,0.7792386281857995,0.5688853505997034,186,0,0,0.46951435819203674,1.78084091374259,4.741799842087172,3.3927407411496118,1.3602886034072306,15.38053245895873,2.9191234100890537,14.069811423393963,2.6449880667803316,0.0,97.31094198052756,0,False,False,322,238,779.0
human_synthetic:D07:A6,D07,A6,131,1766197970168,1766197984179,0,0,0.102,0.116,0.108,0.113,0.6884330779429162,0.5865421735688479,0,0,0,0.9315291401599469,2.1200655383156173,2.7507017425177267,3.5288561845469926,2.6762821553332654,20.335067557978935,5.275742587274411,21.025519561160532,19.010177927250798,0.0,47.4384848649748,0,False,False,0,131,762.0
human_synthetic:D07:A7,D07,A7,246,1766197984288,1766198010440,0,0,0.102,0.121,0.105,0.117,0.8956648736204834,0.7426945370715925,0,0,0,0.786571224827906,2.7111750134597052,5.335922279117582,2.4465374151038004,1.7340467989424497,9.740567534362158,3.8566924106065135,12.508106922580607,9.971733972439615,0.0,94.46109807137694,0,False,False,0,246,796.0
human_synthetic:D07:B1,D07,B1,110,1766198010544,1766198022133,0,0,0.102,0.12,0.106,0.11059999999999999,1.0146256576885209,0.998968819388744,0,0,0,2.1837494347233326,4.045888332409915,4.667121190536516,0.680614949092668,0.4852623215222678,2.814993187749501,1.8469112110799828,7.4180096627948995,6.314128415513337,0.0,90.71342467744854,0,False,False,0,110,942.0
human_synthetic:D07:B2,D07,B2,210,1766198022238,1766198044554,0,0,0.102,0.121,0.106,0.113,0.9998774309321489,0.9388580228426886,0,0,0,1.5314967797495216,3.541280300489407,5.484411243013689,3.6868824819274697,2.262922055433194,11.252624281621591,4.815235018415928,7.0848929036268755,5.031787360079765,0.0,129.98577400817078,0,False,False,0,210,568.0
human_synthetic:D07:B3,D07,B3,182,1766198044667,1766198064230,0,0,0.102,0.118,0.107,0.115,0.6531425665006811,0.5650039340457141,0,0,0,1.0202619153314083,2.354324979264206,4.184719263267194,3.6697862410805353,1.5769781565653704,17.14436475937652,4.371292480685303,4.7936710086713035,3.6680647526601513,0.0,73.16693733527686,0,False,False,0,182,859.0
human_synthetic:D07:B4,D07,B4,293,1766198064337,1766198094900,0,0,0.102,0.112,0.105,0.107,0.9481162338822607,0.7750648098847515,0,0,0,1.0258476167483193,2.4801394591899757,4.446708074966441,2.182370954484746,0.6945222459410283,7.000425630254159,2.0114602398481853,19.106434020521927,15.521905289423524,0.0,126.44413139256741,0,False,False,0,293,900.0
human_synthetic:D07:C1,D07,C1,313,1766198095004,1766198128058,0,0,0.102,0.113,0.106,0.109,1.000911237551208,0.9237450175781128,0,0,0,1.6995748206120684,3.6328882401196907,4.974508456877764,3.3770296079092135,1.5665620916434315,15.21820926577915,4.33666151656558,28.309438900389818,21.1157614898747,0.0,213.69000068138533,0,False,False,0,313,452.0
human_synthetic:D07:C2,D07,C2,253,1766198128174,1766198155134,0,0,0.102,0.122,0.107,0.113,0.8351199234002796,0.733809847654562,0,0,0,0.9612983128810293,2.9109151714808768,4.084855813622079,3.4194027412562065,1.8699592970437815,16.96420070340626,5.506137305471778,20.977398405244358,15.704821165189106,0.0,94.9182603345053,0,False,False,0,253,663.0
human_synthetic:D07:C3,D07,C3,373,1766198155246,1766198196267,0,0,0.102,0.125,0.11,0.118,0.5811242970953152,0.4388385414099506,87,0,0,0.36715081976139513,1.2284008828167783,2.515279024395671,3.213730663003018,1.7916199628720273,16.836200796376552,5.4948062104563995,20.487221175386335,14.164619018488871,0.0,51.36004588131485,0,False,False,153,220,969.0
human_synthetic:D07:C4,D07,C4,318,1766198196373,1766198229666,0,0,0.102,0.11,0.105,0.10719999999999999,0.7931271214213894,0.6600636794710318,19,0,0,0.7607360501895842,2.4970858821149076,4.026704997867352,2.8552850014982996,1.2153017913225868,19.580404185114094,3.6707517088473134,4.026761174614262,2.404370015689373,0.0,103.22054543363075,0,False,False,43,275,947.0
human_synthetic:D08:A1,D08,A1,245,1766197789852,1766197815289,0,0,0.101,0.119,0.104,0.109,0.7880113356522372,0.6102068127420481,34,0,0,0.6292339510019553,2.002719085081517,2.980167045378039,1.8577891757795093,1.4773048115958616,9.153194143249914,3.661315664439782,6.340287358313732,2.663020823653575,0.0,64.92069562730686,0,False,False,56,189,1221.0
human_synthetic:D08:A2,D08,A2,137,1766197815395,1766197830015,0,0,0.101,0.117,0.108,0.113,1.017833466720012,0.9944910137356234,0,0,0,1.874919899986248,3.303529930563574,5.330073116155372,2.5932915049258147,1.7057184118963864,15.154292812224709,3.7246871923840867,15.477571877755892,11.569530752442361,0.0,96.82299225665372,0,False,False,0,137,570.0
human_synthetic:D08:A3,D08,A3,419,1766197830125,1766197875939,0,0,0.101,0.12,0.109,0.116,0.951057423559227,0.6728682362651511,0,0,0,1.2349698657127104,2.1491322213403934,4.766824852732817,3.685021815597568,2.1398114597041156,19.992674778646425,4.00788689975153,32.58595632165895,25.14976746664735,0.0,197.16753170290286,0,False,False,0,419,332.0
human_synthetic:D08:A4,D08,A4,304,1766197876047,1766197908289,0,0,0.101,0.119,0.106,0.112,0.8531852427034122,0.7042180025980457,0,0,0,1.1289580664721242,2.761487414369974,5.812558370825332,2.4265055995953735,1.7779726911158535,29.4160354821355,4.15802423361502,21.97038067240404,19.618069787338158,0.0,134.66459708812323,0,False,False,1,303,434.0
human_synthetic:D08:A5,D08,A5,560,1766197908395,1766197970058,0,0,0.101,0.121,0.11,0.117,0.832149061072988,0.5844224293466026,186,0,0,0.4600345535735496,1.7836067342073294,4.099882847731035,3.672947011857927,1.3589641577212006,16.652536733153443,3.1793311834407794,14.824125883740628,2.7792483753200123,0.0,97.3107995904777,0,False,False,322,238,689.0
human_synthetic:D08:A6,D08,A6,131,1766197970168,1766197984179,0,0,0.102,0.116,0.108,0.113,0.7006047187568514,0.5882674137548256,0,0,0,0.9298979302120092,2.0900954070662885,2.7137309431417727,3.5907228367689386,2.6933993184946363,20.394101203336398,5.2478286463334864,20.738575256384756,18.41704003138552,0.0,47.43739349980319,0,False,False,0,131,751.0
human_synthetic:D08:A7,D08,A7,246,1766197984288,1766198010440,0,0,0.102,0.121,0.105,0.117,0.8677155001953731,0.7195639150693187,0,0,0,0.7878758484361126,2.636770332950041,5.186137442224048,2.5168780966112707,1.661153808287007,10.882862998058632,3.784904980198441,11.778965564850674,9.715953067578647,0.0,94.46126523982171,0,False,False,0,246,806.0
human_synthetic:D08:B1,D08,B1,110,1766198010544,1766198022133,0,0,0.102,0.12,0.106,0.11059999999999999,1.0363741461048634,1.0237081689891994,0,0,0,2.1763644888268603,4.076225556191073,4.6259205791705185,0.5397800418791155,0.35950102963254293,2.7739664216364788,1.8773585709901655,7.342134717385071,6.199732528522508,0.0,90.7133116514531,0,False,False,0,110,933.0
human_synthetic:D08:B2,D08,B2,210,1766198022238,1766198044554,0,0,0.102,0.121,0.106,0.113,1.0117042296419703,0.9439527108374689,0,0,0,1.5281440336989822,3.5683750429259975,5.545778462746526,3.580820675299068,2.276225935888334,11.340619494915712,4.727195467538264,7.169198896161518,4.86573901363938,0.0,129.98577717438346,0,False,False,0,210,557.0
human_synthetic:D08:B3,D08,B3,182,1766198044667,1766198064230,0,0,0.102,0.118,0.107,0.115,0.5948573869811675,0.5878390482035473,0,0,0,1.028379308971087,2.3732467240558996,4.388593987390745,3.7888906639768134,1.63299310114253,17.707463150950222,4.263229222452488,4.430814823048989,3.4295042742924102,0.0,73.1669388775902,0,False,False,0,182,818.0
human_synthetic:D08:B4,D08,B4,293,1766198064337,1766198094900,0,0,0.102,0.112,0.105,0.107,0.9314201229764351,0.7662203303994628,0,0,0,1.0250326031042474,2.448672422385061,4.38318393844818,2.1521301775423303,0.6875431095217404,6.959385123351202,1.9704339447439578,19.746694422019573,15.823823981006129,0.0,126.443272170476,0,False,False,0,293,912.0
human_synthetic:D08:C1,D08,C1,313,1766198095004,1766198128058,0,0,0.102,0.113,0.106,0.109,1.025732207026008,0.91615199528639,0,0,0,1.696967639837793,3.576074977403643,5.094651100722178,3.377046587303113,1.6053753321846902,15.645826301784611,4.362016132773366,28.656979984440845,21.796243883551995,0.0,213.69164193580343,0,False,False,0,313,379.0
human_synthetic:D08:C2,D08,C2,253,1766198128174,1766198155134,0,0,0.102,0.122,0.107,0.113,0.8238420938028481,0.7332433849891647,0,0,0,0.9637939500492855,2.8966027076573404,4.149055228412248,3.3748007373413436,1.842344524558062,16.718650156937816,5.5292186993187595,21.213431387341057,15.973817699206302,0.0,94.91800471662647,0,False,False,0,253,679.0
human_synthetic:D08:C3,D08,C3,373,1766198155246,1766198196267,0,0,0.102,0.125,0.11,0.118,0.590271220025304,0.4466912582178969,87,0,0,0.36431806958565294,1.2443625472040698,2.5513225991446973,3.216418157691143,1.7485160983092016,16.76808598590777,5.489447047387757,22.483594442529892,14.973336922773939,0.0,51.35960621734966,0,False,False,153,220,899.0
human_synthetic:D08:C4,D08,C4,318,1766198196373,1766198229666,0,0,0.102,0.11,0.105,0.10719999999999999,0.7797961727610874,0.6510847515413002,19,0,0,0.7630927333787717,2.4841261793311302,3.9643240753241358,2.9097388772879533,1.2041401347338068,20.88719332859125,3.723238133353695,4.0211995482293945,2.509148369647061,0.0,103.22351009756763,0,False,False,43,275,920.0
human_synthetic:D09:A1,D09,A1,245,1766197789852,1766197815289,0,0,0.101,0.119,0.104,0.109,0.743357869859185,0.584057161843376,34,0,0,0.6219120806277697,2.0309310252662884,2.8752793883329275,2.0212521980543454,1.620016919049949,9.97434213895258,3.9736437009104684,5.973878542594933,2.5523374688267984,0.0,64.91532572214106,0,False,False,56,189,1238.0
human_synthetic:D09:A2,D09,A2,137,1766197815395,1766197830015,0,0,0.101,0.117,0.108,0.113,0.9890462485571541,0.9643109634973721,0,0,0,1.8793773468495063,3.2927098198541067,5.2517095806606555,2.522433693237604,1.6533593047304067,14.921997164796009,3.6768735363779474,16.08563829100758,11.82282132778742,0.0,96.82291609480711,0,False,False,0,137,630.0
human_synthetic:D09:A3,D09,A3,419,1766197830125,1766197875939,0,0,0.101,0.12,0.109,0.116,0.9816901263693748,0.691565544651338,0,0,0,1.2333921215734778,2.126921843065596,4.94424572695036,3.7312835824777824,2.158061429096134,21.0272144615119,4.188823816666968,31.655077560961963,24.042669443244616,0.0,197.1725594047527,0,False,False,0,419,246.0
human_synthetic:D09:A4,D09,A4,304,1766197876047,1766197908289,0,0,0.101,0.119,0.106,0.112,0.8545184642192866,0.7058518241545092,0,0,0,1.1310607774286638,2.8249884951820947,5.799394420020608,2.415540465716885,1.7828275942836977,29.060246380841015,4.098600262586282,21.895250901907733,19.546014829896187,0.0,134.66165505680507,0,False,False,1,303,448.0
human_synthetic:D09:A5,D09,A5,560,1766197908395,1766197970058,0,0,0.101,0.121,0.11,0.117,0.7925099380051684,0.5719222466348597,186,0,0,0.4695691736426803,1.8050355494713302,3.931560485604784,3.451559646070056,1.377603081793985,15.642064985271128,2.9827657372287417,14.264363969501813,2.549604682129194,0.0,97.31773776247947,0,False,False,322,238,841.0
human_synthetic:D09:A6,D09,A6,131,1766197970168,1766197984179,0,0,0.102,0.116,0.108,0.113,0.7131451775112274,0.6004686990299956,0,0,0,0.9283573808758062,2.101000004527973,2.812104825618217,3.5680022356115186,2.66384023046131,20.09549608261256,5.186950231952103,20.97679134955678,19.138028090913696,0.0,47.43759813406229,0,False,False,0,131,743.0
human_synthetic:D09:A7,D09,A7,246,1766197984288,1766198010440,0,0,0.102,0.121,0.105,0.117,0.8577334952744456,0.7139004105637745,0,0,0,0.7894300375448262,2.725423351618861,5.307008111369761,2.4142550490195784,1.6693880422283978,10.589318901842242,3.6578048044407314,12.953838535072506,10.851616490762215,0.0,94.461191073399,0,False,False,0,246,813.0
human_synthetic:D09:B1,D09,B1,110,1766198010544,1766198022133,0,0,0.102,0.12,0.106,0.11059999999999999,1.002246406174912,0.9940289273651817,0,0,0,2.1840033669035686,4.0844377679311465,4.676904563952267,0.6601211671169104,0.5107060385843512,2.690925827473205,1.8674782862921486,7.500227522393415,6.389235118257976,0.0,90.71335894160048,0,False,False,0,110,962.0
human_synthetic:D09:B2,D09,B2,210,1766198022238,1766198044554,0,0,0.102,0.121,0.106,0.113,1.0017294674722645,0.9626236599750064,0,0,0,1.5304440953575602,3.649731436607501,5.506632233345748,3.450892939176437,2.211615593537059,11.672097447180672,4.751411096732021,7.056794220038466,4.96377080497331,0.0,129.98576987767865,0,False,False,0,210,609.0
human_synthetic:D09:B3,D09,B3,182,1766198044667,1766198064230,0,0,0.102,0.118,0.107,0.115,0.6179336441066944,0.5704113360573992,0,0,0,1.022678786782034,2.3549892602028386,4.223203653312952,3.737933270792611,1.616048313416258,17.782795091959866,4.344268374770916,4.681001478070947,3.5328391458252995,0.0,73.16698225016404,0,False,False,0,182,830.0
human_synthetic:D09:B4,D09,B4,293,1766198064337,1766198094900,0,0,0.102,0.112,0.105,0.107,0.9055902365311822,0.7441399261687621,0,0,0,1.0217792996067911,2.594867070918384,4.271803578660869,2.158777126451874,0.6928542922805275,6.766226250081826,1.9695421026658613,20.294677984725784,16.336820666622554,0.0,126.44422081746302,0,False,False,0,293,923.0
human_synthetic:D09:C1,D09,C1,313,1766198095004,1766198128058,0,0,0.102,0.113,0.106,0.109,0.9988456255866762,0.9343529734329215,0,0,0,1.7005771016532123,3.627533734659159,4.970729420851676,3.4231599582985504,1.5708353081862305,15.084192043690877,4.322604141416031,28.624298280295992,21.22319179951102,0.0,213.69117548918888,0,False,False,0,313,447.0
human_synthetic:D09:C2,D09,C2,253,1766198128174,1766198155134,0,0,0.102,0.122,0.107,0.113,0.8589279205105621,0.720352946620441,0,0,0,0.9637382340228068,2.8304268866527993,3.844555601295335,3.440171837204926,1.9037802420662833,17.56112583644706,5.701655018356059,18.919773053187217,14.618941186455785,0.0,94.9183718214233,0,False,False,0,253,697.0
human_synthetic:D09:C3,D09,C3,373,1766198155246,1766198196267,0,0,0.102,0.125,0.11,0.118,0.5891226084916602,0.44523024845199133,87,0,0,0.3647243562990518,1.2476996985792064,2.548595202739012,3.2412806142346056,1.774489155924548,16.938821464163333,5.473680715915508,22.639882913410837,14.755106040749826,0.0,51.35976420779258,0,False,False,153,220,888.0
human_synthetic:D09:C4,D09,C4,318,1766198196373,1766198229666,0,0,0.102,0.11,0.105,0.10719999999999999,0.7672476238787944,0.6508758339529395,19,0,0,0.7626833028700447,2.471159395920877,3.89662167890382,2.8795747267392846,1.1928241991614383,20.383647732767486,3.8701056420933173,3.719702497050183,2.5543108431394126,0.0,103.21549150359462,0,False,False,43,275,966.0
human_synthetic:D10:A1,D10,A1,245,1766197789852,1766197815289,0,0,0.101,0.119,0.104,0.109,0.7475927039216137,0.5893588948565056,34,0,0,0.6255832523739643,2.010997362909923,2.8119756171254444,1.8832379261305774,1.5199018031988563,9.43821177167541,3.7783524473585186,6.007911122686484,2.5249683774642806,0.0,64.91530327054866,0,False,False,56,189,1279.0
human_synthetic:D10:A2,D10,A2,137,1766197815395,1766197830015,0,0,0.101,0.117,0.108,0.113,0.9814245505468256,0.9754221623881963,0,0,0,1.8854936017098738,3.300407599493443,4.922279575799433,2.272687531147008,1.4437942609458783,13.753530463981914,3.74414046497017,15.336670077543458,12.493749857918708,0.0,96.8226621586531,0,False,False,0,137,762.0
human_synthetic:D10:A3,D10,A3,419,1766197830125,1766197875939,0,0,0.101,0.12,0.109,0.116,0.9239835522556258,0.6850955353576423,0,0,0,1.2361680695839325,2.191498420947198,4.63731356503629,3.738731389358215,2.0741250785230303,19.636932412973195,3.9364623709232642,32.09839523738482,24.56660761615406,0.0,197.16973010202403,0,False,False,0,419,353.0
human_synthetic:D10:A4,D10,A4,304,1766197876047,1766197908289,0,0,0.101,0.119,0.106,0.112,0.8122543068936452,0.6910475959359876,0,0,0,1.1326427828178278,2.6552338017092856,5.538257523467603,2.5762070050230244,1.7525141177472168,30.59665522151338,4.241998809167687,23.458016312237216,19.932201407168,0.0,134.66127433981427,0,False,False,1,303,432.0
human_synthetic:D10:A5,D10,A5,560,1766197908395,1766197970058,0,0,0.101,0.121,0.11,0.117,0.8149672561734587,0.5873011767003216,186,0,0,0.4638017647471244,1.7929749704004543,4.05019485469402,3.5046574161065527,1.340499874535836,15.8664279491091,3.043116697125683,14.677864725238503,2.6324383818573254,0.0,97.31565688616655,0,False,False,322,238,765.0
human_synthetic:D10:A6,D10,A6,131,1766197970168,1766197984179,0,0,0.102,0.116,0.108,0.113,0.6988902411027158,0.5937728373098042,0,0,0,0.9307252394314107,2.1392910117260273,2.77725229816647,3.6003583765267204,2.715845131372048,20.544335302936958,5.2766693921533125,21.21001877309435,19.450212052287206,0.0,47.43772991013104,0,False,False,0,131,722.0
human_synthetic:D10:A7,D10,A7,246,1766197984288,1766198010440,0,0,0.102,0.121,0.105,0.117,0.8646831604449574,0.7194658231480981,0,0,0,0.7891849093164156,2.7260536841307954,5.307730260948908,2.3266959929672137,1.6519340737092523,9.719364124887834,3.741619821874317,12.920768382859675,10.780404645965127,0.0,94.46118119874566,0,False,False,0,246,839.0
human_synthetic:D10:B1,D10,B1,110,1766198010544,1766198022133,0,0,0.102,0.12,0.106,0.11059999999999999,1.031000877926998,1.017829391124609,0,0,0,2.1788730936619283,4.016316715127191,4.569617499012747,0.512740611983067,0.4181124673867519,2.6657682651555703,1.8577729424298581,7.374512256303726,6.283384755238057,0.0,90.71346863400117,0,False,False,0,110,950.0
human_synthetic:D10:B2,D10,B2,210,1766198022238,1766198044554,0,0,0.102,0.121,0.106,0.113,1.0053936368210972,0.9728997272069878,0,0,0,1.5328974849861552,3.7121629730757326,5.437738083016789,3.6310973569837754,2.2339628976090404,11.836445961704593,4.865805841424833,7.117693540356012,5.1111481655902615,0.0,129.98587638916564,0,False,False,0,210,557.0
human_synthetic:D10:B3,D10,B3,182,1766198044667,1766198064230,0,0,0.102,0.118,0.107,0.115,0.6274841651861524,0.579782129306104,0,0,0,1.027065445985182,2.326829087332129,4.28144317076482,3.7267371406245817,1.5962836883881322,17.24861127271279,4.4044818781478074,4.5904454971799575,3.652365478530956,0.0,73.16693979173974,0,False,False,0,182,838.0
human_synthetic:D10:B4,D10,B4,293,1766198064337,1766198094900,0,0,0.102,0.112,0.105,0.107,0.8884742024784232,0.7330319343481009,0,0,0,1.0227203633268094,2.5899388075760723,4.19561184845222,2.1988987496180616,0.6588200331074404,6.947682922626591,1.9520885832950121,20.095435288447746,16.29771678843742,0.0,126.44458302851193,0,False,False,0,293,939.0
human_synthetic:D10:C1,D10,C1,313,1766198095004,1766198128058,0,0,0.102,0.113,0.106,0.109,0.9682337482571929,0.9137925552621825,0,0,0,1.7024609085474343,3.722090029683247,4.807960786115945,3.2896620467296147,1.5535476090769462,14.784538870812684,4.43920339551034,27.020117111913716,21.152499204879067,0.0,213.69261928342456,0,False,False,0,313,547.0
human_synthetic:D10:C2,D10,C2,253,1766198128174,1766198155134,0,0,0.102,0.122,0.107,0.113,0.8599020224925767,0.7216727392483946,0,0,0,0.9642548259419343,2.86731232271658,4.034895226920135,3.42237474868979,1.8980808543607863,17.612086760066756,5.497546497124775,20.996415907324682,15.103705193731784,0.0,94.91916218907842,0,False,False,0,253,616.0
human_synthetic:D10:C3,D10,C3,373,1766198155246,1766198196267,0,0,0.102,0.125,0.11,0.118,0.5757273932751805,0.44744998289580545,87,0,0,0.364787303154957,1.2603114958665473,2.814492066207469,3.3659631813248776,1.8122021886614688,17.743796051699512,5.515518385225132,17.303912003919343,12.542032140909376,0.0,51.366155439245155,0,False,False,153,220,903.0
human_synthetic:D10:C4,D10,C4,318,1766198196373,1766198229666,0,0,0.102,0.11,0.105,0.10719999999999999,0.7588453121720931,0.6566043522715324,19,0,0,0.7644513784821522,2.517176046386295,3.8730440283030596,2.9335517768360058,1.2244182306185365,19.285967984997033,3.567004643745282,4.395394723208149,2.436258288274972,0.0,103.21873327772158,0,False,False,43,275,984.0
human_synthetic:D11:A1,D11,A1,245,1766197789852,1766197815289,0,0,0.101,0.119,0.104,0.109,0.7370906112126331,0.5829159701387631,34,0,0,0.6245444843289144,2.001841456631858,2.772915833112471,1.905676754142498,1.5552324136061928,9.650774987396957,3.853413800567921,5.923512710463906,2.5869533318021274,0.0,64.91876820396466,0,False,False,56,189,1286.0
human_synthetic:D11:A2,D11,A2,137,1766197815395,1766197830015,0,0,0.101,0.117,0.108,0.113,1.0032063589262221,0.9897365926244841,0,0,0,1.8797198938952884,3.4007596995910747,5.233958386061246,2.5395101755031444,1.693980839458047,14.895303394994748,3.6744756036146997,13.99468625119457,11.66927603414511,0.0,96.82289055902737,0,False,False,0,137,653.0
human_synthetic:D11:A3,D11,A3,419,1766197830125,1766197875939,0,0,0.101,0.12,0.109,0.116,0.9542004922635317,0.7087961400788454,0,0,0,1.2345026664384844,2.1544984985399234,4.805681745178205,3.8368687402485797,2.1092889199223386,20.550781838450067,4.0730646252915435,31.13841053001341,23.85105424854267,0.0,197.16820235225916,0,False,False,0,419,283.0
human_synthetic:D11:A4,D11,A4,304,1766197876047,1766197908289,0,0,0.101,0.119,0.106,0.112,0.8104936619363622,0.6812826446506692,0,0,0,1.1252559084365663,2.716023926265458,5.516754241837184,2.599343837505841,1.7905520444175207,29.63559406789985,4.288005780657644,23.353612759968968,19.648999011837393,0.0,134.66244340603635,0,False,False,1,303,442.0
human_synthetic:D11:A5,D11,A5,560,1766197908395,1766197970058,0,0,0.101,0.121,0.11,0.117,0.7739419017995209,0.5708772070908996,186,0,0,0.46932865486346415,1.817056177385231,3.8584867409013235,3.345458382298757,1.3589279340122264,15.160507225500945,2.902602010534766,14.016745819611854,2.6331660534419905,0.0,97.31082746467794,0,False,False,322,238,915.0
human_synthetic:D11:A6,D11,A6,131,1766197970168,1766197984179,0,0,0.102,0.116,0.108,0.113,0.7091531452788286,0.5968063733461493,0,0,0,0.9281620834827708,2.07897356848242,2.794185567845858,3.506308285112868,2.615710832829649,19.76671945252714,5.102855690505995,20.47451883663173,18.80414229649058,0.0,47.438273630888375,0,False,False,0,131,789.0
human_synthetic:D11:A7,D11,A7,246,1766197984288,1766198010440,0,0,0.102,0.121,0.105,0.117,0.8735587606807128,0.7244617770531208,0,0,0,0.7879515650443624,2.683233437789989,5.2463498338774315,2.393406399510935,1.678889734884875,9.847288562913159,3.798062567786373,12.83073372769325,10.26943453164406,0.0,94.46092826186356,0,False,False,0,246,827.0
human_synthetic:D11:B1,D11,B1,110,1766198010544,1766198022133,0,0,0.102,0.12,0.106,0.11059999999999999,1.0257780202284916,1.016818011860961,0,0,0,2.188087943612281,4.1332568549139745,4.777759677533691,0.7059323765712766,0.5411308109625423,2.7672704589679697,1.8180916717110247,7.113530358895085,6.123524400698699,0.0,90.71315864711114,0,False,False,0,110,933.0
human_synthetic:D11:B2,D11,B2,210,1766198022238,1766198044554,0,0,0.102,0.121,0.106,0.113,1.017151923328382,0.9470638877741218,0,0,0,1.5374796925064314,3.760603928961445,5.203300516894018,3.6262376118506743,2.2599899229872524,12.073277442028978,4.970450670154003,6.780086579431099,5.042671842884343,0.0,129.98583209991267,0,False,False,0,210,585.0
human_synthetic:D11:B3,D11,B3,182,1766198044667,1766198064230,0,0,0.102,0.118,0.107,0.115,0.5996609656676378,0.5778883711109575,0,0,0,1.026844570377608,2.3262378916624833,4.3052476614779955,3.7950895536658695,1.6434281192506435,17.935158407228872,4.290911505767509,4.475937536830571,3.4582626873618896,0.0,73.16693796522624,0,False,False,0,182,815.0
human_synthetic:D11:B4,D11,B4,293,1766198064337,1766198094900,0,0,0.102,0.112,0.105,0.107,0.9378867412148983,0.766449037094995,0,0,0,1.0254164323622443,2.46908345002968,4.396478561821713,2.1770563822286917,0.6758968957580122,7.009125074722921,1.9952158113580234,19.27739391057934,15.736267976258421,0.0,126.44246992103737,0,False,False,0,293,907.0
human_synthetic:D11:C1,D11,C1,313,1766198095004,1766198128058,0,0,0.102,0.113,0.106,0.109,0.9744259661595788,0.911404267222718,0,0,0,1.7008747666569894,3.7207224885228274,4.843432982609219,3.2868683327917863,1.5532675239736486,14.809676442932494,4.396744120934656,27.51345250376805,20.772440797514584,0.0,213.68942368604772,0,False,False,0,313,534.0
human_synthetic:D11:C2,D11,C2,253,1766198128174,1766198155134,0,0,0.102,0.122,0.107,0.113,0.8391831784149066,0.732886686299668,0,0,0,0.9655757696060668,2.9109537832344117,4.037885924753525,3.421583628544861,1.875340430986694,17.067798886755696,5.511655371233413,20.740118086753622,15.481841628598119,0.0,94.91796195306938,0,False,False,0,253,667.0
human_synthetic:D11:C3,D11,C3,373,1766198155246,1766198196267,0,0,0.102,0.125,0.11,0.118,0.5782364476926111,0.4362553448913512,87,0,0,0.36789536845586396,1.2249173466622638,2.505065662566148,3.244245349967503,1.8171021274789585,17.04621826092061,5.52200180368212,20.506782210695526,13.969505869302871,0.0,51.36185688193116,0,False,False,153,220,956.0
human_synthetic:D11:C4,D11,C4,318,1766198196373,1766198229666,0,0,0.102,0.11,0.105,0.10719999999999999,0.7602367897954186,0.6621771077630769,19,0,0,0.7654130585842959,2.5146011436240046,3.8881263226329885,2.88035315885816,1.2470275472958359,20.385103186717494,3.626094202812498,3.5967136871841436,2.6484959481002615,0.0,103.21871470738876,0,False,False,43,275,974.0
human_synthetic:D12:A1,D12,A1,245,1766197789852,1766197815289,0,0,0.101,0.119,0.104,0.109,0.7873322912862476,0.6036692015739887,34,0,0,0.6278414231154936,1.9825390804872698,2.947998627462564,1.834938873961211,1.5162442146972384,9.55400433420344,3.8025593873326478,6.334579602229768,2.5680355869256117,0.0,64.91655456690688,0,False,False,56,189,1217.0
human_synthetic:D12:A2,D12,A2,137,1766197815395,1766197830015,0,0,0.101,0.117,0.108,0.113,0.9880836406957824,0.9820246322583545,0,0,0,1.88584131773977,3.362973118851441,4.974429549785771,2.320278620144072,1.5035455669490252,13.973247251881508,3.6747312398432426,15.13959047577317,11.975315058140646,0.0,96.82271831074306,0,False,False,0,137,745.0
human_synthetic:D12:A3,D12,A3,419,1766197830125,1766197875939,0,0,0.101,0.12,0.109,0.116,0.9504800435786446,0.6653004025154056,0,0,0,1.235593980629172,2.187869175503358,4.7678451549572465,3.649771811287279,2.146183155856401,19.786754289249494,3.9812073260260563,33.60436345140387,25.250558778468335,0.0,197.16732413054052,0,False,False,0,419,339.0
human_synthetic:D12:A4,D12,A4,304,1766197876047,1766197908289,0,0,0.101,0.119,0.106,0.112,0.8523273635451604,0.6969920079286946,0,0,0,1.1284382615342123,2.773559923641969,5.8048273876655685,2.4038921636971824,1.7586907570217418,29.832127907203834,4.155355448320489,21.909504563122958,19.344428138674203,0.0,134.68584023109767,0,False,False,1,303,447.0
human_synthetic:D12:A5,D12,A5,560,1766197908395,1766197970058,0,0,0.101,0.121,0.11,0.117,0.8166610015343743,0.5769064206864918,186,0,0,0.46476706624756814,1.7827680552355962,4.027755652744119,3.616582301775836,1.3880139536010176,16.404379155172606,3.117528065819614,14.584381327283856,2.7497492084583315,0.0,97.31095750162993,0,False,False,322,238,734.0
human_synthetic:D12:A6,D12,A6,131,1766197970168,1766197984179,0,0,0.102,0.116,0.108,0.113,0.7317358838392926,0.614548820605537,0,0,0,0.9269818434666319,2.1468288372817983,2.8473917311013714,3.678340693502721,2.7390066295684745,20.623660608416287,5.330777391138194,22.466624308999148,18.880864905898953,0.0,47.43780490916683,0,False,False,0,131,646.0
human_synthetic:D12:A7,D12,A7,246,1766197984288,1766198010440,0,0,0.102,0.121,0.105,0.117,0.8660870389595084,0.7173592532823183,0,0,0,0.7876772943134359,2.5960966114872503,5.096062767698907,2.415554203743363,1.6206662373481813,10.286543391613913,3.9003277570986046,11.850175315025592,9.844423962096664,0.0,94.46124275495276,0,False,False,0,246,851.0
human_synthetic:D12:B1,D12,B1,110,1766198010544,1766198022133,0,0,0.102,0.12,0.106,0.11059999999999999,1.0196437202817181,1.0098261149761223,0,0,0,2.1849613624023205,4.094514949838407,4.749040492930593,0.6545334036394627,0.5229395646693112,2.8196987199171604,1.907772472687708,7.146787895228849,6.10277195454752,0.0,90.7131680196455,0,False,False,0,110,942.0
human_synthetic:D12:B2,D12,B2,210,1766198022238,1766198044554,0,0,0.102,0.121,0.106,0.113,0.9842829073041571,0.9514230657149495,0,0,0,1.5350556734882945,3.6113721205167377,5.3159835553676835,3.698376346956402,2.2784491828207454,11.544981556638149,4.892351285812877,6.91800006922644,5.015387213555475,0.0,129.985873392075,0,False,False,0,210,598.0
human_synthetic:D12:B3,D12,B3,182,1766198044667,1766198064230,0,0,0.102,0.118,0.107,0.115,0.6274696795993426,0.5841560027893964,0,0,0,1.023703796692733,2.3706167528399362,4.310577843711231,3.8447869855314725,1.6571245900848102,17.964736986099382,4.366782545945089,4.721925855848417,3.5787413428205763,0.0,73.16698304318436,0,False,False,0,182,784.0
human_synthetic:D12:B4,D12,B4,293,1766198064337,1766198094900,0,0,0.102,0.112,0.105,0.107,0.9161766494161252,0.7555259858977048,0,0,0,1.022193571217539,2.4938882172131223,4.322862807043599,2.1009579826278486,0.7009736009485092,6.703538708109118,1.9577866665028063,20.570272323298123,16.362705996087676,0.0,126.44356205199585,0,False,False,0,293,907.0
human_synthetic:D12:C1,D12,C1,313,1766198095004,1766198128058,0,0,0.102,0.113,0.106,0.109,1.0077876138319577,0.8975643718082812,0,0,0,1.6939475475070367,3.701581892248356,5.004900231138066,3.1339623718447225,1.5837635728480806,15.39320556536618,4.382475183493694,27.915806921609697,21.477262564915613,0.0,213.6904233550983,0,False,False,0,313,480.0
human_synthetic:D12:C2,D12,C2,253,1766198128174,1766198155134,0,0,0.102,0.122,0.107,0.113,0.8276067910508057,0.6982042099722489,0,0,0,0.9670601386562809,2.7627294786753622,4.016075112613024,3.2680338670019182,1.8134293036507978,16.93778841843355,5.7097928691069235,20.84981943291016,15.40324665326871,0.0,94.91785023417688,0,False,False,0,253,728.0
human_synthetic:D12:C3,D12,C3,373,1766198155246,1766198196267,0,0,0.102,0.125,0.11,0.118,0.5750434826549158,0.43525888025587517,87,0,0,0.36521216071196394,1.2328689099338017,2.486595530232295,3.199583497687937,1.8124107024011582,16.831201093379672,5.5176098991204,20.82109226446647,14.066805213592197,0.0,51.37144021576778,0,False,False,153,220,974.0
human_synthetic:D12:C4,D12,C4,318,1766198196373,1766198229666,0,0,0.102,0.11,0.105,0.10719999999999999,0.7527334920260857,0.6485065855790312,19,0,0,0.7659491748398105,2.49450680253007,3.838596827139206,2.9381775968534396,1.2119722776125261,21.149049291117095,3.7263195024583715,4.281656910260031,2.44124984829795,0.0,103.22739357760462,0,False,False,43,275,943.0
human_synthetic:D13:A1,D13,A1,245,1766197789852,1766197815289,0,0,0.101,0.119,0.104,0.109,0.7524720117166886,0.5920054393363662,34,0,0,0.6250085571687322,2.0636849931141694,2.8621301758363824,1.9584227802479115,1.5256635874456221,9.308991600286648,3.827081644023307,6.047122910292601,2.4970405431698373,0.0,64.9168241442124,0,False,False,56,189,1258.0
human_synthetic:D13:A2,D13,A2,137,1766197815395,1766197830015,0,0,0.101,0.117,0.108,0.113,0.9916875397357546,0.9747669870646876,0,0,0,1.8820570734887714,3.3701145870062454,5.130888122350278,2.5004281456263824,1.652769259916995,14.589708381751025,3.5777663103388107,14.68944922500395,12.009981987340725,0.0,96.82295885954687,0,False,False,0,137,681.0
human_synthetic:D13:A3,D13,A3,419,1766197830125,1766197875939,0,0,0.101,0.12,0.109,0.116,0.9731716342988955,0.6798228420718564,0,0,0,1.2336939534330464,2.1368075796009895,4.890216383502466,3.694420043539131,2.161907452707616,20.628327028123152,4.130820463897616,31.702123161087325,24.524456319674204,0.0,197.1701301666754,0,False,False,0,419,280.0
human_synthetic:D13:A4,D13,A4,304,1766197876047,1766197908289,0,0,0.101,0.119,0.106,0.112,0.7986419941442651,0.6766882764411429,0,0,0,1.1266767480615651,2.7529436411712234,5.424238858236674,2.5867429290823205,1.7785590047893238,30.286088718170674,4.273438355322539,23.364296048652342,19.147589744702355,0.0,134.66420939116824,0,False,False,1,303,457.0
human_synthetic:D13:A5,D13,A5,560,1766197908395,1766197970058,0,0,0.101,0.121,0.11,0.117,0.7951869224467459,0.5776114054643708,186,0,0,0.4685371250031895,1.783463722204228,3.9738831358509046,3.363108392580034,1.3526126735697952,15.21121563587861,2.925832665694984,14.432409480279189,2.4903790473564325,0.0,97.3118419043315,0,False,False,322,238,858.0
human_synthetic:D13:A6,D13,A6,131,1766197970168,1766197984179,0,0,0.102,0.116,0.108,0.113,0.7334760910637301,0.6148508585366996,0,0,0,0.9283688333664152,2.1977126188367997,2.833034750107011,3.8180084526968847,2.865470444191299,21.606676811710173,5.561663303617342,22.060279006116918,18.80006007337721,0.0,47.43732250747735,0,False,False,0,131,602.0
human_synthetic:D13:A7,D13,A7,246,1766197984288,1766198010440,0,0,0.102,0.121,0.105,0.117,0.8728771291879059,0.7246351633522897,0,0,0,0.7879657645667444,2.6662779411654216,5.223513858797503,2.397214738507686,1.660244349596164,9.873006542491451,3.857826071233371,12.514616325419022,9.794973310388114,0.0,94.46130556678582,0,False,False,0,246,835.0
human_synthetic:D13:B1,D13,B1,110,1766198010544,1766198022133,0,0,0.102,0.12,0.106,0.11059999999999999,1.0257353544475143,1.0137532039528439,0,0,0,2.18847679344955,4.127083048754465,4.758748323036546,0.6514206479646828,0.5980435731072276,2.8037559481752017,1.8649401289303322,6.959188982372612,6.135720218244752,0.0,90.7132338087622,0,False,False,0,110,950.0
human_synthetic:D13:B2,D13,B2,210,1766198022238,1766198044554,0,0,0.102,0.121,0.106,0.113,1.0182109125118355,0.9808908953504213,0,0,0,1.5288293270665057,3.739310757054626,5.472282442733885,3.416154223526389,2.27148016895406,11.999518481150421,4.77669671328264,7.157722435673685,4.9879984683237515,0.0,129.98583536007098,0,False,False,0,210,581.0
human_synthetic:D13:B3,D13,B3,182,1766198044667,1766198064230,0,0,0.102,0.118,0.107,0.115,0.6227440626233646,0.5914312024100533,0,0,0,1.0251266668017571,2.316672467703711,4.293774814024022,3.9340594415604366,1.709188939012162,18.464639607363107,4.3588679809957975,4.667668088582898,3.591119667921968,0.0,73.16696842313826,0,False,False,0,182,784.0
human_synthetic:D13:B4,D13,B4,293,1766198064337,1766198094900,0,0,0.102,0.112,0.105,0.107,0.9188601980062877,0.7498760825058646,0,0,0,1.0217059743874957,2.5995170441314746,4.307766378282565,2.1664565032184693,0.7032296505751984,6.738371627934329,1.9655620766190314,20.308331086888693,16.35440477121927,0.0,126.44446479243393,0,False,False,0,293,911.0
human_synthetic:D13:C1,D13,C1,313,1766198095004,1766198128058,0,0,0.102,0.113,0.106,0.109,1.0066689151323647,0.894850586151587,0,0,0,1.6962714139809663,3.7153697055850787,5.0005820011545765,3.127412509108461,1.6000116808202138,15.33127115418374,4.421541968778875,27.525105644463743,21.105198908752197,0.0,213.69360986414534,0,False,False,0,313,488.0
human_synthetic:D13:C2,D13,C2,253,1766198128174,1766198155134,0,0,0.102,0.122,0.107,0.113,0.7956521204814634,0.7208025696746017,0,0,0,0.9596203920346899,2.8211066887049308,4.231322665145498,3.2296785132358843,1.8309300760022154,16.158478460678612,5.6736651390415975,21.95022532403603,15.585840872945859,0.0,94.91795396769885,0,False,False,0,253,714.0
human_synthetic:D13:C3,D13,C3,373,1766198155246,1766198196267,0,0,0.102,0.125,0.11,0.118,0.5893157566904093,0.446156559790626,87,0,0,0.36328213895013345,1.2433657609863946,2.5465954112487648,3.2104742967085866,1.7534953152667552,16.749311565766032,5.484902601313191,22.59389040890175,14.949515250837674,0.0,51.36526783982666,0,False,False,153,220,906.0
human_synthetic:D13:C4,D13,C4,318,1766198196373,1766198229666,0,0,0.102,0.11,0.105,0.10719999999999999,0.7946617276101561,0.664272909635483,19,0,0,0.7616999017077872,2.520998298491906,4.041788981236145,2.827900086876441,1.2415351424388064,19.585889669373643,3.6077019281302416,4.2311132783146705,2.385402205539912,0.0,103.22254238051278,0,False,False,43,275,932.0
human_synthetic:D14:A1,D14,A1,245,1766197789852,1766197815289,0,0,0.101,0.119,0.104,0.109,0.7544034982693888,0.5900047374200721,34,0,0,0.6265765990854678,2.0256845822709675,2.8341978298779935,1.8683067201441785,1.4986196037679207,9.320673857643033,3.801267250894904,6.062644997103863,2.485668473647034,0.0,64.91615504035536,0,False,False,56,189,1267.0
human_synthetic:D14:A2,D14,A2,137,1766197815395,1766197830015,0,0,0.101,0.117,0.108,0.113,0.996880690365583,0.9898278319288811,0,0,0,1.8850094730328646,3.3556538517109553,4.950519587264758,2.2930813676937776,1.47195256226981,13.85140954749405,3.7551821574478783,14.999499682705606,11.876616730524074,0.0,96.82256240054417,0,False,False,0,137,747.0
human_synthetic:D14:A3,D14,A3,419,1766197830125,1766197875939,0,0,0.101,0.12,0.109,0.116,0.9530128988919208,0.6592819721519166,0,0,0,1.2366006543325623,2.2417867055961107,4.785918378365064,3.595012682904614,2.1224712960984387,19.69151535418266,3.9702740103864564,34.28778325247956,25.109801746571275,0.0,197.16808714283533,0,False,False,0,419,348.0
human_synthetic:D14:A4,D14,A4,304,1766197876047,1766197908289,0,0,0.101,0.119,0.106,0.112,0.8338145863430504,0.6954874911153935,0,0,0,1.126323446639913,2.8291275756492826,5.653212626704207,2.442675346738048,1.7450729711130462,31.26800648304948,3.977950878164966,21.766877001987183,18.631732465359896,0.0,134.66281160351934,0,False,False,1,303,455.0
human_synthetic:D14:A5,D14,A5,560,1766197908395,1766197970058,0,0,0.101,0.121,0.11,0.117,0.7823044162338808,0.569868109898709,186,0,0,0.4689774888456249,1.7821186795228603,4.846765784450731,3.362533316583148,1.3445560189168697,15.229524057317484,2.9061118403926813,14.17083113948499,2.6460081159653046,0.0,97.31109624988717,0,False,False,322,238,768.0
human_synthetic:D14:A6,D14,A6,131,1766197970168,1766197984179,0,0,0.102,0.116,0.108,0.113,0.7139637847001596,0.6015400690306878,0,0,0,0.9308641918745831,2.155340983013743,2.7788237381923437,3.768061689944727,2.864828259248031,21.761925764129344,5.624689570306627,20.17793982800149,18.623320515697834,0.0,47.4389099954967,0,False,False,0,131,690.0
human_synthetic:D14:A7,D14,A7,246,1766197984288,1766198010440,0,0,0.102,0.121,0.105,0.117,0.8691532303167535,0.7229387469893492,0,0,0,0.788726124452668,2.7149377801976105,5.303404260435048,2.337804774274205,1.6630162473154537,9.928746205375795,3.760913957106305,12.622770746603845,10.472077429986122,0.0,94.46106997129965,0,False,False,0,246,831.0
human_synthetic:D14:B1,D14,B1,110,1766198010544,1766198022133,0,0,0.102,0.12,0.106,0.11059999999999999,1.0041848994744194,0.9975726470488444,0,0,0,2.1879793644187795,4.0573570951000635,4.663562761824558,0.6359327289578741,0.5287478959355352,2.731975060905072,1.8022567206368416,7.097349901309153,6.128845024562953,0.0,90.71311195205148,0,False,False,0,110,984.0
human_synthetic:D14:B2,D14,B2,210,1766198022238,1766198044554,0,0,0.102,0.121,0.106,0.113,1.0200375347866562,0.9694946882780793,0,0,0,1.5319053913422926,3.7281674187306266,5.41660143792701,3.654535108861904,2.289762524532905,11.904695248873033,4.86524564360449,7.180762066614999,5.059995186668123,0.0,129.98586290251535,0,False,False,0,210,530.0
human_synthetic:D14:B3,D14,B3,182,1766198044667,1766198064230,0,0,0.102,0.118,0.107,0.115,0.6105145059132693,0.5925867614522315,0,0,0,1.0284407907901703,2.405629950601508,4.446157052034694,3.792790289364343,1.6055690388607073,17.38658257878674,4.3218258500649345,4.547536462454454,3.5576128579161077,0.0,73.16695550920998,0,False,False,0,182,810.0
human_synthetic:D14:B4,D14,B4,293,1766198064337,1766198094900,0,0,0.102,0.112,0.105,0.107,0.8850500923442278,0.7308741584510834,0,0,0,1.023088201987523,2.6259408851087946,4.189696620802664,2.224664832344939,0.661486430151553,6.995199709266257,1.964393922626393,19.94067569070013,16.124232604048267,0.0,126.44451285339396,0,False,False,0,293,941.0
human_synthetic:D14:C1,D14,C1,313,1766198095004,1766198128058,0,0,0.102,0.113,0.106,0.109,0.9834567865276546,0.8958712906816633,0,0,0,1.699911730699772,3.7685650467800538,4.884673869225352,3.1975809720950057,1.5807887104231202,14.990977379188012,4.439102623836509,27.120348537980338,20.637547724856503,0.0,213.69199990788775,0,False,False,0,313,546.0
human_synthetic:D14:C2,D14,C2,253,1766198128174,1766198155134,0,0,0.102,0.122,0.107,0.113,0.8486805424436814,0.718644657417102,0,0,0,0.9634655233951599,2.856540800489537,4.045936023264888,3.381855135208521,1.865503919978348,17.348017109686037,5.5649853021136595,20.8785400685656,15.43975197596786,0.0,94.9182443795664,0,False,False,0,253,645.0
human_synthetic:D14:C3,D14,C3,373,1766198155246,1766198196267,0,0,0.102,0.125,0.11,0.118,0.5840833031780088,0.4402510524746107,87,0,0,0.36429128191858623,1.23306198943011,2.531705235915478,3.2758416133290376,1.7977335767838527,17.166873672583236,5.530260392434065,20.6745067730311,14.285106342580766,0.0,51.36609994672236,0,False,False,153,220,918.0
human_synthetic:D14:C4,D14,C4,318,1766198196373,1766198229666,0,0,0.102,0.11,0.105,0.10719999999999999,0.7807587749957966,0.6721914539666985,19,0,0,0.7630383589261944,2.5369417140682784,3.980960994341494,2.771758628034074,1.267221212531736,19.2892471321863,3.683186567387157,4.0731718575434375,2.3052970394433534,0.0,103.2245009547766,0,False,False,43,275,970.0
human_synthetic:D15:A1,D15,A1,245,1766197789852,1766197815289,0,0,0.101,0.119,0.104,0.109,0.7322259854642199,0.5814593119470646,34,0,0,0.6233074903887369,2.0332478741448368,2.858304655467247,1.995814116201593,1.558819607658199,9.385394373687307,3.7711478359845865,5.884418909032622,2.6142621064257914,0.0,64.9164598285198,0,False,False,56,189,1276.0
human_synthetic:D15:A2,D15,A2,137,1766197815395,1766197830015,0,0,0.101,0.117,0.108,0.113,1.0054639495214426,0.987694742250713,0,0,0,1.875708131619238,3.3349157596089647,5.385572383572235,2.4976703091289703,1.6396886778843474,15.207378933150041,3.785400713079767,14.679333388820488,11.721402692478193,0.0,96.82275947864994,0,False,False,0,137,607.0
human_synthetic:D15:A3,D15,A3,419,1766197830125,1766197875939,0,0,0.101,0.12,0.109,0.116,0.9617681597348247,0.6645204608283126,0,0,0,1.2364460414020986,2.236053318379367,4.826625856331571,3.603531573374431,2.126776052589772,19.984481944822008,4.018280826229997,32.390598719007144,24.945078963300073,0.0,197.1700881085833,0,False,False,0,419,334.0
human_synthetic:D15:A4,D15,A4,304,1766197876047,1766197908289,0,0,0.101,0.119,0.106,0.112,0.8459815128363476,0.6968422002227133,0,0,0,1.1349627339890584,2.741097083351471,5.759824710291291,2.5329131671265706,1.8346117087248828,28.316010903487552,4.164224971015973,22.63447843756694,20.27713121942635,0.0,134.66253896697714,0,False,False,1,303,420.0
human_synthetic:D15:A5,D15,A5,560,1766197908395,1766197970058,0,0,0.101,0.121,0.11,0.117,0.8038070846933256,0.5847006869657959,186,0,0,0.45895539233716753,1.7679490920397316,4.004791069083499,3.4290953113538065,1.3619370169112321,15.51683137385483,2.9810246364634114,14.529800990776684,2.593020166816631,0.0,97.42080040145295,0,False,False,322,238,812.0
human_synthetic:D15:A6,D15,A6,131,1766197970168,1766197984179,0,0,0.102,0.116,0.108,0.113,0.6835248032423545,0.5846231967036927,0,0,0,0.9320729806391971,2.1257973210454173,2.734774015300566,3.5337433745872326,2.680273454096991,20.345878838370037,5.259339194584154,21.339809720877657,19.21198525820712,0.0,47.43712905082762,0,False,False,0,131,756.0
human_synthetic:D15:A7,D15,A7,246,1766197984288,1766198010440,0,0,0.102,0.121,0.105,0.117,0.836832587459596,0.6988710093367428,0,0,0,0.7905081046433604,2.6477007542182487,5.140484945110391,2.46362070132939,1.5809852342400847,10.609419761820234,3.7033151673834426,12.918415134789658,10.387960866068715,0.0,94.46115766284294,0,False,False,0,246,844.0
human_synthetic:D15:B1,D15,B1,110,1766198010544,1766198022133,0,0,0.102,0.12,0.106,0.11059999999999999,1.0364605669105211,1.0207927440952178,0,0,0,2.1850697576888862,4.116529714581127,4.842680220038808,0.7099258784447008,0.5023140894771765,2.703042485568266,1.869156490307769,7.1879459183193175,6.132364532780617,0.0,90.71324504677915,0,False,False,0,110,901.0
human_synthetic:D15:B2,D15,B2,210,1766198022238,1766198044554,0,0,0.102,0.121,0.106,0.113,0.9678835966683268,0.9402980919022725,0,0,0,1.538044094174195,3.5736532073654166,5.299890657745287,3.8193542197065233,2.2088289278790008,11.370306307525896,4.975746732024599,6.82651369142193,5.04129353889188,0.0,129.98583582431536,0,False,False,0,210,593.0
human_synthetic:D15:B3,D15,B3,182,1766198044667,1766198064230,0,0,0.102,0.118,0.107,0.115,0.6517006956523708,0.5810721541658995,0,0,0,1.0229002689599578,2.3177087571375523,4.166432653685698,3.6579049077376644,1.5713552899032248,17.015218912123785,4.341991127960293,4.7953027531541315,3.7313452809478855,0.0,73.16695756140359,0,False,False,0,182,869.0
human_synthetic:D15:B4,D15,B4,293,1766198064337,1766198094900,0,0,0.102,0.112,0.105,0.107,0.8937618291997106,0.7370680883955326,0,0,0,1.0262626094600797,2.6301267901434837,4.215036548354799,2.3224573731232465,0.647585500796545,7.3681606615943895,1.8951276884824726,19.09384064383332,15.47536713306908,0.0,126.44600167219433,0,False,False,0,293,923.0
human_synthetic:D15:C1,D15,C1,313,1766198095004,1766198128058,0,0,0.102,0.113,0.106,0.109,1.0293477012762546,0.8786790645706593,0,0,0,1.6950801277465324,3.703089740242075,5.096764034997744,3.1083178948571657,1.6061717711434582,15.925367084618427,4.437020889179951,26.989520760416234,21.352799660446305,0.0,213.68906271663653,0,False,False,0,313,437.0
human_synthetic:D15:C2,D15,C2,253,1766198128174,1766198155134,0,0,0.102,0.122,0.107,0.113,0.804115143291212,0.7033433797241979,0,0,0,0.9640342838454966,2.7742851425565562,4.1057150471678785,3.2209875813832207,1.7966623844751728,16.386378373413745,5.607922689280764,21.386662616406557,16.111724956680252,0.0,94.918045712045,0,False,False,0,253,747.0
human_synthetic:D15:C3,D15,C3,373,1766198155246,1766198196267,0,0,0.102,0.125,0.11,0.118,0.5762991459052579,0.43513468663403193,87,0,0,0.36354444797452984,1.249468036333545,2.49965044913559,3.243199984870819,1.7961505517794918,17.05063052613393,5.577713819371733,21.46869517587444,13.351770452376035,0.0,51.35738250392548,0,False,False,153,220,929.0
human_synthetic:D15:C4,D15,C4,318,1766198196373,1766198229666,0,0,0.102,0.11,0.105,0.10719999999999999,0.761208222504555,0.6500383664396638,19,0,0,0.7636892338634815,2.4776063549377954,3.870922510227903,2.8908977154907856,1.1974039717491467,20.81072690891979,3.835467664441726,4.101291810177197,2.462818374420648,0.0,103.21935614536216,0,False,False,43,275,950.0
human_synthetic:D16:A1,D16,A1,245,1766197789852,1766197815289,0,0,0.101,0.119,0.104,0.109,0.7506895600292842,0.5959622137519193,34,0,0,0.625903984447468,2.033609314413134,2.8396879079064092,1.9447957942998302,1.490628392687113,9.016621750103889,3.753663294548544,6.0327985169671265,2.50285836102868,0.0,64.91634328181038,0,False,False,56,189,1272.0
human_synthetic:D16:A2,D16,A2,137,1766197815395,1766197830015,0,0,0.101,0.117,0.108,0.113,0.979000183375771,0.9616109445506255,0,0,0,1.8840710361142954,3.29353043021385,4.994143981297796,2.353469752725337,1.5070971125941983,14.040742468891482,3.6669125676134895,15.930061053413716,12.520102859922755,0.0,96.82263575129852,0,False,False,0,137,738.0
human_synthetic:D16:A3,D16,A3,419,1766197830125,1766197875939,0,0,0.101,0.12,0.109,0.116,0.9668592283322199,0.6503131866853327,0,0,0,1.2365760031872557,2.2311385591146613,4.8448490102453015,3.5015712063615876,2.094380089836031,20.269586167047915,4.0702129704876295,33.837364812099594,24.911379397077066,0.0,197.16994439133833,0,False,False,0,419,340.0
human_synthetic:D16:A4,D16,A4,304,1766197876047,1766197908289,0,0,0.101,0.119,0.106,0.112,0.8289096049042249,0.6789872827934084,0,0,0,1.1278470871247785,2.7010689923609466,5.643803945795543,2.4700817830453996,1.7703844949006684,31.177337496794326,4.11220577391763,22.282309651624182,19.058921092024367,0.0,134.66250910600576,0,False,False,1,303,445.0
human_synthetic:D16:A5,D16,A5,560,1766197908395,1766197970058,0,0,0.101,0.121,0.11,0.117,0.793922664258503,0.577352927720958,186,0,0,0.46950224145425773,1.7798127934158943,3.948450518088517,3.4401050568674214,1.3749021530687808,15.588692985271386,2.9712861467494607,14.332152967806252,2.5007645413675377,0.0,97.3182786235667,0,False,False,322,238,836.0
human_synthetic:D16:A6,D16,A6,131,1766197970168,1766197984179,0,0,0.102,0.116,0.108,0.113,0.7152687677253977,0.6015309333678514,0,0,0,0.9279200715035634,2.1076526234023643,2.8356070539897793,3.537523253271305,2.6488270530287887,20.035757847715356,5.162911295618646,21.204546702886123,19.02045375135467,0.0,47.43810111384107,0,False,False,0,131,735.0
human_synthetic:D16:A7,D16,A7,246,1766197984288,1766198010440,0,0,0.102,0.121,0.105,0.117,0.8635065598098379,0.7190002275319306,0,0,0,0.7889702437931181,2.701925586247616,5.261534283944091,2.3450891379000134,1.647291717311254,9.75018633894368,3.7605944361142387,12.801902039182963,10.723920062175466,0.0,94.46125963569176,0,False,False,0,246,845.0
human_synthetic:D16:B1,D16,B1,110,1766198010544,1766198022133,0,0,0.102,0.12,0.106,0.11059999999999999,1.0019023121697883,0.9768329949785818,0,0,0,2.1801121634339418,4.088139970435799,4.535707998719552,0.6898210114188716,0.5822687361561744,2.614365556613454,1.8103766119955984,7.75304014763597,6.570944445704076,0.0,90.7132487052375,0,False,False,0,110,974.0
human_synthetic:D16:B2,D16,B2,210,1766198022238,1766198044554,0,0,0.102,0.121,0.106,0.113,1.006139827988452,0.9435536997126324,0,0,0,1.531278963251695,3.571032974986808,5.51389824466828,3.493880617205129,2.176635254576034,11.397735286770367,4.7278091074368405,6.994422389716636,5.026577385990282,0.0,129.98586153124688,0,False,False,0,210,598.0
human_synthetic:D16:B3,D16,B3,182,1766198044667,1766198064230,0,0,0.102,0.118,0.107,0.115,0.6415345136294969,0.570036308864813,0,0,0,1.02149800293897,2.3605089634218572,4.220233210241977,3.71789836431115,1.6018245708960661,17.41493916628343,4.423103675927562,4.759361827021602,3.626827321813029,0.0,73.16692459075956,0,False,False,0,182,831.0
human_synthetic:D16:B4,D16,B4,293,1766198064337,1766198094900,0,0,0.102,0.112,0.105,0.107,0.9556248100626961,0.7815882072500767,0,0,0,1.0260144743384108,2.474138203494089,4.485586819396083,2.1655523866789506,0.7155485793726588,6.928493317750494,2.022219665129289,19.045754326368158,15.455838752410836,0.0,126.4429549987046,0,False,False,0,293,904.0
human_synthetic:D16:C1,D16,C1,313,1766198095004,1766198128058,0,0,0.102,0.113,0.106,0.109,0.9778474536644953,0.9159163500574379,0,0,0,1.7005881742729276,3.716265745469324,4.874459834609787,3.3056085310333034,1.5556241725122508,14.637489248383103,4.351055235496142,28.31726315199719,20.958797911336614,0.0,213.69104660763537,0,False,False,0,313,521.0
human_synthetic:D16:C2,D16,C2,253,1766198128174,1766198155134,0,0,0.102,0.122,0.107,0.113,0.8205354434046531,0.6928169974398121,0,0,0,0.9652441743974084,2.744066712631106,4.128094127597121,3.2656349329663747,1.8119959482344279,16.792680868030615,5.574003315383186,21.76770200711513,16.089031914833228,0.0,94.91823208529087,0,False,False,0,253,695.0
human_synthetic:D16:C3,D16,C3,373,1766198155246,1766198196267,0,0,0.102,0.125,0.11,0.118,0.5910600370029864,0.44866354992351654,87,0,0,0.36580290858190545,1.2710619727854264,2.5499735691332894,3.181832338783972,1.7522100350671928,16.573675696992215,5.5141474803077335,22.742901582791802,14.718617473301343,0.0,51.361941807372034,0,False,False,153,220,907.0
human_synthetic:D16:C4,D16,C4,318,1766198196373,1766198229666,0,0,0.102,0.11,0.105,0.10719999999999999,0.7384438947010483,0.6399487761510174,19,0,0,0.7662525809722195,2.5060604831659123,3.7642908582179047,2.9799363180635665,1.1868283310588519,20.274877964552534,3.7463774959606546,4.135285685159682,2.522546690061185,0.0,103.22741609361859,0,False,False,43,275,985.0
human_synthetic:D17:A1,D17,A1,245,1766197789852,1766197815289,0,0,0.101,0.119,0.104,0.109,0.7715614592224808,0.5973372937985066,34,0,0,0.6271524179927337,1.9633805858781668,2.9158288952868077,1.8622902729175534,1.5236460854717813,9.468880501926035,3.7759899961852934,6.202016688007992,2.4483564928300323,0.0,64.91927919344477,0,False,False,56,189,1230.0
human_synthetic:D17:A2,D17,A2,137,1766197815395,1766197830015,0,0,0.101,0.117,0.108,0.113,0.9836403222291067,0.980254177650761,0,0,0,1.883903599606749,3.3288691590224353,5.055981405674579,2.357704893085042,1.532204826155808,14.223090012288766,3.6475701530708307,14.604154541515998,12.10514594940638,0.0,96.82301523417132,0,False,False,0,137,735.0
human_synthetic:D17:A3,D17,A3,419,1766197830125,1766197875939,0,0,0.101,0.12,0.109,0.116,0.9557949947298761,0.7034138923070012,0,0,0,1.233884925885234,2.129542097275862,4.818973189317113,3.8129659717055344,2.1030413844796016,20.629922843148275,4.083485218515551,30.998430641404255,24.37569428935118,0.0,197.16806317852027,0,False,False,0,419,283.0
human_synthetic:D17:A4,D17,A4,304,1766197876047,1766197908289,0,0,0.101,0.119,0.106,0.112,0.85685198857646,0.7025860853060938,0,0,0,1.127777327256696,2.7725450431238343,5.828234806041781,2.488642074415349,1.8060778910955544,28.2193362514595,4.143882434109331,22.220618620628034,20.1218568612885,0.0,134.6615800526834,0,False,False,1,303,424.0
human_synthetic:D17:A5,D17,A5,560,1766197908395,1766197970058,0,0,0.101,0.121,0.11,0.117,0.8005716733265436,0.5710052118093353,186,0,0,0.4627269411741768,1.7611684116260187,3.9542824654968918,3.5498137007244392,1.3931526304859136,16.106916863142985,3.0480671276631504,14.336105675536214,2.5583309881716434,0.0,97.35136052159416,0,False,False,322,238,792.0
human_synthetic:D17:A6,D17,A6,131,1766197970168,1766197984179,0,0,0.102,0.116,0.108,0.113,0.726514798763136,0.6122701602281089,0,0,0,0.9283837605831877,2.185881600915448,2.858346788894057,3.7202458430277217,2.8087292087250884,21.26523637089916,5.469376010922655,23.52253829227714,18.922424092303846,0.0,47.43801291080006,0,False,False,0,131,603.0
human_synthetic:D17:A7,D17,A7,246,1766197984288,1766198010440,0,0,0.102,0.121,0.105,0.117,0.8501097290924536,0.7066034265488073,0,0,0,0.7886932888020223,2.596207534643193,5.068127635800053,2.429041313650556,1.610759677507567,10.666028460233273,3.7871475613701637,12.510407521303284,10.14160642522636,0.0,94.4609916249111,0,False,False,0,246,856.0
human_synthetic:D17:B1,D17,B1,110,1766198010544,1766198022133,0,0,0.102,0.12,0.106,0.11059999999999999,1.027615735637573,0.9951674502495829,0,0,0,2.1771571812822548,4.074735817834322,4.43556435226208,0.6073031171165401,0.37558749116392093,2.769210849569205,1.9194685089414356,7.599998243151436,6.42667996862716,0.0,90.71314736914516,0,False,False,0,110,945.0
human_synthetic:D17:B2,D17,B2,210,1766198022238,1766198044554,0,0,0.102,0.121,0.106,0.113,1.0261697947945274,0.9718178763191018,0,0,0,1.5274549630632044,3.6711044429612225,5.517115690850844,3.5284119291645184,2.319901745190508,11.703705995523622,4.72572229546845,7.2338213618138525,4.919453598918675,0.0,129.98580347694565,0,False,False,0,210,545.0
human_synthetic:D17:B3,D17,B3,182,1766198044667,1766198064230,0,0,0.102,0.118,0.107,0.115,0.6386534458418822,0.5805186072060513,0,0,0,1.0223235714496568,2.384571081151339,4.202113571136039,3.846388178473672,1.6709722667485842,18.12695659680214,4.436660320796449,4.75396618932329,3.6338210030157936,0.0,73.16693634768849,0,False,False,0,182,795.0
human_synthetic:D17:B4,D17,B4,293,1766198064337,1766198094900,0,0,0.102,0.112,0.105,0.107,0.9050263488202849,0.7493704339564462,0,0,0,1.0253375996825147,2.485004364381836,4.2880011314482545,2.18217300872572,0.7077834619020514,7.096381699809772,1.9104333049267772,19.597963220185953,15.753544305736588,0.0,126.4424461067436,0,False,False,0,293,921.0
human_synthetic:D17:C1,D17,C1,313,1766198095004,1766198128058,0,0,0.102,0.113,0.106,0.109,1.0351686626247576,0.8837498469587436,0,0,0,1.6948491864959145,3.6595082793180325,5.1452568690538705,3.2067327379504693,1.6302454997633757,15.708174299019971,4.391112890306134,28.371141654627376,21.52822996238158,0.0,213.69214362867922,0,False,False,0,313,405.0
human_synthetic:D17:C2,D17,C2,253,1766198128174,1766198155134,0,0,0.102,0.122,0.107,0.113,0.8538017555649656,0.711183074829125,0,0,0,0.9652223409889038,2.807355191400799,3.9414263699906957,3.3387611318504424,1.8776436169930923,17.54504303374922,5.7464726051117285,20.001025272709246,15.076298198287592,0.0,94.91824828768414,0,False,False,0,253,697.0
human_synthetic:D17:C3,D17,C3,373,1766198155246,1766198196267,0,0,0.102,0.125,0.11,0.118,0.5719354279474084,0.4357603246395788,87,0,0,0.36639622607366723,1.2542677611896842,2.482494418991159,3.257526508767587,1.811138933310574,17.18385307171506,5.630843956931933,21.852483774548045,13.03291113237038,0.0,51.36075057955718,0,False,False,153,220,912.0
human_synthetic:D17:C4,D17,C4,318,1766198196373,1766198229666,0,0,0.102,0.11,0.105,0.10719999999999999,0.7352062764673803,0.6405736533251896,19,0,0,0.7661958391227858,2.507544466887341,3.7535661513125156,2.985246842659166,1.194144008120305,20.50091091419716,3.690661096839655,4.253000279932943,2.4490576136960347,0.0,103.2209193162881,0,False,False,43,275,974.0
human_synthetic:D18:A1,D18,A1,245,1766197789852,1766197815289,0,0,0.101,0.119,0.104,0.109,0.7650050438469405,0.599290087056891,34,0,0,0.6241638109796475,2.048607184528489,2.8870399057095035,2.0238549447096483,1.5967254592385909,9.726040091779314,3.8921188667289215,6.147842645515896,2.426178377949409,0.0,64.92359910283908,0,False,False,56,189,1216.0
human_synthetic:D18:A2,D18,A2,137,1766197815395,1766197830015,0,0,0.101,0.117,0.108,0.113,1.0353732918535001,1.010582292553215,0,0,0,1.875758407985981,3.3788628434810226,5.168994927684167,2.567690091666675,1.6794668006737838,14.663458007930794,3.853168699442578,14.810796406179467,11.915311665441623,0.0,96.82252946852881,0,False,False,0,137,602.0
human_synthetic:D18:A3,D18,A3,419,1766197830125,1766197875939,0,0,0.101,0.12,0.109,0.116,0.9947774557923389,0.6857107701415084,0,0,0,1.2341314722889838,2.157332093381565,4.985587118981822,3.7060641937938983,2.185281329716771,20.832048191734795,4.184222207834416,32.528267799700714,23.924960414985232,0.0,197.16747173745154,0,False,False,0,419,235.0
human_synthetic:D18:A4,D18,A4,304,1766197876047,1766197908289,0,0,0.101,0.119,0.106,0.112,0.8463769086443829,0.7023053351167731,0,0,0,1.123424236967217,2.830313717859782,5.742986617931141,2.3809600970114584,1.7657307339754869,30.540409715216928,4.053558474861433,21.502214199722243,18.835594176967923,0.0,134.6630513424393,0,False,False,1,303,472.0
human_synthetic:D18:A5,D18,A5,560,1766197908395,1766197970058,0,0,0.101,0.121,0.11,0.117,0.7854551179383068,0.5724703106122092,186,0,0,0.4692207550955398,1.7818050860957415,4.432893972954233,3.406226085126697,1.3607671403757355,15.434703563195692,2.9405378572581005,14.180242117529428,2.6218222431833524,0.0,97.31528997477058,0,False,False,322,238,790.0
human_synthetic:D18:A6,D18,A6,131,1766197970168,1766197984179,0,0,0.102,0.116,0.108,0.113,0.7113879740303884,0.5965226591305376,0,0,0,0.9315553422348369,2.1317072283211913,2.7378496139365147,3.8107801839052526,2.8906822424607466,21.91987639436048,5.6360308994589445,20.160578227516982,18.427791128358553,0.0,47.43785479658638,0,False,False,0,131,686.0
human_synthetic:D18:A7,D18,A7,246,1766197984288,1766198010440,0,0,0.102,0.121,0.105,0.117,0.8650811073837964,0.7184032225630375,0,0,0,0.7887404062919338,2.7103520226118936,5.293486626201819,2.399298799224417,1.6800981172988196,10.506340870376645,3.702044352087666,12.783957781657916,10.522731918454138,0.0,94.4612158867852,0,False,False,0,246,820.0
human_synthetic:D18:B1,D18,B1,110,1766198010544,1766198022133,0,0,0.102,0.12,0.106,0.11059999999999999,1.042982210472791,1.032145204924742,0,0,0,2.1762130765254732,4.02375999945408,4.591463256109641,0.5147551899304204,0.30804742033407484,2.85472808707352,1.8234075010865585,7.347158304463565,6.2185565065236625,0.0,90.7132997385733,0,False,False,0,110,927.0
human_synthetic:D18:B2,D18,B2,210,1766198022238,1766198044554,0,0,0.102,0.121,0.106,0.113,0.9791960538041019,0.9205613015399011,0,0,0,1.5380371976073144,3.509159954640226,5.363778171492047,3.7438497098655574,2.125990475386898,11.165742129853532,4.91839238116356,6.770685774946136,5.115242798779642,0.0,129.98589787747832,0,False,False,0,210,596.0
human_synthetic:D18:B3,D18,B3,182,1766198044667,1766198064230,0,0,0.102,0.118,0.107,0.115,0.6054047815673058,0.5888844730756174,0,0,0,1.0285311406116397,2.3541417338728188,4.3100152313245115,3.6988158473262573,1.5947587772301628,17.26372183168152,4.356406536950415,4.423904959993683,3.4699071809852526,0.0,73.16697422779944,0,False,False,0,182,850.0
human_synthetic:D18:B4,D18,B4,293,1766198064337,1766198094900,0,0,0.102,0.112,0.105,0.107,0.9137355648762341,0.7532479091441132,0,0,0,1.0260722775935376,2.4825069822546553,4.3054253897292405,2.206648951032653,0.688972486615052,7.16677307511818,1.9327573958052886,19.89867880945927,15.736330446978922,0.0,126.44251503252427,0,False,False,0,293,907.0
human_synthetic:D18:C1,D18,C1,313,1766198095004,1766198128058,0,0,0.102,0.113,0.106,0.109,0.9568838465170616,0.906214550987641,0,0,0,1.6997591903630591,3.8275505007780324,4.7484669893758,3.280028664202946,1.5321137206803734,14.703795835028126,4.321016528919439,27.23615929249261,21.448681321097073,0.0,213.69066274350968,0,False,False,0,313,569.0
human_synthetic:D18:C2,D18,C2,253,1766198128174,1766198155134,0,0,0.102,0.122,0.107,0.113,0.8183902391775885,0.7092196898773907,0,0,0,0.963469495606988,2.815528726890309,4.0051816754646925,3.304836844368919,1.8206310888814725,16.665948856429026,5.621096376712437,20.79277497630536,15.290295538758313,0.0,94.91831322702987,0,False,False,0,253,735.0
human_synthetic:D18:C3,D18,C3,373,1766198155246,1766198196267,0,0,0.102,0.125,0.11,0.118,0.5841881548004242,0.4398155229641595,87,0,0,0.3638389684230774,1.2227544466444986,2.534543842989059,3.280558887956898,1.7977740638460644,17.175945332515695,5.5061733225213185,20.29823145568865,14.064175251074133,0.0,51.37771898444597,0,False,False,153,220,926.0
human_synthetic:D18:C4,D18,C4,318,1766198196373,1766198229666,0,0,0.102,0.11,0.105,0.10719999999999999,0.7675048986116625,0.6585612423310996,19,0,0,0.7638318444656473,2.5184058336672446,3.9121660340621567,2.943148425809433,1.218320249800811,19.66516600688814,3.577776547304131,3.8649619407433553,2.3238051852437054,0.0,103.21981465613388,0,False,False,43,275,974.0
human_synthetic:D19:A1,D19,A1,245,1766197789852,1766197815289,0,0,0.101,0.119,0.104,0.109,0.762661827807426,0.5945086459936896,34,0,0,0.6263205998478992,1.995278796877604,2.8802098064272244,1.91361813355244,1.5084200109629204,9.193362155185104,3.6996068759973686,6.129011765000792,2.434373271365182,0.0,64.91558987564886,0,False,False,56,189,1246.0
human_synthetic:D19:A2,D19,A2,137,1766197815395,1766197830015,0,0,0.101,0.117,0.108,0.113,1.0138677988943932,1.0020287488912867,0,0,0,1.8811823009569897,3.3679898530630865,4.990110414099227,2.4202454431739864,1.564331048312542,14.055848356068154,3.850928990298718,15.001785306984608,11.823909449046313,0.0,96.82264243274122,0,False,False,0,137,685.0
human_synthetic:D19:A3,D19,A3,419,1766197830125,1766197875939,0,0,0.101,0.12,0.109,0.116,0.9302286156015196,0.6982247318468185,0,0,0,1.2358362303478396,2.1854046999999848,4.671309919452423,3.7952593778742885,2.08455295215248,19.837749805958488,3.997936983243132,31.04053180090697,23.965402112560874,0.0,197.1689390683229,0,False,False,0,419,336.0
human_synthetic:D19:A4,D19,A4,304,1766197876047,1766197908289,0,0,0.101,0.119,0.106,0.112,0.8470256784563056,0.6960945268115386,0,0,0,1.1347619635123711,2.7036419996493524,5.7688086717736695,2.5135903342471204,1.8173712723826672,29.000493354074678,4.177113244674559,22.505188170870863,20.113049485873216,0.0,134.66268647168306,0,False,False,1,303,422.0
human_synthetic:D19:A5,D19,A5,560,1766197908395,1766197970058,0,0,0.101,0.121,0.11,0.117,0.8070565517893215,0.5807071640581422,186,0,0,0.4627685903007796,1.764689388539496,4.000067432791628,3.537096054160545,1.3641583302120142,16.038745168940576,3.046210664047893,14.503916708613762,2.629003237592854,0.0,97.31883108456731,0,False,False,322,238,781.0
human_synthetic:D19:A6,D19,A6,131,1766197970168,1766197984179,0,0,0.102,0.116,0.108,0.113,0.7318077544956424,0.6095704711620844,0,0,0,0.9291671440346682,2.186012799908457,2.7799029385071954,3.8494117292190495,2.891428262635782,21.842791914168448,5.617526961749203,19.68742185189136,18.280579334282322,0.0,47.43802430096557,0,False,False,0,131,668.0
human_synthetic:D19:A7,D19,A7,246,1766197984288,1766198010440,0,0,0.102,0.121,0.105,0.117,0.8769619187041866,0.7282294313091168,0,0,0,0.788275120434396,2.7519607389694696,5.377311399488505,2.3296563919536704,1.7184128913706382,10.128748949284192,3.683679302963104,12.969263577308281,10.796483861521615,0.0,94.46104750619958,0,False,False,0,246,804.0
human_synthetic:D19:B1,D19,B1,110,1766198010544,1766198022133,0,0,0.102,0.12,0.106,0.11059999999999999,0.9941691507394691,0.983633676106017,0,0,0,2.188335897777435,4.081196125703256,4.565367668403489,0.6865340618132078,0.5977520589174266,2.6750074722466146,1.7718809098868835,7.235313574083888,6.234443919343306,0.0,90.7131565680364,0,False,False,0,110,992.0
human_synthetic:D19:B2,D19,B2,210,1766198022238,1766198044554,0,0,0.102,0.121,0.106,0.113,0.9904537577265523,0.9535326904172354,0,0,0,1.5389428006477612,3.661991238441504,5.265441322499537,3.738549881876934,2.2268715017782434,11.699675260090634,4.9767682635379344,6.7736474677060095,5.232024032289288,0.0,129.98580087995896,0,False,False,0,210,592.0
human_synthetic:D19:B3,D19,B3,182,1766198044667,1766198064230,0,0,0.102,0.118,0.107,0.115,0.6485215482822169,0.5667443183013637,0,0,0,1.0214237780790012,2.316577544166506,4.190835149174452,3.606116250386818,1.5446372362839917,16.79777782890432,4.301496695628815,4.781563208022156,3.6727869454516537,0.0,73.16693597224281,0,False,False,0,182,888.0
human_synthetic:D19:B4,D19,B4,293,1766198064337,1766198094900,0,0,0.102,0.112,0.105,0.107,0.8959666843226356,0.7374471616246051,0,0,0,1.0252801160139218,2.625908829603626,4.209964587080002,2.304875206893091,0.6390429870906303,7.3120604758596786,1.9009811701668156,19.52829887413015,15.621317423056247,0.0,126.44232014960167,0,False,False,0,293,922.0
human_synthetic:D19:C1,D19,C1,313,1766198095004,1766198128058,0,0,0.102,0.113,0.106,0.109,1.0101761988860887,0.8901659060443937,0,0,0,1.6951817440568122,3.680269861160816,5.012480710793227,3.2696152678957424,1.5527965076738857,15.507643338615818,4.345190230732282,28.218399103158838,21.394009758667814,0.0,213.6942675426316,0,False,False,0,313,447.0
human_synthetic:D19:C2,D19,C2,253,1766198128174,1766198155134,0,0,0.102,0.122,0.107,0.113,0.806421292428309,0.7139279700837842,0,0,0,0.9632493733917074,2.815393012533738,4.14006192843976,3.2701744049453083,1.8142955808393997,16.40206302199654,5.657539859403627,21.45283805640666,16.163536590120728,0.0,94.9180630612532,0,False,False,0,253,723.0
human_synthetic:D19:C3,D19,C3,373,1766198155246,1766198196267,0,0,0.102,0.125,0.11,0.118,0.5814506825859905,0.4389834849854742,87,0,0,0.36613324037347694,1.2311511095534522,2.5176082590204505,3.2437119658159492,1.8129046077907258,17.029083070075586,5.512392771021355,20.608553181869677,14.218843542732552,0.0,51.35823257238451,0,False,False,153,220,946.0
human_synthetic:D19:C4,D19,C4,318,1766198196373,1766198229666,0,0,0.102,0.11,0.105,0.10719999999999999,0.7685749405287355,0.6605213874984195,19,0,0,0.7637308969494568,2.496364767748369,3.916484251985292,2.8159576438569736,1.2432746498973644,20.325567568749705,3.7951203847659563,3.533616613104455,2.537142467666166,0.0,103.22262572235368,0,False,False,43,275,976.0
human_synthetic:D20:A1,D20,A1,245,1766197789852,1766197815289,0,0,0.101,0.119,0.104,0.109,0.7569243284506131,0.5953994852179172,34,0,0,0.626799730335552,2.0623762289140615,2.835271599342647,1.8901913985692913,1.4883994229512068,9.237783236887834,3.8618486996319583,6.082903259280059,2.471900889255256,0.0,64.91741995819197,0,False,False,56,189,1264.0
human_synthetic:D20:A2,D20,A2,137,1766197815395,1766197830015,0,0,0.101,0.117,0.108,0.113,0.9872274554031023,0.9703396766163812,0,0,0,1.8779420796084287,3.3278595328563947,5.364174200116757,2.421139551414841,1.5765494932271686,15.090838654619368,3.765024165878421,14.987017431463471,11.895669714925212,0.0,96.82289822633177,0,False,False,0,137,643.0
human_synthetic:D20:A3,D20,A3,419,1766197830125,1766197875939,0,0,0.101,0.12,0.109,0.116,0.9664852680569253,0.7018090858942326,0,0,0,1.2341521167417449,2.145080198906293,4.8671230172384945,3.793312130694007,2.131977667116478,20.76169577616203,4.116619606865447,31.39266537862724,23.595610319561906,0.0,197.16825603115214,0,False,False,0,419,267.0
human_synthetic:D20:A4,D20,A4,304,1766197876047,1766197908289,0,0,0.101,0.119,0.106,0.112,0.8179617731555185,0.6942406211885854,0,0,0,1.120977010949594,2.815431139572707,5.5516156464047235,2.44936117650598,1.7768369021864046,30.525701111894712,4.037247110341629,22.476715147951314,19.049360574688414,0.0,134.66173470021755,0,False,False,1,303,463.0
human_synthetic:D20:A5,D20,A5,560,1766197908395,1766197970058,0,0,0.101,0.121,0.11,0.117,0.8071907717854943,0.5766458146809471,186,0,0,0.46327567042533907,1.7610097422370194,3.995371256650678,3.5379565228905525,1.4101582170219589,16.03960399779765,3.05502888435043,14.483284831285358,2.6465892306363177,0.0,97.31815801569459,0,False,False,322,238,780.0
human_synthetic:D20:A6,D20,A6,131,1766197970168,1766197984179,0,0,0.102,0.116,0.108,0.113,0.7243248260029789,0.6078238992458163,0,0,0,0.9297311190908288,2.185562741851606,2.8068963934115665,3.787424495675166,2.869089966616529,21.76515042134384,5.612222285503503,20.211211535333074,18.448983085944082,0.0,47.43807473457851,0,False,False,0,131,680.0
human_synthetic:D20:A7,D20,A7,246,1766197984288,1766198010440,0,0,0.102,0.121,0.105,0.117,0.8516256420083226,0.7086275081328672,0,0,0,0.7892376283657112,2.6498193272814348,5.176835022456839,2.5121345879440016,1.6259036517032621,10.886216187577828,3.715811343125576,12.568310332480472,9.888348621911371,0.0,94.46114339691701,0,False,False,0,246,818.0
human_synthetic:D20:B1,D20,B1,110,1766198010544,1766198022133,0,0,0.102,0.12,0.106,0.11059999999999999,0.9989678447024013,0.9947427302149561,0,0,0,2.185947464968374,4.04763874515527,4.6548420891100335,0.5657427243367973,0.4770861573242254,2.74253048373619,1.8289367092466782,7.1731639544552195,6.168141739619196,0.0,90.71313836411676,0,False,False,0,110,991.0
human_synthetic:D20:B2,D20,B2,210,1766198022238,1766198044554,0,0,0.102,0.121,0.106,0.113,0.9937389401149986,0.9455014732110829,0,0,0,1.5361400285700089,3.6312419499331967,5.275075602622703,3.8161553072197947,2.3214220794500067,11.589533977940908,4.970301092134527,6.942233888322508,5.035628404072104,0.0,129.98576424355147,0,False,False,0,210,571.0
human_synthetic:D20:B3,D20,B3,182,1766198044667,1766198064230,0,0,0.102,0.118,0.107,0.115,0.5945462543016646,0.591680876713345,0,0,0,1.0285334075297485,2.39708356999542,4.432811728748083,3.832525033052978,1.6499990233311397,17.892912478612352,4.2205413654220365,4.428878111396889,3.408368556512728,0.0,73.16695737703537,0,False,False,0,182,802.0
human_synthetic:D20:B4,D20,B4,293,1766198064337,1766198094900,0,0,0.102,0.112,0.105,0.107,0.9281664001850093,0.767198238282804,0,0,0,1.0257323567430097,2.4888713200955928,4.404306334990334,2.1509087980172525,0.7213087038106941,6.8956834506896945,1.9315185473142167,18.964416524914895,15.499370859773956,0.0,126.44341853689825,0,False,False,0,293,926.0
human_synthetic:D20:C1,D20,C1,313,1766198095004,1766198128058,0,0,0.102,0.113,0.106,0.109,1.0160302610873364,0.8963907817465083,0,0,0,1.6936614121188671,3.690832137582832,5.054687692667773,3.126335519846701,1.5938297258661756,15.370428322954426,4.386785983233768,28.343258755721006,21.292596075444358,0.0,213.69229897468082,0,False,False,0,313,466.0
human_synthetic:D20:C2,D20,C2,253,1766198128174,1766198155134,0,0,0.102,0.122,0.107,0.113,0.8422287703042131,0.7187758092336771,0,0,0,0.9630989265201566,2.8560561738133265,4.098930898604143,3.3890799560240334,1.877189333882799,17.19621060078485,5.494517190632457,21.210002969694187,15.948831709244077,0.0,94.91820407064611,0,False,False,0,253,641.0
human_synthetic:D20:C3,D20,C3,373,1766198155246,1766198196267,0,0,0.102,0.125,0.11,0.118,0.5794181089731208,0.4378772157488524,87,0,0,0.36754306392842456,1.2249496937120157,2.511366080527983,3.263625865983467,1.8233277605518399,17.15212855849214,5.536845883081543,20.49326000924323,13.997663247942045,0.0,51.36258692419069,0,False,False,153,220,940.0
human_synthetic:D20:C4,D20,C4,318,1766198196373,1766198229666,0,0,0.102,0.11,0.105,0.10719999999999999,0.7566593705605817,0.6629631054100248,19,0,0,0.7656714307767103,2.5251905293958736,3.874780433438964,2.893944373892702,1.2579095405198335,20.00187427971751,3.57189687691416,3.6485613734781235,2.45379838984939,0.0,103.22039522106147,0,False,False,43,275,987.0
