run_id,driver_id,scenario_id,frame,timestamp_ms,time_s,ego_speed_kmh,step_m,speed_from_step_kmh,speed_diff_kmh,accel_mps2,jerk_mps3,yaw_deg,yaw_rate_deg_s,cross_track_m
human_synthetic:D02:A3,D02,A3,0,1766197830125,0.0,29.95332649979137,,,,,,30.750000000000004,,0.0
human_synthetic:D02:A3,D02,A3,1,1766197830228,0.103,29.94408837140779,1.000285566457126,34.961437274229645,5.017348902821855,-0.02491404634189951,,31.540564422679612,7.675382744462219,0.0
human_synthetic:D02:A3,D02,A3,2,1766197830330,0.205,29.888609246397202,0.8322295912334312,29.3728091023564,-0.5158001440408029,-0.15108694174997284,-1.2369891706673857,32.21670682661846,6.628847097439749,0.0
human_synthetic:D02:A3,D02,A3,3,1766197830433,0.308,29.796101852609088,0.8316015752936103,29.065686126766966,-0.7304157258421213,-0.24948056577161015,-0.9552779031226925,32.88060385090268,6.445602177516609,0.0
human_synthetic:D02:A3,D02,A3,4,1766197830537,0.412,29.66665399650551,0.8261835958702367,28.598662933969734,-1.067991062535775,-0.3457474789091334,-0.9256433955531079,33.510346760919205,6.055220288620361,0.0
human_synthetic:D02:A3,D02,A3,5,1766197830639,0.514,29.463525255274014,0.823848094987293,29.07699158778681,-0.3865336674872033,-0.5531828464910021,-2.0336800743320467,34.09054133751631,5.688182123501063,0.0
human_synthetic:D02:A3,D02,A3,6,1766197830741,0.616,29.039654265202827,0.8145409182470208,28.74850299695368,-0.2911512682491484,-1.1543327616317782,-5.893626619027217,34.63807764663248,5.368003030550669,0.0
human_synthetic:D02:A3,D02,A3,7,1766197830843,0.718,28.35870926305475,0.7993524664467493,28.212439992238213,-0.14626927081653562,-1.8544253871135,-6.863653190997272,35.14056169489861,4.926314198687511,0.0
human_synthetic:D02:A3,D02,A3,8,1766197830944,0.819,27.531489971399587,0.777484527769131,27.712319801671995,0.1808298302724083,-2.2750805601076984,-4.1649027029128565,35.58994117970487,4.449301829764928,0.0
human_synthetic:D02:A3,D02,A3,9,1766197831047,0.922,26.484842563903047,0.9008668080190312,31.48660688221857,5.001764318315523,-2.82267369875011,-5.316438239246716,36.115388400097814,5.10142932420338,0.0
human_synthetic:D02:A3,D02,A3,10,1766197831149,1.024,25.549609506791445,0.7238736450324189,25.54848158937949,-0.00112791741195295,-2.546930983419396,2.70335995422269,36.558153775963554,4.340837018291638,0.0
human_synthetic:D02:A3,D02,A3,11,1766197831253,1.128,24.57885430646008,0.6979922766734066,24.16127111561792,-0.41758319084215856,-2.592829060714119,-0.4413276662954162,36.98940749363594,4.1466703622343895,0.0
human_synthetic:D02:A3,D02,A3,12,1766197831357,1.232,23.536008942644894,0.6701152066428852,23.19629561456141,-0.33971332808348365,-2.7853775742926983,-1.851428015178646,37.36184628402837,3.5811422153118913,0.0
human_synthetic:D02:A3,D02,A3,13,1766197831462,1.337,22.457873236881277,0.6408085505795917,21.970578877014578,-0.48729435986669856,-2.852210861808512,-0.6365075001506071,37.65751867439347,2.8159275272866493,0.0
human_synthetic:D02:A3,D02,A3,14,1766197831565,1.44,21.381147124392168,0.6103709570597116,21.333353838980212,-0.04779328541195582,-2.9037921048789297,-0.500788767673958,37.91688886189851,2.5181571602429824,0.0
human_synthetic:D02:A3,D02,A3,15,1766197831669,1.544,20.12290768607707,0.6916955800287584,23.94330853945702,3.820400853379951,-3.360682260456989,-4.393174572865956,38.1912692650981,2.6382731076883315,0.0
human_synthetic:D02:A3,D02,A3,16,1766197831774,1.649,19.451347739425184,0.5493578076186028,18.83512483263781,-0.6162229067873746,-1.7766136154811818,15.08636804738864,38.39697812406083,1.9591319901213042,0.0
human_synthetic:D02:A3,D02,A3,17,1766197831878,1.753,19.146074466666395,0.5347534336844815,18.5106957813859,-0.6353786852804966,-0.8153666473258265,9.242759309186109,38.596212038290055,1.9157107137426868,0.0
human_synthetic:D02:A3,D02,A3,18,1766197831985,1.86,19.023796049669134,0.5278558139317077,17.759634861253716,-1.264161188415418,-0.31744137330545596,4.6535072338352395,38.78577628228607,1.7716284485609066,0.0
human_synthetic:D02:A3,D02,A3,19,1766197832091,1.966,18.90170874781051,0.631282801086165,21.439793244435794,2.5380844966252845,-0.31993527740729916,-0.023527397187199924,38.996790779033994,1.9907027995085593,0.0
human_synthetic:D02:A3,D02,A3,20,1766197832197,2.072,18.670424866630245,0.5225256684389054,17.74615477717037,-0.9242700894598741,-0.6060898353780481,-2.6995713016108387,39.14978118954064,1.4433057594966643,0.0
human_synthetic:D02:A3,D02,A3,21,1766197832302,2.177,17.856427293404657,0.5092124020414882,17.45871092713674,-0.3977163662679182,-2.1534327334010297,-14.736599028790303,39.287458178090425,1.311209414759993,0.0
human_synthetic:D02:A3,D02,A3,22,1766197832408,2.283,16.497285475011367,0.5739960552277494,19.49420564924432,2.9969201742329545,-3.56169239620883,-13.28546851705472,39.42864396174072,1.3319413551913784,0.0
human_synthetic:D02:A3,D02,A3,23,1766197832513,2.388,15.321947073475704,0.44149349274154454,15.136919751138672,-0.18502732233703156,-3.1093608506234443,4.3079194817655795,39.520131571292445,0.8713105671593743,0.0
human_synthetic:D02:A3,D02,A3,24,1766197832618,2.493,14.075453725221934,0.40955218034782237,14.041789040496768,-0.03366468472516537,-3.297601450406801,-1.7927676169843498,39.60654511271036,0.8229861087421515,0.0
human_synthetic:D02:A3,D02,A3,25,1766197832724,2.599,12.830628909926354,0.3750685795287951,12.73817817267606,-0.09245073725029407,-3.2621195369381026,0.3347350327235692,39.67430870657862,0.6392791874365882,0.0
human_synthetic:D02:A3,D02,A3,26,1766197832830,2.705,11.623782140677362,0.4066891960568264,13.812085903816746,2.188303763139384,-3.1625963554742986,0.9388979383377737,39.77107732915232,0.9129115337142023,0.0
human_synthetic:D02:A3,D02,A3,27,1766197832935,2.81,11.253460230848049,0.3143567042124453,10.777944144426698,-0.4755160864213508,-0.97968759214104,20.78960726984056,39.842369000164425,0.6789682953532455,0.0
human_synthetic:D02:A3,D02,A3,28,1766197833042,2.917,11.137623599269904,0.3091285781720434,10.400587676816416,-0.7370359224534884,-0.3007181505143937,6.345508800249031,39.9013344316703,0.5510787991202625,0.0
human_synthetic:D02:A3,D02,A3,29,1766197833150,3.025,11.130774648961575,0.3697052839225992,12.32350946408664,1.1927348151250659,-0.017615612932946827,2.6213197924208043,39.993776294685475,0.8559431760664998,0.0
human_synthetic:D02:A3,D02,A3,30,1766197833255,3.13,11.26895229341946,0.3115724014614022,10.682482335819506,-0.5864699575999541,0.3655493239626598,3.649189875196254,40.07261158185386,0.7508122587464208,0.0
human_synthetic:D02:A3,D02,A3,31,1766197833363,3.238,11.443262304778665,0.31579951512876203,10.526650504292068,-0.9166118004865975,0.4483282185164764,0.7664712458686722,40.13839353374818,0.6090921471695239,0.0
human_synthetic:D02:A3,D02,A3,32,1766197833469,3.344,11.689840606368607,0.3862117059723832,13.116623976420561,1.4267833700519539,0.6461695534327613,1.8664276878894799,40.210616546692606,0.6813491787209426,0.0
human_synthetic:D02:A3,D02,A3,33,1766197833574,3.449,11.863889024370094,0.3280382217221351,11.24702474475892,-0.6168642796111747,0.460445550268483,-1.7688000301359836,40.26001125528336,0.4704257961022796,0.0
human_synthetic:D02:A3,D02,A3,34,1766197833680,3.555,12.073992922304477,0.33349304384223144,11.326178847472013,-0.7478140748324638,0.5505867346288867,0.8503885317019222,40.292818241663234,0.3094998715083176,0.0
human_synthetic:D02:A3,D02,A3,35,1766197833787,3.662,12.320101370117316,0.40818567587635163,13.73334984256884,1.4132484724515244,0.6389108198671828,0.8254587405448229,40.33872007808742,0.42898912545961265,0.0
human_synthetic:D02:A3,D02,A3,36,1766197833893,3.768,12.529947121549222,0.34740872735308087,11.798786966708407,-0.7311601548408149,0.5499102500836125,-0.8396280168261349,40.358978840073036,0.19112039609071743,0.0
human_synthetic:D02:A3,D02,A3,37,1766197833999,3.874,12.739691423491005,0.355404480105172,12.070340833760559,-0.6693505897304455,0.5496443971220722,-0.002508046806983464,40.367851124349535,0.08370079506124846,0.0
human_synthetic:D02:A3,D02,A3,38,1766197834107,3.982,12.985416595818606,0.43058601244759953,14.352867081586652,1.367450485768046,0.6320091880853942,0.7626369533640921,40.37,0.019896996763409166,0.0
human_synthetic:D02:A3,D02,A3,39,1766197834213,4.088,13.158922684146578,0.3641964932050403,12.36893750507684,-0.7899851790697383,0.45468052496847833,-1.6729119161973196,40.35165381660012,-0.17307720188557169,0.0
human_synthetic:D02:A3,D02,A3,40,1766197834320,4.195,13.368433457789436,0.36986661462372317,12.444110398555173,-0.9243230592342631,0.5439012815235167,0.8338388463087697,40.35754250702652,0.055034489966248795,0.0
human_synthetic:D02:A3,D02,A3,41,1766197834427,4.302,13.577890374435732,0.4501786396939092,15.146197223346478,1.568306848910746,0.5437614658522725,-0.0013066885163010697,40.34216036095712,-0.14375837448023193,0.0
human_synthetic:D02:A3,D02,A3,42,1766197834532,4.407,13.751307382619736,0.3808236138639298,13.05680961819188,-0.6944977644278563,0.45877515392593776,-0.8093934469174735,40.33119394162016,-0.10444208892349274,0.0
human_synthetic:D02:A3,D02,A3,43,1766197834640,4.515,13.960710023915238,0.3856404537734619,12.85468179244873,-1.1060282314665084,0.5385870403690907,0.7389989485477121,40.30114961621321,-0.27818819821247953,0.0
human_synthetic:D02:A3,D02,A3,44,1766197834746,4.621,14.170094894244967,0.4704655325386369,15.978074689991441,1.8079797957464745,0.5487024903818876,0.09542877370563115,40.26444944178303,-0.34622806066194384,0.0
human_synthetic:D02:A3,D02,A3,45,1766197834853,4.728,14.343525547337855,0.3978224508430524,13.384680589112044,-0.9588449582258107,0.4502353403242141,-0.9202537388567615,40.24333206468412,-0.19735866447573355,0.0
human_synthetic:D02:A3,D02,A3,46,1766197834960,4.835,14.516993972171875,0.4057983550575638,13.653028768291867,-0.8639652038800083,0.45033339780379156,0.0009164250427801269,40.20566957808742,-0.35198585604394095,0.0
human_synthetic:D02:A3,D02,A3,47,1766197835067,4.942,14.726429012647422,0.491372150937502,16.53214713434586,1.8057181216984368,0.5437046741317457,0.8726287507285436,40.149210330815166,-0.5276565165630265,0.0
human_synthetic:D02:A3,D02,A3,48,1766197835172,5.047,14.899990556405564,0.41214502922831947,14.130686716399525,-0.7693038400060388,0.45915752316968483,-0.8052109615434371,40.099902080323226,-0.4696023856375914,0.0
human_synthetic:D02:A3,D02,A3,49,1766197835282,5.157,15.037732755218808,0.4178145705491852,13.673931399791515,-1.3638013554272934,0.34783383538698426,-1.0120335252972779,40.06358418799417,-0.3301626575369648,0.0
human_synthetic:D02:A3,D02,A3,50,1766197835389,5.264,15.247334812027256,0.5053641019687231,17.002904365302832,1.755569553275576,0.5441382575504844,1.834620767883179,40.00329702839325,-0.5634313981395536,0.0
human_synthetic:D02:A3,D02,A3,51,1766197835497,5.372,15.385275235696533,0.4264878175179348,14.21626058393116,-1.169014651765373,0.35478504030163593,-1.7532705300819302,39.95167733085513,-0.4779601623899528,0.0
human_synthetic:D02:A3,D02,A3,52,1766197835604,5.479,15.559192482814614,0.4309558245225707,14.499448301693969,-1.0597441811206458,0.4514985646886861,0.9038647138976651,39.896068533477326,-0.5197083867084165,0.0
human_synthetic:D02:A3,D02,A3,53,1766197835713,5.588,15.697381759590419,0.5233989472593037,17.286570735169665,1.5891889755792459,0.3521643139036797,-0.9113234016973065,39.840296085866115,-0.5116738312955823,0.0
human_synthetic:D02:A3,D02,A3,54,1766197835821,5.696,15.871541862835963,0.439154705661639,14.638490188721299,-1.2330516741146642,0.4479426523805195,0.8868364673781464,39.78749151590265,-0.4889312033653339,0.0
human_synthetic:D02:A3,D02,A3,55,1766197835931,5.806,16.010015234369238,0.5335041207554176,17.460134861086395,1.4501196267171572,0.34968023114462937,-0.893294738508092,39.717184168329375,-0.6391577052116045,0.0
human_synthetic:D02:A3,D02,A3,56,1766197836039,5.914,16.184454831002423,0.45017460625530087,15.005820208510029,-1.1786346224923943,0.44866151397424425,0.9164933595334711,39.658931688253325,-0.5393748155189774,0.0
human_synthetic:D02:A3,D02,A3,57,1766197836147,6.022,16.323245942294587,0.5433783218928364,18.112610729761215,1.7893647874666279,0.35697302287079286,-0.8489675102171426,39.58851339261831,-0.6520212558798364,0.0
human_synthetic:D02:A3,D02,A3,58,1766197836254,6.129,16.462212568177428,0.4565982889841887,15.362185423767096,-1.1000271444103316,0.36076486470103813,0.035437774114441864,39.54170985981383,-0.43741619443447777,0.0
human_synthetic:D02:A3,D02,A3,59,1766197836367,6.242,16.637140667924744,0.5531871099730659,17.62366014073484,0.9865194728100981,0.43001007804158237,0.612789498588887,39.480083581029156,-0.5453652989793999,0.0
human_synthetic:D02:A3,D02,A3,60,1766197836474,6.349,16.776471479754758,0.465354005846606,15.656770290166184,-1.1197011895885733,0.36171031108518986,-0.6383155790317057,39.414297217004005,-0.6148258320106867,0.0
human_synthetic:D02:A3,D02,A3,61,1766197836582,6.457,16.915999051765432,0.46961101523285553,15.653700507761853,-1.2622985440035794,0.35886721196160604,-0.026324991885035422,39.36332077447133,-0.472004097524611,0.0
human_synthetic:D02:A3,D02,A3,62,1766197836689,6.564,17.09148597645496,0.5688031605502598,19.13730259795267,2.0458166214977105,0.45557353242348786,0.9037973874942227,39.308625960538656,-0.5111664853521906,0.0
human_synthetic:D02:A3,D02,A3,63,1766197836797,6.672,17.231419397230663,0.47754435560224334,15.918145186741446,-1.313274210489217,0.35991106166590986,-0.8857636181257222,39.25928776505233,-0.45683514339179543,0.0
human_synthetic:D02:A3,D02,A3,64,1766197836904,6.779,17.335824302159985,0.48241502500913847,16.230785888157932,-1.1050384140020526,0.2710407708445483,-0.8305634656202014,39.214923210601924,-0.4146220042093136,0.0
human_synthetic:D02:A3,D02,A3,65,1766197837015,6.89,17.476199373421842,0.5839641397630818,18.939377505829682,1.4631781324078403,0.3512889671217627,0.7229567232181479,39.14864706078444,-0.597082430788264,0.0
human_synthetic:D02:A3,D02,A3,66,1766197837124,6.999,17.616799883813965,0.4885986000525422,16.13720146962525,-1.4795984141887146,0.3583091498270194,0.06440534591978599,39.10071692454503,-0.4397260205450948,0.0
human_synthetic:D02:A3,D02,A3,67,1766197837232,7.107,17.75763060436536,0.5912444706653986,19.708149022179956,1.950518417814596,0.3622189314593547,0.03620168178088237,39.06299973080058,-0.34923327541175947,0.0
human_synthetic:D02:A3,D02,A3,68,1766197837339,7.214,17.8629700224499,0.49514488919645555,16.659080384179813,-1.2038896382700877,0.2734668174572722,-0.829459009365257,39.03153032645591,-0.2941065826605269,0.0
human_synthetic:D02:A3,D02,A3,69,1766197837449,7.324,18.00427726099236,0.599499178724933,19.619973121906895,1.6156958609145349,0.35683646096580773,0.7579058500775958,38.99376234453409,-0.3433452901984682,0.0
human_synthetic:D02:A3,D02,A3,70,1766197837558,7.433,18.145826400754693,0.5029028437308282,16.60963520578882,-1.5361911949658733,0.36072665586730623,0.03568986148163762,38.9711802746942,-0.20717495265962457,0.0
human_synthetic:D02:A3,D02,A3,71,1766197837668,7.543,18.25190278432352,0.6083833403658545,19.910727502882512,1.6588247185589928,0.26786965547683683,-0.8441545490042673,38.95482452231365,-0.14868865800498166,0.0
human_synthetic:D02:A3,D02,A3,72,1766197837777,7.652,18.358230612506958,0.5091798227561928,16.81694827451646,-1.5412823379904985,0.2709679617314948,0.028424828024384924,38.941564818508766,-0.12164865876047144,0.0
human_synthetic:D02:A3,D02,A3,73,1766197837886,7.761,18.464810958429734,0.6153125608874045,20.322249717382167,1.8574387589524335,0.2716114829836259,0.0059038646984507295,38.92011600430036,-0.19677811200378129,0.0
human_synthetic:D02:A3,D02,A3,74,1766197837997,7.872,18.53592983496825,0.515274279018144,16.711598238426294,-1.8243315965419562,0.17797516651280892,-0.8435704186560089,38.897874129293996,-0.20037725230953346,0.0
human_synthetic:D02:A3,D02,A3,75,1766197838109,7.984,18.643017104280876,0.6199110190952303,19.925711328060974,1.2826942237800978,0.26559342587456625,0.7823058871585475,38.870565489963894,-0.2438271368759055,0.0
human_synthetic:D02:A3,D02,A3,76,1766197838218,8.093,18.714642492037576,0.5207485657578267,17.199035199341065,-1.5156072926965116,0.1825315692066747,-0.7620353822742343,38.8522834312874,-0.16772530895875848,0.0
human_synthetic:D02:A3,D02,A3,77,1766197838327,8.202,18.82223470865881,0.6259960945647827,20.675100370946954,1.852865662288142,0.27419015448836487,0.8409044521255978,38.83097931115599,-0.19545064340724713,0.0
human_synthetic:D02:A3,D02,A3,78,1766197838436,8.311,18.894361298270486,0.5245345948718166,17.3240783627389,-1.570282935531587,0.1838088420277135,-0.8291863528500125,38.81558561829033,-0.14122654005203614,0.0
human_synthetic:D02:A3,D02,A3,79,1766197838545,8.42,18.931015848697026,0.5265978627369894,17.392222989478547,-1.5387928592184785,0.09341118865071525,-0.8293362695137454,38.80639450396378,-0.08432214978477641,0.0
human_synthetic:D02:A3,D02,A3,80,1766197838654,8.529,19.039352240832596,0.6333296038121027,20.917308015812566,1.87795577497997,0.276086626237433,1.6759214457497045,38.79649314398078,-0.09083816498156186,0.0
human_synthetic:D02:A3,D02,A3,81,1766197838767,8.642,19.112210638338837,0.6371347454293506,20.298098084474887,1.18588744613605,0.17910127213923896,-0.8582774698955227,38.79,-0.05746145115731411,0.0
human_synthetic:D02:A3,D02,A3,82,1766197838875,8.75,19.221033295365537,0.5339590939097303,17.798636463657676,-1.4223968317078608,0.27989366519212794,0.9332628986378609,38.78600329073157,-0.03700656730019234,0.0
human_synthetic:D02:A3,D02,A3,83,1766197838984,8.859,19.258635931105527,0.5366437595762308,17.72401407774707,-1.5346218533584555,0.09582730820588987,-1.6886821741856703,38.7702096617249,-0.14489567896036717,0.0
human_synthetic:D02:A3,D02,A3,84,1766197839093,8.968,19.332194906983375,0.6448845682410621,21.298939868512143,1.966744961528768,0.18745916380695415,0.8406592256978375,38.7385650698299,-0.29031735683488397,0.0
human_synthetic:D02:A3,D02,A3,85,1766197839202,9.077,19.405978952653747,0.539610582076886,17.82200087593385,-1.583978076719898,0.18803273616302357,0.005262131707058884,38.710679022609,-0.2558352956046171,0.0
human_synthetic:D02:A3,D02,A3,86,1766197839314,9.189,19.51572639630318,0.6493470948921883,20.871870907248912,1.3561445109457324,0.2721910804797429,0.7514137885421367,38.67792508137414,-0.29244590388266545,0.0
human_synthetic:D02:A3,D02,A3,87,1766197839427,9.302,19.589950983106206,0.6529260810849474,20.80118488412222,1.2112339010160156,0.18245965290813376,-0.7940834298372489,38.63939855922754,-0.34094267386381716,0.0
human_synthetic:D02:A3,D02,A3,88,1766197839537,9.412,19.628632336887016,0.5447730519410213,17.828936245342515,-1.7996960915445008,0.09768018631516834,-0.7707224235724129,38.613092762455,-0.23914360702302806,0.0
human_synthetic:D02:A3,D02,A3,89,1766197839645,9.52,19.66750683208695,0.5465827134603599,18.219423782011997,-1.4480830500749526,0.09998584156362328,0.02134865970791612,38.605632288447175,-0.0690784630353181,0.0
human_synthetic:D02:A3,D02,A3,90,1766197839756,9.631,19.70656751033378,0.6572720762001142,21.316932201084786,1.6103646907510054,0.09774944506213712,-0.020147716229605043,38.61670753689866,0.0997770130763624,0.0
human_synthetic:D02:A3,D02,A3,91,1766197839865,9.74,19.745807175774097,0.5490812873003403,18.134794809919498,-1.6110123658545987,0.0999991474014162,0.020639471002560396,38.60464333641583,-0.11068073837454612,0.0
human_synthetic:D02:A3,D02,A3,92,1766197839975,9.85,19.785218402027258,0.6619017301520156,21.662238441338694,1.8770200393114358,0.09952329861909445,-0.0043258980211068184,38.57954223628436,-0.2281918193770852,0.0
human_synthetic:D02:A3,D02,A3,93,1766197840092,9.967,19.860578365276368,0.6623514573406536,20.380044841250882,0.5194664759745145,0.17891729166455592,0.6785811371406962,38.550000000000004,-0.25249774602014274,0.0
human_synthetic:D02:A3,D02,A3,94,1766197840208,10.083,19.900316658742828,0.5537912471896028,17.18662491278078,-2.7136917459620484,0.09515874872236128,-0.7220564046740916,38.54750386949159,-0.021518366451765546,0.0
human_synthetic:D02:A3,D02,A3,95,1766197840322,10.197,19.94020316458162,0.6648487618632917,20.995224058840787,1.0550208942591652,0.09718934171246287,0.017812219211417384,38.54,-0.06582341659286053,0.0
human_synthetic:D02:A3,D02,A3,96,1766197840435,10.31,19.980229592669545,0.6670269810834578,21.25041709646414,1.2701875037945953,0.09839338271367438,0.01065523009921699,38.54237407723005,0.021009533009366785,0.0
human_synthetic:D02:A3,D02,A3,97,1766197840548,10.423,20.02038746057311,0.6680376314203088,21.282614806310725,1.2622273457376139,0.09871648943845994,0.002859351546774819,38.54768257442988,0.04697785132584331,0.0
human_synthetic:D02:A3,D02,A3,98,1766197840668,10.543,20.096490723553362,0.6693578217918813,20.08073465375644,-0.01575606979692168,0.17616496060243553,0.6454039263664633,38.54542751507081,-0.018792161325601835,0.0
human_synthetic:D02:A3,D02,A3,99,1766197840779,10.654,20.172724217633522,0.5592961771423652,18.13933547488752,-2.033388742746002,0.19077450971010862,0.13161755952858642,38.56220862195715,0.1511811431200656,0.0
human_synthetic:D02:A3,D02,A3,100,1766197840897,10.772,20.213240329143748,0.6751755876332712,20.598577249828615,0.3853369206848676,0.0953769103348086,-0.808454231994068,38.5656653247644,0.029294091586913998,0.0
human_synthetic:D02:A3,D02,A3,101,1766197841012,10.887,20.218004953297346,0.6739076489101005,21.096239444142274,0.8782344908449282,0.011508753994195268,-0.7292883160053334,38.552122926986186,-0.11775998068020746,0.0
human_synthetic:D02:A3,D02,A3,102,1766197841128,11.003,20.258695223435428,0.6743454242342773,20.927961441753435,0.6692662183180076,0.09743838634598152,0.7407726926878125,38.555017202522514,0.024950651175298183,0.0
human_synthetic:D02:A3,D02,A3,103,1766197841243,11.118,20.335327365625695,0.5636032256295848,17.643231411013087,-2.6920959546126078,0.1851017927301111,0.7622904902967789,38.53390456103841,-0.1835881868183388,0.0
human_synthetic:D02:A3,D02,A3,104,1766197841359,11.234,20.37617099597296,0.6804972241392164,21.11887936983775,0.7427083738647902,0.09780562822621304,-0.7525531422749833,38.511994640629865,-0.1888786242116092,0.0
human_synthetic:D02:A3,D02,A3,105,1766197841477,11.352,20.417072475210976,0.6809443764590057,20.774574197054417,0.3575017218434411,0.0962840848352548,-0.01289443551659524,38.52,0.06784202856055098,0.0
human_synthetic:D02:A3,D02,A3,106,1766197841591,11.466,20.422130689827547,0.6814211168626183,21.518561585135313,1.0964308953077655,0.012325084348370558,-0.7364824604112653,38.51073780071371,-0.08124736216050303,0.0
human_synthetic:D02:A3,D02,A3,107,1766197841700,11.575,20.35540872578215,0.567633826981267,18.747539239748267,-1.6078694860338842,-0.1700355862522828,-1.673033675235352,38.478086668141344,-0.29955167497585894,0.0
human_synthetic:D02:A3,D02,A3,108,1766197841811,11.686,20.288661105021564,0.6785312217303764,22.006418002066262,1.7177568970446977,-0.16703608798945585,0.02702250687231481,38.467731366456015,-0.09329100617420565,0.0
human_synthetic:D02:A3,D02,A3,109,1766197841921,11.796,20.221877729199484,0.5644865463731584,18.47410515403064,-1.7477725751688453,-0.16864488843959727,-0.014625458637649252,38.45435601545933,-0.1215940999698391,0.0
human_synthetic:D02:A3,D02,A3,110,1766197842031,11.906,20.083194638097,0.6736635966938145,22.047172255433928,1.9639776173369263,-0.35020982601636774,-1.6505903416070042,38.42551060439032,-0.2622310097184378,0.0
human_synthetic:D02:A3,D02,A3,111,1766197842138,12.013,20.05222815636544,0.5582935446748846,18.783708045136304,-1.2685201112291367,-0.08039065870083714,2.521674460892809,38.41926890484454,-0.058333640614655534,0.0
human_synthetic:D02:A3,D02,A3,112,1766197842248,12.123,20.09310376756369,0.6704544761102577,21.94214649088116,1.8490427233174707,0.10322124039961719,1.669199082731403,38.45559523367188,0.33023935297571616,0.0
human_synthetic:D02:A3,D02,A3,113,1766197842358,12.233,20.06205044663572,0.5594238493932653,18.308416889234135,-1.753633557401585,-0.0784174770908308,-1.6512610680949817,38.43451413919694,-0.19164631340851718,0.0
human_synthetic:D02:A3,D02,A3,114,1766197842470,12.345,20.102854764041158,0.6696069681842898,21.523081120209312,1.420226356168154,0.10120118404126949,1.603738045822324,38.412171900802484,-0.1994842713790896,0.0
human_synthetic:D02:A3,D02,A3,115,1766197842579,12.454,20.107646477871224,0.5602980707738348,18.50525738335601,-1.602389094515214,0.012211299261120466,-0.8164209612857708,38.414582123908325,0.022112138585694625,0.0
human_synthetic:D02:A3,D02,A3,116,1766197842688,12.563,20.112369390916317,0.6711025270441097,22.164854104209127,2.0524847132928095,0.012035965966089936,-0.0016085623397296262,38.38568690624574,-0.26509374002366837,0.0
human_synthetic:D02:A3,D02,A3,117,1766197842802,12.677,20.153001386034855,0.5599711276242936,17.683298767082952,-2.469702618951903,0.09900583605881863,0.7628935973046376,38.36820723831114,-0.1533304204788995,0.0
human_synthetic:D02:A3,D02,A3,118,1766197842914,12.789,20.1215704191475,0.6723125461376828,21.61004612585409,1.4884757067065912,-0.07795378692300657,-1.5799966337662965,38.35463563898779,-0.12117499395866307,0.0
human_synthetic:D02:A3,D02,A3,119,1766197843027,12.902,20.16203318454196,0.6733316802528522,21.451274769117415,1.2892415845754535,0.09946599162847074,1.5700865358537814,38.314987790022265,-0.3508659200489329,0.0
human_synthetic:D02:A3,D02,A3,120,1766197843137,13.012,20.166393363189087,0.5615055987808731,18.37654686919221,-1.7898464939968761,0.01101055213920626,-0.8041403589933134,38.2510469568135,-0.5812803018978291,0.0
human_synthetic:D02:A3,D02,A3,121,1766197843248,13.123,20.206656358652424,0.6733154086547273,21.837256496910076,1.6306001382576518,0.10075824690524658,0.8085377906850479,38.201415199683574,-0.44713294711648705,0.0
human_synthetic:D02:A3,D02,A3,122,1766197843363,13.238,20.210782411827758,0.5632044576736495,17.63074824021859,-2.5800341716091673,0.009966312017717843,-0.7894950859785107,38.16820609440403,-0.28877482851785513,0.0
human_synthetic:D02:A3,D02,A3,123,1766197843477,13.352,20.250807396729066,0.6759268622074858,21.34505880655218,1.0942514098231158,0.09752676632871862,0.7680741606228138,38.15819853393353,-0.08778561816239074,0.0
human_synthetic:D02:A3,D02,A3,124,1766197843593,13.468,20.29070270038013,0.6763446122091061,20.9900052064895,0.699302506109369,0.09553473096519506,-0.017172718651065184,38.15361722265107,-0.039494062779867584,0.0
human_synthetic:D02:A3,D02,A3,125,1766197843709,13.584,20.258364967594975,0.677638868094285,21.030171768443324,0.7718068008483492,-0.07743709958130883,-1.4911364702284817,38.17,0.14123083921485455,0.0
human_synthetic:D02:A3,D02,A3,126,1766197843821,13.696,20.189800170775964,0.5624585989575316,18.079026395063515,-2.110773775712449,-0.17005157941222893,-0.826914998490358,38.17,0.0,0.0
human_synthetic:D02:A3,D02,A3,127,1766197843933,13.808,19.43591692314732,0.6647102758460073,21.36568743790738,1.9297705147600581,-1.8697501181265992,-15.175879809949734,38.168001399317596,-0.01784464895011289,0.0
human_synthetic:D02:A3,D02,A3,128,1766197844047,13.922,18.140644477543415,0.6267744131811044,19.792876205719086,1.6522317281756713,-3.1561219434793015,-11.283963380286862,38.15741871650087,-0.09283055102396805,0.0
human_synthetic:D02:A3,D02,A3,129,1766197844161,14.036,17.025159768410035,0.48955493925757515,15.45962966076553,-1.5655301076445038,-2.7180426635803587,3.8428007008679193,38.14299921868072,-0.12648682298370723,0.0
human_synthetic:D02:A3,D02,A3,130,1766197844272,14.147,15.620589172977612,0.5455396470825468,17.69317774321773,2.0725885702401197,-3.5149414300110737,-7.179268166042477,38.122584088024915,-0.18392009599825246,0.0
human_synthetic:D02:A3,D02,A3,131,1766197844387,14.262,14.143326976857951,0.4969935137681528,15.558057822307392,1.4147308454494407,-3.5682661742020763,-0.46369342774784805,38.13,0.06448619108784007,0.0
human_synthetic:D02:A3,D02,A3,132,1766197844502,14.377,12.882058243291516,0.37638076716547214,11.782354450397388,-1.0997037928941271,-3.0465428347015346,4.5367246913090575,38.133220799340194,0.02800695078433265,0.0
human_synthetic:D02:A3,D02,A3,133,1766197844617,14.492,11.367749564213943,0.40483423229673937,12.673071619724015,1.3053220555100715,-3.657750432554522,-5.314848676982499,38.14365743879152,0.09075338653316145,0.0
human_synthetic:D02:A3,D02,A3,134,1766197844728,14.603,10.105646491526864,0.3591949525630417,11.649566029071622,1.5439195375447579,-3.1584160978155125,4.498507520171257,38.14506051361838,0.012640313755568271,0.0
human_synthetic:D02:A3,D02,A3,135,1766197844839,14.714,9.1319558164371,0.2678053070041361,8.685577524458468,-0.44637829197863255,-2.4366633510754854,6.502276997657901,38.149375925366094,0.03887758331271667,0.0
human_synthetic:D02:A3,D02,A3,136,1766197844951,14.826,8.266295325172653,0.283677926460536,9.118219064802943,0.8519237396302906,-2.146975424763014,2.5864993420756375,38.164987663874896,0.13939052239995775,0.0
human_synthetic:D02:A3,D02,A3,137,1766197845068,14.943,8.014111400488177,0.2681681006832126,8.25132617486808,0.23721477437990224,-0.5987272665823258,13.232890240860582,38.17607835433134,0.09479222612355412,0.0
human_synthetic:D02:A3,D02,A3,138,1766197845182,15.057,7.942308120661575,0.22126913748896312,6.987446447019888,-0.9548616736416866,-0.17495925883675112,3.717263225838374,38.200445644292216,0.21374815755156337,0.0
human_synthetic:D02:A3,D02,A3,139,1766197845297,15.172,7.87039911061419,0.264347366205002,8.275221898591367,0.4048227879771771,-0.17369326098402413,0.011008676980234704,38.2303486024971,0.26002572352087117,0.0
human_synthetic:D02:A3,D02,A3,140,1766197845409,15.284,7.870592245873504,0.2625945944400912,8.44054053557436,0.5699482897008563,0.0004790060994916015,1.5551095275313904,38.25867246496404,0.2528916291691782,0.0
human_synthetic:D02:A3,D02,A3,141,1766197845521,15.396,7.798474609297917,0.21951644055216993,7.055885589176891,-0.7425890201210255,-0.1788631859513588,-1.601269571882593,38.28062009343885,0.19596096852504882,0.0
human_synthetic:D02:A3,D02,A3,142,1766197845637,15.512,7.726252649006145,0.25850100296991096,8.022444919755857,0.296192270749712,-0.1729453072120939,0.05101619602814581,38.300738838078345,0.17343745378870434,0.0
human_synthetic:D02:A3,D02,A3,143,1766197845752,15.627,7.690030926021553,0.2570329107109296,8.046247639646491,0.35621671362493856,-0.08749208450384656,0.7430715018108464,38.32291733738841,0.1928565157396386,0.0
human_synthetic:D02:A3,D02,A3,144,1766197845863,15.738,7.689807598982957,0.21482708463459,6.967364907067783,-0.7224426919151732,-0.0005588764729641287,0.7831820543322742,38.34080750428527,0.16117267474637711,0.0
human_synthetic:D02:A3,D02,A3,145,1766197845974,15.849,7.7255779802904065,0.2578940027060678,8.364129817494092,0.6385518372036856,0.08951546873736171,0.811480587480413,38.35,0.08281527670926546,0.0
human_synthetic:D02:A3,D02,A3,146,1766197846085,15.96,7.725136924505169,0.21596957207557785,7.004418553802525,-0.7207183707026443,-0.0011037432062976015,-0.8163892967897236,38.35543622339226,0.04897498551578202,0.0
human_synthetic:D02:A3,D02,A3,147,1766197846201,16.076,7.760681697028789,0.2587679973472744,8.030730952156791,0.2700492551280016,0.08511679244161617,0.7432804797233946,38.37633506367206,0.18016241620528192,0.0
human_synthetic:D02:A3,D02,A3,148,1766197846315,16.19,7.760015617990596,0.2596161535681973,8.198404849522019,0.4383892315314233,-0.001622999605735761,-0.7608753688364205,38.3845529294091,0.07208654155296276,0.0
human_synthetic:D02:A3,D02,A3,149,1766197846431,16.306,7.795325849772421,0.26075105544374405,8.092274134461022,0.29694828468860024,0.08455515273425776,0.7429151063792545,38.38,-0.03924939145776832,0.0
human_synthetic:D02:A3,D02,A3,150,1766197846544,16.419,7.830513651780604,0.21707517939086135,6.915669431921247,-0.9148442198593578,0.08649902165236914,0.0172023798062954,38.385449767756434,0.04822803324275536,0.0
human_synthetic:D02:A3,D02,A3,151,1766197846653,16.528,7.829495957020968,0.26274267295893344,8.67773965735927,0.8482437003383021,-0.0025935136586057316,-0.8173627092749988,38.40323103320129,0.16313087564085352,0.0
human_synthetic:D02:A3,D02,A3,152,1766197846764,16.639,7.7562107200177275,0.21733156437300205,7.048591276962229,-0.7076194430554983,-0.1833964889970999,-1.6288556336801274,38.42120634206948,0.16193971953322311,0.0
human_synthetic:D02:A3,D02,A3,153,1766197846876,16.751,7.574622328044486,0.25739826182229053,8.273515558573624,0.698893230529138,-0.4503680356479158,-2.3836745236679993,38.43,0.0785148029509892,0.0
human_synthetic:D02:A3,D02,A3,154,1766197846986,16.861,7.356917011394998,0.24680936424861982,8.077397375409376,0.720480364014378,-0.5497609006300223,-0.9035714998373316,38.43,0.0,0.0
human_synthetic:D02:A3,D02,A3,155,1766197847099,16.974,7.1391796303796315,0.20139570236779802,6.416146270124539,-0.7230333602550925,-0.5352442994478034,0.1284654971877776,38.43620476089321,0.05490938843550327,0.0
human_synthetic:D02:A3,D02,A3,156,1766197847214,17.089,6.885370736030455,0.2344305861670022,7.338696610445285,0.45332587441482985,-0.6130649621960782,-0.6767014152023897,38.4323118696372,-0.03385122831317581,0.0
human_synthetic:D02:A3,D02,A3,157,1766197847323,17.198,6.703647258799161,0.18960654231520926,6.26223442508948,-0.44141283370968054,-0.4631077401409132,1.3757543307813302,38.43,-0.021209813185290374,0.0
human_synthetic:D02:A3,D02,A3,158,1766197847437,17.312,6.449839255150667,0.2202867100181315,6.956422421625205,0.5065831664745382,-0.6184405546990603,-1.3625685487556765,38.43,0.0,0.0
human_synthetic:D02:A3,D02,A3,159,1766197847551,17.426,6.268103612114916,0.21117502027981042,6.668684850941381,0.4005812388264651,-0.4428256409253191,1.5404816997696598,38.42299233906779,-0.06147070993160485,0.0
human_synthetic:D02:A3,D02,A3,160,1766197847667,17.542,6.194408519028862,0.20876483894359718,6.478908794801291,0.2845002757724293,-0.17647292405664186,2.2961441109368725,38.3855867815244,-0.32246170296029525,0.0
human_synthetic:D02:A3,D02,A3,161,1766197847777,17.652,6.048651950079794,0.1701230657385273,5.5676639696245305,-0.4809879804552635,-0.3680721438107785,-1.7418110886739695,38.39440831981087,0.08019580260426293,0.0
human_synthetic:D02:A3,D02,A3,162,1766197847887,17.762,6.010867654055173,0.20316550050666993,6.649052743854652,0.638185089799479,-0.095414888951064,2.478702316906496,38.4,0.050833456264792236,0.0
human_synthetic:D02:A3,D02,A3,163,1766197847999,17.874,5.937033745246879,0.16898409356309882,5.4316315788138905,-0.5054021664329884,-0.18311981351263368,-0.7830796835854436,38.4,0.0,0.0
human_synthetic:D02:A3,D02,A3,164,1766197848114,17.989,5.899128229004393,0.19918517724028345,6.235362070130612,0.33623384112621846,-0.09155921797701662,0.7961790916140613,38.41770611229482,0.15396619386810134,0.0
human_synthetic:D02:A3,D02,A3,165,1766197848224,18.099,5.825202156786818,0.1649493301742801,5.398341714794621,-0.4268604419921971,-0.18668200054943387,-0.8647525688401568,38.42,0.020853524592532514,0.0
human_synthetic:D02:A3,D02,A3,166,1766197848337,18.212,5.715296251258585,0.19290805816893872,6.145743446090083,0.4304471948314976,-0.27017184249811355,-0.7388481588378731,38.427672944435656,0.0679021631473847,0.0
human_synthetic:D02:A3,D02,A3,167,1766197848447,18.322,5.6053863752157795,0.18963387248303715,6.206199463081216,0.6008130878654363,-0.27755019202728715,-0.06707590481066909,38.43,0.021155050584876666,0.0
human_synthetic:D02:A3,D02,A3,168,1766197848557,18.432,5.459559962278023,0.1542751700156894,5.0490055641498355,-0.4105543981281876,-0.3682485175195881,-0.8245302317481904,38.43,0.0,0.0
human_synthetic:D02:A3,D02,A3,169,1766197848667,18.542,5.241961700760952,0.17900319116450683,5.858286256292951,0.6163245555319987,-0.5494905593865421,-1.6476549260632185,38.44,0.09090909090900823,0.0
human_synthetic:D02:A3,D02,A3,170,1766197848777,18.652,5.132132732780056,0.14308159299181514,4.682670316095768,-0.44946241668428755,-0.2773458787396372,2.4740425513354993,38.44,0.0,0.0
human_synthetic:D02:A3,D02,A3,171,1766197848891,18.766,5.165819132508678,0.17243811710311313,5.445414224308836,0.2795950918001582,0.08208187068377744,3.1528749949422332,38.44,0.0,0.0
human_synthetic:D02:A3,D02,A3,172,1766197849000,18.875,5.199405265013096,0.1444159353109994,4.769700615776126,-0.42970464923697005,0.0855915711121785,0.03219908649909225,38.448176828253764,0.07501677297033618,0.0
human_synthetic:D02:A3,D02,A3,173,1766197849117,18.992,5.232890999328713,0.17433096891423486,5.364029812745687,0.13113881341697375,0.07950079372178598,-0.05205792641361124,38.45000000000001,0.01558266449788618,0.0
human_synthetic:D02:A3,D02,A3,174,1766197849227,19.102,5.337926339135072,0.17657138197880587,5.778699773851828,0.440773434716756,0.2652407570867659,1.6885451214998177,38.45937175559693,0.08519777815391452,0.0
human_synthetic:D02:A3,D02,A3,175,1766197849340,19.215,5.406984875088162,0.15031595232684236,4.788826799793208,-0.6181580752949545,0.1697604128640361,-0.8449587984312374,38.46,0.005559684982834578,0.0
human_synthetic:D02:A3,D02,A3,176,1766197849451,19.326,5.583277966910401,0.18395249434215047,5.966026843529204,0.38274887661880275,0.4411739034590562,2.445166581937118,38.45120702432489,-0.07921599707303259,0.0
human_synthetic:D02:A3,D02,A3,177,1766197849562,19.437,5.759325758980098,0.15801532443332603,5.124821332972736,-0.6345044260073616,0.44056004021445566,-0.005530299500905895,38.45000000000001,-0.01087409301697556,0.0
human_synthetic:D02:A3,D02,A3,178,1766197849677,19.552,5.970877488333794,0.19625045239445044,6.1434924227827965,0.1726149344490029,0.510994515347092,0.6124736968055329,38.45000000000001,0.0,0.0
human_synthetic:D02:A3,D02,A3,179,1766197849787,19.662,6.182137479364454,0.20224440553850942,6.618907817623945,0.43677033825949074,0.5334848258349996,0.2044573680718874,38.44229080431151,-0.07008359716823262,0.0
human_synthetic:D02:A3,D02,A3,180,1766197849903,19.778,6.393100680420848,0.17516760262327385,5.436235943480912,-0.9568647369399361,0.5051800791580323,-0.24400643687040732,38.44626413953503,0.03425288985793345,0.0
human_synthetic:D02:A3,D02,A3,181,1766197850019,19.894,6.603762433402472,0.2133301079927183,6.6205895583947045,0.01682712499223271,0.5044582207414373,-0.006222917384439658,38.45000000000001,0.03220569366366644,0.0
human_synthetic:D02:A3,D02,A3,182,1766197850133,20.008,6.8497944992823685,0.18482060554388433,5.836440175070031,-1.0133543242123375,0.5994933379139772,0.8336413787064901,38.45000000000001,0.0,0.0
human_synthetic:D02:A3,D02,A3,183,1766197850243,20.118,7.095476324890809,0.2316191376690896,7.580262687352023,0.48478636246121365,0.6204086505263656,0.1901392055671676,38.45000000000001,0.0,0.0
human_synthetic:D02:A3,D02,A3,184,1766197850353,20.228,7.340803490566926,0.24103419519273617,7.888391842671365,0.5475883521044391,0.6195130446366568,-0.00814187172462571,38.44394080474221,-0.0550835932526442,0.0
human_synthetic:D02:A3,D02,A3,185,1766197850463,20.338,7.5501581236983055,0.20705932903057486,6.776487131909723,-0.7736709917885829,0.5286733159883332,-0.8258157149847597,38.444790687645614,0.007726208212685296,0.0
human_synthetic:D02:A3,D02,A3,186,1766197850577,20.452,7.83037867839113,0.25722503476316877,8.122895834626382,0.29251715623525154,0.6827986225458696,1.351976373311723,38.44551113658794,0.00631972756431216,0.0
human_synthetic:D02:A3,D02,A3,187,1766197850690,20.565,8.110191428342521,0.2680428902182882,8.539419511379092,0.42922808303657156,0.6878386183662526,0.0446017329237429,38.44508479969119,-0.003772892891479749,0.0
human_synthetic:D02:A3,D02,A3,188,1766197850803,20.678,8.318494937119704,0.23036601371364804,7.339094242204716,-0.9794006949149878,0.5120538563844191,-1.5556173626710925,38.4540282992849,0.0791460141037766,0.0
human_synthetic:D02:A3,D02,A3,189,1766197850914,20.789,8.597527424949305,0.28362225740204416,9.198559699525758,0.6010322745764523,0.6982794990730765,1.677708492690607,38.46453703599311,0.09467330367750913,0.0
human_synthetic:D02:A3,D02,A3,190,1766197851020,20.895,8.805135717594299,0.24364525165354575,8.274744395780798,-0.5303913218135001,0.5440468884826892,-1.455024628211201,38.47357734644313,0.08528594764168204,0.0
human_synthetic:D02:A3,D02,A3,191,1766197851134,21.009,9.083382020142166,0.29965905346037863,9.462917477696168,0.3795354575540024,0.677988066637101,1.1749226153895767,38.480000000000004,0.05633906628843944,0.0
human_synthetic:D02:A3,D02,A3,192,1766197851245,21.12,9.325752512185979,0.2565662667099385,8.321068109511518,-1.0046844026744601,0.6065327628724053,-0.6437414753576186,38.495693569911715,0.14138351271818417,0.0
human_synthetic:D02:A3,D02,A3,193,1766197851357,21.232,9.532316154852207,0.3156641649834073,10.146348160180949,0.6140320053287418,0.5123106216920351,-0.8412691176818767,38.527076011105095,0.2802003677980939,0.0
human_synthetic:D02:A3,D02,A3,194,1766197851470,21.345,9.773969465195389,0.322071054149236,10.260670751657075,0.4867012864616864,0.5940346861926783,0.7232218097402051,38.52,-0.06261956730163265,0.0
human_synthetic:D02:A3,D02,A3,195,1766197851580,21.455,9.909086196691327,0.2744472819255604,8.981911044836522,-0.9271751518548044,0.3412038674139861,-2.2984619888972015,38.52251442671095,0.02285842464495793,0.0
human_synthetic:D02:A3,D02,A3,196,1766197851697,21.572,10.114710480116228,0.335449936625909,10.32153651156643,0.20682603145020195,0.4881868077514257,1.2562644473285434,38.53229844912106,0.08362412316338651,0.0
human_synthetic:D02:A3,D02,A3,197,1766197851808,21.683,10.284677099826474,0.34152474087833695,11.076478082540659,0.7918009827141841,0.4253418911667825,-0.5661704196814702,38.55253346884836,0.18229747502067487,0.0
human_synthetic:D02:A3,D02,A3,198,1766197851918,21.793,10.454379669987212,0.28848300695136814,9.441262045681139,-1.0131176243060729,0.42854184384024663,0.02909047884967385,38.61978571812248,0.6113840843103059,0.0
human_synthetic:D02:A3,D02,A3,199,1766197852028,21.903,10.659117759673185,0.359446356518262,11.763698940597667,1.104581180924482,0.5170153779948813,0.8043048559512241,38.80938924552582,1.7236684309394108,0.0
human_synthetic:D02:A3,D02,A3,200,1766197852137,22.012,10.863553582956307,0.30285670159157096,10.002606658070233,-0.8609469248860737,0.5209883366032662,0.03644916154481531,39.12762618868411,2.919604983103642,0.0
human_synthetic:D02:A3,D02,A3,201,1766197852249,22.124,11.03244499543405,0.36792861266210447,11.826276835567644,0.7938318401335938,0.4188775111055151,-0.9117037990870632,39.66688409153473,4.814802704023537,0.0
human_synthetic:D02:A3,D02,A3,202,1766197852360,22.235,11.165869413390233,0.3089731073091747,10.020749426243505,-1.1451199871467281,0.3338949398302874,-0.7656087502272764,40.260588569349544,5.348688989322618,0.0
human_synthetic:D02:A3,D02,A3,203,1766197852472,22.347,11.29910446258493,0.37491597845626834,12.050870736094339,0.7517662735094088,0.33044407042335483,-0.030811333990469342,41.20969968084639,8.474206352650425,0.0
human_synthetic:D02:A3,D02,A3,204,1766197852583,22.458,11.432156861921795,0.3156038410308121,10.23580024964796,-1.196356612273835,0.3329639623044703,0.022701728658697788,42.1986828747897,8.909758503993803,0.0
human_synthetic:D02:A3,D02,A3,205,1766197852697,22.572,11.494729541849342,0.3840655207064042,12.128384864412764,0.6336553225634223,0.1524675436831026,-1.5833019177312952,43.5734807818112,12.059630763346512,0.0
human_synthetic:D02:A3,D02,A3,206,1766197852812,22.687,11.592357354860907,0.385706606284,12.074293761933912,0.48193640707300567,0.2358159734578883,0.7247689545633538,45.125693955368526,13.497505857020295,0.0
human_synthetic:D02:A3,D02,A3,207,1766197852927,22.802,11.724976681583165,0.389850832687749,12.204026066746925,0.4790493851637603,0.32033653797646944,0.7349614305963578,46.705937069135906,13.74124446754244,0.0
human_synthetic:D02:A3,D02,A3,208,1766197853037,22.912,11.85744354691675,0.32724459126762084,10.709822986940319,-1.1476205599764313,0.33451228619592044,0.12887043835864545,48.07025652668915,12.402904159575003,0.0
human_synthetic:D02:A3,D02,A3,209,1766197853150,23.025,11.98976640365333,0.39936299522700003,12.723068874488497,0.7333024708351665,0.3252774256061466,-0.08172442999799868,49.8967070765941,16.163279202698778,0.0
human_synthetic:D02:A3,D02,A3,210,1766197853264,23.139,12.086919499485878,0.33642135100724174,10.623832137070792,-1.4630873624150862,0.2367278163561113,-0.7767509583336429,51.59865510037354,14.929368629644182,0.0
human_synthetic:D02:A3,D02,A3,211,1766197853377,23.252,12.148981197721298,0.40397952048261554,12.870144015375361,0.7211628176540632,0.15256071345973446,-0.7448416185520073,53.87590707626528,20.152672353024283,0.0
human_synthetic:D02:A3,D02,A3,212,1766197853487,23.362,12.211017629889898,0.40670533306531775,13.310356354864945,1.0993387249750466,0.15665765699141526,0.0372449411970982,56.37216178248838,22.693224602028295,0.0
human_synthetic:D02:A3,D02,A3,213,1766197853602,23.477,12.308003206436686,0.34037763996645076,10.65530003373237,-1.6527031727043155,0.23426467764924297,0.6748436578941539,58.65984661090012,19.892911551406325,0.0
human_synthetic:D02:A3,D02,A3,214,1766197853718,23.593,12.369992296278713,0.4110465823667004,12.756618073449323,0.3866257771706092,0.14844130709297854,-0.7398566427264175,61.55569313907883,24.964194208437142,0.0
human_synthetic:D02:A3,D02,A3,215,1766197853831,23.706,12.43198229484117,0.41372279170643744,13.180549116311282,0.7485668214701118,0.15238446057634303,0.03489516356959727,64.60496719243308,26.984726135878343,0.0
human_synthetic:D02:A3,D02,A3,216,1766197853947,23.822,12.563780926720655,0.41625300620117933,12.91819674417453,0.35441581745387474,0.31560975066926644,1.407114569766581,67.76722723932181,27.260862473178605,0.0
human_synthetic:D02:A3,D02,A3,217,1766197854063,23.938,12.625756473197246,0.35043504732333547,10.875570434172479,-1.7501860390247668,0.14840887566233407,-1.4413868535080376,70.47719660751142,23.361804898186243,0.0
human_synthetic:D02:A3,D02,A3,218,1766197854177,24.052,12.757473732921946,0.42727723706790866,13.492965381091853,0.7354916481699068,0.3209484886079438,1.5135053767158746,73.79874299386535,29.136371810122192,0.0
human_synthetic:D02:A3,D02,A3,219,1766197854291,24.166,12.854309717088396,0.4282861686433075,13.52482637820971,0.6705166611213134,0.23595512711123495,-0.745555802602709,77.17623145289721,29.627091745893562,0.0
human_synthetic:D02:A3,D02,A3,220,1766197854408,24.283,12.916337815316574,0.4290590228789267,13.20181608858236,0.28547827326578634,0.1472651904752523,-0.7580336464613902,80.59390971183306,29.210925290049886,0.0
human_synthetic:D02:A3,D02,A3,221,1766197854523,24.398,12.943629410180202,0.35883192965554384,11.23299953704311,-1.7106298731370924,0.06592172672374128,-0.7073344674044436,83.39645864902744,24.369990758212065,0.0
human_synthetic:D02:A3,D02,A3,222,1766197854634,24.509,13.005803419503431,0.43226331213946656,14.0193506639827,1.013547244479268,0.15559061392199455,0.8078278125968764,86.71246293376223,29.873912475088183,0.0
human_synthetic:D02:A3,D02,A3,223,1766197854746,24.621,13.033299194158966,0.4332873973832918,13.927094915891523,0.8937957217325572,0.06819388555440176,-0.7803279318535071,89.96219725494943,29.015485010599917,0.0
human_synthetic:D02:A3,D02,A3,224,1766197854855,24.73,13.060919959066899,0.36243220989945896,11.970238125119746,-1.0906818339471531,0.07038930914355883,0.02014150081795479,92.5792698106074,24.00983996016473,0.0
human_synthetic:D02:A3,D02,A3,225,1766197854963,24.838,13.123392187147338,0.363168038319613,12.105601277320432,-1.017790909826907,0.1606795989723275,0.8360212021182285,95.12151188238106,23.53927844234881,0.0
human_synthetic:D02:A3,D02,A3,226,1766197855071,24.946,13.18597029396531,0.43790121228602324,14.596707076200776,1.4107367822354657,0.16095192082811308,0.0025214986646812346,98.0936667710262,27.51995267264028,0.0
human_synthetic:D02:A3,D02,A3,227,1766197855179,25.054,13.179299465971546,0.3664477179092293,12.214923930307645,-0.9643755356639012,-0.01715747940782635,-1.6491611132957356,100.48406176086023,22.133286942907606,0.0
human_synthetic:D02:A3,D02,A3,228,1766197855289,25.164,13.207487888979687,0.44099505096303304,14.432565304244717,1.2250774152650301,0.07118288638419124,0.8030942344728871,103.23219151268734,24.982997743882667,0.0
human_synthetic:D02:A3,D02,A3,229,1766197855397,25.272,13.270492817419962,0.367593954915891,12.2531318305297,-1.017360986890262,0.1620497130665518,0.8413595063181534,105.4260249775086,20.313272822419144,0.0
human_synthetic:D02:A3,D02,A3,230,1766197855509,25.384,13.33364181562969,0.44387450083836816,14.267394669804691,0.9337528541750011,0.15661953921063715,-0.048483695142095135,107.90844750026861,22.164486810357175,0.0
human_synthetic:D02:A3,D02,A3,231,1766197855616,25.491,13.327709960721181,0.3693541670924519,12.42686917320399,-0.9008407875171915,-0.015399415650336631,-1.6076537837474187,109.85126167274895,18.157141798881547,0.0
human_synthetic:D02:A3,D02,A3,232,1766197855724,25.599,13.322001346779109,0.3714756264993329,12.382520883311098,-0.9394804634680103,-0.01468264902796349,0.0066367279849364955,111.66429751258974,16.787368887414623,0.0
human_synthetic:D02:A3,D02,A3,233,1766197855833,25.708,13.35111067540674,0.44464682948316286,14.685583359076938,1.3344726836701977,0.0741827946677685,0.8152792999608439,113.72102296237055,18.869040823677057,0.0
human_synthetic:D02:A3,D02,A3,234,1766197855942,25.817,13.38042851558457,0.3713568022790952,12.264995304630668,-1.1154332109539027,0.07471416966827096,0.004875000004609723,115.42882784220932,15.667934677419828,0.0
human_synthetic:D02:A3,D02,A3,235,1766197856051,25.926,13.375401006594304,0.44527794857624714,14.706427659398988,1.3310266528046846,-0.01281220435847934,-0.8029942571261496,117.43794388024365,18.4322572296728,0.0
human_synthetic:D02:A3,D02,A3,236,1766197856158,26.033,13.370622396427903,0.3671639847279386,12.35318079458485,-1.0174416018430534,-0.012405530027000861,0.00380069468671476,119.06890910399949,15.242665642577782,0.0
human_synthetic:D02:A3,D02,A3,237,1766197856268,26.143,13.366098389825968,0.44240981749534447,14.478866754393094,1.1127683645671258,-0.011424259095793587,0.008920644829157035,121.08529031473267,18.330738279392605,0.0
human_synthetic:D02:A3,D02,A3,238,1766197856383,26.258,13.39636121657935,0.37279083520777223,11.669973971721566,-1.7263872448577846,0.07309861534633276,0.7349815168880551,122.83154827962495,15.184851868628396,0.0
human_synthetic:D02:A3,D02,A3,239,1766197856495,26.37,13.426868850088034,0.447551918016565,14.38559736481816,0.9587285147301259,0.07566377358304645,0.0229031985420865,124.90059725588671,18.473651573765537,0.0
human_synthetic:D02:A3,D02,A3,240,1766197856609,26.484,13.423121799880137,0.44774712941612677,14.139383034193475,0.7162612343133379,-0.009130239297993194,-0.7438071305354355,126.74245157323695,16.15661681886163,0.0
human_synthetic:D02:A3,D02,A3,241,1766197856717,26.592,13.454149572021452,0.3736365775463181,12.454552584877272,-0.9995969871441801,0.07980394069267777,0.8234646295432497,128.0741620641651,12.330652693779388,0.0
human_synthetic:D02:A3,D02,A3,242,1766197856826,26.701,13.519932360302391,0.45026322787978285,14.871079085937783,1.3511467256353917,0.16764217196977527,0.8058553328174083,129.52572654694356,13.317105346591296,0.0
human_synthetic:D02:A3,D02,A3,243,1766197856937,26.812,13.551490243199284,0.37582502509609544,12.188919732846339,-1.3625705103529455,0.0789736809231564,-0.798815234654224,130.6012827758913,9.689695756285879,0.0
human_synthetic:D02:A3,D02,A3,244,1766197857047,26.922,13.583327671567197,0.4527740106751757,14.81805853118757,1.234730859620372,0.08039754638361787,0.012944231458740645,131.8255512042579,11.129712985150904,0.0
human_synthetic:D02:A3,D02,A3,245,1766197857157,27.032,13.546512111352682,0.3744922211810036,12.256109056832845,-1.290403054519837,-0.09296858640029028,-1.5760557525809833,132.75252160160454,8.427003612242277,0.0
human_synthetic:D02:A3,D02,A3,246,1766197857268,27.143,13.613402510518192,0.4512240195800871,14.634292526921744,1.020890016403552,0.1673933913050791,2.3456034027510757,133.83487270204202,9.750910814752054,0.0
human_synthetic:D02:A3,D02,A3,247,1766197857378,27.253,13.64612101205493,0.3784641702205904,12.386100116310233,-1.260020895744697,0.08262247862812994,-0.7706446606995379,134.66645277101813,7.559818808873718,0.0
human_synthetic:D02:A3,D02,A3,248,1766197857487,27.362,13.679143003161581,0.4563497185648434,15.07210079663703,1.3929577934754498,0.08415390190277688,0.014049754813274752,135.56534302368252,8.24669956572832,0.0
human_synthetic:D02:A3,D02,A3,249,1766197857597,27.472,13.746927628077362,0.3821391673979225,12.506372751204736,-1.2405548768726256,0.17117329524187158,0.79108539399177,136.26078481835668,6.322198133401519,0.0
human_synthetic:D02:A3,D02,A3,250,1766197857708,27.583,13.81502287180892,0.4600169221576848,14.919467745654643,1.1044448738457238,0.17040851784673924,-0.006889886442633673,137.0514974946831,7.123537624562357,0.0
human_synthetic:D02:A3,D02,A3,251,1766197857817,27.692,13.848986223751771,0.3843296615334668,12.693456711197069,-1.1555295125547023,0.08655288466577864,-0.7693177356051432,137.65452474674296,5.532360110640918,0.0
human_synthetic:D02:A3,D02,A3,252,1766197857930,27.805,13.883276205604941,0.46286614340201565,14.746178019887225,0.8629018142822833,0.08429199078950438,-0.020007910409506738,138.33393797823373,6.012506473369645,0.0
human_synthetic:D02:A3,D02,A3,253,1766197858040,27.915,13.917897661092939,0.38676576691198716,12.657788735301398,-1.26010892579154,0.0874279178989826,0.028508428267983898,138.8752284792633,4.920822736632534,0.0
human_synthetic:D02:A3,D02,A3,254,1766197858150,28.025,13.952855202864349,0.46395217885993995,15.183889489961672,1.231034287097323,0.0882766206348781,0.007715479417231729,139.5013675953645,5.692173782738181,0.0
human_synthetic:D02:A3,D02,A3,255,1766197858260,28.135,13.98815320686973,0.3870675998358357,12.66766690371826,-1.3204863031514709,0.08913637375096428,0.007815937418965337,139.98027427104856,4.353697051673128,0.0
human_synthetic:D02:A3,D02,A3,256,1766197858372,28.247,14.023795806926866,0.46794255378044824,15.041010657228695,1.0172148503018281,0.0883993056972581,-0.006580964765233802,140.53534843956584,4.956019361761424,0.0
human_synthetic:D02:A3,D02,A3,257,1766197858480,28.355,14.059786889479472,0.39135866448709766,13.045288816236589,-1.0144980732428834,0.09256965677110578,0.038614361794885935,140.9246469147078,3.6046155105737996,0.0
human_synthetic:D02:A3,D02,A3,258,1766197858593,28.468,14.130594954297367,0.4711848362908906,15.01119832431156,0.8806033700141924,0.17406112295451154,0.7211634175522633,141.3325374553472,3.609650802118458,0.0
human_synthetic:D02:A3,D02,A3,259,1766197858705,28.58,14.167299095028318,0.3932411408840097,12.639893814128884,-1.5274052808994334,0.09103209506684211,-0.7413306061399056,141.64128297751142,2.756656447894912,0.0
human_synthetic:D02:A3,D02,A3,260,1766197858817,28.692,14.238839298435884,0.4745214092987086,15.252473870315633,1.0136345718797486,0.17743106003860673,0.7714193301050413,141.96717721967033,2.9097700192759794,0.0
human_synthetic:D02:A3,D02,A3,261,1766197858928,28.803,14.276272338075023,0.4760120838053739,15.438229745039152,1.1619574069641292,0.09367627537321972,-0.7545476095980811,142.26392679532094,2.67341960045593,0.0
human_synthetic:D02:A3,D02,A3,262,1766197859037,28.912,14.314071106353516,0.39830298951143234,13.154961121478498,-1.159109984875018,0.09632713628566321,0.02431982488480263,142.47188115213015,1.9078381358643173,0.0
human_synthetic:D02:A3,D02,A3,263,1766197859147,29.022,14.352237905808286,0.4736621646441783,15.501670842900381,1.1494329370920955,0.09638080670396318,0.0004879128936360888,142.70045773476434,2.077968933038092,0.0
human_synthetic:D02:A3,D02,A3,264,1766197859257,29.132,14.390774759470405,0.3956141979710393,12.947373751779468,-1.4434010076909374,0.09731528702555164,0.008495275650804233,142.84318572678163,1.2975272001571367,0.0
human_synthetic:D02:A3,D02,A3,265,1766197859367,29.242,14.429683407366793,0.4815542427344512,15.759957034945675,1.3302736275788813,0.0982541613545203,0.008535221172442275,142.990396590158,1.3382805761489698,0.0
human_synthetic:D02:A3,D02,A3,266,1766197859475,29.35,14.46896530326279,0.40208585425085114,13.402861808361706,-1.0661034949010837,0.1010336828600703,0.025736310236574182,143.09872314932818,1.0030236960200565,0.0
human_synthetic:D02:A3,D02,A3,267,1766197859585,29.46,14.508621611649744,0.40448244815543155,13.23760739417776,-1.2710142174719845,0.10014219289635146,-0.00810445421562591,143.18210652202194,0.7580306608523621,0.0
human_synthetic:D02:A3,D02,A3,268,1766197859695,29.57,14.5832105760148,0.4862479075008681,15.913567881846594,1.3303573058317948,0.1883559706188203,0.8019434338406259,143.22651274720283,0.4036929561899363,0.0
human_synthetic:D02:A3,D02,A3,269,1766197859809,29.684,14.623631894958304,0.48869794930381144,15.432566820120362,0.8089349251620579,0.0984924925524021,-0.7882761233896335,143.23985750139798,0.11705924732583745,0.0
human_synthetic:D02:A3,D02,A3,270,1766197859918,29.793,14.66443018153963,0.40743717816228475,13.456640746644267,-1.2077894348953642,0.10397116865781794,0.05026308353592518,143.24,0.001307326624138372,0.0
human_synthetic:D02:A3,D02,A3,271,1766197860027,29.902,14.70560541219408,0.49128338781601033,16.225873359060895,1.5202679468668148,0.10493178046495286,0.008812952359035913,143.21724553930665,-0.2087565201226,0.0
human_synthetic:D02:A3,D02,A3,272,1766197860137,30.012,14.747157262174298,0.411079537531472,13.453512137393629,-1.293645124780669,0.1049289140914602,-2.605794084234195e-05,143.19641418864515,-0.18937591510450602,0.0
human_synthetic:D02:A3,D02,A3,273,1766197860247,30.122,14.75445024435841,0.49558945620639827,16.21929129402758,1.4648410496691717,0.01841662167704912,-0.7864753855855553,143.14780424364818,-0.44190859088153256,0.0
human_synthetic:D02:A3,D02,A3,274,1766197860355,30.23,14.762082455264505,0.41093407395534715,13.697802465178238,-1.0642799900862663,0.019630172083576716,0.01123657783821849,143.0996879466568,-0.4455212684388454,0.0
human_synthetic:D02:A3,D02,A3,275,1766197860467,30.342,14.77005029530727,0.49389741645410196,15.87527410031042,1.1052238050031509,0.019761508042575354,0.001172642491059261,143.04209313727605,-0.5142393694708147,0.0
human_synthetic:D02:A3,D02,A3,276,1766197860578,30.453,14.813040858006417,0.41223565099518283,13.369804897141066,-1.4432359608653513,0.10758399073860345,0.7911935378020548,142.99394645336974,-0.4337539090658583,0.0
human_synthetic:D02:A3,D02,A3,277,1766197860688,30.563,14.821688335652523,0.49500347359324964,16.200113681233624,1.3784253455811015,0.021837064762898383,-0.779517508870046,142.91337060121083,-0.7325077468992318,0.0
human_synthetic:D02:A3,D02,A3,278,1766197860797,30.672,14.830659799106751,0.4123698749442947,13.619555502747348,-1.2111042963594034,0.022863056713120826,0.009412770185526997,142.8300610370524,-0.7643079280590891,0.0
human_synthetic:D02:A3,D02,A3,279,1766197860913,30.788,14.805196596286342,0.49499836839472505,15.362018329491468,0.5568217332051262,-0.0609751025392984,-0.7227427521760277,142.73496312855892,-0.8198095559782029,0.0
human_synthetic:D02:A3,D02,A3,280,1766197861022,30.897,14.745226316796987,0.41091385534366,13.57146678199244,-1.1737595348045478,-0.15282945843362702,-0.8427005127920058,142.66111733573305,-0.6774843378519634,0.0
human_synthetic:D02:A3,D02,A3,281,1766197861133,31.008,14.650671951755347,0.4896755400771291,15.88136886736635,1.2306969156110021,-0.23662253513923936,-0.7548925829334445,142.5635721934104,-0.8787850659697707,0.0
human_synthetic:D02:A3,D02,A3,282,1766197861245,31.12,14.521452024858386,0.40353496717373133,12.970766802012792,-1.550685222845594,-0.3204859298039692,-0.7487803095065166,142.47986249798745,-0.7474079948478008,0.0
human_synthetic:D02:A3,D02,A3,283,1766197861352,31.227,14.496873749118803,0.4858338950212773,16.345813290435498,1.8489395413166942,-0.06380653099579936,2.3988728860576622,142.3869589071732,-0.8682578580770586,0.0
human_synthetic:D02:A3,D02,A3,284,1766197861459,31.334,14.542277325321992,0.40354097331831484,13.57707947613022,-0.9651978491917728,0.11787013552229918,1.6979127711971826,142.30614673661012,-0.7552539304961908,0.0
human_synthetic:D02:A3,D02,A3,285,1766197861568,31.443,14.588011530349606,0.48681565831079765,16.07831532035662,1.4903037900070135,0.11654996184407222,-0.012111685121348208,142.20336240714775,-0.9429754996547384,0.0
human_synthetic:D02:A3,D02,A3,286,1766197861676,31.551,14.668998294147062,0.40697602726335114,13.565867575445038,-1.1031307187020243,0.20829928960251096,0.8495308125781365,142.1235089387556,-0.7393839665939312,0.0
human_synthetic:D02:A3,D02,A3,287,1766197861784,31.659,14.82026837044754,0.411269020623778,13.708967354125935,-1.1113010163216046,0.3890691262872349,1.6737947841178142,142.0527338297577,-0.6553250833139533,0.0
human_synthetic:D02:A3,D02,A3,288,1766197861898,31.773,15.007004846826389,0.4981612947837105,15.73140930895928,0.7244044621328918,0.45501090735586913,0.5784366760406512,141.94516464898183,-0.9435893050514802,0.0
human_synthetic:D02:A3,D02,A3,289,1766197862013,31.888,15.159273851178849,0.5042450069181564,15.785061086133592,0.6257872349547426,0.3677995274213979,-0.7583598255171413,141.8612370688066,-0.7298050450021056,0.0
human_synthetic:D02:A3,D02,A3,290,1766197862120,31.995,15.276989730176105,0.4219651940390048,14.196959799443153,-1.0800299307329517,0.3055967782898712,-0.5813341040329596,141.79038106123,-0.6622056782859298,0.0
human_synthetic:D02:A3,D02,A3,291,1766197862229,32.104,15.465268752387274,0.5111104651315711,16.880712609850054,1.4154438574627797,0.4798140219448699,1.5983233362843916,141.70302956654626,-0.801389859483765,0.0
human_synthetic:D02:A3,D02,A3,292,1766197862336,32.211,15.618992895259092,0.43234311147794185,14.546123376827952,-1.0728695184311405,0.39907617567969433,-0.7545593108894911,141.63618130886644,-0.6247500717740431,0.0
human_synthetic:D02:A3,D02,A3,293,1766197862443,32.318,15.738069894595519,0.4364206130503398,14.683310345618908,-1.0547595489766106,0.30913032018802267,-0.8406154718847819,141.56648504707357,-0.6513669326436493,0.0
human_synthetic:D02:A3,D02,A3,294,1766197862550,32.425,15.89272560993037,0.5278028036689011,17.757851338392936,1.8651257284625657,0.4014945880967044,0.8632174570904836,141.496703194047,-0.6521668507156005,0.0
human_synthetic:D02:A3,D02,A3,295,1766197862658,32.533,16.04785860137939,0.4451902273229331,14.839674244097772,-1.2081843572816169,0.3990046076363683,-0.023055374632741717,141.44380374137845,-0.4898097469310659,0.0
human_synthetic:D02:A3,D02,A3,296,1766197862767,32.642,16.20346579384651,0.5396419669659792,17.823037441078213,1.6195716472317017,0.39655247825464746,-0.022496599832301345,141.34862311138295,-0.873216788949511,0.0
human_synthetic:D02:A3,D02,A3,297,1766197862875,32.75,16.324285978658324,0.45203933878603986,15.067977959534662,-1.2563080191236615,0.31075150414560393,-0.7944534639726253,141.3062232467481,-0.39259133921166056,0.0
human_synthetic:D02:A3,D02,A3,298,1766197862985,32.86,16.48079721247328,0.45617721122357396,14.929436003680603,-1.5513612087926774,0.39523038842160896,0.7679898570545912,141.25746405458008,-0.4432653833455127,0.0
human_synthetic:D02:A3,D02,A3,299,1766197863092,32.967,16.60244567313175,0.5534790391110983,18.6217246803734,2.01927900724165,0.3158059726336245,-0.7422842597007896,141.21761641153122,-0.37240787896129507,0.0
human_synthetic:D02:A3,D02,A3,300,1766197863200,33.075,16.724482749785178,0.4641902093691997,15.473006978973324,-1.2514757708118545,0.31388136999338306,-0.01782039481705012,141.18832004567236,-0.27126264684137935,0.0
human_synthetic:D02:A3,D02,A3,301,1766197863309,33.184,16.882294436828015,0.5591110867461386,18.466054241156872,1.5837598043288565,0.4021704562763387,0.8099916172748222,141.16764939723268,-0.18963897651079029,0.0
human_synthetic:D02:A3,D02,A3,302,1766197863417,33.292,17.005123060096324,0.4714213002360399,15.71404334120133,-1.2910797188949932,0.31591724091642975,-0.7986408829621198,141.16084043332017,-0.0630459621528227,0.0
human_synthetic:D02:A3,D02,A3,303,1766197863525,33.4,17.12831944942897,0.4741836526162222,15.806121753874073,-1.3221976955548982,0.3168631412876776,0.008758336770813568,141.17000000000002,0.08481080259112214,0.0
human_synthetic:D02:A3,D02,A3,304,1766197863632,33.507,17.25187572310136,0.5760436244201144,19.380906989835626,2.129031266734266,0.3207587582356938,0.036407635028188376,141.17200891041637,0.01877486370420858,0.0
human_synthetic:D02:A3,D02,A3,305,1766197863740,33.615,17.375783607092426,0.483229752772421,16.107658425747367,-1.2681251813450594,0.31869311726096794,-0.019126305321535513,141.19108164417972,0.17659938669770217,0.0
human_synthetic:D02:A3,D02,A3,306,1766197863845,33.72,17.46446526461552,0.484849597386915,16.623414767551374,-0.8410504970641455,0.23460755958490426,-0.8008148350101303,141.20378664062525,0.1209999661479547,0.0
human_synthetic:D02:A3,D02,A3,307,1766197863952,33.827,17.624619180233115,0.5878805788494859,19.779159662225695,2.15454048199258,0.4157682129221043,1.6930902181046734,141.2471933578338,0.4056702542854263,0.0
human_synthetic:D02:A3,D02,A3,308,1766197864057,33.932,17.678245162403773,0.4913167829289396,16.84514684327793,-0.8330983191258419,0.14186767770015238,-2.6085765259233518,141.30613262419394,0.5613263462870626,0.0
human_synthetic:D02:A3,D02,A3,309,1766197864166,34.041,17.73203974649091,0.5905457688493971,19.504263925301192,1.7722241788102835,0.137091192882612,-0.043820961628810697,141.37418293233603,0.6243147535971643,0.0
human_synthetic:D02:A3,D02,A3,310,1766197864273,34.148,17.750276924334525,0.3938860380197272,13.252240531504842,-4.4980363928296825,0.04734469845175857,-0.8387522844004995,141.43379230670487,0.5570969567181968,0.0
human_synthetic:D02:A3,D02,A3,311,1766197864380,34.255,17.804338211499662,0.593630757662498,19.97262362228965,2.168285410789988,0.14034602067792554,0.8691712357585698,141.55682517891972,1.1498399272415882,0.0
human_synthetic:D02:A3,D02,A3,312,1766197864487,34.362,17.85853399768413,0.5962096662284453,20.05939063946171,2.2008566417775803,0.14069518739477377,0.0032632403443759958,141.3861910771766,-1.5947112312442315,0.0
human_synthetic:D02:A3,D02,A3,313,1766197864594,34.469,17.912852674451095,0.49792794907453414,16.75271604362919,-1.1601366308219063,0.1410142179827731,0.0029815942803676785,140.95740164350892,-4.00737788474462,0.0
human_synthetic:D02:A3,D02,A3,314,1766197864703,34.578,18.003145335449346,0.5008066632107107,16.540403555583104,-1.462741779866242,0.23010362130033876,0.8173339753905106,140.42948447703984,-4.843276756597071,0.0
human_synthetic:D02:A3,D02,A3,315,1766197864811,34.686,18.021811589289328,0.6022671981778674,20.07557327259558,2.053761683306252,0.04800991213987298,-1.6860528625969053,139.71096740976807,-6.652935808071868,0.0
human_synthetic:D02:A3,D02,A3,316,1766197864917,34.792,18.040490729740647,0.5012038388537351,17.022017168617417,-1.0184735611232298,0.04894952948458869,0.008864314572789661,139.06439864338495,-6.099705343237039,0.0
human_synthetic:D02:A3,D02,A3,317,1766197865028,34.903,18.131119514970695,0.6041396113143896,19.593717123709936,1.462597608739241,0.2267987618369569,1.6022453365078217,138.24887929785268,-7.347021130921315,0.0
human_synthetic:D02:A3,D02,A3,318,1766197865142,35.017,18.185874048676716,0.5071606975233697,16.015600974422203,-2.1702730742545135,0.133417479790497,-0.8191340530391219,137.59929662296062,-5.6980936394040285,0.0
human_synthetic:D02:A3,D02,A3,319,1766197865250,35.125,18.24067927604393,0.6117451090336513,20.391503634455045,2.150824358411114,0.14095994693213781,0.06983765871889637,136.87810637611244,-6.677687470816491,0.0
human_synthetic:D02:A3,D02,A3,320,1766197865359,35.234,18.29552283118857,0.5091403941456252,16.81564604517661,-1.4798767860119604,0.13976441168358977,-0.010968213289431566,136.3357594343753,-4.975660015937162,0.0
human_synthetic:D02:A3,D02,A3,321,1766197865469,35.344,18.386515099328577,0.6119301572670615,20.026805146922012,1.6402900475934352,0.22977845489900098,0.8183094837764655,135.78278811776173,-5.027011969214228,0.0
human_synthetic:D02:A3,D02,A3,322,1766197865574,35.449,18.40527512982715,0.40968813504484813,14.046450344394794,-4.358824785432356,0.04962971031368959,-1.715702329383918,135.43425286201932,-3.3193833880229056,0.0
human_synthetic:D02:A3,D02,A3,323,1766197865680,35.555,18.460158841049623,0.6156886926256847,20.910182013702503,2.4500231726528803,0.1438252390526026,0.8886370635746511,134.94415408195397,-4.623573396842948,0.0
human_synthetic:D02:A3,D02,A3,324,1766197865788,35.663,18.515030836323955,0.6170056108805226,20.56685369601742,2.0518228596934662,0.14113167508830224,-0.024940407076855294,134.4406539086894,-4.662038641338608,0.0
human_synthetic:D02:A3,D02,A3,325,1766197865894,35.769,18.461070629791358,0.5140279409295386,17.45755271081452,-1.0035179189768364,-0.1414051533873103,-2.6654417780718167,134.07715283506846,-3.429255411518284,0.0
human_synthetic:D02:A3,D02,A3,326,1766197865999,35.874,18.443162061404827,0.5137805597645781,17.615333477642682,-0.8278285837621446,-0.04737716504373559,0.8955046508911877,133.7319896725543,-3.2872682144205188,0.0
human_synthetic:D02:A3,D02,A3,327,1766197866107,35.982,18.38871967093306,0.6163039547587128,20.54346515862376,2.1547454876907004,-0.1400267244644153,-0.8578662909322196,133.39730029143982,-3.0989757510600615,0.0
human_synthetic:D02:A3,D02,A3,328,1766197866213,36.088,18.29762553062966,0.5123666134415716,17.401130267826964,-0.896495262802695,-0.2387163005854396,-0.9310337369907954,133.15488443022144,-2.2869420869658112,0.0
human_synthetic:D02:A3,D02,A3,329,1766197866319,36.194,18.133351257938877,0.5063311107298448,17.196150930447562,-0.9372003274913148,-0.4304881359821274,-1.8091682584593187,132.95525144971782,-1.883330004751156,0.0
human_synthetic:D02:A3,D02,A3,330,1766197866432,36.307,17.932125192480264,0.6018567171399528,19.174196298263986,1.2420711057837224,-0.4946560114518551,-0.5678573050418384,132.75743894742124,-1.7505531176688984,0.0
human_synthetic:D02:A3,D02,A3,331,1766197866537,36.412,17.876247472794798,0.49841394319831045,17.088478052513505,-0.7877694202812933,-0.1478246552525555,3.303155773326663,132.58298603006165,-1.661456355805599,0.0
human_synthetic:D02:A3,D02,A3,332,1766197866645,36.52,17.856576355541684,0.49663819800661785,16.554606600220595,-1.301969755321089,-0.05059443737940893,0.9002797951217276,132.36335125376024,-2.0336553361241165,0.0
human_synthetic:D02:A3,D02,A3,333,1766197866754,36.629,17.90975584438823,0.5961377458524907,19.688953074027214,1.779197229638985,0.13552367188212514,1.7075055895553581,132.04179207816193,-2.9500841798010073,0.0
human_synthetic:D02:A3,D02,A3,334,1766197866864,36.739,17.926225811957273,0.49841762287194213,16.311849475809016,-1.6143763361482577,0.04159082719455269,-0.8539349517052041,131.84687929337724,-1.7719344071335543,0.0
human_synthetic:D02:A3,D02,A3,335,1766197866975,36.85,17.97910968251866,0.5988250348173871,19.421352480563908,1.4422427980452461,0.13234201842189514,0.8175782993454275,131.7865817471471,-0.5432211372085209,0.0
human_synthetic:D02:A3,D02,A3,336,1766197867083,36.958,17.99519529570973,0.5008427752017794,16.694759173392647,-1.300436122317084,0.041372461911188735,-0.8423107084324667,131.78931038843047,0.0252651970682307,0.0
human_synthetic:D02:A3,D02,A3,337,1766197867195,37.07,18.047739075912155,0.6022395915150484,19.35770115584084,1.3099620799286846,0.13031691518458224,0.7941469042267277,131.85833079174034,0.6162536009810538,0.0
human_synthetic:D02:A3,D02,A3,338,1766197867304,37.179,18.063398132355776,0.501242701051375,16.554804805366516,-1.50859332698926,0.03990585230280338,-0.829459292493384,131.95925786368045,0.925936439817485,0.0
human_synthetic:D02:A3,D02,A3,339,1766197867412,37.287,18.07881280162587,0.6037554291707236,20.12518097235745,2.046368170731583,0.03964678310209569,-0.0023987888954415484,132.15286432317689,1.7926524027447814,0.0
human_synthetic:D02:A3,D02,A3,340,1766197867518,37.393,18.13074989453211,0.5039705139159519,17.115979717900256,-1.0147701766318526,0.13610349294087323,0.9099689607431845,132.35260398517036,1.8843364339007185,0.0
human_synthetic:D02:A3,D02,A3,341,1766197867625,37.5,18.14567759953484,0.504575730622987,16.97637972189489,-1.1692978776399485,0.038753128252155926,-0.9098164924179187,132.588793875675,2.2073821542490406,0.0
human_synthetic:D02:A3,D02,A3,342,1766197867733,37.608,18.1971686861228,0.606937935870296,20.231264529009866,2.0340958428870657,0.132435922294143,0.8674332781665469,132.91569325071143,3.0268460651520264,0.0
human_synthetic:D02:A3,D02,A3,343,1766197867840,37.715,18.21157062188575,0.5068727841097685,17.053663764440813,-1.1579068574449352,0.0373882029152304,-0.8882964427935757,133.24850346605155,3.1103758443001643,0.0
human_synthetic:D02:A3,D02,A3,344,1766197867946,37.821,18.26257541833458,0.6086518504897671,20.671194922293978,2.4086195039593967,0.13366036805249815,0.908227972993092,133.71235054185507,4.375915809467248,0.0
human_synthetic:D02:A3,D02,A3,345,1766197868052,37.927,18.27641435585251,0.5083485822219045,17.26466883017789,-1.0117455256746197,0.0362655595333533,-0.9188189482938193,134.12338771710586,3.877709200479086,0.0
human_synthetic:D02:A3,D02,A3,346,1766197868157,38.032,18.326894076663436,0.5108616556293221,17.5152567644339,-0.8116373122295357,0.1335442349495405,0.9264635753922591,134.5581528231768,4.140620057818621,0.0
human_synthetic:D02:A3,D02,A3,347,1766197868263,38.138,18.340134488852883,0.510740732041861,17.345911654251886,-0.9942228346009969,0.03469709693251515,-0.9325201699719373,135.00049103195946,4.173001969647585,0.0
human_synthetic:D02:A3,D02,A3,348,1766197868371,38.246,18.39005197776579,0.6127482061703159,20.424940205677196,2.034888227911406,0.12838860317106235,0.8675139466532147,135.5128451391067,4.744019510622648,0.0
human_synthetic:D02:A3,D02,A3,349,1766197868478,38.353,18.43968764502867,0.5117330310099178,17.21718609005331,-1.2225015549753593,0.1288568724373821,0.004376348283362032,135.94638065751374,4.051733816888232,0.0
human_synthetic:D02:A3,D02,A3,350,1766197868585,38.46,18.451980015280945,0.5133342900697673,17.271060226646377,-1.1809197886345686,0.03191165693737236,-0.9060300514019601,136.37151481464022,3.973216421742793,0.0
human_synthetic:D02:A3,D02,A3,351,1766197868691,38.566,18.501000351852177,0.6169223715801481,20.952080544231446,2.451080192379269,0.12846000149693784,0.9108334392411839,136.86097501538723,4.617549063650983,0.0
human_synthetic:D02:A3,D02,A3,352,1766197868799,38.674,18.512612893688438,0.5148735481690909,17.162451605636367,-1.350161288052071,0.02986764875581274,-0.9128921550104176,137.26375888567324,3.729480280426066,0.0
human_synthetic:D02:A3,D02,A3,353,1766197868906,38.781,18.523863354745572,0.618588658730288,20.81232870494427,2.288465350198699,0.029206804405852105,-0.006176115420192843,137.72503501805116,4.310991891382413,0.0
human_synthetic:D02:A3,D02,A3,354,1766197869013,38.888,18.571889349324614,0.5158089057017033,17.354318322674132,-1.2175710266504822,0.12467807523115472,0.8922548675261927,138.08292900669338,3.3448036321702586,0.0
human_synthetic:D02:A3,D02,A3,355,1766197869121,38.996,18.61958334599768,0.5178669278173069,17.262230927243564,-1.3573524187541146,0.12266974452948656,-0.018595654645075527,138.42294444176753,3.148291065501391,0.0
human_synthetic:D02:A3,D02,A3,356,1766197869228,39.103,18.666937492173304,0.619970235963336,20.85881167727112,2.1918741850978165,0.1229339204974758,0.002468934280273232,138.79616524164433,3.488044858661726,0.0
human_synthetic:D02:A3,D02,A3,357,1766197869334,39.209,18.71394419664971,0.5198282237414559,17.65454344782303,-1.059400748826679,0.12318318783125105,0.002351578620521273,139.10560104282496,2.9192056715153436,0.0
human_synthetic:D02:A3,D02,A3,358,1766197869440,39.315,18.723372731552676,0.5203593208691538,17.672580708763714,-1.0507920227889613,0.02470790068911461,-0.9290121428503437,139.38668364559376,2.6517226676302372,0.0
human_synthetic:D02:A3,D02,A3,359,1766197869549,39.424,18.732403546366566,0.6248773411957697,20.638150718392396,1.9057471720258299,0.023014308903896954,-0.01553753931392345,139.6924637810879,2.805322343982861,0.0
human_synthetic:D02:A3,D02,A3,360,1766197869655,39.53,18.741032273111543,0.5220218028558965,17.729042361143655,-1.0119899119678877,0.02261196736105442,-0.0037956749324767483,139.92112891605925,2.1572182544467067,0.0
human_synthetic:D02:A3,D02,A3,361,1766197869764,39.639,18.7865297244508,0.5219133152586634,17.237503990194387,-1.5490257342564142,0.1159466140144176,0.8562811619574603,140.12844439155336,1.9019768393955312,0.0
human_synthetic:D02:A3,D02,A3,362,1766197869872,39.747,18.794357986514903,0.6279997003417955,20.933323344726517,2.138965358211614,0.020134418889146462,-0.8871499548636216,140.3439815954609,1.9957148509956508,0.0
human_synthetic:D02:A3,D02,A3,363,1766197869979,39.854,18.839077269936453,0.5232375470448932,17.604253919267435,-1.2348233506690178,0.11609367451077629,0.8968154730993442,140.53997034080408,1.8316705172260384,0.0
human_synthetic:D02:A3,D02,A3,364,1766197870088,39.963,18.883407159151613,0.6306865159302403,20.830013370173074,1.9466062110214608,0.11297117536993206,-0.028646781108662624,141.0773372539928,4.929971680630457,0.0
human_synthetic:D02:A3,D02,A3,365,1766197870196,40.071,18.890010370685193,0.5261000586772435,17.536668622574783,-1.3533417481104095,0.016983568759203566,-0.8887741352845231,141.73980042273436,6.133918229088585,0.0
human_synthetic:D02:A3,D02,A3,366,1766197870305,40.18,18.821501086332553,0.5244362495783885,17.320830261304575,-1.5006708250279779,-0.1745904290332309,-1.7575596127746282,142.46516354589843,6.654707551963968,0.0
human_synthetic:D02:A3,D02,A3,367,1766197870417,40.292,18.715164614593583,0.6277344411101021,20.17717846425328,1.462013849659698,-0.2637313287176852,-0.7959008900397703,143.37183826938883,8.09531003116426,0.0
human_synthetic:D02:A3,D02,A3,368,1766197870527,40.402,18.64570498557381,0.6249936734961132,20.45433840532734,1.80863341975353,-0.17540310358527897,0.8029838648400565,144.27978485647637,8.254059882613971,0.0
human_synthetic:D02:A3,D02,A3,369,1766197870634,40.509,18.53840581310583,0.5172838240552499,17.40394174391495,-1.13446406919088,-0.27855444565935567,-0.9640312343371654,145.0218562127226,6.935246320058341,0.0
human_synthetic:D02:A3,D02,A3,370,1766197870744,40.619,18.35586000966959,0.5133203814112364,16.79957611891319,-1.5562838907564007,-0.460974251101605,-1.6583618676568121,145.75108869727853,6.629386223235656,0.0
human_synthetic:D02:A3,D02,A3,371,1766197870853,40.728,18.098026668373308,0.6080423973326315,20.082134223830035,1.9841075554567276,-0.6570676383697363,-1.7990219015424884,146.5752684018459,7.56128169327863,0.0
human_synthetic:D02:A3,D02,A3,372,1766197870960,40.835,17.76487545762572,0.4994684670485701,16.804546554905162,-0.9603289027205584,-0.8648785325742162,-1.942157889761495,147.2122322788425,5.952933429874662,0.0
human_synthetic:D02:A3,D02,A3,373,1766197871072,40.947,17.393792619175827,0.5863825218872266,18.848009632089425,1.454217012913599,-0.9203443413935816,-0.4952304358871907,147.9435843611801,6.529929306585659,0.0
human_synthetic:D02:A3,D02,A3,374,1766197871179,41.054,17.28407654416186,0.48141180731734684,16.197032769555594,-1.087043774606265,-0.28482885517644646,5.93939706744986,148.5427912483778,5.6000643663337355,0.0
human_synthetic:D02:A3,D02,A3,375,1766197871287,41.162,17.248769255781763,0.576064531982528,19.20215106608427,1.9533818103025062,-0.09081092690354241,1.7964622988231855,149.30166122969032,7.0265739010419335,0.0
human_synthetic:D02:A3,D02,A3,376,1766197871395,41.27,17.250481847231814,0.48038291152923024,16.01276371764101,-1.237718129590803,0.0044048134003399145,0.8816272250359475,150.00409905373533,6.5040539263426504,0.0
human_synthetic:D02:A3,D02,A3,377,1766197871506,41.381,17.25180405276799,0.4803050210086931,15.577460140822481,-1.6743439119455097,0.003308822663100969,-0.009873790425576085,150.75457034382674,6.761002613436139,0.0
human_synthetic:D02:A3,D02,A3,378,1766197871614,41.489,17.252737328967235,0.5780931850585066,19.269772835283554,2.0170355063163186,0.0024004017470257034,-0.008411304778474682,151.7671922734883,9.376128978347674,0.0
human_synthetic:D02:A3,D02,A3,379,1766197871722,41.597,17.253283431710287,0.48058903281530346,16.019634427176783,-1.233649004533504,0.001404585244475427,-0.009220523171761818,152.64805332028192,8.156120803644686,0.0
human_synthetic:D02:A3,D02,A3,380,1766197871829,41.704,17.290870540707655,0.5772999260314844,19.42317508143312,2.132304540725464,0.09757816458299576,0.8988184984908443,153.6974217132778,9.807181242952222,0.0
human_synthetic:D02:A3,D02,A3,381,1766197871938,41.813,17.290648269103425,0.48180497013508905,15.912824701709365,-1.37782356739406,-0.0005664413971268096,-0.9004092291754363,154.49494647708266,7.316740952338153,0.0
human_synthetic:D02:A3,D02,A3,382,1766197872046,41.921,17.290045039784463,0.5775794499864434,19.252648332881446,1.9626032930969828,-0.0015515157380662924,-0.009121058712402617,155.51075358529658,9.405621372351114,0.0
human_synthetic:D02:A3,D02,A3,383,1766197872153,42.028,17.326486003773187,0.4833610530330899,16.262614868403027,-1.0638711353701602,0.09460271025110219,0.8986376260669952,156.53562041500305,9.57819467015391,0.0
human_synthetic:D02:A3,D02,A3,384,1766197872262,42.137,17.28770773457523,0.48339390361832457,15.965303238770352,-1.3224044958048768,-0.09882331599888014,-1.7745506995411224,157.69443081066177,10.63128803356623,0.0
human_synthetic:D02:A3,D02,A3,385,1766197872371,42.246,17.32339592659176,0.5781745245269342,19.09567236969691,1.7722764431051488,0.09094850157118822,1.7410258492666821,159.24775309792741,14.250663185923338,0.0
human_synthetic:D02:A3,D02,A3,386,1766197872478,42.353,17.283885521722173,0.4822717057637979,16.22596393223993,-1.0579215894822411,-0.10257114452125675,-1.8085948232938784,160.6602277537719,13.200697718172682,0.0
human_synthetic:D02:A3,D02,A3,387,1766197872587,42.462,17.318832891551136,0.5793105263247821,19.133191695130417,1.8143588035792817,0.08906057550703818,1.758089174571513,162.53758191711907,17.223432691258513,0.0
human_synthetic:D02:A3,D02,A3,388,1766197872695,42.57,17.31600935288249,0.4823169278111389,16.077230927037963,-1.2387784258445258,-0.007262187933758739,-0.8918774392666381,164.29149356504402,16.239922665971772,0.0
human_synthetic:D02:A3,D02,A3,389,1766197872804,42.679,17.31283052035965,0.4820430643981249,15.920688365442658,-1.3921421549169928,-0.008101000313044606,-0.00769552641546667,166.15001544139832,17.05065941609452,0.0
human_synthetic:D02:A3,D02,A3,390,1766197872914,42.789,17.309301263704494,0.578041623397998,18.917725856661754,1.6084245929572596,-0.008912264280702686,-0.007375126978709818,168.5506015262912,21.82350986266241,0.0
human_synthetic:D02:A3,D02,A3,391,1766197873021,42.896,17.305426710467902,0.48291750915251735,16.24769189672021,-1.0577348137476932,-0.01005854942001957,-0.010712945227260589,170.68472907841846,19.945117309600633,0.0
human_synthetic:D02:A3,D02,A3,392,1766197873129,43.004,17.301212240937097,0.5759581291119245,19.198604303730814,1.8973920627937169,-0.010839685007212618,-0.0072327369184541496,173.47777287122713,25.86151660008032,0.0
human_synthetic:D02:A3,D02,A3,393,1766197873237,43.112,17.334021287325836,0.4790023495474272,15.966744984914241,-1.3672763024115948,0.08438540737844537,0.8817138183857222,175.941088746115,22.80848032303595,0.0
human_synthetic:D02:A3,D02,A3,394,1766197873344,43.219,17.366480847040172,0.4833132764405453,16.261007431644515,-1.1054734153956574,0.08426676976722766,-0.0011087627216608059,178.5667477192115,24.538868907443717,0.0
human_synthetic:D02:A3,D02,A3,395,1766197873452,43.327,17.398594937466175,0.5818180358040124,19.39393452680041,1.995339589334236,0.08259796920267809,-0.015451857079162702,181.8850003093652,30.72456101994184,0.0
human_synthetic:D02:A3,D02,A3,396,1766197873560,43.435,17.430367860988074,0.48535773529943504,16.17859117664784,-1.2517766843402356,0.08172048230941581,-0.008124878641317411,184.74335866302206,26.466281052378278,0.0
human_synthetic:D02:A3,D02,A3,397,1766197873668,43.543,17.536427296165954,0.5844430082467897,19.481433608226325,1.9450063120603716,0.27278661311182484,1.7691308407630466,188.28296320179192,32.77411609972084,0.0
human_synthetic:D02:A3,D02,A3,398,1766197873777,43.652,17.604803758521772,0.4891238697366946,16.15454982616606,-1.4502539323557109,0.17425194280280615,-0.9039878010001715,191.28350981208945,27.52795055318838,0.0
human_synthetic:D02:A3,D02,A3,399,1766197873887,43.762,17.74739348998814,0.5895136279002909,19.293173276736795,1.5457797867486534,0.36007507946052414,1.6893012423428908,194.89736916194153,32.85326681683707,0.0
human_synthetic:D02:A3,D02,A3,400,1766197873994,43.869,17.889573191248775,0.49564788625908496,16.67600364983837,-1.2135695414104042,0.3691061818811873,0.08440282636133817,197.85553912961004,27.64644829596739,0.0
human_synthetic:D02:A3,D02,A3,401,1766197874103,43.978,18.068597954411075,0.5008071562893612,16.540419840749543,-1.5281781136615322,0.4562302832882281,0.7993036826334018,200.72676753104201,26.34154496726585,0.0
human_synthetic:D02:A3,D02,A3,402,1766197874210,44.085,18.284421405972463,0.5329095351177903,17.929666602093878,-0.3547548038785848,0.5602893342715154,0.972514495170909,203.84310155032244,29.12461700262084,0.0
human_synthetic:D02:A3,D02,A3,403,1766197874318,44.193,18.499771306345092,0.5830666420763436,19.43555473587812,0.9357834295330285,0.5538834886127304,-0.059313385729490666,206.8687983420522,28.01571103453479,0.0
human_synthetic:D02:A3,D02,A3,404,1766197874428,44.303,18.751852009808033,0.6216006468674755,20.343293897481015,1.591441887672982,0.6365674329872238,0.7516722215863041,209.5128657870176,24.03697677241274,0.0
human_synthetic:D02:A3,D02,A3,405,1766197874537,44.412,19.00342162977451,0.525309321763964,17.349665672938265,-1.653755956836246,0.6411050457861345,0.04162947521936356,211.59258771760625,19.08001771182245,0.0
human_synthetic:D02:A3,D02,A3,406,1766197874644,44.519,19.21730729095953,0.5317957950196497,17.892194972623727,-1.3251123183358011,0.5552587258177982,-0.8023020557788435,213.44312560290788,17.294746591604056,0.0
human_synthetic:D02:A3,D02,A3,407,1766197874752,44.627,19.46786760194425,0.6444172149523767,21.48057383174589,2.0127062298016405,0.6444452443022654,0.8258010970783993,215.48667880690397,18.92178892588966,0.0
human_synthetic:D02:A3,D02,A3,408,1766197874858,44.733,19.680779589011824,0.544982256322026,18.50883134678579,-1.1719482422260334,0.5579454587724697,-0.816035712545242,217.125643413173,15.461930247821149,0.0
human_synthetic:D02:A3,D02,A3,409,1766197874965,44.84,19.93032962659316,0.5506782459377367,18.52749238669021,-1.4028372399029507,0.647845372744907,0.8401861118919379,218.55660148771005,13.37343994894435,0.0
human_synthetic:D02:A3,D02,A3,410,1766197875075,44.95,20.179365898926804,0.6697589052213254,21.919382352697923,1.7400164537711191,0.6288794755900071,-0.1724172468627267,220.00422296948702,13.160195288881482,0.0
human_synthetic:D02:A3,D02,A3,411,1766197875183,45.058,20.390815478452073,0.5690959016322668,18.969863387742226,-1.4209520907098465,0.5438517991905085,-0.7872932999953574,221.05550892669245,9.734129233383673,0.0
human_synthetic:D02:A3,D02,A3,412,1766197875292,45.167,20.601795776670016,0.6912056228144277,22.82880956084348,2.227013784173465,0.5376664072832376,-0.056746714745605185,222.12794414147947,9.838855181532299,0.0
human_synthetic:D02:A3,D02,A3,413,1766197875398,45.273,20.812310594749697,0.575865451190691,19.557694568740448,-1.2546160260092485,0.5516635693911977,0.132048699131699,222.92476426548157,7.51717098115185,0.0
human_synthetic:D02:A3,D02,A3,414,1766197875507,45.382,21.05937553262375,0.6997447820619218,23.110836838742372,2.0514613061186218,0.6296252239399956,0.7152445371449357,223.81716098871735,8.18712590124566,0.0
human_synthetic:D02:A3,D02,A3,415,1766197875614,45.489,21.268951441419162,0.5873010642309537,19.75966197412555,-1.5092894672936126,0.5440703758967077,-0.799578019096149,224.50263942537316,6.406340529493584,0.0
human_synthetic:D02:A3,D02,A3,416,1766197875725,45.6,21.47807649199422,0.5940314991879379,19.265886460149336,-2.2121900318448837,0.5233359624000432,-0.18679651798796842,225.04947970849076,4.926489037095528,0.0
human_synthetic:D02:A3,D02,A3,417,1766197875832,45.707,21.723701924291333,0.7201866864766162,24.230580105755312,2.5068781814639784,0.6376568855065258,1.0684198421166595,225.6277819531888,5.4046938756824545,0.0
human_synthetic:D02:A3,D02,A3,418,1766197875939,45.814,21.901754148429447,0.6053913489723366,20.368307068228148,-1.5334470802012987,0.4622331883128522,-1.639473805548351,226.09,4.319794830011367,0.0
human_synthetic:D05:A3,D05,A3,0,1766197830125,0.0,30.109630640764536,,,,,,30.750000000000004,,0.0
human_synthetic:D05:A3,D05,A3,1,1766197830228,0.103,30.112238934209905,1.0055048577759793,35.14385910673326,5.031620172523354,0.0070342325926869035,,31.544808700969668,7.7165893298026,0.0
human_synthetic:D05:A3,D05,A3,2,1766197830330,0.205,30.080209018094024,0.8372333267455424,29.549411532195617,-0.5307974858984075,-0.08722744040272537,-0.9241340489746301,32.22489518259431,6.667514525731781,0.0
human_synthetic:D05:A3,D05,A3,3,1766197830433,0.308,30.010799178938917,0.8372625298568381,29.26354473286036,-0.7472544460785571,-0.18718942598464747,-0.9705047143875932,32.89281135161173,6.484623000169097,0.0
human_synthetic:D05:A3,D05,A3,4,1766197830537,0.412,29.903983275870935,0.8324640956322085,28.816064848807216,-1.0879184270637197,-0.28529888639951584,-0.9433601962968113,33.526042092286644,6.088757121874212,0.0
human_synthetic:D05:A3,D05,A3,5,1766197830639,0.514,29.72258384304454,0.8307650232030515,29.321118465990057,-0.4014653770544818,-0.49400717000653066,-2.046159643206028,34.11026108957061,5.727637228274347,0.0
human_synthetic:D05:A3,D05,A3,6,1766197830741,0.616,29.317929990981597,0.8220244455160738,29.01262748880261,-0.3053025021789857,-1.1019985077966865,-5.960699390099567,34.66145637312313,5.40387532894624,0.0
human_synthetic:D05:A3,D05,A3,7,1766197830843,0.718,28.652767789395764,0.8073273942049435,28.49390803076271,-0.1588597586330529,-1.8114439041008485,-6.955347022589824,35.166309546423626,4.9495409147106795,0.0
human_synthetic:D05:A3,D05,A3,8,1766197830944,0.819,27.838508290391008,0.7858503316042688,28.010506869063043,0.17199857867203505,-2.2394375660196757,-4.237561009097298,35.62051581933903,4.497091811043561,0.0
human_synthetic:D05:A3,D05,A3,9,1766197831047,0.922,26.800768673815707,0.9112625922616482,31.849954680989647,5.04918600717394,-2.7986505301383557,-5.429252078822136,36.153749107900786,5.177022219046079,0.0
human_synthetic:D05:A3,D05,A3,10,1766197831149,1.024,25.874075215512445,0.732787783602794,25.863098244804494,-0.010976970707950784,-2.5236749953792517,2.695838576069648,36.60350905930576,4.409411288284169,0.0
human_synthetic:D05:A3,D05,A3,11,1766197831253,1.128,24.909765869781886,0.7071236277478707,24.477356345118604,-0.43240952466328153,-2.5756125687247904,-0.4993997437071031,37.03764083151459,4.174343963546571,0.0
human_synthetic:D05:A3,D05,A3,12,1766197831357,1.232,23.870670634166103,0.6793918313862438,23.517409547985366,-0.35326108618073704,-2.775361206238729,-1.9206599760955632,37.405040846700395,3.5326924537096938,0.0
human_synthetic:D05:A3,D05,A3,13,1766197831462,1.337,22.793981413380646,0.6501609253626252,22.29123172671858,-0.5027496866620673,-2.8483841819721163,-0.6954569117465461,37.70084762035513,2.8172073681403056,0.0
human_synthetic:D05:A3,D05,A3,14,1766197831565,1.44,21.71690494663872,0.6197324472200714,21.660551553322883,-0.05635339331583822,-2.904736965323417,-0.5471144014689386,37.96188969988246,2.5343891216245487,0.0
human_synthetic:D05:A3,D05,A3,15,1766197831669,1.544,20.453529420877533,0.702810626051999,24.3280601325692,3.8745307116916656,-3.3744004427382133,-4.515994975142273,38.23582548998005,2.6339979817076546,0.0
human_synthetic:D05:A3,D05,A3,16,1766197831774,1.649,19.784846455674,0.5585819682497558,19.15138176856306,-0.6334646871109406,-1.7690025534485072,15.28950370752101,38.44622327134584,2.003788393959992,0.0
human_synthetic:D05:A3,D05,A3,17,1766197831878,1.753,19.48779457323581,0.5441116544158072,18.834634191316407,-0.6531603819194025,-0.7934078056575516,9.380718728759188,38.64699224478938,1.9304708984954837,0.0
human_synthetic:D05:A3,D05,A3,18,1766197831985,1.86,19.37645107078991,0.5374613025868921,18.082810180493563,-1.293640890296345,-0.28905374466745404,4.713589355047641,38.838302454529604,1.7879458854225125,0.0
human_synthetic:D05:A3,D05,A3,19,1766197832091,1.966,19.264866969404476,0.6432010484199435,21.844563908601856,2.5796969391973796,-0.29241116715260285,-0.03167379702970574,39.04660993683218,1.9651649273828942,0.0
human_synthetic:D05:A3,D05,A3,20,1766197832197,2.072,19.04147022090621,0.5327400572477076,18.093058548035355,-0.9484116728708543,-0.5854212486851825,-2.764246052194148,39.19732676366171,1.4218568568822938,0.0
human_synthetic:D05:A3,D05,A3,21,1766197832302,2.177,18.22280664883599,0.5194985548310112,17.811379022777526,-0.4114276260584653,-2.1657766456884042,-15.051003780983065,39.335340780413645,1.3144192071611847,0.0
human_synthetic:D05:A3,D05,A3,22,1766197832408,2.283,16.84613814633853,0.5859562465510105,19.900400826260736,3.054262679922207,-3.6076218618906313,-13.60231336039837,39.47108201369137,1.2805776724312552,0.0
human_synthetic:D05:A3,D05,A3,23,1766197832513,2.388,15.655300635223325,0.45096614675402946,15.461696460138153,-0.1936041750851718,-3.1503637860190534,4.354838817824551,39.56194182240217,0.8653315115314594,0.0
human_synthetic:D05:A3,D05,A3,24,1766197832618,2.493,14.390024371493341,0.4185861220403376,14.351524184240148,-0.038500187253193374,-3.3472917029893776,-1.8755039711459447,39.64589850252982,0.7995874297870658,0.0
human_synthetic:D05:A3,D05,A3,25,1766197832724,2.599,13.124733854141214,0.38355903969072863,13.026533423458709,-0.09820043068250506,-3.315750831635552,0.29755539013043075,39.72329506254077,0.7301562265184284,0.0
human_synthetic:D05:A3,D05,A3,26,1766197832830,2.705,11.89665599919254,0.4161267389024564,14.132606226875877,2.235950227683338,-3.2182333725070107,0.9199760295145403,39.82345641570547,0.9449184260821518,0.0
human_synthetic:D05:A3,D05,A3,27,1766197832935,2.81,11.52363623054518,0.3218200095045498,11.033828897298852,-0.4898073332463273,-0.9868247847813753,21.251510359291768,39.88756242461396,0.6105334181760165,0.0
human_synthetic:D05:A3,D05,A3,28,1766197833042,2.917,11.410714722470324,0.3166288824869756,10.652934364047779,-0.7577803584225453,-0.2931503324892392,6.482938806468562,39.96144441037114,0.6904858481978358,0.0
human_synthetic:D05:A3,D05,A3,29,1766197833150,3.025,11.40914477241209,0.3788640518018593,12.628801726728643,1.2196569543165534,-0.0040379373925770855,2.6769666212653904,40.05841569588534,0.8978822732796357,0.0
human_synthetic:D05:A3,D05,A3,30,1766197833255,3.13,11.556035875750517,0.31943903531229495,10.952195496421542,-0.6038403793289753,0.388600802482613,3.7394165702399054,40.127073406396704,0.6538829572510471,0.0
human_synthetic:D05:A3,D05,A3,31,1766197833363,3.238,11.73985696227898,0.32391633471694337,10.797211157231445,-0.942645805047535,0.4727908604127089,0.7795375734268142,40.189311349146486,0.5762772476832315,0.0
human_synthetic:D05:A3,D05,A3,32,1766197833469,3.344,11.997723612210942,0.39630450201036355,13.459398181484046,1.4616745692731037,0.6757511790669888,1.9147199873045273,40.252732561496316,0.5983133240549341,0.0
human_synthetic:D05:A3,D05,A3,33,1766197833574,3.449,12.18103208102236,0.3367447025199783,11.545532657827827,-0.635499423194533,0.48494303918364745,-1.817220379841346,40.28837950175763,0.3394946691552529,0.0
human_synthetic:D05:A3,D05,A3,34,1766197833680,3.555,12.401204208489956,0.34247003994969943,11.63105796055583,-0.7701462479341252,0.5769709839297569,0.8681881579821644,40.32591630387582,0.35412077469983755,0.0
human_synthetic:D05:A3,D05,A3,35,1766197833787,3.662,12.658204042268947,0.41932140448989497,14.108009870688056,1.4498058284191089,0.6671854459475349,0.8431258132502621,40.35678240378737,0.28846822347241935,0.0
human_synthetic:D05:A3,D05,A3,36,1766197833893,3.768,12.877768687977271,0.3569997616207994,12.124520205989414,-0.7532484819878569,0.5753790505983354,-0.8660980693320712,40.36698228025555,0.09622524969965937,0.0
human_synthetic:D05:A3,D05,A3,37,1766197833999,3.874,13.097015397757815,0.3653237052159142,12.407220177144257,-0.6897952206135578,0.5745458851691421,-0.007860051218804873,40.37,0.028469054192778717,0.0
human_synthetic:D05:A3,D05,A3,38,1766197834107,3.982,13.353023840688364,0.44272272095910276,14.757424031970093,1.404400191281729,0.6584579293481182,0.7769633720275567,40.35295659338729,-0.15780932048809543,0.0
human_synthetic:D05:A3,D05,A3,39,1766197834213,4.088,13.534506806548361,0.3745516296585151,12.720621384628814,-0.8138854219195473,0.47558429208594616,-1.725222993039359,40.35711173780216,0.039199475612083506,0.0
human_synthetic:D05:A3,D05,A3,40,1766197834320,4.195,13.752727549139529,0.3804623270454293,12.800601657603229,-0.9521258915362996,0.5665128312335621,0.8497994312861303,40.34684033714597,-0.09599439865601793,0.0
human_synthetic:D05:A3,D05,A3,41,1766197834427,4.302,13.970582471883425,0.4631637158719007,15.583078291017221,1.6124958191337964,0.5655631431565318,-0.008875589504956361,40.331369061085894,-0.14459136504750494,0.0
human_synthetic:D05:A3,D05,A3,42,1766197834532,4.407,14.151015264280737,0.3918680977511239,13.43547763718139,-0.7155376270993461,0.47733542962251735,-0.8402639384191851,40.30119444158274,-0.28737732860149445,0.0
human_synthetic:D05:A3,D05,A3,43,1766197834640,4.515,14.368116668019312,0.39687508348235895,13.229169449411966,-1.1389472186073455,0.5583883841012716,0.7504903192477242,40.27003198122005,-0.28854129965444136,0.0
human_synthetic:D05:A3,D05,A3,44,1766197834746,4.621,14.584817904195372,0.4842183248577015,16.44515065554458,1.8603327513492083,0.5678753568555092,0.08949974296450565,40.2427279385529,-0.2575853081805664,0.0
human_synthetic:D05:A3,D05,A3,45,1766197834853,4.728,14.764104812251965,0.4094794776945341,13.7768796233675,-0.9872251888844641,0.4654384944355966,-0.9573538543917063,40.204049021074276,-0.36148521008056245,0.0
human_synthetic:D05:A3,D05,A3,46,1766197834960,4.835,14.942999217868744,0.41770519680027407,14.053632789541933,-0.8893664283268112,0.464419536907523,-0.009522967552089458,40.156193904541546,-0.44724407974514335,0.0
human_synthetic:D05:A3,D05,A3,47,1766197835067,4.942,15.158463750787176,0.505793596370365,17.017354644236583,1.8588908934494075,0.5593575620935464,0.8872712634207789,40.09561343348784,-0.5661726266700676,0.0
human_synthetic:D05:A3,D05,A3,48,1766197835172,5.047,15.336529263952377,0.4242313864514167,14.545076106905716,-0.7914531570466607,0.47107278615132014,-0.840807389925964,40.06024249239793,-0.3368661056183122,0.0
human_synthetic:D05:A3,D05,A3,49,1766197835282,5.157,15.477236012956023,0.43004394722852773,14.074165545660907,-1.403070467295116,0.3553200732415314,-1.0522973900889885,40.00791755314197,-0.4756812659632136,0.0
human_synthetic:D05:A3,D05,A3,50,1766197835389,5.264,15.691390882024152,0.520111960499586,17.499093998116912,1.8077031160927604,0.5559576040190237,1.8751171100700215,39.94466732758037,-0.5911236033794692,0.0
human_synthetic:D05:A3,D05,A3,51,1766197835497,5.372,15.831267189635762,0.43888355429395715,14.629451809798573,-1.2018153798371891,0.3597641656677214,-1.8166059106602066,39.88693495108129,-0.5345590416581032,0.0
human_synthetic:D05:A3,D05,A3,52,1766197835604,5.479,16.007619496065697,0.4434157549308477,14.918660913561235,-1.0889585825044623,0.4578201101504031,0.9164106960998288,39.84132909502634,-0.42622295378456015,0.0
human_synthetic:D05:A3,D05,A3,53,1766197835713,5.588,16.146654418148227,0.5384349193518085,17.78317164831661,1.6365172301683835,0.3543193732990079,-0.9495480445082125,39.77601720961231,-0.5991916093029256,0.0
human_synthetic:D05:A3,D05,A3,54,1766197835821,5.696,16.322113279266507,0.4516770878666099,15.055902928886997,-1.2662103503795095,0.4512830790079256,0.8978120898973857,39.71638082992684,-0.5521887007912736,0.0
human_synthetic:D05:A3,D05,A3,55,1766197835931,5.806,16.460280831851943,0.5485832781868916,17.953634558843724,1.4933537269917814,0.34890796107432853,-0.9306828903054277,39.64554803901346,-0.6439344628489607,0.0
human_synthetic:D05:A3,D05,A3,56,1766197836039,5.914,16.634818903359413,0.46277196354998196,15.425732118332734,-1.2090867850266793,0.4489147929718876,0.9259891842366579,39.58539598519901,-0.5569634612448929,0.0
human_synthetic:D05:A3,D05,A3,57,1766197836147,6.022,16.772095209312656,0.5584130220791488,18.61376740263829,1.8416721933256355,0.3530769186040195,-0.887387725628408,39.5304190717136,-0.5090454952352275,0.0
human_synthetic:D05:A3,D05,A3,58,1766197836254,6.129,16.908928825071634,0.4690755862163234,15.78198233998845,-1.1269464850831845,0.3552274552413742,0.02009847324630566,39.47475805342971,-0.5201964325598081,0.0
human_synthetic:D05:A3,D05,A3,59,1766197836367,6.242,17.082050814775673,0.5680940084047246,18.09857017926556,1.0165193644898878,0.4255702795084616,0.6225028696202423,39.39292658118313,-0.7241723207660438,0.0
human_synthetic:D05:A3,D05,A3,60,1766197836474,6.349,17.217962241553188,0.4777030798711117,16.07225315454208,-1.1457090870111095,0.3528334028492067,-0.6797838940117279,39.350013995875294,-0.40105219913874796,0.0
human_synthetic:D05:A3,D05,A3,61,1766197836582,6.457,17.353417728965177,0.4818656432861886,16.06218810953962,-1.2912296194255575,0.34839374334359074,-0.04110795838533313,39.30181930244138,-0.4462471614251247,0.0
human_synthetic:D05:A3,D05,A3,62,1766197836689,6.564,17.52507701598324,0.5833765607583833,19.627622604954954,2.102545588971715,0.44563677834387744,0.9088134112176327,39.24165917532924,-0.5622441786181405,0.0
human_synthetic:D05:A3,D05,A3,63,1766197836797,6.672,17.659584943531936,0.48953850342819705,16.317950114273234,-1.3416348292587017,0.34595660377751475,-0.9229645793181731,39.19975709705523,-0.3879822062407988,0.0
human_synthetic:D05:A3,D05,A3,64,1766197836904,6.779,17.757014157198693,0.49426964566986825,16.629632938425477,-1.1273812187732162,0.2529314996540962,-0.869393496480547,39.13603001874876,-0.5955801710885115,0.0
human_synthetic:D05:A3,D05,A3,65,1766197837015,6.89,17.89061313447239,0.5979926782384577,19.394357132058087,1.5037439975856977,0.3343317749591979,0.7333358135594746,39.087413862479956,-0.437983389808942,0.0
human_synthetic:D05:A3,D05,A3,66,1766197837124,6.999,18.02374146654452,0.5000384661249909,16.515031908715297,-1.5087095578292242,0.33926690130512804,0.045276388494771835,39.05657154220928,-0.28295706670334786,0.0
human_synthetic:D05:A3,D05,A3,67,1766197837232,7.107,18.156397239146234,0.6047164101386711,20.157213671289036,2.000816432142802,0.34119283076571594,0.01783268019062865,39.01719717138805,-0.36457750760403257,0.0
human_synthetic:D05:A3,D05,A3,68,1766197837339,7.214,18.252074746418714,0.5061005319791463,17.02768144976567,-1.2243932966530444,0.24838397526604705,-0.8673724813053167,38.986477178777086,-0.2871027346818197,0.0
human_synthetic:D05:A3,D05,A3,69,1766197837449,7.324,18.383809432109253,0.6123512414699896,20.04058608447239,1.6567766523631384,0.33266334770337996,0.7661761130666628,38.9635959096737,-0.2080115373034501,0.0
human_synthetic:D05:A3,D05,A3,70,1766197837558,7.433,18.51506847706439,0.5133253129856558,16.953863548150096,-1.561204928914293,0.3345031726685418,0.016879128120750726,38.952145961582346,-0.10504539533352009,0.0
human_synthetic:D05:A3,D05,A3,71,1766197837668,7.543,18.609433744804626,0.6205357818304654,20.30844376899705,1.6990100241924253,0.23829613065716837,-0.8746094728306675,38.9335409842104,-0.16913615792682116,0.0
human_synthetic:D05:A3,D05,A3,72,1766197837777,7.652,18.703382386128908,0.5189574153999319,17.139877939814266,-1.5635044463146421,0.239420594608257,0.010316183037510245,38.91424494936165,-0.17702784264921578,0.0
human_synthetic:D05:A3,D05,A3,73,1766197837886,7.761,18.796916079062584,0.6266339634026092,20.696167598618285,1.8992515195557012,0.23836313183913985,-0.009701493294652662,38.8852077000662,-0.26639678252698923,0.0
human_synthetic:D05:A3,D05,A3,74,1766197837997,7.872,18.853709849778493,0.5243292910172684,17.005274303262762,-1.8484355465157307,0.14212655334311275,-0.8669962026669108,38.86415502241486,-0.1896637626246887,0.0
human_synthetic:D05:A3,D05,A3,75,1766197838109,7.984,18.946451160976412,0.6302735928715182,20.258794056584513,1.3123428956081007,0.2300131726138886,0.7847019577747844,38.84347910369955,-0.1846064171010044,0.0
human_synthetic:D05:A3,D05,A3,76,1766197838218,8.093,19.002520686786802,0.5289950925866825,17.471397553321626,-1.5311231334651758,0.1428886998225995,-0.7993070898283403,38.824141046674605,-0.17741336720140422,0.0
human_synthetic:D05:A3,D05,A3,77,1766197838327,8.202,19.09448211591455,0.6353417928893204,20.9837656367115,1.8892835207969512,0.23435634334288652,0.8391526928466699,38.810092017043104,-0.12889018010557698,0.0
human_synthetic:D05:A3,D05,A3,78,1766197838436,8.311,19.149842864340858,0.5318775884458309,17.566599251421938,-1.5832436129189205,0.14108243737591206,-0.8557239079538942,38.80174374155606,-0.07658968336731584,0.0
human_synthetic:D05:A3,D05,A3,79,1766197838545,8.42,19.168704802059796,0.5334671418946766,17.619098264411335,-1.5496065376484616,0.04806813893715433,-0.8533421875115387,38.79342512428721,-0.07631758962252874,0.0
human_synthetic:D05:A3,D05,A3,80,1766197838654,8.529,19.259575210852205,0.6409711827797798,21.169690440433097,1.9101152295808923,0.231575965322144,1.683558040229263,38.79,-0.03142315859833716,0.0
human_synthetic:D05:A3,D05,A3,81,1766197838767,8.642,19.313957459803195,0.6441860445538459,20.522741242423407,1.2087837826202126,0.13368301118729098,-0.8663093286270178,38.78025067095024,-0.08627724822791058,0.0
human_synthetic:D05:A3,D05,A3,82,1766197838875,8.75,19.404091764173735,0.5393232490237436,17.977441634124787,-1.426650130048948,0.23182691453327708,0.9087398457961676,38.75572328344551,-0.22710543985850876,0.0
human_synthetic:D05:A3,D05,A3,83,1766197838984,8.859,19.421782920350076,0.5414743916249867,17.88355788853167,-1.5382250318184063,0.04508449586223713,-1.7132331988168805,38.72695755387192,-0.2639057759045191,0.0
human_synthetic:D05:A3,D05,A3,84,1766197839093,8.968,19.47523852177749,0.6500063019076892,21.468098044657623,1.9928595228801314,0.13622732269983573,0.8361727232807211,38.69596834961113,-0.2843046262456616,0.0
human_synthetic:D05:A3,D05,A3,85,1766197839202,9.077,19.528398105798,0.5433114212547342,17.944230426761866,-1.5841676790361348,0.13547294602576168,-0.006920886918110529,38.66486584096491,-0.28534411602044024,0.0
human_synthetic:D05:A3,D05,A3,86,1766197839314,9.189,19.61719750933448,0.6530861861814717,20.99205598440445,1.374858475069967,0.22023661591389196,0.7568184811440203,38.62764920505993,-0.3322913920086482,0.0
human_synthetic:D05:A3,D05,A3,87,1766197839427,9.302,19.669750820794427,0.6559558606924888,20.89770883622088,1.2279580154264522,0.12918709798413078,-0.8057479462810724,38.60124385489823,-0.23367566514774912,0.0
human_synthetic:D05:A3,D05,A3,88,1766197839537,9.412,19.686171179010802,0.5466835863542221,17.891462826138177,-1.7947083528726253,0.04146555105145308,-0.7974686084788881,38.61549041055475,0.1295141423319344,0.0
human_synthetic:D05:A3,D05,A3,89,1766197839645,9.52,19.70239595862106,0.5478708698896554,18.262362329655183,-1.4400336289658782,0.04173040023214692,0.002452307228646661,38.612785861572554,-0.0250421202055038,0.0
human_synthetic:D05:A3,D05,A3,90,1766197839756,9.631,19.71843380134265,0.6580538419056374,21.34228676450716,1.6238529631645129,0.04013474154551866,-0.014375303483137486,38.59486360243395,-0.1614617940414486,0.0
human_synthetic:D05:A3,D05,A3,91,1766197839865,9.74,19.734293543814363,0.5490891562350168,18.135054701340003,-1.5992388424743602,0.0404172845864253,0.0025921379899691956,38.56676383377493,-0.25779604274328727,0.0
human_synthetic:D05:A3,D05,A3,92,1766197839975,9.85,19.749984212078616,0.6611219123881543,21.636717132703232,1.8867329206246168,0.039622899657205064,-0.007221681174729433,38.550000000000004,-0.15239848886287952,0.0
human_synthetic:D05:A3,D05,A3,93,1766197840092,9.967,19.801192840814366,0.6607665116984831,20.33127728303025,0.5300844422158839,0.12157794096807029,0.7004704385544036,38.54273850298764,-0.062064077028762606,0.0
human_synthetic:D05:A3,D05,A3,94,1766197840208,10.083,19.81653659562591,0.5518051606056211,17.12498774293307,-2.69154885269284,0.036742707882047566,-0.7313382162588166,38.54,-0.023607784376328458,0.0
human_synthetic:D05:A3,D05,A3,95,1766197840322,10.197,19.831739310916294,0.6616425939843998,20.893976652138942,1.062237341222648,0.03704365324167494,0.002639871575678714,38.54535525073198,0.046975883613866065,0.0
human_synthetic:D05:A3,D05,A3,96,1766197840435,10.31,19.84681072959091,0.6629868351578119,21.12170448290374,1.2748937533128313,0.03704871847250489,4.482505159248599e-05,38.5447817023295,-0.005075649579516439,0.0
human_synthetic:D05:A3,D05,A3,97,1766197840548,10.423,19.86176075379732,0.6631613994595205,21.127265823489147,1.2655050696918266,0.03675030532549777,-0.0026408243097975144,38.55215200291753,0.06522389900916917,0.0
human_synthetic:D05:A3,D05,A3,98,1766197840668,10.543,19.91209336590416,0.6636341719492989,19.909025158478965,-0.0030682074251942026,0.11651067617323523,0.6646697570644788,38.5665327167655,0.11983928206641774,0.0
human_synthetic:D05:A3,D05,A3,99,1766197840779,10.654,19.962250841249887,0.5538133338650321,17.961513530757795,-2.0007373104920916,0.12551920757189197,0.08115794052843915,38.560584876970395,-0.05358414229831068,0.0
human_synthetic:D05:A3,D05,A3,100,1766197840897,10.772,19.976823529975142,0.6677067862404303,20.370715512419913,0.39389198244477086,0.034304822799569604,-0.773003260782393,38.55457053164535,-0.05096902817832084,0.0
human_synthetic:D05:A3,D05,A3,101,1766197841012,10.887,19.95593300887406,0.6655994338683697,20.83615619066201,0.8802231817879509,-0.050460195896338274,-0.7370871190948511,38.549467878563355,-0.04437089636513994,0.0
human_synthetic:D05:A3,D05,A3,102,1766197841128,11.003,19.97039266415718,0.665176950165994,20.643422591358433,0.6730299272012523,0.03462561131015652,0.733498337987024,38.52254712773973,-0.2320754381346609,0.0
human_synthetic:D05:A3,D05,A3,103,1766197841243,11.118,20.020102150833065,0.5552245741721994,17.38094319147755,-2.639158959355516,0.120071223854793,0.7430053264750998,38.51394544271959,-0.0747972610448098,0.0
human_synthetic:D05:A3,D05,A3,104,1766197841359,11.234,20.034417707423675,0.6695156644546956,20.778072345145723,0.7436546377220488,0.034280547391308085,-0.739574797099008,38.52,0.052194459313856724,0.0
human_synthetic:D05:A3,D05,A3,105,1766197841477,11.352,20.0486961258657,0.6690897812671489,20.41290858103166,0.364212455165962,0.03361209614412675,-0.005664841077807893,38.50304169819709,-0.14371442205848803,0.0
human_synthetic:D05:A3,D05,A3,106,1766197841591,11.466,20.02775030989725,0.668694860493308,21.11667980505183,1.0889294951545807,-0.05103756327595159,-0.7425408721059504,38.47499125884529,-0.24605648554211854,0.0
human_synthetic:D05:A3,D05,A3,107,1766197841700,11.575,19.936540085507986,0.5563054484481542,18.37339095792069,-1.5631491275872946,-0.23244195817855348,-1.6642605036935956,38.46616966315807,-0.08093207052485397,0.0
human_synthetic:D05:A3,D05,A3,108,1766197841811,11.686,19.84554555245004,0.6641433894111375,21.539785602523377,1.6942400500733363,-0.2277140466915515,0.04259379718019791,38.4460007685975,-0.1817017527980522,0.0
human_synthetic:D05:A3,D05,A3,109,1766197841921,11.796,19.754776718768863,0.5518017909570749,18.058967704049724,-1.6958090147191385,-0.22921422646762224,-0.013637997964279325,38.4231448956003,-0.2077806636107611,0.0
human_synthetic:D05:A3,D05,A3,110,1766197842031,11.906,19.594139172001473,0.6576801547582817,21.52407779208922,1.9299386200877464,-0.4056503706247257,-1.6039649468827588,38.43159458064164,0.07681531855765074,0.0
human_synthetic:D05:A3,D05,A3,111,1766197842138,12.013,19.538939324432132,0.5443482895281597,18.31452189066706,-1.2244174337650726,-0.14330178496713453,2.4518559407251512,38.454187032808946,0.21114441277865817,0.0
human_synthetic:D05:A3,D05,A3,112,1766197842248,12.123,19.553882183164387,0.6528765866915315,21.366870109904667,1.8129879267402806,0.037734491748121386,1.6457843337750537,38.42856697876548,-0.23290958221325167,0.0
human_synthetic:D05:A3,D05,A3,113,1766197842358,12.233,19.498985831039132,0.5440649908584226,17.80576333718474,-1.6932224938543925,-0.13862715183145272,-1.6032876689052191,38.41230306254758,-0.14785378379904365,0.0
human_synthetic:D05:A3,D05,A3,114,1766197842470,12.345,19.514110063570744,0.6504040504284289,20.905844478056643,1.3917344144858994,0.037510497350227,1.572657581979283,38.41022835015399,-0.01852421779981382,0.0
human_synthetic:D05:A3,D05,A3,115,1766197842579,12.454,19.49443208912759,0.5435486198409197,17.95206450850744,-1.542367580620148,-0.05014774322924459,-0.8042040420135007,38.38676117738683,-0.21529516300155585,0.0
human_synthetic:D05:A3,D05,A3,116,1766197842688,12.563,19.474906731953787,0.6502315589373033,21.47553772636965,2.0006309944158644,-0.04975881033079039,0.003568191728937628,38.36731249627152,-0.17842826711290782,0.0
human_synthetic:D05:A3,D05,A3,117,1766197842802,12.677,19.490348522945947,0.5418893461350829,17.11229514110788,-2.3780533818380682,0.0376261963746584,0.7665351465390245,38.3577657666969,-0.08374324188265977,0.0
human_synthetic:D05:A3,D05,A3,118,1766197842914,12.789,19.436355142042004,0.6498093035641992,20.886727614563544,1.45037247252154,-0.13391215501970136,-1.5315924231639262,38.32668108460411,-0.27754180439996745,0.0
human_synthetic:D05:A3,D05,A3,119,1766197843027,12.902,19.45208521493041,0.6500110661699774,20.708317152317864,1.2562319373874544,0.03866782912587425,1.5272564968635007,38.251438671474126,-0.6658620630972097,0.0
human_synthetic:D05:A3,D05,A3,120,1766197843137,13.012,19.43323924821059,0.5414109739906015,17.718904603328777,-1.7143346448818129,-0.04759082505004483,-0.7841695834174461,38.21121679126267,-0.3656534564677052,0.0
human_synthetic:D05:A3,D05,A3,121,1766197843248,13.123,19.4492660374887,0.6484548735030291,21.03096887036851,1.5817028328798095,0.040107080275551404,0.7900712191495156,38.16897496807917,-0.38055696561713914,0.0
human_synthetic:D05:A3,D05,A3,122,1766197843363,13.238,19.430804727943187,0.5417794063508444,16.960050981417737,-2.4707537465254497,-0.04459253513408951,-0.7365183948664427,38.16095294264027,-0.06975674294687412,0.0
human_synthetic:D05:A3,D05,A3,123,1766197843477,13.352,19.447170843083804,0.6494693407209141,20.509558128028864,1.0623872849450606,0.039878448198382904,0.7409735380041439,38.15134004526341,-0.08432366120047662,0.0
human_synthetic:D05:A3,D05,A3,124,1766197843593,13.468,19.463706374014713,0.6491383734669977,20.145673659320614,0.6819672853059018,0.03959657789968594,-0.0024299163680772972,38.16650661657302,0.13074630439315968,0.0
human_synthetic:D05:A3,D05,A3,125,1766197843709,13.584,19.411342663972174,0.6496597148868886,20.161853220627577,0.7505105566554029,-0.125392025963936,-1.4223155505484648,38.17,0.03011537437056051,0.0
human_synthetic:D05:A3,D05,A3,126,1766197843821,13.696,19.324786298072496,0.5386485627548568,17.313703802834684,-2.0110824952378117,-0.21467352653689994,-0.7971562551157495,38.17,0.0,0.0
human_synthetic:D05:A3,D05,A3,127,1766197843933,13.808,18.583536920175085,0.6358913744098494,20.439365606030876,1.8558286858557906,-1.8384161158169923,-14.497701690000824,38.16231843453768,-0.06858540591357455,0.0
human_synthetic:D05:A3,D05,A3,128,1766197844047,13.922,17.32711571649138,0.5989729589975197,18.914935547290096,1.5878198307987148,-3.0614551746678904,-10.728412796937702,38.15071071350206,-0.10182211434763949,0.0
human_synthetic:D05:A3,D05,A3,129,1766197844161,14.036,16.245195123654195,0.46736197266887414,14.758799136911815,-1.4863959867423802,-2.636258754476575,3.72979315957294,38.126160685154666,-0.21535112585431243,0.0
human_synthetic:D05:A3,D05,A3,130,1766197844272,14.147,14.890238302777787,0.5202865976961093,16.874159925279223,1.9839216225014358,-3.3907828350260485,-6.797514239184444,38.12823678793646,0.018703628664734177,0.0
human_synthetic:D05:A3,D05,A3,131,1766197844387,14.262,13.469051816149399,0.4735251442016945,14.823395818487828,1.3543440023384292,-3.4328176005516604,-0.3655197002227123,38.1302614546429,0.017605797447241337,0.0
human_synthetic:D05:A3,D05,A3,132,1766197844502,14.377,12.256401264376585,0.358267532369178,11.215331448078617,-1.0410698162979681,-2.9291076129778117,4.380086848468249,38.139132316491036,0.07713792911436425,0.0
human_synthetic:D05:A3,D05,A3,133,1766197844617,14.492,10.805774583689447,0.3849958591765929,12.052044287267256,1.2462697035778092,-3.503929180403716,-4.998448412399165,38.14976707022925,0.09247611946262702,0.0
human_synthetic:D05:A3,D05,A3,134,1766197844728,14.603,9.597563015324644,0.34128303215843264,11.068638880814031,1.4710758654893876,-3.0235524733853905,4.327718081246174,38.14465310187279,-0.046071786995083595,0.0
human_synthetic:D05:A3,D05,A3,135,1766197844839,14.714,8.665392614688853,0.2542315273869563,8.245346834171556,-0.420045780517297,-2.3327587603498263,6.223366784104181,38.161388455704916,0.15076895344263247,0.0
human_synthetic:D05:A3,D05,A3,136,1766197844951,14.826,7.83746060376578,0.26907044295605215,8.648692809301677,0.8112322055358971,-2.0534028048687327,2.4942496025097642,38.171756901317735,0.09257540725725123,0.0
human_synthetic:D05:A3,D05,A3,137,1766197845068,14.943,7.5922866512639,0.2541529083348128,7.820089487225009,0.22780283596110884,-0.5820844076492868,12.57537091640552,38.19096610426356,0.16418122175923794,0.0
human_synthetic:D05:A3,D05,A3,138,1766197845182,15.057,7.5184754809794,0.209540530737774,6.617069391719179,-0.9014060892602211,-0.17985177944566577,3.5283563877510615,38.22139065107834,0.26688198960325654,0.0
human_synthetic:D05:A3,D05,A3,139,1766197845297,15.172,7.444902472558093,0.2501486231200434,7.830739506366576,0.38583703380848267,-0.17771258072779136,0.01860172798151659,38.240892472061226,0.16958105202518156,0.0
human_synthetic:D05:A3,D05,A3,140,1766197845409,15.284,7.439821658030197,0.2483084459762741,7.981342906380239,0.5415212483500422,-0.01260122650768263,1.4742085198223993,38.27278834677644,0.28478459567158965,0.0
human_synthetic:D05:A3,D05,A3,141,1766197845521,15.396,7.366675868794424,0.2074305398999794,6.667410211070766,-0.6992656577236582,-0.18141316774745017,-1.5072494753550671,38.28888349322535,0.14370666472248875,0.0
human_synthetic:D05:A3,D05,A3,142,1766197845637,15.512,7.29376540663171,0.24410744208161453,7.575748202532864,0.28198279590115405,-0.1745940185888729,0.058785768608424646,38.3079261518936,0.1641608505882812,0.0
human_synthetic:D05:A3,D05,A3,143,1766197845752,15.627,7.255150273829592,0.24256928972935624,7.5934734176146295,0.33832314378503714,-0.0932732676379683,0.7071369647904749,38.33013835497801,0.1931495920384508,0.0
human_synthetic:D05:A3,D05,A3,144,1766197845863,15.738,7.250766817712353,0.2026189100277419,6.571424109007846,-0.6793427087045076,-0.010969609902999788,0.7414743940087253,38.345896062554274,0.1419613295158203,0.0
human_synthetic:D05:A3,D05,A3,145,1766197845974,15.849,7.280555458720165,0.2431021834836492,7.884395140010245,0.6038396812900801,0.07454614866819753,0.770412239380156,38.35,0.03697240942102809,0.0
human_synthetic:D05:A3,D05,A3,146,1766197846085,15.96,7.276456523179787,0.20347880291524664,6.599312526980973,-0.6771439961988142,-0.010257596447393479,-0.7639977037440632,38.35691429250546,0.06229092347258007,0.0
human_synthetic:D05:A3,D05,A3,147,1766197846201,16.076,7.306496843900934,0.2436790933114813,7.562454620011488,0.25595777611055404,0.07193563391079356,0.7085623306740262,38.37900622291666,0.19044767595856085,0.0
human_synthetic:D05:A3,D05,A3,148,1766197846315,16.19,7.302693186888673,0.24436715391989364,7.7168574922071675,0.41416430531849446,-0.009268170107846809,-0.7123140703389506,38.38425279742506,0.04602258340718547,0.0
human_synthetic:D05:A3,D05,A3,149,1766197846431,16.306,7.332998531748998,0.2453330157835812,7.6137832484559675,0.2807847167069699,0.07257027025939701,0.7055037962693432,38.38,-0.03666204676782289,0.0
human_synthetic:D05:A3,D05,A3,150,1766197846544,16.419,7.363433097667005,0.20416197728916585,6.504275382663691,-0.8591577150033141,0.07481456715341002,0.019861034460292117,38.384666785489806,0.04129898663542708,0.0
human_synthetic:D05:A3,D05,A3,151,1766197846653,16.528,7.3600833032817,0.24702796515131667,8.158721784814128,0.7986384815324286,-0.008536682939106761,-0.7646903678212549,38.39988881639514,0.13965165968197069,0.0
human_synthetic:D05:A3,D05,A3,152,1766197846764,16.639,7.289094175431671,0.20427016273780726,6.624978250955912,-0.6641159244757597,-0.17765047009516416,-1.523547632036553,38.41736791971696,0.15746939929566178,0.0
human_synthetic:D05:A3,D05,A3,153,1766197846876,16.751,7.11666162337454,0.24186428098674642,7.7742090317168495,0.6575474083423094,-0.427660099348046,-2.232228832615016,38.43,0.11278643109845023,0.0
human_synthetic:D05:A3,D05,A3,154,1766197846986,16.861,6.910651828251027,0.2318607486119163,7.588169954571806,0.6775181263207788,-0.5202267553624054,-0.8415150546759943,38.43,0.0,0.0
human_synthetic:D05:A3,D05,A3,155,1766197847099,16.974,6.7049546142086704,0.18916090827944446,6.026365219522124,-0.6785893946865462,-0.5056470355023522,0.1290240695579923,38.43227376521029,0.020121816020395096,0.0
human_synthetic:D05:A3,D05,A3,156,1766197847214,17.089,6.46570495893943,0.2201550270758056,6.891809543242609,0.42610458430317966,-0.5778977180416441,-0.6282668046894947,38.437925001542744,0.049141185499603,0.0
human_synthetic:D05:A3,D05,A3,157,1766197847323,17.198,6.294445063710515,0.17803971737042493,5.8802108489314655,-0.4142342147790492,-0.4364421387077346,1.2977576085679776,38.43,-0.07270643617184008,0.0
human_synthetic:D05:A3,D05,A3,158,1766197847437,17.312,6.055774640370668,0.2068324205980285,6.531550124148269,0.4757754837776007,-0.5815556124265263,-1.2729252080595765,38.43,0.0,0.0
human_synthetic:D05:A3,D05,A3,159,1766197847551,17.426,5.885025226449903,0.19827305433119016,6.261254347300742,0.37622912085083904,-0.4160560768049843,1.4517503124696667,38.42990435898723,-0.0008389562523054911,0.0
human_synthetic:D05:A3,D05,A3,160,1766197847667,17.542,5.815943986735333,0.19600697073372889,6.082974953805379,0.2670309670700455,-0.1654244246038542,2.1606176913890525,38.42051057985442,-0.08098085459316695,0.0
human_synthetic:D05:A3,D05,A3,161,1766197847777,17.652,5.679420924021861,0.1597357912730847,5.227716805300954,-0.4517041187209072,-0.34475520887240485,-1.630279856986824,38.38493919675083,-0.32337621003260997,0.0
human_synthetic:D05:A3,D05,A3,162,1766197847887,17.762,5.644488648763995,0.19077053666700636,6.243399381829299,0.5989107330653036,-0.08821281630774123,2.332203568769669,38.39671180358792,0.10702369851907695,0.0
human_synthetic:D05:A3,D05,A3,163,1766197847999,17.874,5.575910683802774,0.15869824442131455,5.101014999256539,-0.4748956845462349,-0.17008423849509363,-0.7309948409585035,38.4,0.02935889653648311,0.0
human_synthetic:D05:A3,D05,A3,164,1766197848114,17.989,5.541276666151614,0.18707291659826422,5.856195650032619,0.3149189838810056,-0.0836570474665691,0.7515407915523872,38.4,0.0,0.0
human_synthetic:D05:A3,D05,A3,165,1766197848224,18.099,5.473000934257288,0.15495600753325503,5.071287519270165,-0.4017134149871229,-0.17241346437961108,-0.8068765173912907,38.41198847498384,0.1089861362167064,0.0
human_synthetic:D05:A3,D05,A3,166,1766197848337,18.212,5.371091551737959,0.18126634986462092,5.7748571638286315,0.4037656120906723,-0.2505147062913687,-0.6911614328474124,38.42,0.07089845147055333,0.0
human_synthetic:D05:A3,D05,A3,167,1766197848447,18.322,5.2693294003552404,0.17823626496644046,5.833186853447143,0.5638574530919023,-0.2569751297543393,-0.058731122390641814,38.42527464528025,0.04795132072956676,0.0
human_synthetic:D05:A3,D05,A3,168,1766197848557,18.432,5.133931157433946,0.14504852555671402,4.747042654583368,-0.38688850285057796,-0.34191475485175254,-0.7721784099764842,38.43,0.042957770179699845,0.0
human_synthetic:D05:A3,D05,A3,169,1766197848667,18.542,4.931117773380845,0.16835559331431596,5.509819417559432,0.5787016441785866,-0.5121550102351057,-1.5476386853032102,38.43,0.0,0.0
human_synthetic:D05:A3,D05,A3,170,1766197848777,18.652,4.829753437916609,0.13462281991348476,4.405837742623138,-0.42391569529347084,-0.2559705441016065,2.3289496921227197,38.43168810178997,0.015346379908785159,0.0
human_synthetic:D05:A3,D05,A3,171,1766197848891,18.766,4.863603037278005,0.16231259396567038,5.125660862073802,0.26205782479579653,0.08247953060769113,2.9688603044675235,38.44,0.07291138780723279,0.0
human_synthetic:D05:A3,D05,A3,172,1766197849000,18.875,4.897569398607823,0.1359984594351507,4.491692238225161,-0.4058771603826621,0.08656055384764924,0.037440580183101944,38.44,0.0,0.0
human_synthetic:D05:A3,D05,A3,173,1766197849117,18.992,4.931654381728802,0.16425168832560885,5.053898102326427,0.12224372059762434,0.08092351168323669,-0.048179847559081605,38.44144687008588,0.012366410990475392,0.0
human_synthetic:D05:A3,D05,A3,174,1766197849227,19.102,5.0334224780046775,0.16645175865077214,5.447512101297997,0.4140896232933198,0.25699014211079624,1.6006057311596322,38.45000000000001,0.0777557264921246,0.0
human_synthetic:D05:A3,D05,A3,175,1766197849340,19.215,5.101542365747043,0.1417815605388154,4.516934672033057,-0.5846076937139859,0.16745301804907825,-0.7923639297497167,38.45000000000001,0.0,0.0
human_synthetic:D05:A3,D05,A3,176,1766197849451,19.326,5.271164989182681,0.17361393827840071,5.630722322542726,0.35955733336004503,0.4244810396287268,2.3155677619788158,38.46,0.09009009009000815,0.0
human_synthetic:D05:A3,D05,A3,177,1766197849562,19.437,5.440957080533946,0.1492303832718896,4.839904322331554,-0.6010527582023917,0.42490513351167114,0.0038206656121111985,38.46,0.0,0.0
human_synthetic:D05:A3,D05,A3,178,1766197849677,19.552,5.644730038098495,0.18546476624512784,5.805853552021393,0.16112351392289792,0.4922052115085731,0.5852180695382779,38.450354346423026,-0.08387524849537009,0.0
human_synthetic:D05:A3,D05,A3,179,1766197849787,19.662,5.848707055917312,0.191265304727577,6.259591791084339,0.41088473516702706,0.5150934793404469,0.20807516210794372,38.45000000000001,-0.003221331118394036,0.0
human_synthetic:D05:A3,D05,A3,180,1766197849903,19.778,6.0529006092573026,0.16578405232796276,5.14502231362643,-0.9078782956308729,0.48896923692526484,-0.2252089863377765,38.45000000000001,0.0,0.0
human_synthetic:D05:A3,D05,A3,181,1766197850019,19.894,6.257322922973075,0.2020565672490226,6.270721052555873,0.01339812958279829,0.4895170347599924,0.004722395126961908,38.44137582776493,-0.07434631237132329,0.0
human_synthetic:D05:A3,D05,A3,182,1766197850133,20.008,6.495818346553964,0.1751942884228049,5.532451213351734,-0.9633671332022304,0.5811291997585011,0.8036154824430584,38.44701623943702,0.04947729536920912,0.0
human_synthetic:D05:A3,D05,A3,183,1766197850243,20.118,6.7345856843921865,0.21974231103880168,7.191566543088055,0.4569808586958688,0.6029478228237941,0.1983511187753912,38.45000000000001,0.027125096027124197,0.0
human_synthetic:D05:A3,D05,A3,184,1766197850353,20.228,6.973638507638316,0.22887563187738041,7.490475225077905,0.5168367174395891,0.6036687455710328,0.006553843156715205,38.45000000000001,0.0,0.0
human_synthetic:D05:A3,D05,A3,185,1766197850463,20.338,7.17912625063417,0.19679189990830326,6.440462178817198,-0.7386640718169728,0.5189084419087245,-0.7705482151118931,38.45000000000001,0.0,0.0
human_synthetic:D05:A3,D05,A3,186,1766197850577,20.452,7.452653213366003,0.2446978695799768,7.727301144630846,0.2746479312648429,0.6664887006136286,1.2945636728500358,38.442245149368276,-0.06802500554146575,0.0
human_synthetic:D05:A3,D05,A3,187,1766197850690,20.565,7.726528802521765,0.25523831663804664,8.131486193778478,0.4049573912567137,0.6732438278165236,0.05977988675128275,38.448007226087014,0.05099182936924362,0.0
human_synthetic:D05:A3,D05,A3,188,1766197850803,20.678,7.932964129031251,0.21957842566104624,6.995418870617403,-0.9375452584138477,0.5074614712622549,-1.4671005004802535,38.443814477934275,-0.037103965953509885,0.0
human_synthetic:D05:A3,D05,A3,189,1766197850914,20.789,8.207551324681484,0.27061333053370973,8.776648557850047,0.5690972331685629,0.6871551442698517,1.618861918987358,38.44716796445452,0.03021159027243074,0.0
human_synthetic:D05:A3,D05,A3,190,1766197851020,20.895,8.414666985122642,0.23271585133254682,7.903557215067629,-0.5111097700550129,0.5427559235879394,-1.3622567988859646,38.45580104542124,0.08144416006337211,0.0
human_synthetic:D05:A3,D05,A3,191,1766197851134,21.009,8.690013960758277,0.2865244471044253,9.048140434876588,0.3581264741183112,0.6709234299113936,1.12427637125837,38.4667168616509,0.09575277394446857,0.0
human_synthetic:D05:A3,D05,A3,192,1766197851245,21.12,8.931812477924419,0.24559184572005005,7.965140942271893,-0.9666715356525257,0.6051013943096658,-0.5929913117272778,38.47541263439715,0.07834029501126523,0.0
human_synthetic:D05:A3,D05,A3,193,1766197851357,21.232,9.140024985374087,0.3024996142168851,9.723201885542736,0.5831769001686489,0.5164000680795303,-0.7919761270547812,38.480000000000004,0.040958621453971285,0.0
human_synthetic:D05:A3,D05,A3,194,1766197851470,21.345,9.382599615151006,0.3089916953003633,9.843983213108919,0.4613835979579122,0.5962994832274362,0.7070744703354502,38.51301319264572,0.29215214730718003,0.0
human_synthetic:D05:A3,D05,A3,195,1766197851580,21.455,9.523546370513145,0.26361269519822855,8.627324570123845,-0.8962218003893003,0.35592614990438826,-2.1852121211186177,38.525273526973294,0.11145758479616771,0.0
human_synthetic:D05:A3,D05,A3,196,1766197851697,21.572,9.732864082572705,0.3225911450664824,9.925881386660995,0.19301730408828988,0.49695563167037243,1.2053801860340527,38.52,-0.04507288011365597,0.0
human_synthetic:D05:A3,D05,A3,197,1766197851808,21.683,9.908519661680762,0.32882997721127516,10.664756017662977,0.7562363559822156,0.4395785262964364,-0.516910859224649,38.52585114914003,0.05271305531556897,0.0
human_synthetic:D05:A3,D05,A3,198,1766197851918,21.793,10.084530325467982,0.2781409407893465,9.102794425833157,-0.9817358996348258,0.4444713732000505,0.04448042639649163,38.53392572628027,0.07340524672940774,0.0
human_synthetic:D05:A3,D05,A3,199,1766197852028,21.903,10.294989636717858,0.34694911516647553,11.354698314539199,1.059708677821341,0.5314629071966579,0.7908321272418856,38.56308057141531,0.26504404668230563,0.0
human_synthetic:D05:A3,D05,A3,200,1766197852137,22.012,10.50585314296209,0.2926411846615683,9.665213438363724,-0.8406397045983667,0.5373687722839772,0.05418224850751627,38.648681181203024,0.7853266953001692,0.0
human_synthetic:D05:A3,D05,A3,201,1766197852249,22.124,10.68299489031254,0.3560397851844442,11.444135952357135,0.7611410620445955,0.4393396511667861,-0.8752600099749204,38.87034222439143,1.9791164570394568,0.0
human_synthetic:D05:A3,D05,A3,202,1766197852360,22.235,10.826354778254732,0.29939961404593446,9.710257752841118,-1.1160970254136142,0.3587584783338161,-0.7259565120087388,39.21133006046753,3.0719624871720326,0.0
human_synthetic:D05:A3,D05,A3,203,1766197852472,22.347,10.970043937978552,0.3637707298043976,11.692630600855638,0.7225866628770863,0.356371923918206,-0.021308521567947207,39.76824265490531,4.9724338789088405,0.0
human_synthetic:D05:A3,D05,A3,204,1766197852583,22.458,11.114063276837298,0.306585922682194,9.94332722212521,-1.170736054712087,0.36040875590276505,0.036367855716748325,40.39144941811514,5.614475344232632,0.0
human_synthetic:D05:A3,D05,A3,205,1766197852697,22.572,11.189973188009517,0.3736074543701677,11.798130138005295,0.6081569499957773,0.18496567049760956,-1.5389744333785569,41.369233016742186,8.577049110763523,0.0
human_synthetic:D05:A3,D05,A3,206,1766197852812,22.687,11.300363983946324,0.3756923461441945,11.760803879296523,0.46043989535019847,0.2666444346299696,0.7102501228900874,42.59615047200149,10.668847437037366,0.0
human_synthetic:D05:A3,D05,A3,207,1766197852927,22.802,11.44530463796478,0.3802174665029617,11.90245982096228,0.4571551829975,0.3500981981122108,0.7256848998455757,44.007436616257735,12.272053428315234,0.0
human_synthetic:D05:A3,D05,A3,208,1766197853037,22.912,11.59057476168363,0.3196480214588015,10.461207975015322,-1.1293667866683084,0.36684374676477477,0.15223226047785407,45.29511904167345,11.706203867415546,0.0
human_synthetic:D05:A3,D05,A3,209,1766197853150,23.025,11.736173760367395,0.3906420710575669,12.445234122187971,0.7090603618205762,0.3579129761154491,-0.07903336857810336,46.88318842963884,14.05371139792381,0.0
human_synthetic:D05:A3,D05,A3,210,1766197853264,23.139,11.847759401390565,0.3295304627996511,10.406225141041615,-1.4415342603489503,0.27189483680109783,-0.7545450817048356,48.27123273639312,12.175827252230413,0.0
human_synthetic:D05:A3,D05,A3,211,1766197853377,23.252,11.925254292923023,0.39628234547893976,12.624924280744983,0.6996699878219594,0.19049875007978748,-0.7203193515160208,50.09833210414454,16.169020953552476,0.0
human_synthetic:D05:A3,D05,A3,212,1766197853487,23.362,12.00297113899241,0.3994860912918078,13.074090260459164,1.0711191214667544,0.19625466179138004,0.052326470105386956,52.17639361669825,18.89146829594288,0.0
human_synthetic:D05:A3,D05,A3,213,1766197853602,23.477,12.115324715419533,0.3348733773423687,10.482992682021976,-1.6323320333975566,0.27138545030706246,0.6533112044841949,54.07942022019119,16.548057421677797,0.0
human_synthetic:D05:A3,D05,A3,214,1766197853718,23.593,12.193500406943398,0.40497294286990315,12.56812581320389,0.3746254062604919,0.1872023264460362,-0.725716585008847,56.58279390929193,21.580807664661435,0.0
human_synthetic:D05:A3,D05,A3,215,1766197853831,23.706,12.271886581923976,0.4081432186965129,13.002792808030499,0.7309062261065229,0.19268971234163804,0.0485609371292197,59.364183139788494,24.6140639866952,0.0
human_synthetic:D05:A3,D05,A3,216,1766197853947,23.822,12.419476075633945,0.41126432705637356,12.763375667266764,0.3438995916328196,0.35342311712157126,1.3856327998270106,62.28706203714125,25.197231873730566,0.0
human_synthetic:D05:A3,D05,A3,217,1766197854063,23.938,12.498324733337643,0.34677035170401294,10.761838501159023,-1.7364862321786205,0.18881383549736125,-1.4190455312431898,64.86448697297182,22.219180481298086,0.0
human_synthetic:D05:A3,D05,A3,218,1766197854177,24.052,12.64647758835553,0.4232849077067671,13.36689182231896,0.7204142339634299,0.36099623542370135,1.510371929178422,68.0873419291604,28.2706575104263,0.0
human_synthetic:D05:A3,D05,A3,219,1766197854291,24.166,12.760353319677817,0.42493417771266156,13.418974033031416,0.6586207133535993,0.27747497885547595,-0.7326426014756614,71.38127106127122,28.894115193954423,0.0
human_synthetic:D05:A3,D05,A3,220,1766197854408,24.283,12.839864638018586,0.4264225216078311,13.12069297254865,0.28082833453006373,0.18877331040068435,-0.7581339184170223,74.69581418268216,28.32942838812765,0.0
human_synthetic:D05:A3,D05,A3,221,1766197854523,24.398,12.884922826025958,0.3570818556451125,11.178214611499174,-1.7067082145267847,0.10883620291636012,-0.6951052824723846,77.5256211957226,24.60701750469945,0.0
human_synthetic:D05:A3,D05,A3,222,1766197854634,24.509,12.964768223850967,0.43056416488858795,13.964243185575826,0.9994749617248591,0.19981330787039447,0.8196135581444536,80.95708835090194,30.91411851512926,0.0
human_synthetic:D05:A3,D05,A3,223,1766197854746,24.621,13.01009317350575,0.43222454619608286,13.892931842016948,0.882838668511198,0.11241306958031144,-0.7803592704471699,84.30914166694211,29.929047464644245,0.0
human_synthetic:D05:A3,D05,A3,224,1766197854855,24.73,13.055528726013552,0.3621123566044225,11.959674163081843,-1.0958545629317094,0.11578886979562131,0.030970644177154727,87.08562293334352,25.47230519634303,0.0
human_synthetic:D05:A3,D05,A3,225,1766197854963,24.838,13.135819845768175,0.3632281423560706,12.107604745202353,-1.0282151005658218,0.20651008167341625,0.8400112210906939,89.8043505867312,25.173404198034284,0.0
human_synthetic:D05:A3,D05,A3,226,1766197855071,24.946,13.216267376338596,0.43853577467784366,14.617859155928121,1.4015917795895252,0.20691237286630929,0.0037249184527132773,92.96389421275049,29.255033574252643,0.0
human_synthetic:D05:A3,D05,A3,227,1766197855179,25.054,13.22724854620613,0.3675394577733903,12.25131525911301,-0.9759332870931203,0.02824374965929536,-1.6543391037686475,95.53272290169808,23.78545082358867,0.0
human_synthetic:D05:A3,D05,A3,228,1766197855289,25.164,13.27309631147948,0.44290553529599225,14.495090246050655,1.2219939345711754,0.1157771850337093,0.7957585034037631,98.51699036106886,27.129704176098038,0.0
human_synthetic:D05:A3,D05,A3,229,1766197855397,25.272,13.353891559831949,0.3696183759539226,12.32061253179742,-1.0332790280345279,0.2078067087254854,0.8521252193682972,100.9121382643226,22.17729540049776,0.0
human_synthetic:D05:A3,D05,A3,230,1766197855509,25.384,13.434819854835984,0.4469012224110693,14.364682148927228,0.9298622940912438,0.20071501737112252,-0.06331867280681146,103.67488975322152,24.667424008026018,0.0
human_synthetic:D05:A3,D05,A3,231,1766197855616,25.491,13.44602574869825,0.3723521894495248,12.5277372151242,-0.9182885335740512,0.02909110556143632,-1.6039617926138898,105.8731147586252,20.544158929006407,0.0
human_synthetic:D05:A3,D05,A3,232,1766197855724,25.599,13.457236220416881,0.3750039413356913,12.500131377856377,-0.9571048425605042,0.028833517794833473,-0.0023850719129893264,107.95691464598103,19.29444340144294,0.0
human_synthetic:D05:A3,D05,A3,233,1766197855833,25.708,13.503428171508283,0.44946993797240115,14.84487868532701,1.341450513818728,0.11771649105861795,0.815440121686096,110.29034894309247,21.407654101939798,0.0
human_synthetic:D05:A3,D05,A3,234,1766197855942,25.817,13.549670811658006,0.375783456172717,12.411196717631022,-1.138474094026984,0.11784566806758923,0.0011851101740484062,112.0976542525883,16.580782655925056,0.0
human_synthetic:D05:A3,D05,A3,235,1766197856051,25.926,13.56091697405848,0.4511267657554332,14.899599602931739,1.3386826288732578,0.028659944955338433,-0.8182176432316586,114.18154605226157,19.11827339149787,0.0
human_synthetic:D05:A3,D05,A3,236,1766197856158,26.033,13.57214374651424,0.37245342832871453,12.53114338302217,-1.0410003634920688,0.029145307517547663,0.004536098712235796,115.88679094186519,15.936868127136632,0.0
human_synthetic:D05:A3,D05,A3,237,1766197856268,26.143,13.583345323743009,0.44934941273501144,14.705980780418557,1.1226354566755479,0.028286811183762174,-0.007804512125322628,117.90550727142397,18.35196663235272,0.0
human_synthetic:D05:A3,D05,A3,238,1766197856383,26.258,13.629643934473094,0.37902207599518584,11.865038900718861,-1.7646050337542327,0.11183239306783685,0.7264833207310841,119.5999149663057,14.733979955493327,0.0
human_synthetic:D05:A3,D05,A3,239,1766197856495,26.37,13.67596354143371,0.45552365022922664,14.641831614510858,0.9658680730771483,0.1148799775808935,0.02721057600943433,121.6957822813462,18.71310102714726,0.0
human_synthetic:D05:A3,D05,A3,240,1766197856609,26.484,13.687112902558837,0.4562626060424861,14.408292822394298,0.7211799198354605,0.02716705927175268,-0.7694115641152702,123.82443189672846,18.672365047212665,0.0
human_synthetic:D05:A3,D05,A3,241,1766197856717,26.592,13.733428419388183,0.3811659320247615,12.70553106749205,-1.027897351896133,0.1191242716804161,0.8514556704505872,125.5071972623717,15.581160792993177,0.0
human_synthetic:D05:A3,D05,A3,242,1766197856826,26.701,13.814989935266908,0.4598311403557202,15.187083534684337,1.372093599417429,0.20785299663283713,0.8140249995634956,127.31333464807791,16.57006775877268,0.0
human_synthetic:D05:A3,D05,A3,243,1766197856937,26.812,13.861335352381685,0.3842285694629516,12.46146711771735,-1.3998682346643356,0.1159795223092527,-0.82768895787013,128.64919082834,12.034740362721735,0.0
human_synthetic:D05:A3,D05,A3,244,1766197857047,26.922,13.90767292604234,0.4633611209312166,15.164545775930726,1.2568728498883868,0.11701407490064239,0.009405023558088138,130.0563085456704,12.791979248457995,0.0
human_synthetic:D05:A3,D05,A3,245,1766197857157,27.032,13.883343905173616,0.38361887771471403,12.554799634299734,-1.3285442708738824,-0.061436921385665304,-1.6222817844209791,131.13178156819873,9.777027477530385,0.0
human_synthetic:D05:A3,D05,A3,246,1766197857268,27.143,13.964947906048103,0.46265769547041874,15.005114447689257,1.0401665416411543,0.20421421640261941,2.3932534935881504,132.3303640131945,10.79804004500689,0.0
human_synthetic:D05:A3,D05,A3,247,1766197857378,27.253,14.01120109229554,0.3884153247235729,12.711774263680567,-1.2994268286149726,0.11680097537231598,-0.794665827548213,133.2728164733962,8.56774963819734,0.0
human_synthetic:D05:A3,D05,A3,248,1766197857487,27.362,14.057424665787941,0.4687710477229465,15.48234653029915,1.4249218645112087,0.11779707821712596,0.009138558209265787,134.3565537475303,9.94254379939549,0.0
human_synthetic:D05:A3,D05,A3,249,1766197857597,27.472,14.139049549444957,0.39289378125544355,12.858341931996335,-1.2807076174486216,0.20612344357832607,0.802966957829092,135.17848751982777,7.472125202704143,0.0
human_synthetic:D05:A3,D05,A3,250,1766197857708,27.583,14.220688019467545,0.4733230883787222,15.351019082553153,1.1303310630856078,0.20430047553200026,-0.016423135552484796,136.04734241669607,7.827521593408103,0.0
human_synthetic:D05:A3,D05,A3,251,1766197857817,27.692,14.26684455624521,0.39577859212491595,13.071586528896308,-1.1952580273489026,0.11762624051392899,-0.7951764680556997,136.75429387051435,6.485793154296122,0.0
human_synthetic:D05:A3,D05,A3,252,1766197857930,27.805,14.312950333437074,0.4770164085480215,15.196982927193606,0.8840325937565314,0.11333770204489663,-0.03795166786754303,137.51801716207817,6.7586131996798295,0.0
human_synthetic:D05:A3,D05,A3,253,1766197858040,27.915,14.359000410617568,0.3988828193391543,13.05434681473596,-1.304653595881609,0.11628807368811697,0.02682156039291223,138.1193816384234,5.466949784956589,0.0
human_synthetic:D05:A3,D05,A3,254,1766197858150,28.025,14.40498995199741,0.4788264301294959,15.67068316787441,1.2656932158770005,0.11613520550464364,-0.0013897107588484927,138.78832685708406,6.08132016964243,0.0
human_synthetic:D05:A3,D05,A3,255,1766197858260,28.135,14.45091423062909,0.39974475334573495,13.082555564042234,-1.3683586665868557,0.11597040058505764,-0.0014982265416908654,139.34546217375967,5.064866515232842,0.0
human_synthetic:D05:A3,D05,A3,256,1766197858372,28.247,14.496768632502075,0.48357713177120154,15.543550664074337,1.0467820315722616,0.11372619512148693,-0.020037548781881326,139.9437466015325,5.3418252479716495,0.0
human_synthetic:D05:A3,D05,A3,257,1766197858480,28.355,14.542548660523456,0.4046864155908409,13.489547186361364,-1.0530014741620928,0.11774698565170105,0.037229541946427025,140.43901136414357,4.5857848389914055,0.0
human_synthetic:D05:A3,D05,A3,258,1766197858593,28.468,14.623918031138738,0.4874978834295195,15.530906020763451,0.9069879896247137,0.2000230349441523,0.7281066309066482,140.9276090079042,4.323872953633996,0.0
human_synthetic:D05:A3,D05,A3,259,1766197858705,28.58,14.669560575774852,0.40707990979697145,13.084711386331225,-1.5848491894436272,0.11320075554592325,-0.7751989231984736,141.28351678763084,3.177748033273531,0.0
human_synthetic:D05:A3,D05,A3,260,1766197858817,28.692,14.750831964864183,0.49146862788899914,15.797205896432116,1.046373931567933,0.2015659451620268,0.7889749072866389,141.66717988412884,3.425563361589263,0.0
human_synthetic:D05:A3,D05,A3,261,1766197858928,28.803,14.796319200048197,0.4932423148367229,15.997048048758579,1.2007288487103818,0.11383191987991516,-0.790396624163168,142.00412940469278,3.035581266341747,0.0
human_synthetic:D05:A3,D05,A3,262,1766197859037,28.912,14.841710771957413,0.41290186845027627,13.63712593046784,-1.204584841489572,0.11567678875946684,0.01692540256469432,142.26030750486694,2.350257799763008,0.0
human_synthetic:D05:A3,D05,A3,263,1766197859147,29.022,14.887002948694528,0.49122071667059164,16.07631436376482,1.189311415070291,0.11437418367958459,-0.011841864362565927,142.5134200579983,2.3010232102850834,0.0
human_synthetic:D05:A3,D05,A3,264,1766197859257,29.132,14.932192140405967,0.41042988142896514,13.432250664947949,-1.4999414754580176,0.11411412048343485,-0.002364210874088547,142.70867892174795,1.7750805795422118,0.0
human_synthetic:D05:A3,D05,A3,265,1766197859367,29.242,14.977274902209635,0.49975247982204146,16.35553570326681,1.3782608010571753,0.113845358090068,-0.0024432944851531346,142.88278497209723,1.582782275902549,0.0
human_synthetic:D05:A3,D05,A3,266,1766197859475,29.35,15.022247936974027,0.4174065794368649,13.913552647895497,-1.1086952890785309,0.11567138571089153,0.016907663155773384,143.00829700295296,1.1621484338493604,0.0
human_synthetic:D05:A3,D05,A3,267,1766197859585,29.46,15.067108097945493,0.42000465105768237,13.745606761887787,-1.3215013360577057,0.11328323477642596,-0.021710463040596054,143.11764238203168,0.9940489007156181,0.0
human_synthetic:D05:A3,D05,A3,268,1766197859695,29.57,15.14774752754203,0.5050226524842445,16.528014081302548,1.3802665537605172,0.20363492322358245,0.8213789858832409,143.21196249925924,0.8574556111597076,0.0
human_synthetic:D05:A3,D05,A3,269,1766197859809,29.684,15.192393802654996,0.5076649604329513,16.031525066303725,0.8391312636487296,0.1087872200608312,-0.8319973961644846,143.23307290140076,0.1851789661536554,0.0
human_synthetic:D05:A3,D05,A3,270,1766197859918,29.793,15.23691830513129,0.42331684674440145,13.981106864952709,-1.2558114401785812,0.11346713169289831,0.04293496910153304,143.24,0.0635513632958614,0.0
human_synthetic:D05:A3,D05,A3,271,1766197860027,29.902,15.281318509640895,0.5104941158930535,16.860356121238464,1.5790376115975686,0.11315036827116706,-0.002906086437901329,143.23203636418776,-0.0730608790114283,0.0
human_synthetic:D05:A3,D05,A3,272,1766197860137,30.012,15.325592052403685,0.427192017415308,13.980829660864625,-1.34476239153906,0.11180187566361158,-0.012259023705049861,143.20748656807854,-0.22317996462933562,0.0
human_synthetic:D05:A3,D05,A3,273,1766197860247,30.122,15.33374203324032,0.5150421694709306,16.855925546321366,1.5221835130810462,0.020580759688471062,-0.8292828725012774,143.1730813905094,-0.31277434153764716,0.0
human_synthetic:D05:A3,D05,A3,274,1766197860355,30.23,15.341723643539078,0.427073733438677,14.235791114622566,-1.1059325289165116,0.020528833072936875,-0.00048080199568691545,143.12298643789904,-0.4638421537995475,0.0
human_synthetic:D05:A3,D05,A3,275,1766197860467,30.342,15.34953620393876,0.5132871176466985,16.49851449578674,1.14897829184798,0.019376389880159422,-0.010289671364084403,143.06303709191337,-0.5352620177292116,0.0
human_synthetic:D05:A3,D05,A3,276,1766197860578,30.453,15.39322892345482,0.4283998348209609,13.894048696896029,-1.4991802265587921,0.10934113993008707,0.8104932436930418,143.01311324157476,-0.4497644174650021,0.0
human_synthetic:D05:A3,D05,A3,277,1766197860688,30.563,15.400719575161162,0.5143707428059812,16.833951582741204,1.4332320075800418,0.018915787137223236,-0.8220486617533076,142.94150646577233,-0.6509706891129305,0.0
human_synthetic:D05:A3,D05,A3,278,1766197860797,30.672,15.408039766953573,0.42845540206783156,14.15082061875407,-1.2572191481995034,0.018654923018380083,-0.00239324879672618,142.85703304246834,-0.7749855348989918,0.0
human_synthetic:D05:A3,D05,A3,279,1766197860913,30.788,15.379088353974394,0.5142318745356137,15.958920244208702,0.579831890234308,-0.06932809621451597,-0.7584743037318624,142.75406740370943,-0.887634816887216,0.0
human_synthetic:D05:A3,D05,A3,280,1766197861022,30.897,15.313816469065484,0.426806144228303,14.096349717632025,-1.2174667514334594,-0.16634017560883613,-0.8900190770121116,142.67854067523157,-0.6929057658518718,0.0
human_synthetic:D05:A3,D05,A3,281,1766197861133,31.008,15.21217779876763,0.5085046249683915,16.492041890866755,1.2798640920991247,-0.2543510267714064,-0.7928905510141467,142.57950437472093,-0.8922189235193457,0.0
human_synthetic:D05:A3,D05,A3,282,1766197861245,31.12,15.07412856983797,0.41895042596692206,13.466263691793923,-1.6078648780440474,-0.3423840003215812,-0.7860086924122746,142.4909311167454,-0.7908326604957645,0.0
human_synthetic:D05:A3,D05,A3,283,1766197861352,31.227,15.044284107893954,0.5042561875994189,16.965628741662695,1.92134463376874,-0.0774778347456249,2.475758556784638,142.39494161659005,-0.8970981322930355,0.0
human_synthetic:D05:A3,D05,A3,284,1766197861459,31.334,15.086603890911928,0.4187155270655618,14.087625209682454,-0.9989786812294739,0.10986444189504965,1.750862398510977,142.31159809974773,-0.7789113723581246,0.0
human_synthetic:D05:A3,D05,A3,285,1766197861568,31.443,15.12878971628034,0.5049535627338001,16.677365374694315,1.5485756584139754,0.10750720022530938,-0.02162607036458966,142.20478431986618,-0.9799429346931054,0.0
human_synthetic:D05:A3,D05,A3,286,1766197861676,31.551,15.207048780378017,0.42198615104769066,14.066205034923023,-1.140843745454994,0.20128360107427332,0.8683000078607772,142.1221867828653,-0.7647920092673993,0.0
human_synthetic:D05:A3,D05,A3,287,1766197861784,31.659,15.357642827020731,0.42627042154463146,14.209014051487717,-1.1486287755330142,0.38733036687940603,1.722655238936414,142.04772539800305,-0.6894572672430223,0.0
human_synthetic:D05:A3,D05,A3,288,1766197861898,31.773,15.544416185012885,0.5161155312628338,16.2983851977737,0.7539690127608161,0.4551007748346844,0.5944772627655999,141.938354353963,-0.9593951231582958,0.0
human_synthetic:D05:A3,D05,A3,289,1766197862013,31.888,15.69491056437834,0.5221854437273346,16.346674760160038,0.6517641957816984,0.3635129936363675,-0.7964154886810164,141.85152900529766,-0.7550030318725476,0.0
human_synthetic:D05:A3,D05,A3,290,1766197862120,31.995,15.809084677093,0.4367705570646484,14.69508416292275,-1.1140005141702503,0.2964021617722237,-0.6272040361134934,141.77747003509168,-0.6921399084671231,0.0
human_synthetic:D05:A3,D05,A3,291,1766197862229,32.104,15.995714063646462,0.5287801395119262,17.464298185714995,1.468584122068533,0.47561005747568924,1.644109134894179,141.68895730617163,-0.812043384587625,0.0
human_synthetic:D05:A3,D05,A3,292,1766197862336,32.211,16.146018266759892,0.44704979428067954,15.040927658041555,-1.1050906087183368,0.390197827397274,-0.7982451409197687,141.61908073406462,-0.6530520757664116,0.0
human_synthetic:D05:A3,D05,A3,293,1766197862443,32.318,16.259959966082143,0.45102241054649744,15.174585775396176,-1.0853741906859664,0.2957988040556873,-0.8822338630054829,141.55040786791278,-0.6418024874004017,0.0
human_synthetic:D05:A3,D05,A3,294,1766197862550,32.425,16.410115340750096,0.5451479352210966,18.341425857906057,1.9313105171559606,0.38981146071638617,0.8786229594457837,141.48116080895187,-0.6471687753356219,0.0
human_synthetic:D05:A3,D05,A3,295,1766197862658,32.533,16.560199502845514,0.4595459290369208,15.31819763456403,-1.2420018682814842,0.38601893543060367,-0.03511597486835648,141.41317700327664,-0.6294796821780185,0.0
human_synthetic:D05:A3,D05,A3,296,1766197862767,32.642,16.71021097450286,0.5566972237606957,18.386330326041328,1.6761193515384676,0.38229223154267766,-0.03418994392592668,141.3329643741768,-0.7358956798149823,0.0
human_synthetic:D05:A3,D05,A3,297,1766197862875,32.75,16.823811975509773,0.46602602593542275,15.534200864514093,-1.289611110995681,0.29218364456511053,-0.8343387683108068,141.28610710315016,-0.4338636206171558,0.0
human_synthetic:D05:A3,D05,A3,298,1766197862985,32.86,16.97366488188678,0.46998004219428846,15.381165017267623,-1.5924998646191568,0.37841643024495947,0.783934415271354,141.24317513028737,-0.3902906623889893,0.0
human_synthetic:D05:A3,D05,A3,299,1766197863092,32.967,17.087086837007366,0.5698357873442786,19.172045181676665,2.0849583446692996,0.29444952004305985,-0.7847374785224264,141.20374838744655,-0.3684742321571686,0.0
human_synthetic:D05:A3,D05,A3,300,1766197863200,33.075,17.200414746408104,0.477572250461602,15.919075015386735,-1.2813397310213688,0.2914812484586886,-0.02748399615158556,141.17857511820228,-0.23308582633590008,0.0
human_synthetic:D05:A3,D05,A3,301,1766197863309,33.184,17.35002240034696,0.5748141456142659,18.984687378085848,1.6346649777388897,0.3812631344007491,0.8236870269913806,141.16335145774082,-0.13966660973815248,0.0
human_synthetic:D05:A3,D05,A3,302,1766197863417,33.292,17.463172546152027,0.4843018604789032,16.143395349296775,-1.3197771968552523,0.2910240375644822,-0.8355471929283973,141.16624242965926,0.026768258504137908,0.0
human_synthetic:D05:A3,D05,A3,303,1766197863525,33.4,17.57623067675753,0.4867715257809962,16.225717526033208,-1.3505131507243213,0.2907873729565383,-0.002191338962443657,141.17000000000002,0.03479231796993182,0.0
human_synthetic:D05:A3,D05,A3,304,1766197863632,33.507,17.689197966847924,0.5908773833801303,19.87998673054644,2.1907887636985173,0.2932691850737154,0.02319450576801055,141.18381221522526,0.12908612360040714,0.0
human_synthetic:D05:A3,D05,A3,305,1766197863740,33.615,17.802075784053468,0.495283966128325,16.509465537610833,-1.292610246442635,0.2903236039237235,-0.02727389953696188,141.19720498604485,0.12400713721845065,0.0
human_synthetic:D05:A3,D05,A3,306,1766197863845,33.72,17.87845335803412,0.49654535224300256,17.024412076902948,-0.8540412811311704,0.202057074022883,-0.8406336181032431,141.22476933815608,0.26251763915454485,0.0
human_synthetic:D05:A3,D05,A3,307,1766197863952,33.827,18.027569421079402,0.6015696242871302,20.239725676950176,2.2121562558707737,0.3871133516232717,1.7294979214989599,141.28642710519458,0.5762408134438973,0.0
human_synthetic:D05:A3,D05,A3,308,1766197864057,33.932,18.067336754632965,0.5023412815865044,17.223129654394437,-0.8442071002385276,0.10520458612053202,-2.684845385740378,141.33987373664678,0.5090155376400335,0.0
human_synthetic:D05:A3,D05,A3,309,1766197864166,34.041,18.106995944522538,0.6032906017916904,19.92519418761546,1.8181982430929224,0.10106827188983815,-0.03794783697884283,141.42625215338023,0.7924625388390176,0.0
human_synthetic:D05:A3,D05,A3,310,1766197864273,34.148,18.11011184161035,0.4020429168533018,13.526677576372771,-4.58343426523758,0.008089037091939916,-0.8689648111953105,141.52148081969304,0.8899875356337043,0.0
human_synthetic:D05:A3,D05,A3,311,1766197864380,34.255,18.14955992736382,0.6053994471651887,20.368579530791393,2.219019603427572,0.10240936073070551,0.8814983517641645,141.47134920305882,-0.46851978162820407,0.0
human_synthetic:D05:A3,D05,A3,312,1766197864487,34.362,18.188911513288478,0.6074927596667629,20.439008736451836,2.2500972231633583,0.10215884196432605,-0.002341296882051075,141.0845542845099,-3.6149057808311165,0.0
human_synthetic:D05:A3,D05,A3,313,1766197864594,34.469,18.22817059061213,0.5069340164799209,17.05572391895061,-1.1724466716615218,0.10191868464084029,-0.002244460967156606,140.55902880129972,-4.911453114113777,0.0
human_synthetic:D05:A3,D05,A3,314,1766197864703,34.578,18.303802996501005,0.5093975126955711,16.824138033982166,-1.4796649625188394,0.1927431342733802,0.8332518314911918,139.96462298760162,-5.453264345854154,0.0
human_synthetic:D05:A3,D05,A3,315,1766197864811,34.686,18.306427613840714,0.6120484180231766,20.401613934105885,2.095186320265171,0.006750559001312129,-1.722153474741371,139.19621276319347,-7.114909485260584,0.0
human_synthetic:D05:A3,D05,A3,316,1766197864917,34.792,18.30896191957817,0.5088922387084577,17.283132635381584,-1.0258292841965861,0.006641262414716893,-0.001031099873539962,138.5014922511483,-6.553967094765714,0.0
human_synthetic:D05:A3,D05,A3,317,1766197865028,34.903,18.384364568003402,0.6128581139378703,19.876479370957956,1.4921148029545535,0.18869531637945716,1.6401266122949574,137.70794561470979,-7.149068796743429,0.0
human_synthetic:D05:A3,D05,A3,318,1766197865142,35.017,18.423223822854002,0.5140170619268828,16.232117745059455,-2.1911060777945472,0.0946862934956116,-0.8246405516126804,137.08210790326953,-5.489804486318025,0.0
human_synthetic:D05:A3,D05,A3,319,1766197865250,35.125,18.462016149520164,0.6194538078976092,20.64846026325364,2.186444113733476,0.09977450274219253,0.04711304857945308,136.40574042913963,-6.262661797499113,0.0
human_synthetic:D05:A3,D05,A3,320,1766197865359,35.234,18.50074603068328,0.515088049675543,17.012082374605093,-1.488663656078188,0.09870000296411212,-0.009857796129178094,135.92943388275998,-4.369784829171069,0.0
human_synthetic:D05:A3,D05,A3,321,1766197865469,35.344,18.575912913375607,0.618517926249267,20.242404859066923,1.666491945691316,0.18981536033414964,0.8283214306367047,135.4044935092416,-4.77218521380342,0.0
human_synthetic:D05:A3,D05,A3,322,1766197865574,35.449,18.57803661638675,0.4137208456987116,14.184714709670112,-4.393321906716638,0.005618261934242376,-1.754258079999117,135.078852992286,-3.101338256720153,0.0
human_synthetic:D05:A3,D05,A3,323,1766197865680,35.555,18.616606497335983,0.6211872423179327,21.096925210797714,2.480318713461731,0.10107411150218354,0.9005268827164261,134.56328472283764,-4.863851598569355,0.0
human_synthetic:D05:A3,D05,A3,324,1766197865788,35.663,18.65513227338866,0.6219520080736388,20.73173360245463,2.0766013290659693,0.09908893017663557,-0.018381308569888576,134.11463784592775,-4.1541377491656535,0.0
human_synthetic:D05:A3,D05,A3,325,1766197865894,35.769,18.584085680156676,0.5176869068870228,17.581819479181906,-1.0022662009747698,-0.18618079987416497,-2.6912238684037786,133.7594302288293,-3.3510152556456934,0.0
human_synthetic:D05:A3,D05,A3,326,1766197865999,35.874,18.549496372437456,0.5169728602785499,17.724783780978857,-0.8247125914585993,-0.09150610507730288,0.9016637599701152,133.47285468994278,-2.7292908465383228,0.0
human_synthetic:D05:A3,D05,A3,327,1766197866107,35.982,18.47834388950309,0.619582799709385,20.652759990312834,2.1744161008097436,-0.1830053573414789,-0.8472152987423707,133.1720309969522,-2.7854045647275587,0.0
human_synthetic:D05:A3,D05,A3,328,1766197866213,36.088,18.370622335229992,0.5146358062280516,17.47819719265081,-0.8924251425791816,-0.2822891883466889,-0.9366399151434908,132.96615931513298,-1.9421856775397937,0.0
human_synthetic:D05:A3,D05,A3,329,1766197866319,36.194,18.189800357839353,0.5081291585919558,17.257216706896617,-0.9325836509427354,-0.47385214200901876,-1.8071976760597155,132.79978276081513,-1.569590135074056,0.0
human_synthetic:D05:A3,D05,A3,330,1766197866432,36.307,17.97239106827664,0.6034698667049361,19.225588673785573,1.2531976055089338,-0.5344377816192498,-0.5361561027454076,132.59220525301492,-1.8369690955770757,0.0
human_synthetic:D05:A3,D05,A3,331,1766197866537,36.412,17.90105293112522,0.4993183308573198,17.11948562939382,-0.7815673017313998,-0.18872523055931098,3.2925004862851317,132.3740638969675,-2.077536724261195,0.0
human_synthetic:D05:A3,D05,A3,332,1766197866645,36.52,17.866224054922963,0.4971158358191712,16.57052786063904,-1.2956961942839236,-0.089580442907045,0.9180072930765368,132.09823971542482,-2.5539276068766137,0.0
human_synthetic:D05:A3,D05,A3,333,1766197866754,36.629,17.904459096712557,0.5962088641933889,19.691301936662384,1.786842839949827,0.09743894441792984,1.7157741956419712,131.84981434970078,-2.279131795633448,0.0
human_synthetic:D05:A3,D05,A3,334,1766197866864,36.739,17.90615367470996,0.49806367548452596,16.30026574312994,-1.6058879315800176,0.004279237367170326,-0.8469064277341775,131.78864668255412,-0.5560697013332959,0.0
human_synthetic:D05:A3,D05,A3,335,1766197866975,36.85,17.94439494706465,0.5979098576655839,19.391671059424343,1.4472761123596918,0.09569887976649931,0.8236003819759368,131.78733486170265,-0.01181820586909682,0.0
human_synthetic:D05:A3,D05,A3,336,1766197867083,36.958,17.946097329386134,0.4996758319810206,16.65586106603402,-1.2902362633521136,0.004378555353607078,-0.8455585593786318,131.83680300087158,0.4580383256383045,0.0
human_synthetic:D05:A3,D05,A3,337,1766197867195,37.07,17.98436170677176,0.6003586072661224,19.29724094783965,1.3128792410678898,0.09490172962705362,0.808242627441487,131.951383744439,1.023042353280498,0.0
human_synthetic:D05:A3,D05,A3,338,1766197867304,37.179,17.986088474253172,0.499287113318525,16.490216586666882,-1.49587188758629,0.0044005287497760935,-0.8302862465805279,132.10369559269628,1.397356406030129,0.0
human_synthetic:D05:A3,D05,A3,339,1766197867412,37.287,17.98783169120766,0.6009404897678167,20.031349658927223,2.0435179677195627,0.004483582701865753,0.0007690180749042529,132.33686299174283,2.15895739857917,0.0
human_synthetic:D05:A3,D05,A3,340,1766197867518,37.393,18.026159441689146,0.5012462182200507,17.023456467850778,-1.0027029738383675,0.1004395976978172,0.9052454244901079,132.56926991659057,2.1925181589409166,0.0
human_synthetic:D05:A3,D05,A3,341,1766197867625,37.5,18.027950687695448,0.501485481286491,16.872408716181006,-1.1555419715144417,0.004650171355925938,-0.8952282835690772,132.828183308438,2.4197513256770384,0.0
human_synthetic:D05:A3,D05,A3,342,1766197867733,37.608,18.066341269471422,0.6027849711009259,20.092832370030862,2.02649110055944,0.09874120827153883,0.8712133047741935,133.21346514143124,3.5674243795669356,0.0
human_synthetic:D05:A3,D05,A3,343,1766197867840,37.715,18.06819541298172,0.5030478358696578,16.924973917109984,-1.1432214958717353,0.00481345667263292,-0.8778294541953824,133.59064393757964,3.5250354780224247,0.0
human_synthetic:D05:A3,D05,A3,344,1766197867946,37.821,18.106663534042646,0.6036615833280182,20.501714150762883,2.395050616720237,0.10080744512821148,0.9056036646752695,134.07507608926045,4.5701146384981755,0.0
human_synthetic:D05:A3,D05,A3,345,1766197868052,37.927,18.108594623683913,0.5038430733711858,17.11165154845537,-0.9969430752285433,0.0050605074456652795,-0.9032729970051528,134.50094335904183,4.017615752654509,0.0
human_synthetic:D05:A3,D05,A3,346,1766197868157,38.032,18.14715418940221,0.5060094692286901,17.348896087840803,-0.7982581015614088,0.10200943311719106,0.9233231016335789,134.94111470669924,4.19210807292773,0.0
human_synthetic:D05:A3,D05,A3,347,1766197868263,38.138,18.149175377680827,0.5055720521633525,17.170371582906316,-0.9788037947745103,0.005296614985892945,-0.9123850767103596,135.36686896764644,4.016549631577369,0.0
human_synthetic:D05:A3,D05,A3,348,1766197868371,38.246,18.18783941228662,0.6061955328910249,20.206517763034164,2.0186783507475425,0.09944453345111659,0.8717399857891078,135.87479155572282,4.702986926633175,0.0
human_synthetic:D05:A3,D05,A3,349,1766197868478,38.353,18.22656240571539,0.5059540062589676,17.02275161245125,-1.203810793264143,0.1005269819023103,0.01011634066536175,136.29891817685248,3.963800197473449,0.0
human_synthetic:D05:A3,D05,A3,350,1766197868585,38.46,18.228743454281016,0.5072647078653748,17.0668499842556,-1.161893470025415,0.005662119848454365,-0.8865874958304293,136.70436805432428,3.7892511913251927,0.0
human_synthetic:D05:A3,D05,A3,351,1766197868691,38.566,18.267588747096585,0.6092940011399138,20.69300381229896,2.425415065202376,0.10179584071166163,0.9069218949359176,137.18134350737768,4.499768425032063,0.0
human_synthetic:D05:A3,D05,A3,352,1766197868799,38.674,18.269888501480015,0.5082493221845106,16.94164407281702,-1.3282444286629946,0.0059150061302222145,-0.8877855053836984,137.5665924433206,3.56711977724918,0.0
human_synthetic:D05:A3,D05,A3,353,1766197868906,38.781,18.27224887108974,0.6103253766991239,20.534311739409777,2.2620628683200366,0.006127646961902128,0.0019872974923356387,138.00043787539215,4.0546302062763,0.0
human_synthetic:D05:A3,D05,A3,354,1766197869013,38.888,18.311294542289804,0.5086862476888291,17.114677492334437,-1.1966170499553677,0.10136467082051694,0.8900656435384562,138.33817135442055,3.1563876544710374,0.0
human_synthetic:D05:A3,D05,A3,355,1766197869121,38.996,18.350414837430034,0.510480678112873,17.016022603762433,-1.3343922336676002,0.10061804305614595,-0.0069132200404720635,138.657028058413,2.952376888819001,0.0
human_synthetic:D05:A3,D05,A3,356,1766197869228,39.103,18.389611937036484,0.6108871213652591,20.553211559952643,2.163599622916159,0.10175778714031693,0.010651813870756765,139.01659679463015,3.3604554786648766,0.0
human_synthetic:D05:A3,D05,A3,357,1766197869334,39.209,18.428887872650098,0.5120042983179051,17.388825225891118,-1.0400626467589795,0.10292435957445621,0.011005400322068724,139.3028849521588,2.700831674798539,0.0
human_synthetic:D05:A3,D05,A3,358,1766197869440,39.315,18.431601180508476,0.5123324569404607,17.39997023571376,-1.031630944794717,0.007110345540828554,-0.9039057927700723,139.56378073605143,2.4612809801192057,0.0
human_synthetic:D05:A3,D05,A3,359,1766197869549,39.424,18.434385852348704,0.615038640045046,20.313202790478588,1.8788169381298836,0.00709651335429996,-0.00012690079384031867,139.84399512605793,2.570774220243176,0.0
human_synthetic:D05:A3,D05,A3,360,1766197869655,39.53,18.4372430169172,0.5136347650689573,17.444199568379684,-0.9930434485375166,0.007487328533793403,0.003686935655598525,140.05494772087712,1.9901188190489638,0.0
human_synthetic:D05:A3,D05,A3,361,1766197869764,39.639,18.476834016168795,0.5133778935929277,16.955600155362752,-1.521233860806042,0.10089449350559286,0.8569464676311878,140.24387433439153,1.7332716836184514,0.0
human_synthetic:D05:A3,D05,A3,362,1766197869872,39.747,18.479844837632672,0.6175638908467403,20.58546302822468,2.1056181905920077,0.00774388236594407,-0.8625056587004517,140.44487325460153,1.8611011130555308,0.0
human_synthetic:D05:A3,D05,A3,363,1766197869979,39.854,18.51960313131812,0.5144154803364646,17.30743672160068,-1.2121664097174403,0.103214677272714,0.8922504196894385,140.7846425298119,3.175413787012692,0.0
human_synthetic:D05:A3,D05,A3,364,1766197870088,39.963,18.559449393671024,0.6199145725233401,20.474242762238756,1.9147933685677323,0.10154501109301899,-0.015318038345825772,141.44358749819298,6.045366682395345,0.0
human_synthetic:D05:A3,D05,A3,365,1766197870196,40.071,18.56269915457445,0.5170243629874577,17.23414543291526,-1.3285537216591905,0.008358438537616177,-0.8628386347722482,142.13909998097782,6.439930396155881,0.0
human_synthetic:D05:A3,D05,A3,366,1766197870305,40.18,18.492641474825824,0.5152924277697106,17.018832476797783,-1.4738089980280407,-0.178536390796696,-1.7146314617826806,142.86816787280523,6.688696255297362,0.0
human_synthetic:D05:A3,D05,A3,367,1766197870417,40.292,18.38593438618446,0.6167237610956712,19.823263749503717,1.4373293633192574,-0.26465051746370005,-0.7688761309553933,143.7656974355109,8.013656809872062,0.0
human_synthetic:D05:A3,D05,A3,368,1766197870527,40.402,18.315966779082245,0.6139767538446295,20.093784671278783,1.7778178921965377,-0.17668587652074857,0.7996785540268316,144.65090177990288,8.04731222174527,0.0
human_synthetic:D05:A3,D05,A3,369,1766197870634,40.509,18.209333185664594,0.5081197101424082,17.09561641600626,-1.1137167696583354,-0.2768265665048,-0.9358942989163682,145.37732054764965,6.788960446231445,0.0
human_synthetic:D05:A3,D05,A3,370,1766197870744,40.619,18.02929104347306,0.504192081142589,16.500831746484728,-1.5284592969883306,-0.45465187422105396,-1.6165937065114,146.08313377216595,6.416483859239137,0.0
human_synthetic:D05:A3,D05,A3,371,1766197870853,40.728,17.77579434069949,0.5972168516066281,19.72459326407212,1.9487989233726282,-0.646016062114081,-1.7556347513121748,146.8716959322996,7.234515230583824,0.0
human_synthetic:D05:A3,D05,A3,372,1766197870960,40.835,17.448795186182462,0.4905793547507612,16.50547361778262,-0.9433215683998419,-0.8489074624014277,-1.8961813110966976,147.48664863059668,5.74722147941204,0.0
human_synthetic:D05:A3,D05,A3,373,1766197871072,40.947,17.084985767003104,0.5759572791499864,18.512912544106705,1.4279267771036004,-0.902305107091661,-0.47676468473422623,148.2052047384152,6.415679534094006,0.0
human_synthetic:D05:A3,D05,A3,374,1766197871179,41.054,16.978334958105673,0.472885116910241,15.910153466138949,-1.0681814919667243,-0.27687125881991975,5.845176152072348,148.79223788786018,5.486291116308198,0.0
human_synthetic:D05:A3,D05,A3,375,1766197871287,41.162,16.945214999956637,0.5658989976026249,18.863299920087496,1.918084920130859,-0.08518507754381496,1.7748720488528222,149.57781079530125,7.273823217046895,0.0
human_synthetic:D05:A3,D05,A3,376,1766197871395,41.27,16.9489056282611,0.47195960551892685,15.731986850630896,-1.2169187776302053,0.009492356750168336,0.876642910129475,150.2741100742004,6.447215545362473,0.0
human_synthetic:D05:A3,D05,A3,377,1766197871506,41.381,16.95265546566936,0.47194089191226274,15.30619108904636,-1.6464643766229994,0.009383977498143434,-0.0009763896578819947,151.05602038924297,7.044237072455679,0.0
human_synthetic:D05:A3,D05,A3,378,1766197871614,41.489,16.95646261731614,0.5681164178091523,18.937213926971747,1.9807513096556058,0.009792056704684395,0.0037785111716755566,152.05853568940327,9.28254907555831,0.0
human_synthetic:D05:A3,D05,A3,379,1766197871722,41.597,16.960325029431946,0.47238758311381474,15.746252770460492,-1.2140722589714539,0.009934187540649186,0.0013160262589332517,152.93973624722778,8.15926442430105,0.0
human_synthetic:D05:A3,D05,A3,380,1766197871829,41.704,17.00103927720369,0.567561959566791,19.095542564863997,2.094503287660306,0.10569638570027534,0.8949738145759454,153.95678984657698,9.505173825693428,0.0
human_synthetic:D05:A3,D05,A3,381,1766197871938,41.813,17.005014024580394,0.4737934666154226,15.6482245854635,-1.356789439116893,0.010129325628701787,-0.8767620190052621,154.7164459725228,6.969322256383577,0.0
human_synthetic:D05:A3,D05,A3,382,1766197872046,41.921,17.009037038463312,0.568121591555436,18.9373863851812,1.9283493467178872,0.010347257929316851,0.0020178916723617097,155.7569052138763,9.633881864384417,0.0
human_synthetic:D05:A3,D05,A3,383,1766197872153,42.028,17.049930544781873,0.4755946644190136,16.001315812228494,-1.0486147325533786,0.10616175056739043,0.8954625480193792,156.80118981892176,9.759669206032221,0.0
human_synthetic:D05:A3,D05,A3,384,1766197872262,42.137,17.01721700368761,0.4757658835998488,15.713368632655557,-1.3038483710320516,-0.08336784172850019,-1.738803599044868,157.97952139765962,10.810381456310719,0.0
human_synthetic:D05:A3,D05,A3,385,1766197872371,42.246,17.058210939976682,0.5691912933361963,18.798978495507402,1.74076755553072,0.10446976628204546,1.7232808074361987,159.54598437613114,14.37121998597725,0.0
human_synthetic:D05:A3,D05,A3,386,1766197872478,42.353,17.02555596473904,0.4750102521989467,15.981653345011294,-1.0439026197277474,-0.084774079017761,-1.7686340682224906,160.94634839835965,13.087514226434593,0.0
human_synthetic:D05:A3,D05,A3,387,1766197872587,42.462,17.066638169606634,0.5707421639557749,18.850199910465964,1.78356174085933,0.1046947116911097,1.7382457863199146,162.85763114991414,17.534704142701788,0.0
human_synthetic:D05:A3,D05,A3,388,1766197872695,42.57,17.070898587032772,0.47539411061997766,15.846470353999255,-1.2244282330335174,0.010957863750357986,-0.8679337772291825,164.5884974651647,16.026539956023626,0.0
human_synthetic:D05:A3,D05,A3,389,1766197872804,42.679,17.07518552370352,0.4753721635037643,15.700365033151849,-1.3748204905516719,0.010924915063066936,-0.0003022815347802763,166.44463854178878,17.028817216734716,0.0
human_synthetic:D05:A3,D05,A3,390,1766197872914,42.789,17.07949529999679,0.5702249343043089,18.661906940868292,1.582411640871502,0.010883273467854337,-0.0003785599564781655,168.84687547935792,21.838517614264934,0.0
human_synthetic:D05:A3,D05,A3,391,1766197873021,42.896,17.083824106012827,0.476581966475125,16.034533451499534,-1.0492906545132925,0.011237814164167938,0.0033134644515289808,170.96782537162366,19.821961609960205,0.0
human_synthetic:D05:A3,D05,A3,392,1766197873129,43.004,17.088168005010274,0.5687116821848702,18.95705607282901,1.8688880678187338,0.01117257972594177,-0.000604022576168222,173.75255546369598,25.784537889558546,0.0
human_synthetic:D05:A3,D05,A3,393,1766197873237,43.112,17.12943983317453,0.47315862537860054,15.771954179286684,-1.3574856538878457,0.10615182141012387,0.8794374230016861,176.19959457270664,22.657769527876486,0.0
human_synthetic:D05:A3,D05,A3,394,1766197873344,43.219,17.170737356159663,0.477699541725983,16.07213411414522,-1.0986032420144412,0.1072105996498753,0.009895123735994611,178.80469323306195,24.346716451918784,0.0
human_synthetic:D05:A3,D05,A3,395,1766197873452,43.327,17.212056295275744,0.5753935413873577,19.17978471291192,1.9677284176361773,0.10627299155371348,-0.008681556445942788,182.0945945614805,30.46204933720881,0.0
human_synthetic:D05:A3,D05,A3,396,1766197873560,43.435,17.253392222029635,0.48025889348981626,16.008629782993875,-1.2447624390357603,0.10631668403778045,0.00040456003765721203,184.92813340394116,26.236470763524583,0.0
human_synthetic:D05:A3,D05,A3,397,1766197873668,43.543,17.36864970876216,0.5786625025940362,19.28875008646787,1.9201003777057117,0.29644415311863775,1.7604395285264567,188.43531253394298,32.47388083335015,0.0
human_synthetic:D05:A3,D05,A3,398,1766197873777,43.652,17.446988469144628,0.48457179582266385,16.004206100565046,-1.4427823685795822,0.19964006213676913,-0.8881109264391617,191.40949549521295,27.286082213486004,0.0
human_synthetic:D05:A3,D05,A3,399,1766197873887,43.762,17.59929531604924,0.5844056314484024,19.126002483765898,1.5267071677166584,0.3846132497591157,1.6815744329304234,194.98962050713618,32.546591017483905,0.0
human_synthetic:D05:A3,D05,A3,400,1766197873994,43.869,17.751655706551297,0.4916630950296901,16.541935907540978,-1.209719799010319,0.395535800887998,0.1020799170923579,197.92106289379424,27.396657819234232,0.0
human_synthetic:D05:A3,D05,A3,401,1766197874103,43.978,17.941055852768102,0.49710422248874975,16.418121109720175,-1.5229347430479265,0.4826711167604619,0.7994065676372837,200.7692298302214,26.12997189382718,0.0
human_synthetic:D05:A3,D05,A3,402,1766197874210,44.085,18.167517397802914,0.5293166707952185,17.808785185633518,-0.35873221216939655,0.5879063993634789,0.9835073140468874,203.8675915073215,28.95665118785128,0.0
human_synthetic:D05:A3,D05,A3,403,1766197874318,44.193,18.394051103996844,0.5795353247857171,19.317844159523904,0.9237930555270601,0.5826484212806856,-0.048684982248085824,206.87071450560552,27.806694428555808,0.0
human_synthetic:D05:A3,D05,A3,404,1766197874428,44.303,18.65766918971883,0.6182608165169352,20.23399035873606,1.5763211690172305,0.6657022366716897,0.7550346853727645,209.5006082372147,23.908124832810657,0.0
human_synthetic:D05:A3,D05,A3,405,1766197874537,44.412,18.921363004648736,0.5228543312768245,17.26858341831714,-1.6527795863315973,0.6720025864676474,0.057801374274841534,211.5727031167442,19.010044766325834,0.0
human_synthetic:D05:A3,D05,A3,406,1766197874644,44.519,19.1480876434232,0.529688243146244,17.82128668529419,-1.3268009581290094,0.5885894049181221,-0.7795624443880876,213.4185085175657,17.250517764686823,0.0
human_synthetic:D05:A3,D05,A3,407,1766197874752,44.627,19.411899882308052,0.6423275277545393,21.410917591817977,1.9990177095099249,0.6785294210001398,0.8327779266853494,215.45701787957248,18.875086685247943,0.0
human_synthetic:D05:A3,D05,A3,408,1766197874858,44.733,19.63870869815674,0.5436143802223848,18.462375177364013,-1.1763335207927277,0.5943627249703535,-0.7940254342432672,217.09341603664205,15.437718462920552,0.0
human_synthetic:D05:A3,D05,A3,409,1766197874965,44.84,19.902604881539585,0.549704760233455,18.494739596639608,-1.4078652848999766,0.6850887419076945,0.8479067003489819,218.52766809986568,13.404224889940416,0.0
human_synthetic:D05:A3,D05,A3,410,1766197875075,44.95,20.166533319392187,0.6690784642265681,21.897113374687684,1.7305800552954977,0.666485954173244,-0.16911625213136877,219.97811825569528,13.185910507541818,0.0
human_synthetic:D05:A3,D05,A3,411,1766197875183,45.058,20.393405211839244,0.568949114868019,18.964970495600635,-1.428434716238609,0.5835182418905785,-0.7682195581728279,221.03296071538725,9.767059811962675,0.0
human_synthetic:D05:A3,D05,A3,412,1766197875292,45.167,20.620273412846686,0.6915575563772136,22.840433054660267,2.2201596418135807,0.5781554561861421,-0.049199868848041194,222.1093520720032,9.875150060696726,0.0
human_synthetic:D05:A3,D05,A3,413,1766197875398,45.273,20.847127874859943,0.5766039632803309,19.582776111407465,-1.2643517634524777,0.5944823428020352,0.1540272322254066,222.9089852920358,7.543709622949092,0.0
human_synthetic:D05:A3,D05,A3,414,1766197875507,45.382,21.111060271902776,0.7011878683848671,23.15849840537176,2.047438133468983,0.6726105938910079,0.7167729457703917,223.8042991472338,8.213888579798143,0.0
human_synthetic:D05:A3,D05,A3,415,1766197875614,45.489,21.33786313658356,0.5889724639698788,19.815895984033304,-1.521967152550257,0.5887924835949792,-0.78334682519653,224.49281645686784,6.434741211533186,0.0
human_synthetic:D05:A3,D05,A3,416,1766197875725,45.6,21.564620007111493,0.5961899469795209,19.335890172308783,-2.22872983480271,0.5674596359557849,-0.192187816569318,225.04377367667456,4.963578556817288,0.0
human_synthetic:D05:A3,D05,A3,417,1766197875832,45.707,21.828442790586777,0.7233729992635088,24.337783152790955,2.5093403622041777,0.6848981917842264,1.097556596527491,225.62526027817572,5.434454219636959,0.0
human_synthetic:D05:A3,D05,A3,418,1766197875939,45.814,22.01604311957259,0.6085504228024715,20.47459366438222,-1.5414494551903708,0.48702058407531823,-1.849323436531852,226.09,4.343361886208292,0.0
human_synthetic:D18:A3,D18,A3,0,1766197830125,0.0,29.788372749915947,,,,,,30.750000000000004,,0.0
human_synthetic:D18:A3,D18,A3,1,1766197830228,0.103,29.78333366599313,0.9947774557923389,34.76892078497495,4.985587118981822,-0.0135897624671406,,31.53608527315037,7.631895855828902,0.0
human_synthetic:D18:A3,D18,A3,2,1766197830330,0.205,29.736505390145847,0.8278775512042915,29.21920768956323,-0.5172977005826169,-0.12752798433355786,-1.117041390847228,32.208809077235834,6.595331412602732,0.0
human_synthetic:D18:A3,D18,A3,3,1766197830433,0.308,29.652932656470895,0.8274874493083765,28.921891432137436,-0.7310412243334596,-0.2253849343984723,-0.9500674763583926,32.86986391222323,6.418008106673754,0.0
human_synthetic:D18:A3,D18,A3,4,1766197830537,0.412,29.5326662267465,0.8223330661441833,28.465375366529422,-1.0672908602170779,-0.3212244383664375,-0.9215336919996654,33.497724238317424,6.037118520136613,0.0
human_synthetic:D18:A3,D18,A3,5,1766197830639,0.514,29.339083216995924,0.8202476686624262,28.949917717497396,-0.3891654994985281,-0.5271868457259727,-2.019239287838581,34.07601274883556,5.669495201158047,0.0
human_synthetic:D18:A3,D18,A3,6,1766197830741,0.616,28.925628320439664,0.8112214347264505,28.631344755051195,-0.29428356538846856,-1.1259664938895992,-5.870388707486534,34.6222559268018,5.35532527417875,0.0
human_synthetic:D18:A3,D18,A3,7,1766197830843,0.718,28.255895425835142,0.7963335141904277,28.105888736132744,-0.15000668970239772,-1.82389132517571,-6.842400306726577,35.12451126790125,4.924071971563157,0.0
human_synthetic:D18:A3,D18,A3,8,1766197830944,0.819,27.440071860908482,0.7747845142310718,27.616081695364933,0.17600983445645113,-2.2437391774660647,-4.156909428617372,35.5723350942247,4.43389927052928,0.0
human_synthetic:D18:A3,D18,A3,9,1766197831047,0.922,26.405076605042932,0.8980148262736092,31.386925966844597,4.981849361801665,-2.7912493416007202,-5.315632661501511,36.095197907717804,5.076337995078696,0.0
human_synthetic:D18:A3,D18,A3,10,1766197831149,1.024,25.480640123890897,0.7218065928142476,25.47552680520874,-0.005113318682155921,-2.5175285434423618,2.683537236846652,36.535930011661264,4.32090297983771,0.0
human_synthetic:D18:A3,D18,A3,11,1766197831253,1.128,24.520266548415485,0.6962182613837717,24.09986289405364,-0.420403654361845,-2.5651003618467274,-0.4574213308112081,36.967374318178585,4.148502947282068,0.0
human_synthetic:D18:A3,D18,A3,12,1766197831357,1.232,23.48741586020275,0.6686243272531303,23.144688251069894,-0.3427276091328544,-2.7586823937305947,-1.8613656911910312,37.3434238784274,3.6158611562386187,0.0
human_synthetic:D18:A3,D18,A3,13,1766197831462,1.337,22.418740778672184,0.6395885666846487,21.928750857759386,-0.489989920912798,-2.8271827553718665,-0.6523843965835412,37.640238746891654,2.826808271088123,0.0
human_synthetic:D18:A3,D18,A3,14,1766197831565,1.44,21.350841425964813,0.6094063228910793,21.299638469979474,-0.05120295598533886,-2.879987466848353,-0.512667101713463,37.900081606127976,2.5227462061779526,0.0
human_synthetic:D18:A3,D18,A3,15,1766197831669,1.544,20.10098254145267,0.690828403116504,23.913290877109752,3.8123083356570824,-3.338298302649961,-4.406834959630846,38.17584273565895,2.6515493224131057,0.0
human_synthetic:D18:A3,D18,A3,16,1766197831774,1.649,19.436581510225867,0.5488496983217509,18.81770394246003,-0.6188775677658356,-1.7576746857851875,15.053558255854988,38.380947926206574,1.953382767120123,0.0
human_synthetic:D18:A3,D18,A3,17,1766197831878,1.753,19.137912314445646,0.534436201030177,18.49971465104459,-0.6381976634010549,-0.7977275528317891,9.230260893782678,38.5806788058821,1.9204892276494416,0.0
human_synthetic:D18:A3,D18,A3,18,1766197831985,1.86,19.022059848522684,0.5277189862236336,17.75503131219702,-1.2670285363256646,-0.3007592573285581,4.64456350937599,38.77069880897901,1.775887879410456,0.0
human_synthetic:D18:A3,D18,A3,19,1766197832091,1.966,18.906354973708837,0.6313314086552186,21.44144406753573,2.535089093826894,-0.30320983965892867,-0.023118701229910787,38.98356683404089,2.008188915678113,0.0
human_synthetic:D18:A3,D18,A3,20,1766197832197,2.072,18.681341899813887,0.5227424550412355,17.753517341023095,-0.9278245587907925,-0.5896569022404409,-2.70233077907087,39.13797588277464,1.4566891389976808,0.0
human_synthetic:D18:A3,D18,A3,21,1766197832302,2.177,17.87294952534177,0.5095966853980929,17.47188635650604,-0.40106316883573,-2.138604165270146,-14.751878695521002,39.276346196700906,1.317812513583422,0.0
human_synthetic:D18:A3,D18,A3,22,1766197832408,2.283,16.518192311956394,0.5746251638373334,19.515571602022646,2.9973792900662524,-3.5502023411566483,-13.31696392345757,39.41916304374672,1.3473287457152996,0.0
human_synthetic:D18:A3,D18,A3,23,1766197832513,2.388,15.346623783256627,0.44212862429456257,15.15869569009929,-0.18792809315733727,-3.0993876420628754,4.2934733247026,39.512085984107394,0.8849803843872905,0.0
human_synthetic:D18:A3,D18,A3,24,1766197832618,2.493,14.102969151108079,0.410282153006117,14.06681667449544,-0.03615247661263865,-3.290091619440602,-1.8162283559783465,39.59792272758822,0.817492795055484,0.0
human_synthetic:D18:A3,D18,A3,25,1766197832724,2.599,12.860139372816695,0.3758664498447295,12.765275655104022,-0.09486371771267343,-3.2568914525455566,0.31320912165137016,39.667493789519455,0.6563307729362471,0.0
human_synthetic:D18:A3,D18,A3,26,1766197832830,2.705,11.654536217548475,0.40769462610719687,13.846232584772725,2.1916963672242495,-3.159337408983805,0.9203211656769027,39.76139992288176,0.8859069185123597,0.0
human_synthetic:D18:A3,D18,A3,27,1766197832935,2.81,11.28713066968255,0.315243217829838,10.808338897023017,-0.4787917726595339,-0.9719723488516516,20.832048191734795,39.83431237688849,0.6944043238737171,0.0
human_synthetic:D18:A3,D18,A3,28,1766197833042,2.917,11.174805966227913,0.31010611958469025,10.4334769206064,-0.7413290456215123,-0.2916009954689444,6.358610779277637,39.8943993299337,0.5615603088337793,0.0
human_synthetic:D18:A3,D18,A3,29,1766197833150,3.025,11.171790400168085,0.37100292854402483,12.366764284800828,1.1949738846327431,-0.007756085544827105,2.6281936104084935,39.984766566845195,0.8367336751065211,0.0
human_synthetic:D18:A3,D18,A3,30,1766197833255,3.13,11.314379051736763,0.31277449349116176,10.723696919696975,-0.5906821320397881,0.3772186549435923,3.6664260998897085,40.06456562892986,0.7599910674730923,0.0
human_synthetic:D18:A3,D18,A3,31,1766197833363,3.238,11.493349158124266,0.31712721315692,10.570907105230667,-0.922442052893599,0.46031405963864047,0.7694018953245201,40.13161755862681,0.6208512008977659,0.0
human_synthetic:D18:A3,D18,A3,32,1766197833469,3.344,11.745042050049117,0.3879688620062182,13.176300973796092,1.4312589237469755,0.6595725679372416,1.879797248100011,40.20509590710731,0.69319196679723,0.0
human_synthetic:D18:A3,D18,A3,33,1766197833574,3.449,11.923997716521994,0.32964361141917453,11.302066677228842,-0.6219310392931519,0.4734276890816831,-1.7728083700529385,40.255624904338404,0.4812285450579371,0.0
human_synthetic:D18:A3,D18,A3,34,1766197833680,3.555,12.139310992888657,0.3352400519125488,11.38551119702996,-0.753799795858697,0.5642381456149436,0.8567024201250989,40.29012087001768,0.3254336384836755,0.0
human_synthetic:D18:A3,D18,A3,35,1766197833787,3.662,12.390964452153872,0.4104635422190472,13.809988336341775,1.4190238841879026,0.6533059690166568,0.8324095645019931,40.33581575198746,0.4270549716801869,0.0
human_synthetic:D18:A3,D18,A3,36,1766197833893,3.768,12.60628383887086,0.34946622730585475,11.868664323595068,-0.7376195152757923,0.5642541580633841,-0.8401114240874787,40.35767623050834,0.20623092944211355,0.0
human_synthetic:D18:A3,D18,A3,37,1766197833999,3.874,12.821622221110903,0.3576300176459923,12.145925127599739,-0.6756970935111646,0.564303936687747,0.0004696096638014203,40.36736563149264,0.09140944324824561,0.0
human_synthetic:D18:A3,D18,A3,38,1766197834107,3.982,13.073302142593421,0.4334278900553444,14.447596335178147,1.3742941925847258,0.6473249009324034,0.768712631894966,40.37,0.02439230099405955,0.0
human_synthetic:D18:A3,D18,A3,39,1766197834213,4.088,13.252387209123466,0.3667225563706199,12.454728329568225,-0.7976588795552413,0.46930048881038583,-1.6794755860567692,40.35249242067831,-0.16516584265743087,0.0
human_synthetic:D18:A3,D18,A3,40,1766197834320,4.195,13.467829355126982,0.3725553931991564,12.534573976794048,-0.9332553783329338,0.5592994444535748,0.8411117349830747,40.35725795020768,0.04453765915307817,0.0
human_synthetic:D18:A3,D18,A3,41,1766197834427,4.302,13.68332154671232,0.453600221746304,15.261315871838267,1.5779943251259478,0.5594293654863356,0.0012142152594464615,40.34265305920036,-0.13649430847952437,0.0
human_synthetic:D18:A3,D18,A3,42,1766197834532,4.407,13.862581925882221,0.3838432222304855,13.160339047902362,-0.7022428779798595,0.47423380732778514,-0.811386268176671,40.33135881866601,-0.10756419556514629,0.0
human_synthetic:D18:A3,D18,A3,43,1766197834640,4.515,14.078202447707884,0.3888238080249371,12.960793600831236,-1.117408846876648,0.5545795314446039,0.7439418899705443,40.30141951118687,-0.2772158099920337,0.0
human_synthetic:D18:A3,D18,A3,44,1766197834746,4.621,14.293895263095594,0.47450080940628997,16.115121828892867,1.8212265657972733,0.5652327447267053,0.10050201209529563,40.264384781954185,-0.3493842380442162,0.0
human_synthetic:D18:A3,D18,A3,45,1766197834853,4.728,14.473393520834064,0.40136161659663416,13.503755324746571,-0.9696381960874927,0.46598716962219794,-0.927528739294461,40.24311568115207,-0.1987766430102906,0.0
human_synthetic:D18:A3,D18,A3,46,1766197834960,4.835,14.652987374767191,0.409536567912109,13.77880041573451,-0.8741869590326807,0.4662353425055174,0.0023193727413034024,40.204843421726736,-0.3576846675264172,0.0
human_synthetic:D18:A3,D18,A3,47,1766197835067,4.942,14.868948527853233,0.49605191057946013,16.689596991458473,1.8206484636052398,0.5606468148651116,0.88235020896817,40.14765944247206,-0.5344297126603719,0.0
human_synthetic:D18:A3,D18,A3,48,1766197835172,5.047,15.048747648801386,0.41619716546153124,14.269617101538214,-0.779130547263172,0.4756590501273956,-0.8094072832163426,40.097889319499416,-0.47400117116792123,0.0
human_synthetic:D18:A3,D18,A3,49,1766197835282,5.157,15.19240142853596,0.42204939817375714,13.81252575841387,-1.3798756701220913,0.36276207003680194,-1.0263361826417607,40.06191934595442,-0.3269997594998131,0.0
human_synthetic:D18:A3,D18,A3,50,1766197835389,5.264,15.408691457023252,0.5106376705536557,17.180332841057577,1.771641384034325,0.5615005931653485,1.8573693750331455,39.999599790793646,-0.5824257491660689,0.0
human_synthetic:D18:A3,D18,A3,51,1766197835497,5.372,15.552593703875909,0.4310641741443008,14.368805804810028,-1.1837878990658801,0.3701189476662989,-1.7720522731393484,39.94810048876986,-0.47684538910912294,0.0
human_synthetic:D18:A3,D18,A3,52,1766197835604,5.479,15.732880437452948,0.43570514914319924,14.659238662761844,-1.0736417746911044,0.46803409547517644,0.9150948393353043,39.89131436270891,-0.5307114585136086,0.0
human_synthetic:D18:A3,D18,A3,53,1766197835713,5.588,15.877051748455187,0.5293163869437889,17.48200911007009,1.604957361614904,0.36740904944505204,-0.9231655599093982,39.83652284562017,-0.5026744687040823,0.0
human_synthetic:D18:A3,D18,A3,54,1766197835821,5.696,16.057611714428006,0.44424299976077153,14.808099992025719,-1.2495117224022874,0.4644032046625997,0.8980940297921081,39.78139348796623,-0.5104570153143847,0.0
human_synthetic:D18:A3,D18,A3,55,1766197835931,5.806,16.202067558719953,0.5398320174398292,17.66722966166714,1.4651621029471862,0.36478748558572893,-0.9055974461533707,39.710152618164166,-0.647644270927892,0.0
human_synthetic:D18:A3,D18,A3,56,1766197836039,5.914,16.382916680636228,0.45563547500095114,15.18784916669837,-1.1950675139378575,0.4651469185089342,0.9292540085481968,39.651437619084,-0.5436573988904287,0.0
human_synthetic:D18:A3,D18,A3,57,1766197836147,6.022,16.52767057839808,0.5501132365633751,18.337107885445835,1.8094373070477552,0.3723094078236973,-0.85960658041886,39.57999121224964,-0.6615408040218014,0.0
human_synthetic:D18:A3,D18,A3,58,1766197836254,6.129,16.672578003742135,0.46237580520496147,15.556569147082815,-1.1160088566593203,0.3761875008931881,0.03624386046253059,39.535330473599544,-0.41739008084200324,0.0
human_synthetic:D18:A3,D18,A3,59,1766197836367,6.242,16.853886120817105,0.5603259015273246,17.851090668127156,0.9972045473100515,0.4456935031341378,0.6150973649641568,39.47007087810296,-0.5775185442174376,0.0
human_synthetic:D18:A3,D18,A3,60,1766197836474,6.349,16.99910758539589,0.4714738070768634,15.862670144642136,-1.1364374407537543,0.37700276370401864,-0.6419695273842912,39.40181784012446,-0.6378788596122223,0.0
human_synthetic:D18:A3,D18,A3,61,1766197836582,6.457,17.144488818951523,0.47589944357917546,15.863314785972516,-1.2811740329790062,0.3739229258118056,-0.028517017520491253,39.35541380163639,-0.42966702303775467,0.0
human_synthetic:D18:A3,D18,A3,62,1766197836689,6.564,17.32627866493573,0.5765525426310135,19.398029471697654,2.071750806761923,0.4719362564491438,0.9160124358629738,39.29840392008957,-0.5328026312788106,0.0
human_synthetic:D18:A3,D18,A3,63,1766197836797,6.672,17.471984824257476,0.484158800337198,16.1386266779066,-1.333358146350875,0.37475864023082284,-0.899792742762231,39.24848995519113,-0.4621663416523242,0.0
human_synthetic:D18:A3,D18,A3,64,1766197836904,6.779,17.581603642880406,0.4892033586796368,16.459178422866287,-1.1224252200141187,0.2845763723336722,-0.8428249336182301,39.20542755642322,-0.40245232493378985,0.0
human_synthetic:D18:A3,D18,A3,65,1766197837015,6.89,17.727634969222482,0.5923065320796257,19.209941580960834,1.4823066117383519,0.3654437596148008,0.7285350205507078,39.13157418476196,-0.6653456906418354,0.0
human_synthetic:D18:A3,D18,A3,66,1766197837124,6.999,17.873830062093706,0.4956786443875364,16.371037796285606,-1.5027922658081003,0.37256649559435484,0.06534620164728477,39.092180320316245,-0.36141160041939163,0.0
human_synthetic:D18:A3,D18,A3,67,1766197837232,7.107,18.020188797132914,0.5999297021596088,19.997656738653628,1.9774679415207146,0.37643707571812624,0.035838704849735135,39.054833271408604,-0.34580600840401815,0.0
human_synthetic:D18:A3,D18,A3,68,1766197837339,7.214,18.13044983184414,0.5025135014395244,16.90699631011484,-1.2234535217292972,0.2862435999772243,-0.8429296798215132,39.0220500759206,-0.3063850045608246,0.0
human_synthetic:D18:A3,D18,A3,69,1766197837449,7.324,18.27713095146124,0.6085315310746193,19.915577380623905,1.6384464291626664,0.3704068677199453,0.765120615842918,38.98475251993845,-0.3390686907468163,0.0
human_synthetic:D18:A3,D18,A3,70,1766197837558,7.433,18.423973148853445,0.5105696076556497,16.862849427159073,-1.561123721694372,0.3742155896845233,0.03494240334475218,38.96596539985408,-0.1723588998565943,0.0
human_synthetic:D18:A3,D18,A3,71,1766197837668,7.543,18.534703578333747,0.6177605177878656,20.21761694578469,1.6829133674509436,0.2796222966674316,-0.8599390274281062,38.951526528927644,-0.13126246296751146,0.0
human_synthetic:D18:A3,D18,A3,72,1766197837777,7.652,18.645583895740117,0.517110766066265,17.07888768659224,-1.566696209147878,0.2825696162241778,0.02703962896097439,38.935851007118835,-0.14381212668638976,0.0
human_synthetic:D18:A3,D18,A3,73,1766197837886,7.761,18.756611313848303,0.624991297235658,20.64191440411348,1.8853030902651753,0.2829444905917136,0.0034392143810624276,38.91292035608759,-0.2103729452406538,0.0
human_synthetic:D18:A3,D18,A3,74,1766197837997,7.872,18.831498553496633,0.5234553892492064,16.976931543217503,-1.8545670102791298,0.1874055046254469,-0.8607115852816822,38.88850983806315,-0.21991457679674722,0.0
human_synthetic:D18:A3,D18,A3,75,1766197838109,7.984,18.94280593169571,0.6298389453835653,20.244823244471743,1.3020173127760337,0.2760599657715214,0.7915576888042368,38.86275554817721,-0.229949016838609,0.0
human_synthetic:D18:A3,D18,A3,76,1766197838218,8.093,19.017956268296,0.529156621416195,17.476732450443137,-1.5412238178528632,0.19151461926679603,-0.7756453807772972,38.84551994451193,-0.15812480426866346,0.0
human_synthetic:D18:A3,D18,A3,77,1766197838327,8.202,19.1295281275622,0.6361802404126525,21.0114574815188,1.8819293539566004,0.28433195531650896,0.8515351931166324,38.822522058175906,-0.21098978289921574,0.0
human_synthetic:D18:A3,D18,A3,78,1766197838436,8.311,19.20492417577878,0.5331283666654913,17.60790935775935,-1.597014818019428,0.19214079565896905,-0.8457904555737606,38.81121146453402,-0.10376691414582279,0.0
human_synthetic:D18:A3,D18,A3,79,1766197838545,8.42,19.24412350818438,0.5352816451747519,17.679026813111072,-1.5650966950733078,0.09989636188991348,-0.8462792088904181,38.80262125500719,-0.07880926171403248,0.0
human_synthetic:D18:A3,D18,A3,80,1766197838654,8.529,19.35604983941234,0.6438357029722964,21.264298446791443,1.9082486073791038,0.2852352987460726,1.7003572188638454,38.792578554278286,-0.09213486907237226,0.0
human_synthetic:D18:A3,D18,A3,81,1766197838767,8.642,19.431768647056533,0.6477616299578545,20.636653697772353,1.20488505071582,0.18613276215386618,-0.8770135981611189,38.79,-0.02281906440949384,0.0
human_synthetic:D18:A3,D18,A3,82,1766197838875,8.75,19.543910817566235,0.54290918839753,18.096972946584334,-1.4469378709819019,0.28843150851260907,0.9472106144328045,38.78099281597012,-0.08339985212854925,0.0
human_synthetic:D18:A3,D18,A3,83,1766197838984,8.859,19.583489456800383,0.5456784032657281,18.022405979418544,-1.561083477381839,0.10086299499018019,-1.720812050664485,38.757282765147835,-0.21752340203920956,0.0
human_synthetic:D18:A3,D18,A3,84,1766197839093,8.968,19.659479279543586,0.6557838366528413,21.658915705965402,1.9994364264218163,0.19365398252600657,0.8512934636314348,38.722512940003035,-0.31898922151185616,0.0
human_synthetic:D18:A3,D18,A3,85,1766197839202,9.077,19.735546896709234,0.5487614537097556,18.124231498670827,-1.611315398038407,0.1938522353864631,0.0018188335821699216,38.69691823788253,-0.2348137809221515,0.0
human_synthetic:D18:A3,D18,A3,86,1766197839314,9.189,19.848037396361168,0.6603908077196744,21.226847390989533,1.3788099946283658,0.2789942947716601,0.7601969587964018,38.65900369644574,-0.33852269140004815,0.0
human_synthetic:D18:A3,D18,A3,87,1766197839427,9.302,19.92424690806637,0.6640573869073149,21.155810556339233,1.2315636482728642,0.18733901599115013,-0.8111086617744245,38.62177900010604,-0.3294220915018234,0.0
human_synthetic:D18:A3,D18,A3,88,1766197839537,9.412,19.964149203169658,0.5540786248682467,18.133482268415346,-1.830666934754312,0.10076337147295207,-0.7870513138018006,38.60104528840485,-0.18848828819257465,0.0
human_synthetic:D18:A3,D18,A3,89,1766197839645,9.52,20.004088610205773,0.5559324407364614,18.531081357882048,-1.4730072523237254,0.10272481233569514,0.018161489469843205,38.61593513484733,0.13786894854153733,0.0
human_synthetic:D18:A3,D18,A3,90,1766197839756,9.631,20.044057608475292,0.6685257061918903,21.68191479541266,1.6378571869373673,0.10002251819198672,-0.02434499228566139,38.61033640191652,-0.050439035412801037,0.0
human_synthetic:D18:A3,D18,A3,91,1766197839865,9.74,20.084048552148044,0.558488203899316,18.445481963647133,-1.638566588500911,0.10191371985920014,0.01735047401113228,38.593788629924056,-0.15181442194920938,0.0
human_synthetic:D18:A3,D18,A3,92,1766197839975,9.85,20.124053677685577,0.6732400807101162,22.033311732331075,1.9092580546454982,0.10102304428670066,-0.008097050659086235,38.55716290326286,-0.3329611514653214,0.0
human_synthetic:D18:A3,D18,A3,93,1766197840092,9.967,20.200462340862366,0.6736920013729755,20.72898465763001,0.5285223167676456,0.1814070825659754,0.6870430622160234,38.550000000000004,-0.06122139540911447,0.0
human_synthetic:D18:A3,D18,A3,94,1766197840208,10.083,20.24047861579539,0.5632703077941141,17.4808026556794,-2.759675960115988,0.09582441315379192,-0.7377816328636506,38.54161655844296,-0.07227104790554849,0.0
human_synthetic:D18:A3,D18,A3,95,1766197840322,10.197,20.28048511131802,0.676205187099206,21.353848013659135,1.0733629023411169,0.09748171423642404,0.014537728795018625,38.54,-0.01418033721883579,0.0
human_synthetic:D18:A3,D18,A3,96,1766197840435,10.31,20.320473655869637,0.6783991696945312,21.612716910622233,1.292243254752595,0.09830025700988489,0.007243741358060552,38.54857420326821,0.0758779050284121,0.0
human_synthetic:D18:A3,D18,A3,97,1766197840548,10.423,20.360435999453465,0.6794003856872192,21.644614057291935,1.2841780578384707,0.09823584951776253,-0.0005699778063925592,38.54132441818494,-0.06415739011747498,0.0
human_synthetic:D18:A3,D18,A3,98,1766197840668,10.543,20.43679304301358,0.6807106890897601,20.421320672692804,-0.015472370320775752,0.17675241564841424,0.654304717755431,38.56043649866128,0.1592673373027746,0.0
human_synthetic:D18:A3,D18,A3,99,1766197840779,10.654,20.513119503262352,0.5687534414957369,18.4460575620239,-2.067061941238453,0.1910071577797105,0.12842110028194834,38.56882162917977,0.07554171638279972,0.0
human_synthetic:D18:A3,D18,A3,100,1766197840897,10.772,20.55296517750478,0.6865478101567382,20.945526411561502,0.3925612340567213,0.09379866817897442,-0.8238007593282719,38.55207528688784,-0.14191815501630564,0.0
human_synthetic:D18:A3,D18,A3,101,1766197841012,10.887,20.556303431436387,0.6852103123682117,21.45006195239619,0.8937585209598033,0.008063415293737263,-0.745523938132497,38.5590820660257,0.06092851424232717,0.0
human_synthetic:D18:A3,D18,A3,102,1766197841128,11.003,20.596014636452956,0.6856025863328973,21.27732164481405,0.6813070083610953,0.09509388174465633,0.7502626418182677,38.537467752704,-0.18633028725596312,0.0
human_synthetic:D18:A3,D18,A3,103,1766197841243,11.118,20.672107550698367,0.5729635437208656,17.936250064305355,-2.7358574863930123,0.1837993097715301,0.771351548059772,38.5123002474172,-0.2188478720590272,0.0
human_synthetic:D18:A3,D18,A3,104,1766197841359,11.234,20.7116615605121,0.6917356935608475,21.467659455336648,0.7559978948245494,0.09471745645050278,-0.7679470113881666,38.51935759374385,0.06083919247097238,0.0
human_synthetic:D18:A3,D18,A3,105,1766197841477,11.352,20.751121189303863,0.6921222845460243,21.115595121743116,0.3644739324392532,0.09288989828569344,-0.01548778105770627,38.52,0.005444120814932846,0.0
human_synthetic:D18:A3,D18,A3,106,1766197841591,11.466,20.754003314266253,0.6925342354879102,21.869502173302426,1.1154988590361725,0.007022721643253729,-0.7532208477406992,38.47870785410092,-0.3622118061323881,0.0
human_synthetic:D18:A3,D18,A3,107,1766197841700,11.575,20.683805412748974,0.576825915743025,19.051131162154952,-1.6326742505940217,-0.1788937347535104,-1.7056555632730654,38.47022933845346,-0.07778454722434709,0.0
human_synthetic:D18:A3,D18,A3,108,1766197841811,11.686,20.613459840602438,0.6894410370834819,22.360249851356173,1.7467900107537346,-0.1760399703366821,0.025709589340795518,38.45520107824711,-0.13538973158873732,0.0
human_synthetic:D18:A3,D18,A3,109,1766197841921,11.796,20.542960230886035,0.5734880819971251,18.768700865360458,-1.7742593655255767,-0.1780293174656626,-0.01808497389982294,38.429772394964516,-0.23116984802362078,0.0
human_synthetic:D18:A3,D18,A3,110,1766197842031,11.906,20.39931538697163,0.6843153247210053,22.39577426359654,1.99645887662491,-0.36273950483435996,-1.6791835215336122,38.41977728891416,-0.09086460045776593,0.0
human_synthetic:D18:A3,D18,A3,111,1766197842138,12.013,20.36497805371789,0.5670421287360055,19.0780529294357,-1.2869251242821917,-0.08914157127138042,2.5569900332988746,38.4590433702061,0.3669727223545948,0.0
human_synthetic:D18:A3,D18,A3,112,1766197842248,12.123,20.40347643946543,0.6808629982363358,22.28278903318917,1.8793125937237427,0.0972181458271089,1.6941792463499028,38.43340191695735,-0.23310412044307585,0.0
human_synthetic:D18:A3,D18,A3,113,1766197842358,12.233,20.368810897308876,0.5680221853707558,18.58981697577019,-1.7789939215386852,-0.08753924787008316,-1.6796126699744733,38.41080370400011,-0.2054382996112219,0.0
human_synthetic:D18:A3,D18,A3,114,1766197842470,12.345,20.406980387744454,0.6797931138594645,21.850492945482785,1.4435125577383303,0.09466639492951488,1.6268360964249826,38.412671797295786,0.016679404425750426,0.0
human_synthetic:D18:A3,D18,A3,115,1766197842579,12.454,20.408468150850666,0.5687285854616101,18.78369640056694,-1.6247717502837276,0.0037914452248021657,-0.8337151349056212,38.38781496437291,-0.2280443387418777,0.0
human_synthetic:D18:A3,D18,A3,116,1766197842688,12.563,20.409770543714718,0.6810847560955302,22.494542403155126,2.0847718594404085,0.003319043996053586,-0.004333956227051191,38.36729264329366,-0.18827817503903976,0.0
human_synthetic:D18:A3,D18,A3,117,1766197842802,12.677,20.447394024881998,0.5682024184215206,17.943234265942756,-2.5041597589392417,0.09167514904307869,0.7750535530440799,38.35653392983307,-0.09437467947872902,0.0
human_synthetic:D18:A3,D18,A3,118,1766197842914,12.789,20.41179238900024,0.68207128056804,21.923719732544143,1.5119273435439027,-0.08829770804007803,-1.606900509671042,38.31921072967565,-0.33324285854823593,0.0
human_synthetic:D18:A3,D18,A3,119,1766197843027,12.902,20.449014908285136,0.6829816545191012,21.758707577599683,1.309692669314547,0.0915007848694649,1.591137105394185,38.24453841169863,-0.6608169732479519,0.0
human_synthetic:D18:A3,D18,A3,120,1766197843137,13.012,20.44951079679307,0.5694440231892944,18.636349849831454,-1.8131609469616166,0.0012522437069022048,-0.8204412832960245,38.20257092319058,-0.3815226228004514,0.0
human_synthetic:D18:A3,D18,A3,121,1766197843248,13.123,20.486306258072254,0.6827018776924266,22.141682519754376,1.6553762616821217,0.09208073393189313,0.81827468671163,38.166677512756976,-0.3233640579603739,0.0
human_synthetic:D18:A3,D18,A3,122,1766197843363,13.238,20.48636049719914,0.5709419320477194,17.87296482931991,-2.6133956678792316,0.00013101238378223826,-0.7995627960705294,38.15822443351424,-0.07350503689340455,0.0
human_synthetic:D18:A3,D18,A3,123,1766197843477,13.352,20.522702004879093,0.6850731500461824,21.633888948826815,1.1111869439477218,0.08855143196869382,0.7756177156571191,38.15382344220205,-0.038605186949082465,0.0
human_synthetic:D18:A3,D18,A3,124,1766197843593,13.468,20.558806487768976,0.6853545107839264,21.26962274846668,0.7108162606977046,0.08645709504282756,-0.01805462867126087,38.17,0.13945308446519164,0.0
human_synthetic:D18:A3,D18,A3,125,1766197843709,13.584,20.52163655773694,0.6865187072041192,21.3057529821968,0.7841164244598602,-0.08900845314185507,-1.5126340360748503,38.17,0.0,0.0
human_synthetic:D18:A3,D18,A3,126,1766197843821,13.696,20.447709104011537,0.5697063184978555,18.311988808859642,-2.135720295151895,-0.1833518197554602,-0.8423514876214743,38.16730216132995,-0.024087845268385064,0.0
human_synthetic:D18:A3,D18,A3,127,1766197843933,13.808,19.67981573409431,0.6731275582860292,21.636242944908084,1.956427210813775,-1.904497445231222,-15.367371656033587,38.15557473136094,-0.10470919615178177,0.0
human_synthetic:D18:A3,D18,A3,128,1766197844047,13.922,18.364134060361504,0.6345661344405185,20.03893056127953,1.6747965009180241,-3.2058520315126846,-11.415391107732129,38.13004367759293,-0.22395661200017744,0.0
human_synthetic:D18:A3,D18,A3,129,1766197844161,14.036,17.230947282095528,0.4955311224287812,15.64835123459309,-1.582596047502438,-2.7611763602972097,3.900663782591885,38.12631666412033,-0.03269310063683007,0.0
human_synthetic:D18:A3,D18,A3,130,1766197844272,14.147,15.805714160529174,0.5520677927722322,17.90490138720753,2.0991872266783567,-3.5666494533692537,-7.256514352000396,38.13,0.03318320612303675,0.0
human_synthetic:D18:A3,D18,A3,131,1766197844387,14.262,14.307562959363324,0.5028232019797451,15.740552409800713,1.4329894504373897,-3.6187227081300746,-0.45281091096366016,38.14259099221752,0.10948688884804655,0.0
human_synthetic:D18:A3,D18,A3,132,1766197844502,14.377,13.02852955779274,0.38070720354022763,11.917790719520168,-1.1107388382725727,-3.0894526607985098,4.6023482376657805,38.14568565637729,0.026910123128355615,0.0
human_synthetic:D18:A3,D18,A3,133,1766197844617,14.492,11.494218981562065,0.40938891818953443,12.815653091150644,1.3214341095885782,-3.7060641937938983,-5.361839417351204,38.158204196277396,0.10885686869651971,0.0
human_synthetic:D18:A3,D18,A3,134,1766197844728,14.603,10.215573123399134,0.3631459706181418,11.777707155182977,1.5621340317838435,-3.1998144598671963,4.5608084137540725,38.173186284862794,0.1349737710394972,0.0
human_synthetic:D18:A3,D18,A3,135,1766197844839,14.714,9.229007891068733,0.27068574133632844,8.778997016313355,-0.45001087475537815,-2.468881962788794,6.584977451156776,38.198260886399375,0.22589731114030165,0.0
human_synthetic:D18:A3,D18,A3,136,1766197844951,14.826,8.352061906729137,0.2866545997762465,9.213897849950781,0.861835943221644,-2.1749652389374856,2.6242564629581118,38.23095276454105,0.2918917691222386,0.0
human_synthetic:D18:A3,D18,A3,137,1766197845068,14.943,8.095222710690583,0.27091708704983364,8.335910370764111,0.2406876600735277,-0.6097796677078693,13.377654454953985,38.260897239363054,0.2559356822393382,0.0
human_synthetic:D18:A3,D18,A3,138,1766197845182,15.057,8.020656887961755,0.22348088943696487,7.057291245377838,-0.9633656425839163,-0.18169060119110123,3.755167250147088,38.282187216460336,0.1867541850640065,0.0
human_synthetic:D18:A3,D18,A3,139,1766197845297,15.172,7.946007324362226,0.2669235026024365,8.3558661684241,0.40985884406187445,-0.1803129555544195,0.0119795272754932,38.30297215076639,0.18073855918304538,0.0
human_synthetic:D18:A3,D18,A3,140,1766197845409,15.284,7.944158658288505,0.26508360356792043,8.520544400397442,0.5763857421089371,-0.004584985301885653,1.5689997343976239,38.32634099732619,0.20865041571254445,0.0
human_synthetic:D18:A3,D18,A3,141,1766197845521,15.396,7.86933107573291,0.22153961540698602,7.120916209510265,-0.7484148662226442,-0.18558428213193343,-1.6160651502682837,38.3441813467468,0.15928883411271094,0.0
human_synthetic:D18:A3,D18,A3,142,1766197845637,15.512,7.794426425323473,0.2608152830341936,8.094267404509456,0.2998409791859826,-0.17936937358581564,0.053576797811360176,38.35,0.05016080390677855,0.0
human_synthetic:D18:A3,D18,A3,143,1766197845752,15.627,7.75586001645659,0.25926385633555377,8.116085937460813,0.3602259210042229,-0.0931555769731488,0.7496851879362334,38.35890796195201,0.07746053871321,0.0
human_synthetic:D18:A3,D18,A3,144,1766197845863,15.738,7.753602999258695,0.21663826142054496,7.026105775801458,-0.7274972234572372,-0.005648191185921688,0.7883548269119559,38.38183425748155,0.20654320296886441,0.0
human_synthetic:D18:A3,D18,A3,145,1766197845974,15.849,7.787623446069208,0.25999840995335183,8.432380863351952,0.6447574172827437,0.08513625327956066,0.8178778780674085,38.38271331819976,0.007919465929774617,0.0
human_synthetic:D18:A3,D18,A3,146,1766197846085,15.96,7.7851281386870195,0.21768183993972123,7.059951565612581,-0.7251765730744388,-0.006244512968437591,-0.8232501463783626,38.38,-0.024444308106008516,0.0
human_synthetic:D18:A3,D18,A3,147,1766197846201,16.076,7.818885958784382,0.2607433240268232,8.092034193935893,0.27314823515151065,0.08083769180403004,0.7507086618316174,38.38729784486422,0.06291245572596388,0.0
human_synthetic:D18:A3,D18,A3,148,1766197846315,16.19,7.816150548010592,0.2615289670182332,8.258809484786312,0.4426589367757199,-0.006665230930291699,-0.7675694976694889,38.40758691935347,0.17797433762504958,0.0
human_synthetic:D18:A3,D18,A3,149,1766197846431,16.306,7.84964224435043,0.2626021668814535,8.149722420458902,0.30008017610847215,0.08020042226973029,0.7488418379312239,38.428408161161265,0.17949346386030066,0.0
human_synthetic:D18:A3,D18,A3,150,1766197846544,16.419,7.88299296027295,0.21855790182417245,6.9629066067877945,-0.9200863534851553,0.08198307748898703,0.01577570990492695,38.43,0.014087069369460413,0.0
human_synthetic:D18:A3,D18,A3,151,1766197846653,16.528,7.879888787593365,0.2644698828951364,8.73478512314212,0.8548963355487542,-0.007910735676823093,-0.8247138822551389,38.430647978703576,0.005944758748336668,0.0
human_synthetic:D18:A3,D18,A3,152,1766197846764,16.639,7.804075248752397,0.21870258384662364,7.09305677340401,-0.7110184753483875,-0.18972357067309237,-1.6379534684348582,38.439990758018894,0.08416918302088504,0.0
human_synthetic:D18:A3,D18,A3,153,1766197846876,16.751,7.6193624869085035,0.2589551508727908,8.323558420911132,0.7041959340026285,-0.45811696885886266,-2.396369626658663,38.43,-0.08920319659720478,0.0
human_synthetic:D18:A3,D18,A3,154,1766197846986,16.861,7.398430830290563,0.24823535956929213,8.124066313176833,0.7256354828862701,-0.5579082237826811,-0.9071932265801679,38.43,0.0,0.0
human_synthetic:D18:A3,D18,A3,155,1766197847099,16.974,7.177588453298523,0.20250071022747382,6.451350060344299,-0.7262383929542242,-0.5428770329204502,0.13301938816133563,38.42573282875094,-0.03776257742538694,0.0
human_synthetic:D18:A3,D18,A3,156,1766197847214,17.089,6.9206119262575125,0.23566038802352776,7.37719475551913,0.45658282926161764,-0.6207162488913306,-0.6768627475728729,38.39270938419826,-0.2871603874145085,0.0
human_synthetic:D18:A3,D18,A3,157,1766197847323,17.198,6.736212075614073,0.1905446979352529,6.293219381347802,-0.4429926942662714,-0.4699282636173259,1.3833760116881162,38.39343767230531,0.0066815422664307615,0.0
human_synthetic:D18:A3,D18,A3,158,1766197847437,17.312,6.479499941602247,0.22132460134690315,6.989197937270626,0.5096979956683789,-0.6255168957403177,-1.3648125624823835,38.4,0.05756427802364135,0.0
human_synthetic:D18:A3,D18,A3,159,1766197847551,17.426,6.295314083994071,0.21211801300759447,6.698463568660878,0.4031494846668071,-0.448795949337662,1.5501837403741725,38.4,0.0,0.0
human_synthetic:D18:A3,D18,A3,160,1766197847667,17.542,6.219713989409074,0.20964519285935196,6.506230123221268,0.286516133812194,-0.18103470925525933,2.3082865524345055,38.42,0.17241379310353647,0.0
human_synthetic:D18:A3,D18,A3,161,1766197847777,17.652,6.071825206305796,0.1708002476332236,5.589826286178227,-0.48199892012756873,-0.37345652298807636,-1.749289215752882,38.42108359155965,0.009850832360443334,0.0
human_synthetic:D18:A3,D18,A3,162,1766197847887,17.762,6.032380769588186,0.20392191060220588,6.67380798334492,0.6414272137567343,-0.0996071634283088,2.489539632361523,38.43,0.0810582585485649,0.0
human_synthetic:D18:A3,D18,A3,163,1766197847999,17.874,5.956798284608049,0.169575126589522,5.450629068948921,-0.5061692156591278,-0.1874565599705764,-0.784369611984532,38.43,0.0,0.0
human_synthetic:D18:A3,D18,A3,164,1766197848114,17.989,5.917304889076423,0.19982567427817746,6.255412412186425,0.33810752311000236,-0.09539467519716614,0.800538128464437,38.43487177535057,0.0423632639180853,0.0
human_synthetic:D18:A3,D18,A3,165,1766197848224,18.099,5.841721407788982,0.16543712182054682,5.4143058050360775,-0.42741560275290436,-0.19086737698848752,-0.8679336526483762,38.44,0.04662022408555541,0.0
human_synthetic:D18:A3,D18,A3,166,1766197848337,18.212,5.73011539386898,0.19343221027944849,6.162442097398359,0.4323267035293794,-0.2743510666666708,-0.7387937139662237,38.44,0.0,0.0
human_synthetic:D18:A3,D18,A3,167,1766197848447,18.322,5.6185734398074585,0.1901026052888503,6.221539809453283,0.6029663696458245,-0.2816716011654583,-0.06655031362534092,38.448992430275354,0.0817493661395991,0.0
human_synthetic:D18:A3,D18,A3,168,1766197848557,18.432,5.471106832072171,0.15461968829128048,5.060280707714634,-0.41082612435753685,-0.37239042357395796,-0.8247165673499969,38.45000000000001,0.009159724769667511,0.0
human_synthetic:D18:A3,D18,A3,169,1766197848667,18.542,5.251817868965152,0.17936013387812794,5.869968017829642,0.6181501488644896,-0.5537600078460078,-1.64881440247318,38.459196720019065,0.0836065456277104,0.0
human_synthetic:D18:A3,D18,A3,170,1766197848777,18.652,5.140592910477072,0.14333392900055095,4.690928585472577,-0.4496643250044956,-0.28087110729313064,2.4808081868443375,38.46,0.007302545281297832,0.0
human_synthetic:D18:A3,D18,A3,171,1766197848891,18.766,5.1731534422274335,0.17270179690552392,5.453740954911281,0.28058751268384796,0.07933852765682559,3.1597336399118965,38.452520208059425,-0.06561221000498463,0.0
human_synthetic:D18:A3,D18,A3,172,1766197849000,18.875,5.205614737321051,0.1446037548694885,4.775903830551914,-0.42971090676913715,0.0827250129806778,0.0310686726958919,38.45000000000001,-0.0231211748570886,0.0
human_synthetic:D18:A3,D18,A3,173,1766197849117,18.992,5.237977599566342,0.17451910173441285,5.369818514905011,0.13184091533866837,0.07683490561559958,-0.05034279799212156,38.45000000000001,0.0,0.0
human_synthetic:D18:A3,D18,A3,174,1766197849227,19.102,5.341946928641803,0.17672387909746434,5.783690588644287,0.44174366000248444,0.26254881079661857,1.6883082289183544,38.44691021169467,-0.028088984594050584,0.0
human_synthetic:D18:A3,D18,A3,175,1766197849340,19.215,5.409893112617378,0.15041093296256217,4.7918527315506525,-0.6180403810667254,0.1670260176390724,-0.8453344527216474,38.44132206899383,-0.0494525902729593,0.0
human_synthetic:D18:A3,D18,A3,176,1766197849451,19.326,5.585098686541884,0.18403251954055921,5.968622255369488,0.38352356882760397,0.4384523871984651,2.4452826086431774,38.44987824903351,0.07708270306014472,0.0
human_synthetic:D18:A3,D18,A3,177,1766197849562,19.437,5.760005406769376,0.15805073068252373,5.125969643757526,-0.63403576301185,0.4377045050738028,-0.006737676798759081,38.45000000000001,0.0010968555541792837,0.0
human_synthetic:D18:A3,D18,A3,178,1766197849677,19.552,5.970362026748565,0.19625386645987483,6.143599297874343,0.17323727112577814,0.5081077777275091,0.6122023709017941,38.45000000000001,0.0,0.0
human_synthetic:D18:A3,D18,A3,179,1766197849787,19.662,6.180364269347535,0.20220671040962332,6.6176741588604,0.4373098895128642,0.5303086934317439,0.20182650640213426,38.45000000000001,0.0,0.0
human_synthetic:D18:A3,D18,A3,180,1766197849903,19.778,6.390010194948294,0.175101802861327,5.434193881903252,-0.9558163130450419,0.5020256839098634,-0.24381904760241865,38.44687791762975,-0.026914503191845,0.0
human_synthetic:D18:A3,D18,A3,181,1766197850019,19.894,6.599298294522295,0.21320634714814524,6.616748704597611,0.017450410075316114,0.5011688208189665,-0.007386750783593371,38.4426641365595,-0.03632569888133009,0.0
human_synthetic:D18:A3,D18,A3,182,1766197850133,20.008,6.843872667005108,0.18467830771409788,5.831946559392565,-1.0119261076125436,0.5959414534181621,0.8313388824490837,38.44976467321137,0.062285409226983814,0.0
human_synthetic:D18:A3,D18,A3,183,1766197850243,20.118,7.0880336948637215,0.23139731684723028,7.573003096818446,0.48496940195472416,0.6165682521682158,0.18751635227321534,38.44169318405002,-0.0733771741941134,0.0
human_synthetic:D18:A3,D18,A3,184,1766197850353,20.228,7.331780658713682,0.24075911322048615,7.879389159943183,0.5476085012295009,0.6155226359847483,-0.009505601667885772,38.448354553025894,0.060557899780633306,0.0
human_synthetic:D18:A3,D18,A3,185,1766197850463,20.338,7.539549450869684,0.2067857173833459,6.767532568909502,-0.772016881960182,0.5246686670606117,-0.825945172037606,38.45586170380654,0.06824682527854459,0.0
human_synthetic:D18:A3,D18,A3,186,1766197850577,20.452,7.818032144277199,0.2568411657421898,8.11077365501652,0.29274151073932053,0.6785640677571024,1.3499596552323752,38.465585519813146,0.08529663163695307,0.0
human_synthetic:D18:A3,D18,A3,187,1766197850690,20.565,8.09604685066645,0.2675986072188356,8.525265362723967,0.42921851205751693,0.6834186489411275,0.04296089543384993,38.47521741141004,0.08523797873347141,0.0
human_synthetic:D18:A3,D18,A3,188,1766197850803,20.678,8.302631963656184,0.2299462548986076,7.325721394999888,-0.9769105686562964,0.5078296779492006,-1.5538846990436002,38.480000000000004,0.04232379283151574,0.0
human_synthetic:D18:A3,D18,A3,189,1766197850914,20.789,8.579769969790519,0.2830556760823312,9.180184089156688,0.6004141193661692,0.693538553889723,1.673052936401102,38.49672675921943,0.1506915244991834,0.0
human_synthetic:D18:A3,D18,A3,190,1766197851020,20.895,8.78559361613924,0.24312420766652088,8.2570485622592,-0.5285450538800394,0.5393701424232736,-1.4544189760985786,38.52908990654462,0.30531271061495363,0.0
human_synthetic:D18:A3,D18,A3,191,1766197851134,21.009,9.061864658526211,0.2989714277045375,9.44120298014329,0.3793383216170785,0.6731750545491503,1.1737272993497951,38.52,-0.07973602232107369,0.0
human_synthetic:D18:A3,D18,A3,192,1766197851245,21.12,9.302309391014813,0.25594237254453417,8.300833704147054,-1.0014756868677583,0.6017135447662698,-0.6437973854313555,38.52,0.0,0.0
human_synthetic:D18:A3,D18,A3,193,1766197851357,21.232,9.507015722106562,0.31484790683205394,10.120111291030305,0.6130955689237432,0.5077041941759667,-0.8393692016991351,38.52858813708029,0.07667979535977817,0.0
human_synthetic:D18:A3,D18,A3,194,1766197851470,21.345,9.74670046957726,0.3211936736732661,10.232718807289894,0.48601833771263436,0.5891955444215792,0.7211623915540928,38.53785022742436,0.08196540127492132,0.0
human_synthetic:D18:A3,D18,A3,195,1766197851580,21.455,9.880140282306492,0.273663986085577,8.956275908255247,-0.9238643740512451,0.33696922406371516,-2.2929665487078545,38.57382821680371,0.32707263072133874,0.0
human_synthetic:D18:A3,D18,A3,196,1766197851697,21.572,10.083883611812011,0.3343962208687495,10.289114488269215,0.20523087645720395,0.48372110518879174,1.2542895822656117,38.69449587903667,1.031347540452658,0.0
human_synthetic:D18:A3,D18,A3,197,1766197851808,21.683,10.252077891634979,0.3404593174337425,11.04192380866192,0.7898459170269412,0.42090660616358644,-0.5658963876144623,38.95710087411481,2.3658107664696852,0.0
human_synthetic:D18:A3,D18,A3,198,1766197851918,21.793,10.420015819622588,0.28758901541511034,9.412004140858157,-1.008011678764431,0.4240856767363844,0.028900641570890742,39.32074774522574,3.3058806464628727,0.0
human_synthetic:D18:A3,D18,A3,199,1766197852028,21.903,10.622879375804281,0.3582456662049716,11.724403621253618,1.1015242454493368,0.5122817075295292,0.8017820981194977,39.90057316339164,5.27114016514464,0.0
human_synthetic:D18:A3,D18,A3,200,1766197852137,22.012,10.825445649522505,0.30176403555300907,9.966518605420484,-0.8589270441020211,0.5162239391392034,0.036167262474075396,40.558025224055676,6.031670281321485,0.0
human_synthetic:D18:A3,D18,A3,201,1766197852249,22.124,10.99260257213474,0.3665708654004224,11.782634959299292,0.7900323871645529,0.4145757009232008,-0.9075735555000233,41.5556348428289,8.907228739046655,0.0
human_synthetic:D18:A3,D18,A3,202,1766197852360,22.235,11.124440468082227,0.30782597289184566,9.983545066762563,-1.1408954013196642,0.3299246645332517,-0.7626219494590007,42.568794927102324,9.127568326787467,0.0
human_synthetic:D18:A3,D18,A3,203,1766197852472,22.347,11.256114879680473,0.3734548441120312,12.003905703601003,0.7477908239205302,0.32657344146390177,-0.029921634547767223,43.949287271127204,12.32582450022208,0.0
human_synthetic:D18:A3,D18,A3,204,1766197852583,22.458,11.387634099499353,0.31439268074836374,10.196519375622607,-1.1911147238767459,0.3291271767239244,0.02300662396416771,45.21522197807886,11.40481717974476,0.0
human_synthetic:D18:A3,D18,A3,205,1766197852697,22.572,11.448982358465818,0.3825624867100663,12.080920632949463,0.6319382744836446,0.149484061809125,-1.5758167974982402,46.7672608505509,13.614376074316256,0.0
human_synthetic:D18:A3,D18,A3,206,1766197852812,22.687,11.545284472792094,0.38411953566441304,12.024611551233798,0.4793270784417043,0.23261380272047497,0.7228673122726085,48.394159492702315,14.146944714360147,0.0
human_synthetic:D18:A3,D18,A3,207,1766197852927,22.802,11.676469457773985,0.38822264616596025,12.153056749543104,0.4765872917691194,0.3168719444007018,0.7326794928715379,50.19387272735072,15.649680301290504,0.0
human_synthetic:D18:A3,D18,A3,208,1766197853037,22.912,11.807534513212046,0.3258580748778949,10.664446086912925,-1.143088426299121,0.33097236221732795,0.12818561651478302,51.864292173887385,15.185631332151543,0.0
human_synthetic:D18:A3,D18,A3,209,1766197853150,23.025,11.938489286036788,0.39767517018742904,12.669297457298624,0.7308081712618364,0.3219143874747837,-0.0801590685180909,54.12459420540321,20.002672845272873,0.0
human_synthetic:D18:A3,D18,A3,210,1766197853264,23.139,12.03446118802998,0.3349893607339721,10.57861139159912,-1.4558497964308597,0.2338496637260998,-0.772497576742841,56.19829502455761,18.190358062757863,0.0
human_synthetic:D18:A3,D18,A3,211,1766197853377,23.252,12.095535515674515,0.4021625604273741,12.812258562288024,0.7167230466135095,0.1501335487820431,-0.7408505747261654,58.889877986935495,23.819318251131673,0.0
human_synthetic:D18:A3,D18,A3,212,1766197853487,23.362,12.156628513379681,0.4049228832426808,13.252021633396826,1.0953931200171443,0.15427524673021978,0.03765179952887887,61.750941346545,26.009666905540804,0.0
human_synthetic:D18:A3,D18,A3,213,1766197853602,23.477,12.252557052283777,0.3388289901367722,10.606820560803303,-1.6457364914804735,0.23171144662824708,0.673358259982846,64.25283427978178,21.75559072379804,0.0
human_synthetic:D18:A3,D18,A3,214,1766197853718,23.593,12.313688914839997,0.40910450602438087,12.696346738687682,0.3826578238476852,0.1463885597610662,-0.7355421281653522,67.35101224178803,26.708430706950402,0.0
human_synthetic:D18:A3,D18,A3,215,1766197853831,23.706,12.374865492951669,0.4117970141164504,13.119196909904614,0.7443314169529458,0.15038490194609544,0.03536586004450644,70.5309202344813,28.14077869640065,0.0
human_synthetic:D18:A3,D18,A3,216,1766197853947,23.822,12.505570893099422,0.4143557689110332,12.859316966204478,0.35374607310505546,0.3129918585913647,1.4017841090109417,73.75201665545855,27.768072594631317,0.0
human_synthetic:D18:A3,D18,A3,217,1766197854063,23.938,12.56681763762364,0.34876876339559515,10.823858174346057,-1.7429594632775824,0.14666366025914135,-1.4338637787260633,76.49791270739851,23.67151768913751,0.0
human_synthetic:D18:A3,D18,A3,218,1766197854177,24.052,12.697521665576579,0.4251608216665506,13.42613121052265,0.728609544946071,0.3184796002751913,1.5071573685618416,79.88057809668888,29.672503414827773,0.0
human_synthetic:D18:A3,D18,A3,219,1766197854291,24.166,12.793548374448157,0.4262579406367191,13.460777072738498,0.6672286982903408,0.23398320875141088,-0.7411964168752667,83.22787042841333,29.362213436179353,0.0
human_synthetic:D18:A3,D18,A3,220,1766197854408,24.283,12.854973602915683,0.4270996942771738,13.141529054682271,0.2865554517665885,0.1458338757538595,-0.7534131025431741,86.50455534043702,28.005853948920606,0.0
human_synthetic:D18:A3,D18,A3,221,1766197854523,24.398,12.881870363435281,0.3571527575417429,11.180434149132822,-1.7014362143024595,0.06496802057873922,-0.703181349348872,89.20048992049057,23.442909391769962,0.0
human_synthetic:D18:A3,D18,A3,222,1766197854634,24.509,12.943525383066246,0.430191360028246,13.952152217132303,1.0086268340660567,0.15429184091833206,0.8047191021584941,92.32959556836398,28.19014097183258,0.0
human_synthetic:D18:A3,D18,A3,223,1766197854746,24.621,12.970709604896138,0.4312597792376833,13.861921475496963,0.8912118706008254,0.0674211850939759,-0.7756308555746085,95.34819852388958,26.951812102906963,0.0
human_synthetic:D18:A3,D18,A3,224,1766197854855,24.73,12.998059121942886,0.36075183853161064,11.914739621227508,-1.083319500715378,0.0696980556746879,0.020888720923963235,97.79924242197892,22.486641266874532,0.0
human_synthetic:D18:A3,D18,A3,225,1766197854963,24.838,13.06013188955871,0.3614365059375648,12.047883531252161,-1.0122483583065485,0.15965218008185256,0.8329085593255987,100.16837812176665,21.93644166470124,0.0
human_synthetic:D18:A3,D18,A3,226,1766197855071,24.946,13.122348326362394,0.4357945186960126,14.526483956533754,1.4041356301713606,0.16002169959795354,0.003421477000935001,102.9005403413788,25.297798329742125,0.0
human_synthetic:D18:A3,D18,A3,227,1766197855179,25.054,13.115687453229533,0.3647385957467994,12.15795319155998,-0.9577342616695539,-0.017131875341720365,-1.6403108790710548,105.09507323059304,20.319748974206096,0.0
human_synthetic:D18:A3,D18,A3,228,1766197855289,25.164,13.143753870663511,0.43892823505471285,14.364924056336056,1.2211701856725448,0.07087479149994393,0.8000606076514936,107.5742831632268,22.53827211485228,0.0
human_synthetic:D18:A3,D18,A3,229,1766197855397,25.272,13.206503835654228,0.36586775074775985,12.195591691591995,-1.0109121440622335,0.16139394287735995,0.8381402905316299,109.52524495100099,18.06446099790917,0.0
human_synthetic:D18:A3,D18,A3,230,1766197855509,25.384,13.269431176841994,0.44174335043678975,14.198893406896813,0.9294622300548188,0.1560697946125154,-0.04753703807896907,111.68328783543312,19.268240039572504,0.0
human_synthetic:D18:A3,D18,A3,231,1766197855616,25.491,13.26364259461776,0.3675697599051267,12.366833043536973,-0.8968095510807874,-0.015027472025531601,-1.5990398751219346,113.38495779168883,15.90345753510026,0.0
human_synthetic:D18:A3,D18,A3,232,1766197855724,25.599,13.258106323620204,0.3697159153842784,12.323863846142613,-0.934242477477591,-0.014239380137748692,0.007297147109101011,115.08667646386208,15.75665437197434,0.0
human_synthetic:D18:A3,D18,A3,233,1766197855833,25.708,13.287249889789985,0.44256238094907735,14.616739187308978,1.3294892975189931,0.07427004630423276,0.8120130866236831,117.09419362230649,18.417588609581788,0.0
human_synthetic:D18:A3,D18,A3,234,1766197855942,25.817,13.31662872360297,0.36958905783464796,12.206611084447088,-1.1100176391558811,0.07486960706673006,0.005500557454103674,118.73593117845265,15.061812441707835,0.0
human_synthetic:D18:A3,D18,A3,235,1766197856051,25.926,13.311851593137792,0.44313689170009707,14.635713854315133,1.3238622611773412,-0.012174134722672737,-0.7985664384348881,120.74195560616378,18.403893832212287,0.0
human_synthetic:D18:A3,D18,A3,236,1766197856158,26.033,13.307345513461573,0.36539509527746666,12.293666756998878,-1.0136787564626957,-0.01169802615840905,0.0044496127501279185,122.44929307850622,15.956424975162905,0.0
human_synthetic:D18:A3,D18,A3,237,1766197856268,26.143,13.30311438669973,0.44033246643236024,14.410880719604519,1.107766332904788,-0.010684663540004958,0.009212387440037202,124.49565126584997,18.603256248579473,0.0
human_synthetic:D18:A3,D18,A3,238,1766197856383,26.258,13.333526685209266,0.3710208514659586,11.61456578502131,-1.7189609001879553,0.0734596582355915,0.731689754570404,126.06158278409436,13.616795810820724,0.0
human_synthetic:D18:A3,D18,A3,239,1766197856495,26.37,13.36420220191345,0.44545375642771645,14.318156456605172,0.9539542546917215,0.0760801505560103,0.023397252860882185,127.74122619979602,14.996816211621981,0.0
human_synthetic:D18:A3,D18,A3,240,1766197856609,26.484,13.360799945110967,0.44565847467385783,14.073425516016563,0.7126255709055958,-0.008290099421253373,-0.7400899120812603,129.21817926387166,12.955728632242494,0.0
human_synthetic:D18:A3,D18,A3,241,1766197856717,26.592,13.39202634519786,0.37189394061702563,12.396464687234188,-0.9955616579636715,0.08031481503830336,0.8204158746255253,130.3120316281448,10.128262632158767,0.0
human_synthetic:D18:A3,D18,A3,242,1766197856826,26.701,13.457862600444486,0.44817183067450156,14.802005416772527,1.3441428163280413,0.16777842825338096,0.8024184698630973,131.54244422364135,11.288188949509594,0.0
human_synthetic:D18:A3,D18,A3,243,1766197856937,26.812,13.489644674984163,0.37410047073371144,12.132988240012264,-1.3566564349718995,0.07953472107026129,-0.7949883530010782,132.4917894971013,8.55266012126085,0.0
human_synthetic:D18:A3,D18,A3,244,1766197857047,26.922,13.521715937411988,0.45072747824802345,14.751081106298948,1.2293651688869591,0.0809880364339044,0.01321195785130102,133.57880451116947,9.881954673346884,0.0
human_synthetic:D18:A3,D18,A3,245,1766197857157,27.032,13.485452781271166,0.37280432615810194,12.200868856083336,-1.28458392518783,-0.09157362661824048,-1.5687423913831353,134.42595988136353,7.70141245630963,0.0
human_synthetic:D18:A3,D18,A3,246,1766197857268,27.143,13.55243448066571,0.44919753825249004,14.568568808188868,1.016134327523158,0.1676218703567173,2.335094567341962,135.3428518586665,8.260288083810643,0.0
human_synthetic:D18:A3,D18,A3,247,1766197857378,27.253,13.585403829435775,0.37675898118843526,12.330293929803336,-1.2551098996324388,0.08325593123753885,-0.7669630829016222,136.03372530979638,6.280667737544315,0.0
human_synthetic:D18:A3,D18,A3,248,1766197857487,27.362,13.618679013004906,0.45432625469576504,15.005270797291322,1.3865917842864164,0.08479914263285031,0.014157902709279385,136.83731537055414,7.372385878511523,0.0
human_synthetic:D18:A3,D18,A3,249,1766197857597,27.472,13.686566052438224,0.38047016939998735,12.451750998545041,-1.2348150538931826,0.1714319177609043,0.787570682982309,137.44884580791495,5.559367612371023,0.0
human_synthetic:D18:A3,D18,A3,250,1766197857708,27.583,13.754764392762711,0.45800741631883873,14.854294583313688,1.0995301905509773,0.17066651732854587,-0.006895499390616453,138.13831328586005,6.211418720226134,0.0
human_synthetic:D18:A3,D18,A3,251,1766197857817,27.692,13.788978908681429,0.382665203164757,12.638483774248856,-1.150495134432573,0.08719295596003687,-0.7658124896193487,138.6722268276154,4.8982893739021955,0.0
human_synthetic:D18:A3,D18,A3,252,1766197857930,27.805,13.823514983230691,0.46087421795181355,14.68271844802238,0.8592034647916886,0.08489693842001474,-0.020318739292231287,139.31891882820983,5.72293805835789,0.0
human_synthetic:D18:A3,D18,A3,253,1766197858040,27.915,13.858375605952364,0.3851084094472038,12.603547945544852,-1.2548276604075124,0.08803187555978279,0.028499428543345896,139.79533574077433,4.331062841495478,0.0
human_synthetic:D18:A3,D18,A3,254,1766197858150,28.025,13.8935635398683,0.46197736800725747,15.119259316601154,1.225695776732854,0.08885841897963154,0.007514031089534109,140.36706016795318,5.197494792535002,0.0
human_synthetic:D18:A3,D18,A3,255,1766197858260,28.135,13.929081318083954,0.38542876444141766,12.614032290810034,-1.3150490272739201,0.08969135913043935,0.007572183189161954,140.77421090295155,3.7013703181669784,0.0
human_synthetic:D18:A3,D18,A3,256,1766197858372,28.247,13.964931240582684,0.4659690834658608,14.977577682831239,1.0126464422485544,0.08891349826074217,-0.00694518633658197,141.19256193346223,3.735277058131053,0.0
human_synthetic:D18:A3,D18,A3,257,1766197858480,28.355,14.001115371214475,0.38972578198170393,12.990859399390132,-1.0102559718243427,0.09306617960851497,0.03845075322011854,141.5126570325858,2.9638435104033607,0.0
human_synthetic:D18:A3,D18,A3,258,1766197858593,28.468,14.071957382156178,0.46922431523173247,14.94873924632068,0.8767818641645011,0.17414456966987024,0.7175078766491616,141.84792807245466,2.967000352821871,0.0
human_synthetic:D18:A3,D18,A3,259,1766197858705,28.58,14.108821347407362,0.39161231889830084,12.587538821731098,-1.5212825256762645,0.09142848524599076,-0.7385364680703526,142.109331193828,2.333956440833467,0.0
human_synthetic:D18:A3,D18,A3,260,1766197858817,28.692,14.180360075319182,0.4725688389592428,15.189712680832805,1.009352605513623,0.17742740057495004,0.7678474582942794,142.3755808507847,2.3772290799704314,0.0
human_synthetic:D18:A3,D18,A3,261,1766197858928,28.803,14.217912402687496,0.47406213045088014,15.374988014623138,1.1570756119356425,0.09397479321400067,-0.7518252915400845,142.61122802284777,2.1229474960636754,0.0
human_synthetic:D18:A3,D18,A3,262,1766197859037,28.912,14.255807199641168,0.3966777287466465,13.101282784292913,-1.1545244153482557,0.09657185768010272,0.02382627950552345,142.7767902114462,1.5189191614536062,0.0
human_synthetic:D18:A3,D18,A3,263,1766197859147,29.022,14.294045052767945,0.4717346322095468,15.438587963221533,1.1445429104535876,0.09656023516862708,-0.00010565919523311288,142.9315720451222,1.4071075788727037,0.0
human_synthetic:D18:A3,D18,A3,264,1766197859257,29.132,14.332626296036127,0.3940130578439153,12.894972802164501,-1.4376534938716254,0.09742738199035696,0.007883152924817071,143.04490946544738,1.0303401847742386,0.0
human_synthetic:D18:A3,D18,A3,265,1766197859367,29.242,14.371551009459766,0.47961056547824954,15.696345779288167,1.3247947698284008,0.09829473086778022,0.007884989794756936,143.15686195285028,1.0177498854809321,0.0
human_synthetic:D18:A3,D18,A3,266,1766197859475,29.35,14.410819017984942,0.40046819515574117,13.348939838524707,-1.0618791794602345,0.1009979643137192,0.02502993931424981,143.21637197423482,0.5510187165235173,0.0
human_synthetic:D18:A3,D18,A3,267,1766197859585,29.46,14.450429890598949,0.40285919892334165,13.184482873854819,-1.2659470167441302,0.10002745609597564,-0.008822801979486856,143.23277944176974,0.14915879577198543,0.0
human_synthetic:D18:A3,D18,A3,268,1766197859695,29.57,14.524801901516053,0.48429892239268524,15.8497829146697,1.3249810131536464,0.18780810837653242,0.7980059298232434,143.24,0.06564143845702636,0.0
human_synthetic:D18:A3,D18,A3,269,1766197859809,29.684,14.565110104886422,0.486741709617646,15.370790830030925,0.8056807251445033,0.09821686981083631,-0.7858880575938254,143.23057129370528,-0.08270794995374879,0.0
human_synthetic:D18:A3,D18,A3,270,1766197859918,29.793,14.60575907604976,0.40580701382111856,13.40280045647731,-1.202958619572449,0.10359065026334419,0.04930073809640251,143.20732284981443,-0.21328847606284415,0.0
human_synthetic:D18:A3,D18,A3,271,1766197860027,29.902,14.646747347099646,0.4893171591457107,16.16093369655558,1.5141863494559349,0.10445532887331313,0.007932831284118752,143.17569291404106,-0.2901828970033663,0.0
human_synthetic:D18:A3,D18,A3,272,1766197860137,30.012,14.688073192588941,0.4094334067148566,13.39963876521349,-1.288434427375451,0.10435819568003718,-0.000883029029781364,143.12765132596942,-0.43674170974218834,0.0
human_synthetic:D18:A3,D18,A3,273,1766197860247,30.122,14.695238764367545,0.49360283560551793,16.15427461981695,1.4590358554494038,0.018094878228801615,-0.7842119768294142,143.06997483049525,-0.5243317770379008,0.0
human_synthetic:D18:A3,D18,A3,274,1766197860355,30.23,14.70270264752212,0.4092856470796096,13.642854902653655,-1.0598477448684651,0.01919723033584054,0.010206963954064108,143.0223145931426,-0.4412984940061009,0.0
human_synthetic:D18:A3,D18,A3,275,1766197860467,30.342,14.710460279145934,0.49190846685501544,15.811343577482637,1.1008832983367025,0.019240157797156026,0.0003832809046025664,142.96122620641674,-0.5454320243380043,0.0
human_synthetic:D18:A3,D18,A3,276,1766197860578,30.453,14.75305737256382,0.41057105967145685,13.31581815150671,-1.4372392210571103,0.10659933287759438,0.7870195953192644,142.8811872767083,-0.7210714388148713,0.0
human_synthetic:D18:A3,D18,A3,277,1766197860688,30.563,14.761407533962903,0.4929950121443645,16.134382215633746,1.3729746816708435,0.021086266159295066,-0.7773915156209028,142.7786517045054,-0.9321415654808747,0.0
human_synthetic:D18:A3,D18,A3,278,1766197860797,30.672,14.77003716854895,0.41068882949170793,13.56403473550595,-1.2060024330429986,0.021991933195840686,0.00830887189491394,142.70667610145273,-0.6603266335106782,0.0
human_synthetic:D18:A3,D18,A3,279,1766197860913,30.788,14.74432978393827,0.4929663428791277,15.298955468662582,0.5546256847243125,-0.061559829048563816,-0.7202738124517629,142.61556406601056,-0.7854485813979785,0.0
human_synthetic:D18:A3,D18,A3,280,1766197861022,30.897,14.684215355137486,0.40922352686054014,13.515639419247197,-1.1685759358902885,-0.15319681141891797,-0.8407062602784785,142.52861406142472,-0.7977064640903161,0.0
human_synthetic:D18:A3,D18,A3,281,1766197861133,31.008,14.589619976352294,0.48764333118092823,15.815459389651728,1.2258394132994344,-0.23672517213511865,-0.7525077542000062,142.43340371793838,-0.8577508422193078,0.0
human_synthetic:D18:A3,D18,A3,282,1766197861245,31.12,14.46046600514871,0.4018456997780658,12.91646892143783,-1.543997083710881,-0.32032234921523595,-0.7464033667867616,142.35476832201962,-0.7021017492745736,0.0
human_synthetic:D18:A3,D18,A3,283,1766197861352,31.227,14.435474855923818,0.4837879232289753,16.276976856301975,1.8415020003781564,-0.06487837285797689,2.387326881843543,142.25366037595967,-0.9449340753266791,0.0
human_synthetic:D18:A3,D18,A3,284,1766197861459,31.334,14.480123630617285,0.40182264119657973,13.519266432782123,-0.9608571978351623,0.11591063004535127,1.6896168495638146,142.17181812500914,-0.7648808500049501,0.0
human_synthetic:D18:A3,D18,A3,285,1766197861568,31.443,14.52505294897335,0.4847259782860434,16.009298365410608,1.4842454164372576,0.11449877256897167,-0.012952820884216431,142.0838456016053,-0.8070873706773822,0.0
human_synthetic:D18:A3,D18,A3,286,1766197861676,31.551,14.605031847223996,0.40520924603338965,13.506974867779656,-1.0980569794443404,0.20570704282573826,0.8445210208959869,142.00235638231786,-0.7545298082171122,0.0
human_synthetic:D18:A3,D18,A3,287,1766197861784,31.659,14.754931064568678,0.40946480128555335,13.648826709518445,-1.106104355050233,0.3855432544873515,1.6651501079779003,141.92158288430295,-0.7479027593972816,0.0
human_synthetic:D18:A3,D18,A3,288,1766197861898,31.773,14.94007742838863,0.4959519463966755,15.661640412526596,0.7215629841379663,0.45113636408369995,0.5753781543539338,141.8392533303879,-0.7221890694303442,0.0
human_synthetic:D18:A3,D18,A3,289,1766197862013,31.888,15.090845633220448,0.5019793531245407,15.714136271724751,0.6232906385043027,0.36417440780632465,-0.7561909241510895,141.75298670714494,-0.7501445499386867,0.0
human_synthetic:D18:A3,D18,A3,290,1766197862120,31.995,15.20715474439587,0.4200519247158595,14.132588121281254,-1.0745666231146167,0.3019447330618459,-0.5815857452755026,141.6842082801299,-0.6427890375238068,0.0
human_synthetic:D18:A3,D18,A3,291,1766197862229,32.104,15.393639230667961,0.508750302802771,16.802762294403447,1.4091230637354855,0.47524079070359343,1.5898720884563995,141.60415260517374,-0.7344557335427203,0.0
human_synthetic:D18:A3,D18,A3,292,1766197862336,32.211,15.54566037696559,0.43032880600160417,14.478352351455843,-1.067308025509746,0.39465510461481396,-0.7531372531661633,141.5408326178853,-0.5917755821350634,0.0
human_synthetic:D18:A3,D18,A3,293,1766197862443,32.318,15.663131889618263,0.43435672690601784,14.613871185623031,-1.0492607039952322,0.3049623900640574,-0.8382496686986595,141.485555105304,-0.5166122671148068,0.0
human_synthetic:D18:A3,D18,A3,294,1766197862550,32.425,15.815946628197064,0.5252718134986912,17.67269652892793,1.8567499007308648,0.39671531302908214,0.8575039529441565,141.40779902185977,-0.7266923686376482,0.0
human_synthetic:D18:A3,D18,A3,295,1766197862658,32.533,15.969166981152288,0.44302257346239154,14.76741911541305,-1.2017478657392378,0.3940852699465577,-0.024352250764115353,141.34100469111215,-0.6184660254409854,0.0
human_synthetic:D18:A3,D18,A3,296,1766197862767,32.642,16.12278899740178,0.5369760285127623,17.734988097669213,1.612199100267432,0.3914934155185896,-0.02377848099053261,141.2878617256473,-0.4875501418792975,0.0
human_synthetic:D18:A3,D18,A3,297,1766197862875,32.75,16.241728991925807,0.4497711510444466,14.992371701481552,-1.2493572904442551,0.3059156237757864,-0.7923869605815114,141.2457992161249,-0.38946768076292065,0.0
human_synthetic:D18:A3,D18,A3,298,1766197862985,32.86,16.396110744884325,0.4538518017042186,14.853331692138063,-1.542779052746262,0.3898529115114064,0.7630662521419999,141.21363516666628,-0.2924004496239005,0.0
human_synthetic:D18:A3,D18,A3,299,1766197863092,32.967,16.515739702723646,0.5506121726897109,18.525269361522984,2.0095296587993374,0.3105632342661563,-0.7410250209836459,141.1819749320835,-0.29589004282965636,0.0
human_synthetic:D18:A3,D18,A3,300,1766197863200,33.075,16.635688764939903,0.4617460057059192,15.391533523530644,-1.2441552414092598,0.30851096249036775,-0.01900251644248647,141.16675740924657,-0.14090298923087455,0.0
human_synthetic:D18:A3,D18,A3,301,1766197863309,33.184,16.791152766912003,0.5561166413524824,18.36715512723795,1.5760023603259476,0.396187568736241,0.8043725343658097,141.16369623404748,-0.02808417613846985,0.0
human_synthetic:D18:A3,D18,A3,302,1766197863417,33.292,16.91175274088577,0.4688547349517884,15.628491165059613,-1.2832615758261579,0.3101851182452838,-0.7963189860273817,141.17000000000002,0.05836820326423878,0.0
human_synthetic:D18:A3,D18,A3,303,1766197863525,33.4,17.032651901331036,0.4715572226785555,15.718574089285184,-1.314077812045852,0.31095463077485735,0.00712511601457018,141.1730613211112,0.028345565844218795,0.0
human_synthetic:D18:A3,D18,A3,304,1766197863632,33.507,17.153842575710357,0.5727991718926794,19.271747839379866,2.1179052636695097,0.3146175347334428,0.03423274727649933,141.19346508521272,0.19068938412645273,0.0
human_synthetic:D18:A3,D18,A3,305,1766197863740,33.615,17.275316800005022,0.4804599173000326,16.015330576667754,-1.2599862233372683,0.31243370446158664,-0.02022065066533469,141.21134195869664,0.16552660633253583,0.0
human_synthetic:D18:A3,D18,A3,306,1766197863845,33.72,17.361706434310793,0.4820212919944325,16.526444296951972,-0.8352621373588214,0.22854400609992254,-0.7989495082063248,141.24774953883224,0.34673885843430763,0.0
human_synthetic:D18:A3,D18,A3,307,1766197863952,33.827,17.519082624187206,0.5843907723720683,19.661745612518185,2.1426629883309793,0.40855708690657744,1.6823652411836907,141.31607365100342,0.63854310440358,0.0
human_synthetic:D18:A3,D18,A3,308,1766197864057,33.932,17.57050807586484,0.4883477002341258,16.74334972231289,-0.8271583535519511,0.1360461684593483,-2.5953420804498015,141.37348933190773,0.5468160086125062,0.0
human_synthetic:D18:A3,D18,A3,309,1766197864166,34.041,17.62205270125629,0.5869153552707772,19.384360357566955,1.7623076563106643,0.1313573531892186,-0.043016653854401,141.47860079774944,0.9643253746945143,0.0
human_synthetic:D18:A3,D18,A3,310,1766197864273,34.148,17.638217276510222,0.39141877328249824,13.169229755299007,-4.468987521211215,0.041964110212702146,-0.8354508689394061,141.56005767521015,0.7612792286047628,0.0
human_synthetic:D18:A3,D18,A3,311,1766197864380,34.255,17.68993801287136,0.5898510704595251,19.845456576208324,2.1555185633369653,0.13426982440586283,0.8626702261043054,141.40189677176184,-1.4781392845635994,0.0
human_synthetic:D18:A3,D18,A3,312,1766197864487,34.362,17.741748071187587,0.5923272533371609,19.928767401997938,2.187019330810351,0.13450170902446817,0.002167145968274291,140.88039835992663,-4.873816933039351,0.0
human_synthetic:D18:A3,D18,A3,313,1766197864594,34.469,17.793637391173146,0.49464416955880075,16.64223374216526,-1.1514036490078858,0.1347074765980318,0.001923061435174174,140.34887765451467,-4.967483228149196,0.0
human_synthetic:D18:A3,D18,A3,314,1766197864703,34.578,17.88121580510751,0.49745109736689663,16.429577527714017,-1.4516382773934922,0.22318657985311566,0.8117348922484756,139.75787826691024,-5.422012730315842,0.0
human_synthetic:D18:A3,D18,A3,315,1766197864811,34.686,17.897613287267877,0.5981534249697897,19.93844749899299,2.0408342117251124,0.04217459403386301,-1.676036905733821,138.98173969645924,-7.1864682449166315,0.0
human_synthetic:D18:A3,D18,A3,316,1766197864917,34.792,17.91399423299328,0.4977182760399881,16.903639563622235,-1.0103546693710435,0.04292700661793025,0.007098231925162641,138.30847227999016,-6.351579400651771,0.0
human_synthetic:D18:A3,D18,A3,317,1766197865028,34.903,18.001784186600005,0.5998602836375599,19.454928117974916,1.4531439313749104,0.21969457859541333,1.5925006484457935,137.5427856008687,-6.89807819028328,0.0
human_synthetic:D18:A3,D18,A3,318,1766197865142,35.017,18.053917134247936,0.5035151580500196,15.900478675263777,-2.1534384589841586,0.12702959953199106,-0.8128506935387919,136.9454217710883,-5.240033594565087,0.0
human_synthetic:D18:A3,D18,A3,319,1766197865250,35.125,18.10606803554979,0.6072693098474073,20.242310328246912,2.1362422926971227,0.13413297659942353,0.06577200988363399,136.30200008190462,-5.957608233182115,0.0
human_synthetic:D18:A3,D18,A3,320,1766197865359,35.234,18.158226594873433,0.5053518493184607,16.690519794004206,-1.4677068008692267,0.13292191468818496,-0.01111065973613367,135.8424615802103,-4.215949556828543,0.0
human_synthetic:D18:A3,D18,A3,321,1766197865469,35.344,18.246229727204238,0.6073025074744558,19.8753547900731,1.6291250628688623,0.22223013214849824,0.811892886002848,135.33285304881917,-4.632804830828522,0.0
human_synthetic:D18:A3,D18,A3,322,1766197865574,35.449,18.2625255184657,0.4065365108903776,13.938394659098662,-4.324130859367038,0.043110558892754475,-1.7059006976737503,135.01242566741954,-3.051689346663233,0.0
human_synthetic:D18:A3,D18,A3,323,1766197865680,35.555,18.314645331049853,0.6108749952451816,20.74669795172315,2.4320526206732964,0.13658231809264487,0.8818090490555698,134.5030561393275,-4.805372906528652,0.0
human_synthetic:D18:A3,D18,A3,324,1766197865788,35.663,18.366731715743548,0.6121018009368522,20.40339336456174,2.0366616488181926,0.13396703882123046,-0.024215548809392747,134.06995034810166,-4.010238807646681,0.0
human_synthetic:D18:A3,D18,A3,325,1766197865894,35.769,18.310851962194995,0.5098800888149826,17.31668226164092,-0.9941697005540746,-0.14643541286308576,-2.6453061479652473,133.72846325176658,-3.2215763805195494,0.0
human_synthetic:D18:A3,D18,A3,326,1766197865999,35.874,18.290736497175352,0.5095670282177602,17.47086953889464,-0.8198669582807128,-0.053215515924977454,0.8878085422676982,133.4464597949048,-2.6857472082074962,0.0
human_synthetic:D18:A3,D18,A3,327,1766197866107,35.982,18.234397625311786,0.6111733405471356,20.37244468490452,2.138047059592733,-0.14490450582193293,-0.8489721286755137,133.15553159708026,-2.6937796094864974,0.0
human_synthetic:D18:A3,D18,A3,328,1766197866213,36.088,18.141734815004412,0.5080332456334452,17.25395928566418,-0.8877755293402316,-0.24282707103609416,-0.9237977850392569,132.95520844612722,-1.8898410467267872,0.0
human_synthetic:D18:A3,D18,A3,329,1766197866319,36.194,17.976551942675158,0.5019859778495056,17.04858037979453,-0.9279715628806287,-0.4328691622884021,-1.7928499174746033,132.7908433515594,-1.5506140996963513,0.0
human_synthetic:D18:A3,D18,A3,330,1766197866432,36.307,17.77478970003684,0.5966169578675654,19.007265914364915,1.2324762143280736,-0.49597404778347165,-0.5584503141156596,132.5836315058554,-1.8337331478229635,0.0
human_synthetic:D18:A3,D18,A3,331,1766197866537,36.412,17.71714190970502,0.49400945214838843,16.93746693080189,-0.779674978903131,-0.1525073818302115,3.2711111043167636,132.36566396526987,-2.0758813389098427,0.0
human_synthetic:D18:A3,D18,A3,332,1766197866645,36.52,17.695399165967988,0.49218676362979114,16.40622545432637,-1.2891737116416166,-0.05592269479689534,0.8943026577158903,132.09257467352245,-2.5286045532168986,0.0
human_synthetic:D18:A3,D18,A3,333,1766197866754,36.629,17.745858846619193,0.5907195022226005,19.510001908269377,1.7641430616501843,0.12859245833639815,1.6927995700302156,131.84913977071065,-2.2333477322183417,0.0
human_synthetic:D18:A3,D18,A3,334,1766197866864,36.739,17.759952278116256,0.49382566229416314,16.16156712962716,-1.598385148489097,0.035589473477431514,-0.8454816805360603,131.7886384683305,-0.5500118398195106,0.0
human_synthetic:D18:A3,D18,A3,335,1766197866975,36.85,17.81013178339099,0.5932337642100279,19.240013974379284,1.4298821909882946,0.12557433752436298,0.8106744508732564,131.78699300280533,-0.014824013740289054,0.0
human_synthetic:D18:A3,D18,A3,336,1766197867083,36.958,17.823871395593,0.49610636299895133,16.53687876663171,-1.2869926289612899,0.03533850875002563,-0.8355169330957162,131.8354849795011,0.44899978422010794,0.0
human_synthetic:D18:A3,D18,A3,337,1766197867195,37.07,17.87373723214247,0.5964695525165764,19.17223561660424,1.2984983844617695,0.12367518985483589,0.7887203670072345,131.94806929444547,1.0052170977175985,0.0
human_synthetic:D18:A3,D18,A3,338,1766197867304,37.179,17.88709174240852,0.49637915288820805,16.39417385685825,-1.4929178855502698,0.034032900779945384,-0.8224063217879862,132.09827824514247,1.3780637678623153,0.0
human_synthetic:D18:A3,D18,A3,339,1766197867412,37.287,17.90022904754314,0.5978257016149869,19.927523387166232,2.0272943396230936,0.03378936505817311,-0.002254960386780342,132.32895460190812,2.135892192274593,0.0
human_synthetic:D18:A3,D18,A3,340,1766197867518,37.393,17.949551133680224,0.49896269380999786,16.94590280864144,-1.0036483250387853,0.1292507498351343,0.9005791016694452,132.55915125462718,2.171666535085459,0.0
human_synthetic:D18:A3,D18,A3,341,1766197867625,37.5,17.96225949502272,0.4995083458813063,16.805888272642083,-1.1563712223806384,0.032991592270241024,-0.8996182949990025,132.81484895631536,2.3896981466184806,0.0
human_synthetic:D18:A3,D18,A3,342,1766197867733,37.608,18.011190178098772,0.600769162692286,20.02563875640953,2.014448578310759,0.12585052231494376,0.8598049078213216,133.1959998717788,3.5291751431800993,0.0
human_synthetic:D18:A3,D18,A3,343,1766197867840,37.715,18.02344197176125,0.5016596248594984,16.87826775228219,-1.1451742194790597,0.03180631791920784,-0.8789177980909898,133.5705720330734,3.500674404622376,0.0
human_synthetic:D18:A3,D18,A3,344,1766197867946,37.821,18.071952470536225,0.6023381384052818,20.456766964707686,2.3848144941714615,0.1271239485717384,0.8992229306842504,134.05299700725908,4.551179001751661,0.0
human_synthetic:D18:A3,D18,A3,345,1766197868052,37.927,18.083721684179363,0.5030164153100158,17.083576369019404,-1.0001453151599584,0.030841754830018726,-0.9083225824690535,134.47688158120226,3.9989110749356964,0.0
human_synthetic:D18:A3,D18,A3,346,1766197868157,38.032,18.13178477408034,0.5054503857249645,17.329727510570212,-0.8020572635101288,0.12715103148406928,0.917231206229053,134.917353438914,4.194970073445163,0.0
human_synthetic:D18:A3,D18,A3,347,1766197868263,38.138,18.143047090074802,0.5052760847589767,17.16031985973883,-0.9827272303359713,0.029513406694087092,-0.9211096678300208,135.34352547850463,4.0204909395342,0.0
human_synthetic:D18:A3,D18,A3,348,1766197868371,38.246,18.190637190816037,0.6061426216156579,20.204754053855265,2.014116863039227,0.12240252248260128,0.8600844054492055,135.85023983804328,4.691799625357855,0.0
human_synthetic:D18:A3,D18,A3,349,1766197868478,38.353,18.237992538382805,0.5061541566383907,17.029485643908473,-1.2085068944743327,0.12293703937374831,0.0049954849639909345,136.27621896122517,3.981113300765322,0.0
human_synthetic:D18:A3,D18,A3,350,1766197868585,38.46,18.248463320714084,0.507700750830802,17.08152058869988,-1.1669427320142027,0.027182716332495343,-0.8949002153388127,136.68261012359883,3.7980482464828578,0.0
human_synthetic:D18:A3,D18,A3,351,1766197868691,38.566,18.295309994778595,0.6100889596336043,20.720002402650714,2.4246924078721186,0.12276382092376979,0.9017085338799476,137.16026027564115,4.506133509833163,0.0
human_synthetic:D18:A3,D18,A3,352,1766197868799,38.674,18.305220408029378,0.5091288887673318,16.97096295891106,-1.3342574491183186,0.025489746015387265,-0.9006858787813197,137.5474328790473,3.5849315130199693,0.0
human_synthetic:D18:A3,D18,A3,353,1766197868906,38.781,18.31483419185912,0.6116298782173161,20.57820151011531,2.26336731825619,0.02495790194637523,-0.004970505317869493,137.98357446789896,4.076089615436025,0.0
human_synthetic:D18:A3,D18,A3,354,1766197869013,38.888,18.36086947465497,0.5099701644798235,17.15787469277911,-1.2029947818758586,0.11951007994768267,0.8836652149654901,138.32289564559443,3.1712259597707217,0.0
human_synthetic:D18:A3,D18,A3,355,1766197869121,38.996,18.40663727975152,0.5119567343286318,17.065224477621058,-1.3414128021304634,0.11771554808784027,-0.01661603573928155,138.6442535008514,2.975535696823731,0.0
human_synthetic:D18:A3,D18,A3,356,1766197869228,39.103,18.452132676331583,0.6128645372434304,20.619741439965882,2.1676087636342984,0.11810850617877122,0.003672505522719215,139.00460884077222,3.367806915147939,0.0
human_synthetic:D18:A3,D18,A3,357,1766197869334,39.209,18.49735097528526,0.5138283507077623,17.45077417498061,-1.0465768003046527,0.1184965905494735,0.0036611733085119935,139.29317013101283,2.7222763230246043,0.0
human_synthetic:D18:A3,D18,A3,358,1766197869440,39.315,18.505497479843502,0.5143139891704556,17.467267556732452,-1.0382299231110501,0.021348282385324418,-0.9164934732466894,139.55603139129312,2.479823210191405,0.0
human_synthetic:D18:A3,D18,A3,359,1766197869549,39.424,18.513327117982108,0.6175916942695218,20.397523847433746,1.884196729451638,0.019953206265559856,-0.012798863484078545,139.83801095935283,2.5869685143092753,0.0
human_synthetic:D18:A3,D18,A3,360,1766197869655,39.53,18.52083785126654,0.5159016752039317,17.521188969190135,-0.9996488820764036,0.019682215105949728,-0.002556520373680461,140.0504092899469,2.003757835793245,0.0
human_synthetic:D18:A3,D18,A3,361,1766197869764,39.639,18.56486295750921,0.5157674246001699,17.0345204455102,-1.5303425119990095,0.1121944603533958,0.8487361949306979,140.240829549188,1.74697485542275,0.0
human_synthetic:D18:A3,D18,A3,362,1766197869872,39.747,18.571744502885107,0.6205739036723129,20.685796789077095,2.1140522861919884,0.01769944798327664,-0.8749538182418439,140.4429609306636,1.8715868655147743,0.0
human_synthetic:D18:A3,D18,A3,363,1766197869979,39.854,18.615163721280307,0.5170243415241838,17.395211490533285,-1.2199522307470225,0.11271863550155296,0.8880297898904329,140.78193793485167,3.1680093849353352,0.0
human_synthetic:D18:A3,D18,A3,364,1766197870088,39.963,18.658282678794798,0.6231678302447624,20.581689806249035,1.9234071274542366,0.10988521283,-0.025994703408742825,141.44338700391182,6.068340083120681,0.0
human_synthetic:D18:A3,D18,A3,365,1766197870196,40.071,18.664212956372417,0.5198175951694658,17.32725317231553,-1.3369597840568872,0.015252771547371837,-0.8762263081724829,142.14273040745397,6.475401884649485,0.0
human_synthetic:D18:A3,D18,A3,366,1766197870305,40.18,18.59602211114231,0.518144666597415,17.11303486009811,-1.4829872510442001,-0.17377891241107693,-1.734235632646319,142.8760546534813,6.727745376397586,0.0
human_synthetic:D18:A3,D18,A3,367,1766197870417,40.292,18.49055474101241,0.6202057203235865,19.93518386754385,1.4446291265314386,-0.2615758187745541,-0.7839009496739033,143.77881627459752,8.060371617109041,0.0
human_synthetic:D18:A3,D18,A3,368,1766197870527,40.402,18.4216196665982,0.6174987694685686,20.209050637153155,1.7874309705549543,-0.17407847074295546,0.7954304366508967,144.66885423730878,8.091254206466012,0.0
human_synthetic:D18:A3,D18,A3,369,1766197870634,40.509,18.315398084393983,0.5110686771848579,17.194833998742883,-1.1205640856511003,-0.27575696314697423,-0.9502662841497082,145.39935906339323,6.827147907331362,0.0
human_synthetic:D18:A3,D18,A3,370,1766197870744,40.619,18.13493436623425,0.5071407097091296,16.597332317753335,-1.5376020484809167,-0.4557164599993255,-1.6359954259304659,146.10858617900482,6.447519232832571,0.0
human_synthetic:D18:A3,D18,A3,371,1766197870853,40.728,17.88018815159386,0.6007237594046182,19.840417741803904,1.9602295902100444,-0.6492003431202622,-1.7750814965223554,146.90003202616396,7.260971074854484,0.0
human_synthetic:D18:A3,D18,A3,372,1766197870960,40.835,17.551127000963472,0.49346220915653216,16.602466850126316,-0.9486601508371564,-0.8542605156552182,-1.9164502106070656,147.5175338053274,5.771044665078815,0.0
human_synthetic:D18:A3,D18,A3,373,1766197871072,40.947,17.184682635126467,0.5793300900294563,18.621324322375383,1.4366416872489154,-0.9088401930481231,-0.48731854815093684,148.2403222769207,6.453468496368789,0.0
human_synthetic:D18:A3,D18,A3,374,1766197871179,41.054,17.076553935978033,0.4756381310159057,16.00277823978748,-1.0737756961905518,-0.2807079417145215,5.870394872276651,148.83055306912277,5.516175628056805,0.0
human_synthetic:D18:A3,D18,A3,375,1766197871287,41.162,17.04203529295059,0.5691574110199865,18.971913700666217,1.929878407715627,-0.08878251807469756,1.7770872559242958,149.62719571941477,7.3763208360370385,0.0
human_synthetic:D18:A3,D18,A3,376,1766197871395,41.27,17.044190221538965,0.4746394872225451,15.821316240751504,-1.2228739807874618,0.0055425118013752986,0.8733799062599339,150.32858797208067,6.4943727098694195,0.0
human_synthetic:D18:A3,D18,A3,377,1766197871506,41.381,17.046058741006252,0.4745747075107321,15.391612135483204,-1.6544466055230487,0.004675974642858443,-0.00780664106771942,151.1243141580078,7.168704377721826,0.0
human_synthetic:D18:A3,D18,A3,378,1766197871614,41.489,17.04764333419193,0.5712112351593546,19.04037450531182,1.9927311711198925,0.0040755997573924015,-0.005559026717278162,152.13587865028055,9.366337891414389,0.0
human_synthetic:D18:A3,D18,A3,379,1766197871722,41.597,17.048946706351728,0.4748962064616072,15.82987354872024,-1.2190731576314882,0.0033522946496911533,-0.006697269515752297,153.02400034829648,8.223349055703116,0.0
human_synthetic:D18:A3,D18,A3,380,1766197871829,41.704,17.08695653616759,0.5704799270621654,19.193717172185007,2.106760636017416,0.09867557065385055,0.8908717383566299,154.0339925965015,9.43917988976644,0.0
human_synthetic:D18:A3,D18,A3,381,1766197871938,41.813,17.087708081251385,0.4761450881120712,15.725892818380334,-1.3618152628710511,0.0019152525071218774,-0.8877093407956759,154.79710779560386,7.001056872498833,0.0
human_synthetic:D18:A3,D18,A3,382,1766197872046,41.921,17.088187231050487,0.570825964208402,19.02753214028007,1.9393449092295825,0.001232381170528456,-0.006322882746235383,155.8733562710972,9.965263661975406,0.0
human_synthetic:D18:A3,D18,A3,383,1766197872153,42.028,17.125385425833368,0.4777557820212016,16.074026310993702,-1.0513591148396664,0.09656852228162646,0.8909919730009159,156.9223861419412,9.804017484523186,0.0
human_synthetic:D18:A3,D18,A3,384,1766197872262,42.137,17.088342815908984,0.47782444508750327,15.781357819403778,-1.3069849965052054,-0.09440012722830037,-1.752005958806668,158.125769801385,11.040217059117444,0.0
human_synthetic:D18:A3,D18,A3,385,1766197872371,42.246,17.125014063614138,0.5714767429514047,18.874461235092266,1.7494471714781277,0.09345374032913664,1.723429977591165,159.72154774357634,14.640164607260067,0.0
human_synthetic:D18:A3,D18,A3,386,1766197872478,42.353,17.087454246860315,0.47678578121937565,16.041390769997687,-1.0460634768626278,-0.09750731244502396,-1.7846827362071083,161.1406700158625,13.262824974637006,0.0
human_synthetic:D18:A3,D18,A3,387,1766197872587,42.462,17.123612981352995,0.5727238302471485,18.915649439355363,1.792036458002368,0.0921476414186599,1.7399537051714116,163.08824751249352,17.86768345533052,0.0
human_synthetic:D18:A3,D18,A3,388,1766197872695,42.57,17.122537323659177,0.4768598554328184,15.89532851442728,-1.2272088092318967,-0.0027666092948015805,-0.8788356547542729,164.84125402014672,16.2315417375296,0.0
human_synthetic:D18:A3,D18,A3,389,1766197872804,42.679,17.121217838255667,0.4767008171585586,15.744247172209276,-1.3769706660463914,-0.003362602965109163,-0.0054678318376842425,166.72000447016387,17.236242660707806,0.0
human_synthetic:D18:A3,D18,A3,390,1766197872914,42.789,17.119659433862957,0.5716310938384399,18.707926707439853,1.5882672735768963,-0.003935364628062452,-0.005206924208666266,169.1458718701733,22.053340000085665,0.0
human_synthetic:D18:A3,D18,A3,391,1766197873021,42.896,17.117867189848536,0.4775689192265192,16.067739338462328,-1.0501278513862076,-0.004652762238889976,-0.006704650568481531,171.2986891383945,20.11978755346928,0.0
human_synthetic:D18:A3,D18,A3,392,1766197873129,43.004,17.115846350782657,0.569707378198512,18.990245939950402,1.8743995891677443,-0.005197631342278863,-0.00504508429063784,174.11064548865798,26.036632872809925,0.0
human_synthetic:D18:A3,D18,A3,393,1766197873237,43.112,17.150564744873897,0.47376707097121007,15.792235699040337,-1.3583290458335604,0.08929628109887054,0.8749436337143464,176.58092650481166,22.87297237179331,0.0
human_synthetic:D18:A3,D18,A3,394,1766197873344,43.219,17.18505487266194,0.4781537313187871,16.087415259323677,-1.0976396133382629,0.08953823413303187,0.0022612433099189685,179.20495163456496,24.523599343488844,0.0
human_synthetic:D18:A3,D18,A3,395,1766197873452,43.327,17.21932106711835,0.5757314239435802,19.19104746478601,1.9717263976676591,0.0881332161944682,-0.013009425357070978,182.5124433985127,30.624923740256698,0.0
human_synthetic:D18:A3,D18,A3,396,1766197873560,43.435,17.253367853825157,0.4803150726607016,16.010502422023386,-1.2428654318017713,0.08756889585083673,-0.005225188366958126,185.3579918333636,26.347670693063996,0.0
human_synthetic:D18:A3,D18,A3,397,1766197873668,43.543,17.361076869204076,0.5785196774393047,19.283989247976823,1.9229123787727467,0.27702936054249155,1.754263561959767,188.87104475573128,32.528267799700714,0.0
human_synthetic:D18:A3,D18,A3,398,1766197873777,43.652,17.431616413587733,0.48421802410595555,15.992521897077433,-1.4390945165103002,0.17976438426008012,-0.8923392319487288,191.84808352244323,27.312282263412445,0.0
human_synthetic:D18:A3,D18,A3,399,1766197873887,43.762,17.575783301085,0.5837567106611922,19.10476507618447,1.5289817750994708,0.36405779671027294,1.6753946586381165,195.4142738636919,32.419912193169736,0.0
human_synthetic:D18:A3,D18,A3,400,1766197873994,43.869,17.719702330886296,0.4908814993889579,16.515639231778025,-1.2040630991082715,0.37362157269287183,0.08938108394952232,198.32462984871873,27.19958864511052,0.0
human_synthetic:D18:A3,D18,A3,401,1766197874103,43.978,17.90028336097781,0.4960836332210058,16.38441357427175,-1.5158697867060589,0.4601963050242468,0.7942635993704126,201.1527292485905,25.945866053869494,0.0
human_synthetic:D18:A3,D18,A3,402,1766197874210,44.085,18.117502953459947,0.5279986064250384,17.76443909467419,-0.35306385878575597,0.5639137914904963,0.969322303422892,204.27993846732844,29.22625438072833,0.0
human_synthetic:D18:A3,D18,A3,403,1766197874318,44.193,18.334445672837433,0.5778836500913735,19.26278833637912,0.928342663541688,0.5579802453124608,-0.05494024238921696,207.14976425959537,26.572461039508678,0.0
human_synthetic:D18:A3,D18,A3,404,1766197874428,44.303,18.587993513628177,0.6161900257777722,20.166219025454364,1.5782255118261865,0.640272325229149,0.748109817424438,209.76853680595366,23.807023148711696,0.0
human_synthetic:D18:A3,D18,A3,405,1766197874537,44.412,18.841247807529474,0.5207753587513017,17.199920105547577,-1.641327701981897,0.6453983025007578,0.04702731441842931,211.80011937337167,18.63837217814691,0.0
human_synthetic:D18:A3,D18,A3,406,1766197874644,44.519,19.05734816887294,0.5273154306477525,17.74145374141971,-1.3158944274532303,0.5610082070183489,-0.7886924811440088,213.6126343058984,16.93939189277326,0.0
human_synthetic:D18:A3,D18,A3,407,1766197874752,44.627,19.310029142820547,0.6391309644266956,21.304365480889857,1.99433633806931,0.6498996243508396,0.8230686790045438,215.62977154549066,18.677196662891156,0.0
human_synthetic:D18:A3,D18,A3,408,1766197874858,44.733,19.525580684847462,0.5406278054452682,18.360944335877033,-1.1646363489704292,0.5648625315170739,-0.8022367248468463,217.24876513046357,15.273524386536911,0.0
human_synthetic:D18:A3,D18,A3,409,1766197874965,44.84,19.777697464701195,0.5464007867729881,18.38357787273605,-1.3941195919651435,0.6545087742827896,0.8378153529506146,218.6476704493765,13.073881485167645,0.0
human_synthetic:D18:A3,D18,A3,410,1766197875075,44.95,20.029531245171203,0.6647080200059471,21.754080654740086,1.7245494095688834,0.6359438900757781,-0.16877167460919565,220.0714458197318,12.943412457775336,0.0
human_synthetic:D18:A3,D18,A3,411,1766197875183,45.058,20.24427769453242,0.5649402749886783,18.83134249962261,-1.4129351949098101,0.5523314026780335,-0.7741896981272651,221.10553061245045,9.574859191839433,0.0
human_synthetic:D18:A3,D18,A3,412,1766197875292,45.167,20.4587713658447,0.6863238117236384,22.667575433074298,2.2088040672295968,0.5466199574726781,-0.052398579865645695,222.16301956171475,9.701733479488961,0.0
human_synthetic:D18:A3,D18,A3,413,1766197875398,45.273,20.673017243796245,0.5719400413245576,19.424378761966107,-1.2486384818301381,0.5614409799568819,0.13982096683211137,222.95109377878717,7.434662425211513,0.0
human_synthetic:D18:A3,D18,A3,414,1766197875507,45.382,20.923793638165744,0.6951499541282115,22.959081053775794,2.0352874156100498,0.6390835738264435,0.7123173749501067,223.835858881789,8.117111036713995,0.0
human_synthetic:D18:A3,D18,A3,415,1766197875614,45.489,21.137548511241555,0.583595873639507,19.635001356095565,-1.5025471551459901,0.5549191928240195,-0.7865830000226549,224.51544644221107,6.351285611421292,0.0
human_synthetic:D18:A3,D18,A3,416,1766197875725,45.6,21.351072772361444,0.5904398344070737,19.149400034824012,-2.2016727375374323,0.5343449977975236,-0.1853531083468092,225.05622000616916,4.871833909532284,0.0
human_synthetic:D18:A3,D18,A3,417,1766197875832,45.707,21.60110956055372,0.7160250484205086,24.09056237676478,2.4894528162110596,0.6491090036144226,1.072560802027093,225.630443173466,5.366571656979907,0.0
human_synthetic:D18:A3,D18,A3,418,1766197875939,45.814,21.78114061738614,0.6020574586185133,20.25613879464157,-1.5250018227445707,0.46737034484012757,-1.6984921380775235,226.09,4.294923612467269,0.0
