{
  "a1_rows": 10,
  "a1_zero_or_catastrophic_rows": 2,
  "bounded_resampling": {
    "confirmatory_bootstrap": 500,
    "confirmatory_primary_permutations": 99,
    "confirmatory_secondary_permutations": 49,
    "state_bootstrap": 500
  },
  "features_recomputed": false,
  "freeze_edited": false,
  "future_leaky_cache_health": {
    "corrected_primary_cells": 53,
    "covered_primary_cells": 48,
    "feature_path": "/Users/xiaocong/Library/CloudStorage/OneDrive-\u4e2a\u4eba/Desktop/Projects/1_Codes/2_sociality_estimation/data/derived/onsite_competition/RQ003_nsfc_external_evidence/RQ003_6_nsfc_ipv_validation_codex_20260620T160628+0800_fbd2d3f0/intermediate/negative_controls/future_leaky_full_window_ipv_features.csv",
    "handling": "Missing cached future-leaky features are left NaN and handled by the frozen fold-local median imputer.",
    "missing_cell_ids": [
      "T14_A1_task6922_case2344",
      "T15_A1_task6924_case2344",
      "T16_A1_task6926_case2344",
      "T17_A1_task6931_case2344",
      "T20_A1_task6941_case2344"
    ],
    "missing_primary_cells": 5,
    "optimizer_recomputed": false
  },
  "official_scenarios": [
    "A1",
    "A2",
    "A3",
    "A4",
    "A5",
    "A6",
    "A7",
    "B1",
    "B2",
    "B3",
    "B4",
    "C1",
    "C2",
    "C3",
    "C4"
  ],
  "primary_before_after": {
    "after": {
      "base_cv_r2": -0.14102614230079968,
      "base_mae": 7.416451263154505,
      "base_spearman": -0.19093694565392677,
      "delta_cv_r2": 0.08624895849533565,
      "delta_mae_reduction": 0.47926406861273385,
      "delta_spearman": 0.1368327689082406,
      "full_cv_r2": -0.054777183805464036,
      "full_mae": 6.937187194541771,
      "full_spearman": -0.054104176745686176
    },
    "after_minus_before": {
      "base_cv_r2": -0.16724916931017447,
      "base_mae": 0.37231760478315135,
      "base_spearman": -0.5450402891189723,
      "delta_cv_r2": 0.13428331177052324,
      "delta_mae_reduction": 1.2181715655581513,
      "delta_spearman": 0.2471236937888311,
      "full_cv_r2": -0.032965857539651235,
      "full_mae": -0.845853960775,
      "full_spearman": -0.29791659533014114
    },
    "before": {
      "base_cv_r2": 0.0262230270093748,
      "base_mae": 7.044133658371353,
      "base_spearman": 0.3541033434650456,
      "delta_cv_r2": -0.0480343532751876,
      "delta_mae_reduction": -0.7389074969454175,
      "delta_spearman": -0.1102909248805905,
      "full_cv_r2": -0.0218113262658128,
      "full_mae": 7.783041155316771,
      "full_spearman": 0.243812418584455
    }
  },
  "rt_block_001_resolved": true,
  "rt_block_002_resolved": true,
  "run_id": "RQ003_6_nsfc_ipv_validation_codex_20260620T160628+0800_fbd2d3f0",
  "scenario_cells_reconciled": 150,
  "scenario_cells_relabelled": 120,
  "status": "PASS",
  "worker_id": "RQ003_phase7_scenario_fix_001"
}